-- phpMyAdmin SQL Dump
-- version 3.3.7
-- http://www.phpmyadmin.net
--
-- Host: mysql.mattsnider.com
-- Generation Time: Dec 04, 2010 at 02:29 PM
-- Server version: 5.1.39
-- PHP Version: 5.2.14

SET SQL_MODE="NO_AUTO_VALUE_ON_ZERO";


/*!40101 SET @OLD_CHARACTER_SET_CLIENT=@@CHARACTER_SET_CLIENT */;
/*!40101 SET @OLD_CHARACTER_SET_RESULTS=@@CHARACTER_SET_RESULTS */;
/*!40101 SET @OLD_COLLATION_CONNECTION=@@COLLATION_CONNECTION */;
/*!40101 SET NAMES utf8 */;

--
-- Database: `cameleon`
--

-- --------------------------------------------------------

--
-- Table structure for table `admin`
--

CREATE TABLE IF NOT EXISTS `admin` (
  `bg_custom` tinyint(1) unsigned NOT NULL DEFAULT '0',
  `bg_type` tinyint(1) unsigned NOT NULL DEFAULT '1',
  `created` timestamp NOT NULL DEFAULT '0000-00-00 00:00:00',
  `id` smallint(5) unsigned NOT NULL AUTO_INCREMENT,
  `color_bg` varchar(6) NOT NULL DEFAULT 'EFEFEF',
  `color_hd1` varchar(6) NOT NULL DEFAULT '830A04',
  `color_hd2` varchar(6) NOT NULL DEFAULT '040A83',
  `color_hd3` varchar(6) NOT NULL DEFAULT '040A83',
  `color_hd4` varchar(6) NOT NULL DEFAULT '040A83',
  `color_label` varchar(6) NOT NULL DEFAULT '999999',
  `color_link` varchar(6) NOT NULL DEFAULT '100099',
  `color_text` varchar(6) NOT NULL DEFAULT 'EFEFEF',
  `color_visited` varchar(6) NOT NULL DEFAULT '100099',
  `has_favicon` enum('false','true') NOT NULL DEFAULT 'false',
  `has_logo` enum('false','true') NOT NULL DEFAULT 'false',
  `modified` timestamp NOT NULL DEFAULT CURRENT_TIMESTAMP ON UPDATE CURRENT_TIMESTAMP,
  PRIMARY KEY (`id`)
) ENGINE=InnoDB  DEFAULT CHARSET=utf8 AUTO_INCREMENT=15 ;

--
-- Dumping data for table `admin`
--

INSERT INTO `admin` (`bg_custom`, `bg_type`, `created`, `id`, `color_bg`, `color_hd1`, `color_hd2`, `color_hd3`, `color_hd4`, `color_label`, `color_link`, `color_text`, `color_visited`, `has_favicon`, `has_logo`, `modified`) VALUES
(0, 1, '2008-09-14 13:14:03', 3, 'EFEFEF', '040A83', '040A83', '040A83', '830A04', '666666', '000099', '000000', '000099', 'false', 'false', '2008-09-14 13:14:03'),
(0, 1, '2008-09-14 16:33:27', 4, 'EFEFEF', '830A04', '040A83', '040A83', '830A04', '666666', '000099', '000000', '000099', 'false', 'false', '2008-09-14 16:33:27'),
(0, 1, '2008-09-14 16:36:25', 5, 'EFEFEF', '040A83', '040A83', '830A04', '830A04', '666666', '000099', '000000', '000099', 'false', 'false', '2008-09-14 16:36:25'),
(0, 1, '2008-09-14 16:58:58', 6, 'EFEFEF', '040A83', '040A83', '830A04', '830A04', '666666', '000099', '000000', '6464C7', 'false', 'false', '2008-09-14 17:03:38'),
(0, 1, '2008-09-14 16:59:10', 7, 'EFEFEF', '040A83', '040A83', '830A04', '830A04', '666666', '000099', '000000', '000099', 'false', 'false', '2008-09-15 21:35:39'),
(0, 2, '2008-09-15 21:15:03', 8, 'EFEFEF', '830A04', '040A83', '040A83', '040A83', '999999', '000099', 'EFEFEF', '000099', 'false', 'false', '2008-09-15 21:15:03'),
(0, 2, '2008-09-15 21:39:48', 9, 'EFEFEF', '040A83', '040A83', '830A04', '830A04', '666666', '000099', '000000', '000099', 'false', 'false', '2008-09-15 21:46:19'),
(0, 1, '2008-09-15 21:41:06', 10, 'EFEFEF', '040A83', '040A83', '830A04', '830A04', '666666', '000099', '000000', '000099', 'false', 'false', '2008-09-15 21:46:16'),
(0, 1, '2008-09-15 21:57:13', 11, 'EFEFEF', '040A83', '040A83', '830A04', '830A04', '666666', '000099', '000000', '000099', 'false', 'false', '2008-09-15 21:59:25'),
(0, 2, '2008-09-15 21:59:16', 12, 'EFEFEF', '040A83', '040A83', '830A04', '830A04', '666666', '000099', '000000', '000099', 'false', 'false', '2008-09-15 21:59:16'),
(0, 1, '2008-09-16 10:06:18', 13, 'EFEFEF', '040A83', '040A83', '830A04', '830A04', '666666', '100099', '000000', '000099', 'false', 'false', '2008-09-16 10:06:18'),
(0, 1, '2009-02-26 13:28:27', 14, 'F5EF9C', '990033', '000000', '830A04', '830A04', '666666', '000000', '000000', '000000', 'false', 'false', '2009-02-26 13:28:27');

-- --------------------------------------------------------

--
-- Table structure for table `db_migrations`
--

CREATE TABLE IF NOT EXISTS `db_migrations` (
  `id` mediumint(8) unsigned NOT NULL AUTO_INCREMENT,
  `execute_on` timestamp NOT NULL DEFAULT CURRENT_TIMESTAMP ON UPDATE CURRENT_TIMESTAMP,
  `script_name` varchar(60) NOT NULL,
  PRIMARY KEY (`id`)
) ENGINE=InnoDB  DEFAULT CHARSET=latin1 AUTO_INCREMENT=32 ;

--
-- Dumping data for table `db_migrations`
--

INSERT INTO `db_migrations` (`id`, `execute_on`, `script_name`) VALUES
(1, '2010-10-02 22:21:01', 'migrations/migration-122.sql'),
(2, '2010-10-02 22:21:01', 'migrations/migration-123.sql'),
(3, '2010-10-02 22:21:01', 'migrations/migration-127.sql'),
(4, '2010-10-02 22:21:01', 'migrations/migration-135.sql'),
(5, '2010-10-02 22:21:01', 'migrations/migration-137.sql'),
(6, '2010-10-02 22:21:01', 'migrations/migration-138.sql'),
(7, '2010-10-02 22:21:01', 'migrations/migration-139.sql'),
(8, '2010-10-02 22:21:01', 'migrations/migration-140.sql'),
(9, '2010-10-02 22:21:01', 'migrations/migration-141.sql'),
(10, '2010-10-02 22:21:01', 'migrations/migration-142.sql'),
(11, '2010-10-02 22:21:01', 'migrations/migration-143.sql'),
(12, '2010-10-02 22:21:01', 'migrations/migration-144.sql'),
(13, '2010-10-02 22:21:01', 'migrations/migration-145.sql'),
(14, '2010-10-02 22:21:01', 'migrations/migration-146.sql'),
(15, '2010-10-02 22:21:01', 'migrations/migration-147.sql'),
(16, '2010-10-02 22:21:01', 'migrations/migration-148.sql'),
(17, '2010-10-02 22:21:01', 'migrations/migration-149.sql'),
(18, '2010-10-02 22:21:01', 'migrations/migration-150.sql'),
(19, '2010-10-02 22:21:01', 'migrations/migration-151.sql'),
(20, '2010-10-02 22:21:01', 'migrations/migration-152.sql'),
(21, '2010-10-02 22:21:01', 'migrations/migration-153.sql'),
(22, '2010-10-02 22:21:01', 'migrations/migration-154.sql'),
(23, '2010-10-02 22:21:01', 'migrations/migration-155.sql'),
(24, '2010-10-02 22:21:01', 'migrations/migration-156.sql'),
(25, '2010-10-02 22:21:01', 'migrations/migration-157.sql'),
(26, '2010-10-02 22:21:01', 'migrations/migration-158.sql'),
(27, '2010-10-02 22:21:01', 'migrations/migration-159.sql'),
(28, '2010-10-02 22:21:01', 'migrations/migration-160.sql'),
(31, '2010-10-08 09:45:19', 'migrations/migration-160b.sql');

-- --------------------------------------------------------

--
-- Table structure for table `dictionary_stem`
--

CREATE TABLE IF NOT EXISTS `dictionary_stem` (
  `id` int(11) unsigned NOT NULL AUTO_INCREMENT,
  `created` timestamp NOT NULL DEFAULT CURRENT_TIMESTAMP ON UPDATE CURRENT_TIMESTAMP,
  `stem` varchar(32) NOT NULL,
  PRIMARY KEY (`id`),
  UNIQUE KEY `dictionary_stem_unique` (`stem`),
  FULLTEXT KEY `dictionary_stem_ft` (`stem`)
) ENGINE=MyISAM  DEFAULT CHARSET=utf8 AUTO_INCREMENT=1931 ;

--
-- Dumping data for table `dictionary_stem`
--

INSERT INTO `dictionary_stem` (`id`, `created`, `stem`) VALUES
(1, '2009-05-31 10:34:00', 'resourc'),
(2, '2009-05-31 10:34:00', 'esource'),
(3, '2009-05-31 10:34:00', 'resour'),
(4, '2009-05-31 10:34:00', 'source'),
(5, '2009-05-31 10:34:00', 'resou'),
(6, '2009-05-31 10:34:00', 'ource'),
(7, '2009-05-31 10:34:00', 'reso'),
(8, '2009-05-31 10:34:00', 'urce'),
(9, '2009-05-31 10:34:00', 'vide'),
(10, '2009-05-31 10:34:00', 'ideo'),
(11, '2009-05-31 10:34:00', 'game'),
(12, '2009-05-31 10:34:00', 'ames'),
(13, '2009-05-31 10:34:00', 'bloggin'),
(14, '2009-05-31 10:34:00', 'logging'),
(15, '2009-05-31 10:34:00', 'bloggi'),
(16, '2009-05-31 10:34:00', 'ogging'),
(17, '2009-05-31 10:34:00', 'blogg'),
(18, '2009-05-31 10:34:00', 'gging'),
(19, '2009-05-31 10:34:00', 'blog'),
(20, '2009-05-31 10:34:00', 'ging'),
(21, '2009-05-31 10:34:00', 'backpackin'),
(22, '2009-05-31 10:34:00', 'ackpacking'),
(23, '2009-05-31 10:34:00', 'backpacki'),
(24, '2009-05-31 10:34:00', 'ckpacking'),
(25, '2009-05-31 10:34:00', 'backpack'),
(26, '2009-05-31 10:34:00', 'kpacking'),
(27, '2009-05-31 10:34:00', 'backpac'),
(28, '2009-05-31 10:34:00', 'packing'),
(29, '2009-05-31 10:34:00', 'backpa'),
(30, '2009-05-31 10:34:00', 'acking'),
(31, '2009-05-31 10:34:00', 'backp'),
(32, '2009-05-31 10:34:00', 'cking'),
(33, '2009-05-31 10:34:00', 'back'),
(34, '2009-05-31 10:34:00', 'king'),
(35, '2009-05-31 10:34:00', 'bicyclin'),
(36, '2009-05-31 10:34:00', 'icycling'),
(37, '2009-05-31 10:34:00', 'bicycli'),
(38, '2009-05-31 10:34:00', 'cycling'),
(39, '2009-05-31 10:34:00', 'bicycl'),
(40, '2009-05-31 10:34:00', 'ycling'),
(41, '2009-05-31 10:34:00', 'bicyc'),
(42, '2009-05-31 10:34:00', 'cling'),
(43, '2009-05-31 10:34:00', 'bicy'),
(44, '2009-05-31 10:34:00', 'ling'),
(45, '2009-05-31 10:34:00', 'anim'),
(46, '2009-05-31 10:34:00', 'nime'),
(47, '2009-05-31 10:34:00', 'mang'),
(48, '2009-05-31 10:34:00', 'anga'),
(49, '2009-05-31 10:34:00', 'readin'),
(50, '2009-05-31 10:34:00', 'eading'),
(51, '2009-05-31 10:34:00', 'readi'),
(52, '2009-05-31 10:34:00', 'ading'),
(53, '2009-05-31 10:34:00', 'read'),
(54, '2009-05-31 10:34:00', 'ding'),
(55, '2009-05-31 10:34:00', 'wome'),
(56, '2009-05-31 10:34:00', 'omen'),
(57, '2009-05-31 10:34:00', 'xhtm'),
(58, '2009-05-31 10:34:00', 'html'),
(59, '2009-05-31 10:34:00', 'javascrip'),
(60, '2009-05-31 10:34:00', 'avascript'),
(61, '2009-05-31 10:34:00', 'javascri'),
(62, '2009-05-31 10:34:00', 'vascript'),
(63, '2009-05-31 10:34:00', 'javascr'),
(64, '2009-05-31 10:34:00', 'ascript'),
(65, '2009-05-31 10:34:00', 'javasc'),
(66, '2009-05-31 10:34:00', 'script'),
(67, '2009-05-31 10:34:00', 'javas'),
(68, '2009-05-31 10:34:00', 'cript'),
(69, '2009-05-31 10:34:00', 'java'),
(70, '2009-05-31 10:34:00', 'ript'),
(71, '2009-05-31 10:34:00', 'godste'),
(72, '2009-05-31 10:34:00', 'odster'),
(73, '2009-05-31 10:34:00', 'godst'),
(74, '2009-05-31 10:34:00', 'dster'),
(75, '2009-05-31 10:34:00', 'gods'),
(76, '2009-05-31 10:34:00', 'ster'),
(77, '2009-05-31 10:34:00', 'pleasanto'),
(78, '2009-05-31 10:34:00', 'leasanton'),
(79, '2009-05-31 10:34:00', 'pleasant'),
(80, '2009-05-31 10:34:00', 'easanton'),
(81, '2009-05-31 10:34:00', 'pleasan'),
(82, '2009-05-31 10:34:00', 'asanton'),
(83, '2009-05-31 10:34:00', 'pleasa'),
(84, '2009-05-31 10:34:00', 'santon'),
(85, '2009-05-31 10:34:00', 'pleas'),
(86, '2009-05-31 10:34:00', 'anton'),
(87, '2009-05-31 10:34:00', 'plea'),
(88, '2009-05-31 10:34:00', 'nton'),
(89, '2009-05-31 10:34:00', 'californi'),
(90, '2009-05-31 10:34:00', 'alifornia'),
(91, '2009-05-31 10:34:00', 'californ'),
(92, '2009-05-31 10:34:00', 'lifornia'),
(93, '2009-05-31 10:34:00', 'califor'),
(94, '2009-05-31 10:34:00', 'ifornia'),
(95, '2009-05-31 10:34:00', 'califo'),
(96, '2009-05-31 10:34:00', 'fornia'),
(97, '2009-05-31 10:34:00', 'calif'),
(98, '2009-05-31 10:34:00', 'ornia'),
(99, '2009-05-31 10:34:00', 'cali'),
(100, '2009-05-31 10:34:00', 'rnia'),
(101, '2009-05-31 10:34:00', 'unite'),
(102, '2009-05-31 10:34:00', 'nited'),
(103, '2009-05-31 10:34:00', 'unit'),
(104, '2009-05-31 10:34:00', 'ited'),
(105, '2009-05-31 10:34:00', 'state'),
(106, '2009-05-31 10:34:00', 'tates'),
(107, '2009-05-31 10:34:00', 'stat'),
(108, '2009-05-31 10:34:00', 'ates'),
(109, '2009-05-31 10:34:00', 'applicatio'),
(110, '2009-05-31 10:34:00', 'pplication'),
(111, '2009-05-31 10:34:00', 'applicati'),
(112, '2009-05-31 10:34:00', 'plication'),
(113, '2009-05-31 10:34:00', 'applicat'),
(114, '2009-05-31 10:34:00', 'lication'),
(115, '2009-05-31 10:34:00', 'applica'),
(116, '2009-05-31 10:34:00', 'ication'),
(117, '2009-05-31 10:34:00', 'applic'),
(118, '2009-05-31 10:34:00', 'cation'),
(119, '2009-05-31 10:34:00', 'appli'),
(120, '2009-05-31 10:34:00', 'ation'),
(121, '2009-05-31 10:34:00', 'appl'),
(122, '2009-05-31 10:34:00', 'tion'),
(123, '2009-05-31 10:34:00', 'develope'),
(124, '2009-05-31 10:34:00', 'eveloper'),
(125, '2009-05-31 10:34:00', 'develop'),
(126, '2009-05-31 10:34:00', 'veloper'),
(127, '2009-05-31 10:34:00', 'develo'),
(128, '2009-05-31 10:34:00', 'eloper'),
(129, '2009-05-31 10:34:00', 'devel'),
(130, '2009-05-31 10:34:00', 'loper'),
(131, '2009-05-31 10:34:00', 'deve'),
(132, '2009-05-31 10:34:00', 'oper'),
(133, '2009-05-31 10:34:00', 'fron'),
(134, '2009-05-31 10:34:00', 'ront'),
(135, '2009-05-31 10:34:00', 'architec'),
(136, '2009-05-31 10:34:00', 'rchitect'),
(137, '2009-05-31 10:34:00', 'archite'),
(138, '2009-05-31 10:34:00', 'chitect'),
(139, '2009-05-31 10:34:00', 'archit'),
(140, '2009-05-31 10:34:00', 'hitect'),
(141, '2009-05-31 10:34:00', 'archi'),
(142, '2009-05-31 10:34:00', 'itect'),
(143, '2009-05-31 10:34:00', 'arch'),
(144, '2009-05-31 10:34:00', 'tect'),
(145, '2009-05-31 10:34:00', 'complet'),
(146, '2009-05-31 10:34:00', 'omplete'),
(147, '2009-05-31 10:34:00', 'comple'),
(148, '2009-05-31 10:34:00', 'mplete'),
(149, '2009-05-31 10:34:00', 'compl'),
(150, '2009-05-31 10:34:00', 'plete'),
(151, '2009-05-31 10:34:00', 'comp'),
(152, '2009-05-31 10:34:00', 'lete'),
(153, '2009-05-31 10:34:23', 'mattesnide'),
(154, '2009-05-31 10:34:23', 'attesnider'),
(155, '2009-05-31 10:34:23', 'mattesnid'),
(156, '2009-05-31 10:34:23', 'ttesnider'),
(157, '2009-05-31 10:34:23', 'mattesni'),
(158, '2009-05-31 10:34:23', 'tesnider'),
(159, '2009-05-31 10:34:23', 'mattesn'),
(160, '2009-05-31 10:34:23', 'esnider'),
(161, '2009-05-31 10:34:23', 'mattes'),
(162, '2009-05-31 10:34:23', 'snider'),
(163, '2009-05-31 10:34:23', 'matte'),
(164, '2009-05-31 10:34:23', 'nider'),
(165, '2009-05-31 10:34:23', 'matt'),
(166, '2009-05-31 10:34:23', 'ider'),
(167, '2009-05-31 10:34:23', 'gmai'),
(168, '2009-05-31 10:34:23', 'mail'),
(169, '2009-05-31 10:34:23', 'mattsnide'),
(170, '2009-05-31 10:34:23', 'attsnider'),
(171, '2009-05-31 10:34:23', 'mattsnid'),
(172, '2009-05-31 10:34:23', 'ttsnider'),
(173, '2009-05-31 10:34:23', 'mattsni'),
(174, '2009-05-31 10:34:23', 'tsnider'),
(175, '2009-05-31 10:34:23', 'mattsn'),
(176, '2009-05-31 10:34:23', 'matts'),
(177, '2009-05-31 10:34:23', 'tripper'),
(178, '2009-05-31 10:34:23', 'rippert'),
(179, '2009-05-31 10:34:23', 'trippe'),
(180, '2009-05-31 10:34:23', 'ippert'),
(181, '2009-05-31 10:34:23', 'tripp'),
(182, '2009-05-31 10:34:23', 'ppert'),
(183, '2009-05-31 10:34:23', 'trip'),
(184, '2009-05-31 10:34:23', 'pert'),
(185, '2009-05-31 10:34:23', 'gopherno'),
(186, '2009-05-31 10:34:23', 'ophernow'),
(187, '2009-05-31 10:34:23', 'gophern'),
(188, '2009-05-31 10:34:23', 'phernow'),
(189, '2009-05-31 10:34:23', 'gopher'),
(190, '2009-05-31 10:34:23', 'hernow'),
(191, '2009-05-31 10:34:23', 'gophe'),
(192, '2009-05-31 10:34:23', 'ernow'),
(193, '2009-05-31 10:34:23', 'goph'),
(194, '2009-05-31 10:34:23', 'rnow'),
(195, '2009-05-31 10:34:23', 'supos'),
(196, '2009-05-31 10:34:23', 'upost'),
(197, '2009-05-31 10:34:23', 'supo'),
(198, '2009-05-31 10:34:23', 'post'),
(199, '2009-05-31 10:34:47', 'chicag'),
(200, '2009-05-31 10:34:47', 'hicago'),
(201, '2009-05-31 10:34:47', 'chica'),
(202, '2009-05-31 10:34:47', 'icago'),
(203, '2009-05-31 10:34:47', 'chic'),
(204, '2009-05-31 10:34:47', 'cago'),
(205, '2009-05-31 10:34:47', 'pulcin'),
(206, '2009-05-31 10:34:47', 'ulcini'),
(207, '2009-05-31 10:34:47', 'pulci'),
(208, '2009-05-31 10:34:47', 'lcini'),
(209, '2009-05-31 10:34:47', 'pulc'),
(210, '2009-05-31 10:34:47', 'cini'),
(211, '2009-05-31 10:34:47', 'azzurr'),
(212, '2009-05-31 10:34:47', 'zzurri'),
(213, '2009-05-31 10:34:47', 'azzur'),
(214, '2009-05-31 10:34:47', 'zurri'),
(215, '2009-05-31 10:34:47', 'azzu'),
(216, '2009-05-31 10:34:47', 'urri'),
(217, '2009-05-31 10:34:47', 'countin'),
(218, '2009-05-31 10:34:47', 'ounting'),
(219, '2009-05-31 10:34:47', 'counti'),
(220, '2009-05-31 10:34:47', 'unting'),
(221, '2009-05-31 10:34:47', 'count'),
(222, '2009-05-31 10:34:47', 'nting'),
(223, '2009-05-31 10:34:47', 'coun'),
(224, '2009-05-31 10:34:47', 'ting'),
(225, '2009-05-31 10:34:47', 'tota'),
(226, '2009-05-31 10:34:47', 'otal'),
(227, '2009-05-31 10:34:47', 'norma'),
(228, '2009-05-31 10:34:47', 'ormal'),
(229, '2009-05-31 10:34:47', 'norm'),
(230, '2009-05-31 10:34:47', 'rmal'),
(231, '2009-05-31 10:34:47', 'finger'),
(232, '2009-05-31 10:34:47', 'ingers'),
(233, '2009-05-31 10:34:47', 'finge'),
(234, '2009-05-31 10:34:47', 'ngers'),
(235, '2009-05-31 10:34:47', 'fing'),
(236, '2009-05-31 10:34:47', 'gers'),
(237, '2009-05-31 10:34:47', 'illinoi'),
(238, '2009-05-31 10:34:47', 'llinois'),
(239, '2009-05-31 10:34:47', 'illino'),
(240, '2009-05-31 10:34:47', 'linois'),
(241, '2009-05-31 10:34:47', 'illin'),
(242, '2009-05-31 10:34:47', 'inois'),
(243, '2009-05-31 10:34:47', 'illi'),
(244, '2009-05-31 10:34:47', 'nois'),
(245, '2009-05-31 10:34:47', 'rover'),
(246, '2009-05-31 10:34:47', 'overs'),
(247, '2009-05-31 10:34:47', 'rove'),
(248, '2009-05-31 10:34:47', 'vers'),
(249, '2009-05-31 10:34:56', 'msjaasta'),
(250, '2009-05-31 10:34:56', 'sjaastad'),
(251, '2009-05-31 10:34:56', 'msjaast'),
(252, '2009-05-31 10:34:56', 'jaastad'),
(253, '2009-05-31 10:34:56', 'msjaas'),
(254, '2009-05-31 10:34:56', 'aastad'),
(255, '2009-05-31 10:34:56', 'msjaa'),
(256, '2009-05-31 10:34:56', 'astad'),
(257, '2009-05-31 10:34:56', 'msja'),
(258, '2009-05-31 10:34:56', 'stad'),
(259, '2009-05-31 10:34:56', 'comcas'),
(260, '2009-05-31 10:34:56', 'omcast'),
(261, '2009-05-31 10:34:56', 'comca'),
(262, '2009-05-31 10:34:56', 'mcast'),
(263, '2009-05-31 10:34:56', 'comc'),
(264, '2009-05-31 10:34:56', 'cast'),
(265, '2009-05-31 10:34:56', 'mackenzi'),
(266, '2009-05-31 10:34:56', 'ackenzie'),
(267, '2009-05-31 10:34:56', 'mackenz'),
(268, '2009-05-31 10:34:56', 'ckenzie'),
(269, '2009-05-31 10:34:56', 'macken'),
(270, '2009-05-31 10:34:56', 'kenzie'),
(271, '2009-05-31 10:34:56', 'macke'),
(272, '2009-05-31 10:34:56', 'enzie'),
(273, '2009-05-31 10:34:56', 'mack'),
(274, '2009-05-31 10:34:56', 'nzie'),
(275, '2009-05-31 10:34:56', 'driv'),
(276, '2009-05-31 10:34:56', 'rive'),
(277, '2009-05-31 10:34:56', 'sunnyval'),
(278, '2009-05-31 10:34:56', 'unnyvale'),
(279, '2009-05-31 10:34:56', 'sunnyva'),
(280, '2009-05-31 10:34:56', 'nnyvale'),
(281, '2009-05-31 10:34:56', 'sunnyv'),
(282, '2009-05-31 10:34:56', 'nyvale'),
(283, '2009-05-31 10:34:56', 'sunny'),
(284, '2009-05-31 10:34:56', 'yvale'),
(285, '2009-05-31 10:34:56', 'sunn'),
(286, '2009-05-31 10:34:56', 'vale'),
(287, '2009-05-31 10:34:56', 'rikasfriend'),
(288, '2009-05-31 10:34:56', 'ikasfriends'),
(289, '2009-05-31 10:34:56', 'rikasfrien'),
(290, '2009-05-31 10:34:56', 'kasfriends'),
(291, '2009-05-31 10:34:56', 'rikasfrie'),
(292, '2009-05-31 10:34:56', 'asfriends'),
(293, '2009-05-31 10:34:56', 'rikasfri'),
(294, '2009-05-31 10:34:56', 'sfriends'),
(295, '2009-05-31 10:34:56', 'rikasfr'),
(296, '2009-05-31 10:34:56', 'friends'),
(297, '2009-05-31 10:34:56', 'rikasf'),
(298, '2009-05-31 10:34:56', 'riends'),
(299, '2009-05-31 10:34:56', 'rikas'),
(300, '2009-05-31 10:34:56', 'iends'),
(301, '2009-05-31 10:34:56', 'rika'),
(302, '2009-05-31 10:34:56', 'ends'),
(303, '2009-06-11 16:38:33', 'testin'),
(304, '2009-06-11 16:38:33', 'esting'),
(305, '2009-06-11 16:38:33', 'testi'),
(306, '2009-06-11 16:38:33', 'sting'),
(307, '2009-06-11 16:38:33', 'test'),
(308, '2009-06-11 16:38:33', 'sport'),
(309, '2009-06-11 16:38:33', 'ports'),
(310, '2009-06-11 16:38:33', 'spor'),
(311, '2009-06-11 16:38:33', 'orts'),
(312, '2009-06-11 16:38:33', 'recreatio'),
(313, '2009-06-11 16:38:33', 'ecreation'),
(314, '2009-06-11 16:38:33', 'recreati'),
(315, '2009-06-11 16:38:33', 'creation'),
(316, '2009-06-11 16:38:33', 'recreat'),
(317, '2009-06-11 16:38:33', 'reation'),
(318, '2009-06-11 16:38:33', 'recrea'),
(319, '2009-06-11 16:38:33', 'eation'),
(320, '2009-06-11 16:38:33', 'recre'),
(321, '2009-06-11 16:38:33', 'recr'),
(322, '2009-06-11 16:38:58', 'trtyert'),
(323, '2009-06-11 16:38:58', 'rtyerty'),
(324, '2009-06-11 16:38:58', 'trtyer'),
(325, '2009-06-11 16:38:58', 'tyerty'),
(326, '2009-06-11 16:38:58', 'trtye'),
(327, '2009-06-11 16:38:58', 'yerty'),
(328, '2009-06-11 16:38:58', 'trty'),
(329, '2009-06-11 16:38:58', 'erty'),
(330, '2009-06-11 16:41:12', 'ches'),
(331, '2009-06-11 16:41:12', 'hess'),
(332, '2009-06-11 16:41:12', 'academi'),
(333, '2009-06-11 16:41:12', 'cademic'),
(334, '2009-06-11 16:41:12', 'academ'),
(335, '2009-06-11 16:41:12', 'ademic'),
(336, '2009-06-11 16:41:12', 'acade'),
(337, '2009-06-11 16:41:12', 'demic'),
(338, '2009-06-11 16:41:12', 'acad'),
(339, '2009-06-11 16:41:12', 'emic'),
(340, '2009-06-11 16:48:06', 'sjaasta'),
(341, '2009-06-11 16:48:06', 'sjaast'),
(342, '2009-06-11 16:48:06', 'sjaas'),
(343, '2009-06-11 16:48:06', 'sjaa'),
(344, '2009-06-11 16:48:06', 'divisio'),
(345, '2009-06-11 16:48:06', 'ivision'),
(346, '2009-06-11 16:48:06', 'divisi'),
(347, '2009-06-11 16:48:06', 'vision'),
(348, '2009-06-11 16:48:06', 'divis'),
(349, '2009-06-11 16:48:06', 'ision'),
(350, '2009-06-11 16:48:06', 'divi'),
(351, '2009-06-11 16:48:06', 'sion'),
(352, '2009-06-11 16:48:06', 'winnin'),
(353, '2009-06-11 16:48:06', 'inning'),
(354, '2009-06-11 16:48:06', 'winni'),
(355, '2009-06-11 16:48:06', 'nning'),
(356, '2009-06-11 16:48:06', 'winn'),
(357, '2009-06-11 16:48:06', 'ning'),
(358, '2009-06-11 17:19:56', 'modif'),
(359, '2009-06-11 17:19:56', 'odify'),
(360, '2009-06-11 17:19:56', 'modi'),
(361, '2009-06-11 17:19:56', 'dify'),
(362, '2009-06-11 17:19:56', 'administrato'),
(363, '2009-06-11 17:19:56', 'dministrator'),
(364, '2009-06-11 17:19:56', 'administrat'),
(365, '2009-06-11 17:19:56', 'ministrator'),
(366, '2009-06-11 17:19:56', 'administra'),
(367, '2009-06-11 17:19:56', 'inistrator'),
(368, '2009-06-11 17:19:56', 'administr'),
(369, '2009-06-11 17:19:56', 'nistrator'),
(370, '2009-06-11 17:19:56', 'administ'),
(371, '2009-06-11 17:19:56', 'istrator'),
(372, '2009-06-11 17:19:56', 'adminis'),
(373, '2009-06-11 17:19:56', 'strator'),
(374, '2009-06-11 17:19:56', 'admini'),
(375, '2009-06-11 17:19:56', 'trator'),
(376, '2009-06-11 17:19:56', 'admin'),
(377, '2009-06-11 17:19:56', 'rator'),
(378, '2009-06-11 17:19:56', 'admi'),
(379, '2009-06-11 17:19:56', 'ator'),
(380, '2009-06-11 17:20:54', 'gool'),
(381, '2009-06-11 17:20:54', 'ools'),
(382, '2009-06-11 17:20:54', 'work'),
(383, '2009-06-11 17:20:54', 'orks'),
(384, '2009-06-11 17:20:54', 'countrie'),
(385, '2009-06-11 17:20:54', 'ountries'),
(386, '2009-06-11 17:20:54', 'countri'),
(387, '2009-06-11 17:20:54', 'untries'),
(388, '2009-06-11 17:20:54', 'countr'),
(389, '2009-06-11 17:20:54', 'ntries'),
(390, '2009-06-11 17:20:54', 'tries'),
(391, '2009-06-11 17:20:54', 'ries'),
(392, '2009-06-15 08:18:42', 'sant'),
(393, '2009-06-15 08:18:42', 'anta'),
(394, '2009-06-27 15:03:12', 'robbi'),
(395, '2009-06-27 15:03:12', 'obbin'),
(396, '2009-06-27 15:03:12', 'robb'),
(397, '2009-06-27 15:03:12', 'bbin'),
(398, '2009-06-27 15:03:12', 'parro'),
(399, '2009-06-27 15:03:12', 'arrot'),
(400, '2009-06-27 15:03:12', 'parr'),
(401, '2009-06-27 15:03:12', 'rrot'),
(402, '2009-07-06 07:37:28', 'femal'),
(403, '2009-07-06 07:37:28', 'emale'),
(404, '2009-07-06 07:37:28', 'fema'),
(405, '2009-07-06 07:37:28', 'male'),
(406, '2009-07-06 07:37:28', 'washingto'),
(407, '2009-07-06 07:37:28', 'ashington'),
(408, '2009-07-06 07:37:28', 'washingt'),
(409, '2009-07-06 07:37:28', 'shington'),
(410, '2009-07-06 07:37:28', 'washing'),
(411, '2009-07-06 07:37:28', 'hington'),
(412, '2009-07-06 07:37:28', 'washin'),
(413, '2009-07-06 07:37:28', 'ington'),
(414, '2009-07-06 07:37:28', 'washi'),
(415, '2009-07-06 07:37:28', 'ngton'),
(416, '2009-07-06 07:37:28', 'wash'),
(417, '2009-07-06 07:37:28', 'gton'),
(418, '2009-07-06 07:37:28', 'fashio'),
(419, '2009-07-06 07:37:28', 'ashion'),
(420, '2009-07-06 07:37:28', 'fashi'),
(421, '2009-07-06 07:37:28', 'shion'),
(422, '2009-07-06 07:37:28', 'fash'),
(423, '2009-07-06 07:37:28', 'hion'),
(424, '2009-07-06 07:37:28', 'mode'),
(425, '2009-07-06 07:37:28', 'odel'),
(426, '2009-07-10 19:00:40', 'earl'),
(427, '2009-07-10 19:00:40', 'arly'),
(428, '2009-07-10 19:00:40', 'horizon'),
(429, '2009-07-10 19:00:40', 'orizons'),
(430, '2009-07-10 19:00:40', 'horizo'),
(431, '2009-07-10 19:00:40', 'rizons'),
(432, '2009-07-10 19:00:40', 'horiz'),
(433, '2009-07-10 19:00:40', 'izons'),
(434, '2009-07-10 19:00:40', 'hori'),
(435, '2009-07-10 19:00:40', 'zons'),
(436, '2009-07-10 19:00:40', 'daycar'),
(437, '2009-07-10 19:00:40', 'aycare'),
(438, '2009-07-10 19:00:40', 'dayca'),
(439, '2009-07-10 19:00:40', 'ycare'),
(440, '2009-07-10 19:00:40', 'dayc'),
(441, '2009-07-10 19:00:40', 'care'),
(442, '2009-07-16 11:49:23', 'stanfor'),
(443, '2009-07-16 11:49:23', 'tanford'),
(444, '2009-07-16 11:49:23', 'stanfo'),
(445, '2009-07-16 11:49:23', 'anford'),
(446, '2009-07-16 11:49:23', 'stanf'),
(447, '2009-07-16 11:49:23', 'nford'),
(448, '2009-07-16 11:49:23', 'stan'),
(449, '2009-07-16 11:49:23', 'ford'),
(450, '2009-07-16 11:49:23', 'jame'),
(451, '2009-07-16 11:49:23', 'physiolog'),
(452, '2009-07-16 11:49:23', 'hysiology'),
(453, '2009-07-16 11:49:23', 'physiolo'),
(454, '2009-07-16 11:49:23', 'ysiology'),
(455, '2009-07-16 11:49:23', 'physiol'),
(456, '2009-07-16 11:49:23', 'siology'),
(457, '2009-07-16 11:49:23', 'physio'),
(458, '2009-07-16 11:49:23', 'iology'),
(459, '2009-07-16 11:49:23', 'physi'),
(460, '2009-07-16 11:49:23', 'ology'),
(461, '2009-07-16 11:49:23', 'phys'),
(462, '2009-07-16 11:49:23', 'logy'),
(463, '2009-07-16 11:49:23', 'davi'),
(464, '2009-07-16 11:49:23', 'avis'),
(465, '2009-07-16 11:49:23', 'graduat'),
(466, '2009-07-16 11:49:23', 'raduate'),
(467, '2009-07-16 11:49:23', 'gradua'),
(468, '2009-07-16 11:49:23', 'aduate'),
(469, '2009-07-16 11:49:23', 'gradu'),
(470, '2009-07-16 11:49:23', 'duate'),
(471, '2009-07-16 11:49:23', 'grad'),
(472, '2009-07-16 11:49:23', 'uate'),
(473, '2009-07-16 11:49:23', 'berkele'),
(474, '2009-07-16 11:49:23', 'erkeley'),
(475, '2009-07-16 11:49:23', 'berkel'),
(476, '2009-07-16 11:49:23', 'rkeley'),
(477, '2009-07-16 11:49:23', 'berke'),
(478, '2009-07-16 11:49:23', 'keley'),
(479, '2009-07-16 11:49:23', 'berk'),
(480, '2009-07-16 11:49:23', 'eley'),
(481, '2009-07-16 11:49:23', 'universit'),
(482, '2009-07-16 11:49:23', 'niversity'),
(483, '2009-07-16 11:49:23', 'universi'),
(484, '2009-07-16 11:49:23', 'iversity'),
(485, '2009-07-16 11:49:23', 'univers'),
(486, '2009-07-16 11:49:23', 'versity'),
(487, '2009-07-16 11:49:23', 'univer'),
(488, '2009-07-16 11:49:23', 'ersity'),
(489, '2009-07-16 11:49:23', 'unive'),
(490, '2009-07-16 11:49:23', 'rsity'),
(491, '2009-07-16 11:49:23', 'univ'),
(492, '2009-07-16 11:49:23', 'sity'),
(493, '2009-07-16 11:49:23', 'nelso'),
(494, '2009-07-16 11:49:23', 'elson'),
(495, '2009-07-16 11:49:23', 'nels'),
(496, '2009-07-16 11:49:23', 'lson'),
(497, '2009-07-16 11:53:04', 'supe'),
(498, '2009-07-16 11:53:04', 'uper'),
(499, '2009-07-16 11:57:01', 'pilate'),
(500, '2009-07-16 11:57:01', 'ilates'),
(501, '2009-07-16 11:57:01', 'pilat'),
(502, '2009-07-16 11:57:01', 'lates'),
(503, '2009-07-16 11:57:01', 'pila'),
(504, '2009-07-16 11:57:01', 'cookin'),
(505, '2009-07-16 11:57:01', 'ooking'),
(506, '2009-07-16 11:57:01', 'cooki'),
(507, '2009-07-16 11:57:01', 'oking'),
(508, '2009-07-16 11:57:01', 'cook'),
(509, '2009-07-16 12:09:21', 'team'),
(510, '2009-07-16 12:09:21', 'eams'),
(511, '2009-07-16 12:10:47', 'weekl'),
(512, '2009-07-16 12:10:47', 'eekly'),
(513, '2009-07-16 12:10:47', 'week'),
(514, '2009-07-16 12:10:47', 'ekly'),
(515, '2009-07-20 07:18:07', 'user'),
(516, '2009-07-20 07:18:07', 'sers'),
(517, '2009-07-20 07:18:07', 'commo'),
(518, '2009-07-20 07:18:07', 'ommon'),
(519, '2009-07-20 07:18:07', 'comm'),
(520, '2009-07-20 07:18:07', 'mmon'),
(521, '2009-07-20 07:18:07', 'interes'),
(522, '2009-07-20 07:18:07', 'nterest'),
(523, '2009-07-20 07:18:07', 'intere'),
(524, '2009-07-20 07:18:07', 'terest'),
(525, '2009-07-20 07:18:07', 'inter'),
(526, '2009-07-20 07:18:07', 'erest'),
(527, '2009-07-20 07:18:07', 'inte'),
(528, '2009-07-20 07:18:07', 'rest'),
(529, '2009-07-20 07:18:07', 'password'),
(530, '2009-07-20 07:18:07', 'asswords'),
(531, '2009-07-20 07:18:07', 'passwor'),
(532, '2009-07-20 07:18:07', 'sswords'),
(533, '2009-07-20 07:18:07', 'passwo'),
(534, '2009-07-20 07:18:07', 'swords'),
(535, '2009-07-20 07:18:07', 'passw'),
(536, '2009-07-20 07:18:07', 'words'),
(537, '2009-07-20 07:18:07', 'pass'),
(538, '2009-07-20 07:18:07', 'ords'),
(539, '2009-07-22 23:15:47', 'widge'),
(540, '2009-07-22 23:15:47', 'idget'),
(541, '2009-07-22 23:15:47', 'widg'),
(542, '2009-07-22 23:15:47', 'dget'),
(543, '2009-07-22 23:27:22', 'keepin'),
(544, '2009-07-22 23:27:22', 'eeping'),
(545, '2009-07-22 23:27:22', 'keepi'),
(546, '2009-07-22 23:27:22', 'eping'),
(547, '2009-07-22 23:27:22', 'keep'),
(548, '2009-07-22 23:27:22', 'ping'),
(549, '2009-07-22 23:27:22', 'versio'),
(550, '2009-07-22 23:27:22', 'ersion'),
(551, '2009-07-22 23:27:22', 'versi'),
(552, '2009-07-22 23:27:22', 'rsion'),
(553, '2009-07-22 23:27:22', 'mile'),
(554, '2009-07-22 23:27:22', 'iles'),
(555, '2009-07-25 17:40:47', 'unversit'),
(556, '2009-07-25 17:40:47', 'nversity'),
(557, '2009-07-25 17:40:47', 'unversi'),
(558, '2009-07-25 17:40:47', 'unvers'),
(559, '2009-07-25 17:40:47', 'unver'),
(560, '2009-07-25 17:40:47', 'unve'),
(561, '2009-07-25 17:40:47', 'barbar'),
(562, '2009-07-25 17:40:47', 'arbara'),
(563, '2009-07-25 17:40:47', 'barba'),
(564, '2009-07-25 17:40:47', 'rbara'),
(565, '2009-07-25 17:40:47', 'barb'),
(566, '2009-07-25 17:40:47', 'bara'),
(567, '2009-07-25 17:40:47', 'undergra'),
(568, '2009-07-25 17:40:47', 'ndergrad'),
(569, '2009-07-25 17:40:47', 'undergr'),
(570, '2009-07-25 17:40:47', 'dergrad'),
(571, '2009-07-25 17:40:47', 'underg'),
(572, '2009-07-25 17:40:47', 'ergrad'),
(573, '2009-07-25 17:40:47', 'under'),
(574, '2009-07-25 17:40:47', 'rgrad'),
(575, '2009-07-25 17:40:47', 'unde'),
(576, '2009-07-25 17:40:47', 'compute'),
(577, '2009-07-25 17:40:47', 'omputer'),
(578, '2009-07-25 17:40:47', 'comput'),
(579, '2009-07-25 17:40:47', 'mputer'),
(580, '2009-07-25 17:40:47', 'compu'),
(581, '2009-07-25 17:40:47', 'puter'),
(582, '2009-07-25 17:40:47', 'uter'),
(583, '2009-07-25 17:40:47', 'scienc'),
(584, '2009-07-25 17:40:47', 'cience'),
(585, '2009-07-25 17:40:47', 'scien'),
(586, '2009-07-25 17:40:47', 'ience'),
(587, '2009-07-25 17:40:47', 'scie'),
(588, '2009-07-25 17:40:47', 'ence'),
(589, '2009-07-25 17:40:47', 'engineerin'),
(590, '2009-07-25 17:40:47', 'ngineering'),
(591, '2009-07-25 17:40:47', 'engineeri'),
(592, '2009-07-25 17:40:47', 'gineering'),
(593, '2009-07-25 17:40:47', 'engineer'),
(594, '2009-07-25 17:40:47', 'ineering'),
(595, '2009-07-25 17:40:47', 'enginee'),
(596, '2009-07-25 17:40:47', 'neering'),
(597, '2009-07-25 17:40:47', 'engine'),
(598, '2009-07-25 17:40:47', 'eering'),
(599, '2009-07-25 17:40:47', 'engin'),
(600, '2009-07-25 17:40:47', 'ering'),
(601, '2009-07-25 17:40:47', 'engi'),
(602, '2009-07-25 17:40:47', 'ring'),
(603, '2009-07-25 18:45:07', 'valle'),
(604, '2009-07-25 18:45:07', 'alley'),
(605, '2009-07-25 18:45:07', 'vall'),
(606, '2009-07-25 18:45:07', 'lley'),
(607, '2009-07-25 18:49:07', 'replcemn'),
(608, '2009-07-25 18:49:07', 'eplcemnt'),
(609, '2009-07-25 18:49:07', 'replcem'),
(610, '2009-07-25 18:49:07', 'plcemnt'),
(611, '2009-07-25 18:49:07', 'replce'),
(612, '2009-07-25 18:49:07', 'lcemnt'),
(613, '2009-07-25 18:49:07', 'replc'),
(614, '2009-07-25 18:49:07', 'cemnt'),
(615, '2009-07-25 18:49:07', 'repl'),
(616, '2009-07-25 18:49:07', 'emnt'),
(617, '2009-07-25 18:49:07', 'socce'),
(618, '2009-07-25 18:49:07', 'occer'),
(619, '2009-07-25 18:49:07', 'socc'),
(620, '2009-07-25 18:49:07', 'ccer'),
(621, '2009-07-25 18:49:07', 'azzuur'),
(622, '2009-07-25 18:49:07', 'zzuuri'),
(623, '2009-07-25 18:49:07', 'azzuu'),
(624, '2009-07-25 18:49:07', 'zuuri'),
(625, '2009-07-25 18:49:07', 'uuri'),
(626, '2009-07-25 18:49:07', 'shou'),
(627, '2009-07-25 18:49:07', 'houl'),
(628, '2009-07-25 18:49:07', 'sallo'),
(629, '2009-07-25 18:49:07', 'allow'),
(630, '2009-07-25 18:49:07', 'sall'),
(631, '2009-07-25 18:49:07', 'llow'),
(632, '2009-07-25 18:49:07', 'dropdow'),
(633, '2009-07-25 18:49:07', 'ropdown'),
(634, '2009-07-25 18:49:07', 'dropdo'),
(635, '2009-07-25 18:49:07', 'opdown'),
(636, '2009-07-25 18:49:07', 'dropd'),
(637, '2009-07-25 18:49:07', 'pdown'),
(638, '2009-07-25 18:49:07', 'drop'),
(639, '2009-07-25 18:49:07', 'down'),
(640, '2009-07-25 19:07:23', 'flushin'),
(641, '2009-07-25 19:07:23', 'lushing'),
(642, '2009-07-25 19:07:23', 'flushi'),
(643, '2009-07-25 19:07:23', 'ushing'),
(644, '2009-07-25 19:07:23', 'flush'),
(645, '2009-07-25 19:07:23', 'shing'),
(646, '2009-07-25 19:07:23', 'flus'),
(647, '2009-07-25 19:07:23', 'hing'),
(648, '2009-07-25 19:07:23', 'makin'),
(649, '2009-07-25 19:07:23', 'aking'),
(650, '2009-07-25 19:07:23', 'maki'),
(651, '2009-07-25 19:07:23', 'thing'),
(652, '2009-07-25 19:07:23', 'hings'),
(653, '2009-07-25 19:07:23', 'thin'),
(654, '2009-07-25 19:07:23', 'ings'),
(655, '2009-07-28 18:15:09', 'brun'),
(656, '2009-07-28 18:15:09', 'runo'),
(657, '2009-08-13 18:43:45', 'seattl'),
(658, '2009-08-13 18:43:45', 'eattle'),
(659, '2009-08-13 18:43:45', 'seatt'),
(660, '2009-08-13 18:43:45', 'attle'),
(661, '2009-08-13 18:43:45', 'seat'),
(662, '2009-08-13 18:43:45', 'ttle'),
(663, '2009-08-13 20:07:54', 'supemode'),
(664, '2009-08-13 20:07:54', 'upemodel'),
(665, '2009-08-13 20:07:54', 'supemod'),
(666, '2009-08-13 20:07:54', 'pemodel'),
(667, '2009-08-13 20:07:54', 'supemo'),
(668, '2009-08-13 20:07:54', 'emodel'),
(669, '2009-08-13 20:07:54', 'supem'),
(670, '2009-08-13 20:07:54', 'model'),
(671, '2009-08-13 20:07:54', 'mothe'),
(672, '2009-08-13 20:07:54', 'other'),
(673, '2009-08-13 20:07:54', 'moth'),
(674, '2009-08-13 20:07:54', 'ther'),
(675, '2009-08-13 20:07:54', 'comin'),
(676, '2009-08-13 20:07:54', 'oming'),
(677, '2009-08-13 20:07:54', 'comi'),
(678, '2009-08-13 20:07:54', 'ming'),
(679, '2009-08-13 20:07:54', 'odels'),
(680, '2009-08-13 20:07:54', 'dels'),
(681, '2009-08-13 20:07:54', 'azurr'),
(682, '2009-08-13 20:07:54', 'azur'),
(683, '2009-08-14 02:09:33', 'professionall'),
(684, '2009-08-14 02:09:33', 'rofessionally'),
(685, '2009-08-14 02:09:33', 'professional'),
(686, '2009-08-14 02:09:33', 'ofessionally'),
(687, '2009-08-14 02:09:33', 'professiona'),
(688, '2009-08-14 02:09:33', 'fessionally'),
(689, '2009-08-14 02:09:33', 'profession'),
(690, '2009-08-14 02:09:33', 'essionally'),
(691, '2009-08-14 02:09:33', 'professio'),
(692, '2009-08-14 02:09:33', 'ssionally'),
(693, '2009-08-14 02:09:33', 'professi'),
(694, '2009-08-14 02:09:33', 'sionally'),
(695, '2009-08-14 02:09:33', 'profess'),
(696, '2009-08-14 02:09:33', 'ionally'),
(697, '2009-08-14 02:09:33', 'profes'),
(698, '2009-08-14 02:09:33', 'onally'),
(699, '2009-08-14 02:09:33', 'profe'),
(700, '2009-08-14 02:09:33', 'nally'),
(701, '2009-08-14 02:09:33', 'prof'),
(702, '2009-08-14 02:09:33', 'ally'),
(703, '2009-08-14 02:09:33', 'basketbal'),
(704, '2009-08-14 02:09:33', 'asketball'),
(705, '2009-08-14 02:09:33', 'basketba'),
(706, '2009-08-14 02:09:33', 'sketball'),
(707, '2009-08-14 02:09:33', 'basketb'),
(708, '2009-08-14 02:09:33', 'ketball'),
(709, '2009-08-14 02:09:33', 'basket'),
(710, '2009-08-14 02:09:33', 'etball'),
(711, '2009-08-14 02:09:33', 'baske'),
(712, '2009-08-14 02:09:33', 'tball'),
(713, '2009-08-14 02:09:33', 'bask'),
(714, '2009-08-14 02:09:33', 'ball'),
(715, '2009-08-14 02:10:39', 'fiel'),
(716, '2009-08-14 02:10:39', 'ield'),
(717, '2009-08-17 14:35:38', 'eagle'),
(718, '2009-08-17 14:35:38', 'agles'),
(719, '2009-08-17 14:35:38', 'eagl'),
(720, '2009-08-17 14:35:38', 'gles'),
(721, '2009-08-17 14:35:38', 'existin'),
(722, '2009-08-17 14:35:38', 'xisting'),
(723, '2009-08-17 14:35:38', 'existi'),
(724, '2009-08-17 14:35:38', 'isting'),
(725, '2009-08-17 14:35:38', 'exist'),
(726, '2009-08-17 14:35:38', 'exis'),
(727, '2009-08-17 14:35:38', 'group'),
(728, '2009-08-17 14:35:38', 'roups'),
(729, '2009-08-17 14:35:38', 'grou'),
(730, '2009-08-17 14:35:38', 'oups'),
(731, '2009-08-17 14:36:01', 'petsfriendsunnyval'),
(732, '2009-08-17 14:36:01', 'etsfriendsunnyvale'),
(733, '2009-08-17 14:36:01', 'petsfriendsunnyva'),
(734, '2009-08-17 14:36:01', 'tsfriendsunnyvale'),
(735, '2009-08-17 14:36:01', 'petsfriendsunnyv'),
(736, '2009-08-17 14:36:01', 'sfriendsunnyvale'),
(737, '2009-08-17 14:36:01', 'petsfriendsunny'),
(738, '2009-08-17 14:36:01', 'friendsunnyvale'),
(739, '2009-08-17 14:36:01', 'petsfriendsunn'),
(740, '2009-08-17 14:36:01', 'riendsunnyvale'),
(741, '2009-08-17 14:36:01', 'petsfriendsun'),
(742, '2009-08-17 14:36:01', 'iendsunnyvale'),
(743, '2009-08-17 14:36:01', 'petsfriendsu'),
(744, '2009-08-17 14:36:01', 'endsunnyvale'),
(745, '2009-08-17 14:36:01', 'petsfriends'),
(746, '2009-08-17 14:36:01', 'ndsunnyvale'),
(747, '2009-08-17 14:36:01', 'petsfriend'),
(748, '2009-08-17 14:36:01', 'dsunnyvale'),
(749, '2009-08-17 14:36:01', 'petsfrien'),
(750, '2009-08-17 14:36:01', 'sunnyvale'),
(751, '2009-08-17 14:36:01', 'petsfrie'),
(752, '2009-08-17 14:36:01', 'petsfri'),
(753, '2009-08-17 14:36:01', 'petsfr'),
(754, '2009-08-17 14:36:01', 'petsf'),
(755, '2009-08-17 14:36:01', 'pets'),
(756, '2009-08-25 17:06:24', 'stoppe'),
(757, '2009-08-25 17:06:24', 'topper'),
(758, '2009-08-25 17:06:24', 'stopp'),
(759, '2009-08-25 17:06:24', 'opper'),
(760, '2009-08-25 17:06:24', 'stop'),
(761, '2009-08-25 17:06:24', 'pper'),
(762, '2009-08-25 17:06:24', 'forwar'),
(763, '2009-08-25 17:06:24', 'orward'),
(764, '2009-08-25 17:06:24', 'forwa'),
(765, '2009-08-25 17:06:24', 'rward'),
(766, '2009-08-25 17:06:24', 'forw'),
(767, '2009-08-25 17:06:24', 'ward'),
(768, '2009-08-26 12:24:49', 'defende'),
(769, '2009-08-26 12:24:49', 'efender'),
(770, '2009-08-26 12:24:49', 'defend'),
(771, '2009-08-26 12:24:49', 'fender'),
(772, '2009-08-26 12:24:49', 'defen'),
(773, '2009-08-26 12:24:49', 'ender'),
(774, '2009-08-26 12:24:49', 'defe'),
(775, '2009-08-26 12:24:49', 'nder'),
(776, '2009-08-26 12:24:49', 'keepe'),
(777, '2009-08-26 12:24:49', 'eeper'),
(778, '2009-08-27 17:11:11', 'intermediat'),
(779, '2009-08-27 17:11:11', 'ntermediate'),
(780, '2009-08-27 17:11:11', 'intermedia'),
(781, '2009-08-27 17:11:11', 'termediate'),
(782, '2009-08-27 17:11:11', 'intermedi'),
(783, '2009-08-27 17:11:11', 'ermediate'),
(784, '2009-08-27 17:11:11', 'intermed'),
(785, '2009-08-27 17:11:11', 'rmediate'),
(786, '2009-08-27 17:11:11', 'interme'),
(787, '2009-08-27 17:11:11', 'mediate'),
(788, '2009-08-27 17:11:11', 'interm'),
(789, '2009-08-27 17:11:11', 'ediate'),
(790, '2009-08-27 17:11:11', 'diate'),
(791, '2009-08-27 17:11:11', 'iate'),
(792, '2009-08-27 17:11:11', 'midfiel'),
(793, '2009-08-27 17:11:11', 'idfield'),
(794, '2009-08-27 17:11:11', 'midfie'),
(795, '2009-08-27 17:11:11', 'dfield'),
(796, '2009-08-27 17:11:11', 'midfi'),
(797, '2009-08-27 17:11:11', 'field'),
(798, '2009-08-27 17:11:11', 'midf'),
(799, '2009-08-28 06:34:50', 'analytica'),
(800, '2009-08-28 06:34:50', 'nalytical'),
(801, '2009-08-28 06:34:50', 'analytic'),
(802, '2009-08-28 06:34:50', 'alytical'),
(803, '2009-08-28 06:34:50', 'analyti'),
(804, '2009-08-28 06:34:50', 'lytical'),
(805, '2009-08-28 06:34:50', 'analyt'),
(806, '2009-08-28 06:34:50', 'ytical'),
(807, '2009-08-28 06:34:50', 'analy'),
(808, '2009-08-28 06:34:50', 'tical'),
(809, '2009-08-28 06:34:50', 'anal'),
(810, '2009-08-28 06:34:50', 'ical'),
(811, '2009-08-28 06:34:50', 'star'),
(812, '2009-08-28 06:34:50', 'tart'),
(813, '2009-08-28 06:34:50', 'emai'),
(814, '2009-08-28 06:34:50', 'technolog'),
(815, '2009-08-28 06:34:50', 'echnology'),
(816, '2009-08-28 06:34:50', 'technolo'),
(817, '2009-08-28 06:34:50', 'chnology'),
(818, '2009-08-28 06:34:50', 'technol'),
(819, '2009-08-28 06:34:50', 'hnology'),
(820, '2009-08-28 06:34:50', 'techno'),
(821, '2009-08-28 06:34:50', 'nology'),
(822, '2009-08-28 06:34:50', 'techn'),
(823, '2009-08-28 06:34:50', 'tech'),
(824, '2009-08-28 06:34:50', 'marketin'),
(825, '2009-08-28 06:34:50', 'arketing'),
(826, '2009-08-28 06:34:50', 'marketi'),
(827, '2009-08-28 06:34:50', 'rketing'),
(828, '2009-08-28 06:34:50', 'market'),
(829, '2009-08-28 06:34:50', 'keting'),
(830, '2009-08-28 06:34:50', 'marke'),
(831, '2009-08-28 06:34:50', 'eting'),
(832, '2009-08-28 06:34:50', 'mark'),
(833, '2009-08-28 06:34:50', 'directo'),
(834, '2009-08-28 06:34:50', 'irector'),
(835, '2009-08-28 06:34:50', 'direct'),
(836, '2009-08-28 06:34:50', 'rector'),
(837, '2009-08-28 06:34:50', 'direc'),
(838, '2009-08-28 06:34:50', 'ector'),
(839, '2009-08-28 06:34:50', 'dire'),
(840, '2009-08-28 06:34:50', 'ctor'),
(841, '2009-08-28 06:34:50', 'siliconvalleysocce'),
(842, '2009-08-28 06:34:50', 'iliconvalleysoccer'),
(843, '2009-08-28 06:34:50', 'siliconvalleysocc'),
(844, '2009-08-28 06:34:50', 'liconvalleysoccer'),
(845, '2009-08-28 06:34:50', 'siliconvalleysoc'),
(846, '2009-08-28 06:34:50', 'iconvalleysoccer'),
(847, '2009-08-28 06:34:50', 'siliconvalleyso'),
(848, '2009-08-28 06:34:50', 'convalleysoccer'),
(849, '2009-08-28 06:34:50', 'siliconvalleys'),
(850, '2009-08-28 06:34:50', 'onvalleysoccer'),
(851, '2009-08-28 06:34:50', 'siliconvalley'),
(852, '2009-08-28 06:34:50', 'nvalleysoccer'),
(853, '2009-08-28 06:34:50', 'siliconvalle'),
(854, '2009-08-28 06:34:50', 'valleysoccer'),
(855, '2009-08-28 06:34:50', 'siliconvall'),
(856, '2009-08-28 06:34:50', 'alleysoccer'),
(857, '2009-08-28 06:34:50', 'siliconval'),
(858, '2009-08-28 06:34:50', 'lleysoccer'),
(859, '2009-08-28 06:34:50', 'siliconva'),
(860, '2009-08-28 06:34:50', 'leysoccer'),
(861, '2009-08-28 06:34:50', 'siliconv'),
(862, '2009-08-28 06:34:50', 'eysoccer'),
(863, '2009-08-28 06:34:50', 'silicon'),
(864, '2009-08-28 06:34:50', 'ysoccer'),
(865, '2009-08-28 06:34:50', 'silico'),
(866, '2009-08-28 06:34:50', 'soccer'),
(867, '2009-08-28 06:34:50', 'silic'),
(868, '2009-08-28 06:34:50', 'sili'),
(869, '2009-08-28 06:34:50', 'bioscienc'),
(870, '2009-08-28 06:34:50', 'ioscience'),
(871, '2009-08-28 06:34:50', 'bioscien'),
(872, '2009-08-28 06:34:50', 'oscience'),
(873, '2009-08-28 06:34:50', 'bioscie'),
(874, '2009-08-28 06:34:50', 'science'),
(875, '2009-08-28 06:34:50', 'biosci'),
(876, '2009-08-28 06:34:50', 'biosc'),
(877, '2009-08-28 06:34:50', 'bios'),
(878, '2009-08-28 06:34:50', 'vitr'),
(879, '2009-08-28 06:34:50', 'itra'),
(880, '2009-08-28 06:34:50', 'technologie'),
(881, '2009-08-28 06:34:50', 'echnologies'),
(882, '2009-08-28 06:34:50', 'technologi'),
(883, '2009-08-28 06:34:50', 'chnologies'),
(884, '2009-08-28 06:34:50', 'hnologies'),
(885, '2009-08-28 06:34:50', 'nologies'),
(886, '2009-08-28 06:34:50', 'ologies'),
(887, '2009-08-28 06:34:50', 'logies'),
(888, '2009-08-28 06:34:50', 'ogies'),
(889, '2009-08-28 06:34:50', 'gies'),
(890, '2009-08-28 06:34:50', 'biotechnolog'),
(891, '2009-08-28 06:34:50', 'iotechnology'),
(892, '2009-08-28 06:34:50', 'biotechnolo'),
(893, '2009-08-28 06:34:50', 'otechnology'),
(894, '2009-08-28 06:34:50', 'biotechnol'),
(895, '2009-08-28 06:34:50', 'technology'),
(896, '2009-08-28 06:34:50', 'biotechno'),
(897, '2009-08-28 06:34:50', 'biotechn'),
(898, '2009-08-28 06:34:50', 'biotech'),
(899, '2009-08-28 06:34:50', 'biotec'),
(900, '2009-08-28 06:34:50', 'biote'),
(901, '2009-08-28 06:34:50', 'biot'),
(902, '2009-08-30 13:38:59', 'cente'),
(903, '2009-08-30 13:38:59', 'enter'),
(904, '2009-08-30 13:38:59', 'cent'),
(905, '2009-08-30 13:38:59', 'nter'),
(906, '2009-08-30 14:47:00', 'nigh'),
(907, '2009-08-30 14:47:00', 'ight'),
(908, '2009-08-30 14:47:00', 'saturday'),
(909, '2009-08-30 14:47:00', 'aturdays'),
(910, '2009-08-30 14:47:00', 'saturda'),
(911, '2009-08-30 14:47:00', 'turdays'),
(912, '2009-08-30 14:47:00', 'saturd'),
(913, '2009-08-30 14:47:00', 'urdays'),
(914, '2009-08-30 14:47:00', 'satur'),
(915, '2009-08-30 14:47:00', 'rdays'),
(916, '2009-08-30 14:47:00', 'satu'),
(917, '2009-08-30 14:47:00', 'days'),
(918, '2009-08-30 14:49:54', 'bease'),
(919, '2009-08-30 14:49:54', 'easeu'),
(920, '2009-08-30 14:49:54', 'beas'),
(921, '2009-08-30 14:49:54', 'aseu'),
(922, '2009-08-30 14:49:54', 'pulcinc'),
(923, '2009-08-30 14:49:54', 'ulcinci'),
(924, '2009-08-30 14:49:54', 'lcinci'),
(925, '2009-08-30 14:49:54', 'cinci'),
(926, '2009-08-30 14:49:54', 'inci'),
(927, '2009-08-30 14:49:54', 'sorenese'),
(928, '2009-08-30 14:49:54', 'orenesen'),
(929, '2009-08-30 14:49:54', 'sorenes'),
(930, '2009-08-30 14:49:54', 'renesen'),
(931, '2009-08-30 14:49:54', 'sorene'),
(932, '2009-08-30 14:49:54', 'enesen'),
(933, '2009-08-30 14:49:54', 'soren'),
(934, '2009-08-30 14:49:54', 'nesen'),
(935, '2009-08-30 14:49:54', 'sore'),
(936, '2009-08-30 14:49:54', 'esen'),
(937, '2009-08-30 14:51:32', 'sorense'),
(938, '2009-08-30 14:51:32', 'orensen'),
(939, '2009-08-30 14:51:32', 'sorens'),
(940, '2009-08-30 14:51:32', 'rensen'),
(941, '2009-08-30 14:51:32', 'ensen'),
(942, '2009-08-30 14:51:32', 'nsen'),
(943, '2009-08-30 14:52:10', 'geek'),
(944, '2009-08-30 14:52:10', 'eeky'),
(945, '2009-08-30 14:52:10', 'airplane'),
(946, '2009-08-30 14:52:10', 'irplanes'),
(947, '2009-08-30 14:52:10', 'airplan'),
(948, '2009-08-30 14:52:10', 'rplanes'),
(949, '2009-08-30 14:52:10', 'airpla'),
(950, '2009-08-30 14:52:10', 'planes'),
(951, '2009-08-30 14:52:10', 'airpl'),
(952, '2009-08-30 14:52:10', 'lanes'),
(953, '2009-08-30 14:52:10', 'airp'),
(954, '2009-08-30 14:52:10', 'anes'),
(955, '2009-08-30 14:52:10', 'helicopter'),
(956, '2009-08-30 14:52:10', 'elicopters'),
(957, '2009-08-30 14:52:10', 'helicopte'),
(958, '2009-08-30 14:52:10', 'licopters'),
(959, '2009-08-30 14:52:10', 'helicopt'),
(960, '2009-08-30 14:52:10', 'icopters'),
(961, '2009-08-30 14:52:10', 'helicop'),
(962, '2009-08-30 14:52:10', 'copters'),
(963, '2009-08-30 14:52:10', 'helico'),
(964, '2009-08-30 14:52:10', 'opters'),
(965, '2009-08-30 14:52:10', 'helic'),
(966, '2009-08-30 14:52:10', 'pters'),
(967, '2009-08-30 14:52:10', 'heli'),
(968, '2009-08-30 14:52:10', 'ters'),
(969, '2009-08-30 14:52:10', 'talkin'),
(970, '2009-08-30 14:52:10', 'alking'),
(971, '2009-08-30 14:52:10', 'talki'),
(972, '2009-08-30 14:52:10', 'lking'),
(973, '2009-08-30 14:52:10', 'talk'),
(974, '2009-08-31 00:08:14', 'advance'),
(975, '2009-08-31 00:08:14', 'dvanced'),
(976, '2009-08-31 00:08:14', 'advanc'),
(977, '2009-08-31 00:08:14', 'vanced'),
(978, '2009-08-31 00:08:14', 'advan'),
(979, '2009-08-31 00:08:14', 'anced'),
(980, '2009-08-31 00:08:14', 'adva'),
(981, '2009-08-31 00:08:14', 'nced'),
(982, '2009-08-31 00:08:14', 'defens'),
(983, '2009-08-31 00:08:14', 'efense'),
(984, '2009-08-31 00:08:14', 'fense'),
(985, '2009-08-31 00:08:14', 'ense'),
(986, '2009-08-31 00:08:14', 'tuesda'),
(987, '2009-08-31 00:08:14', 'uesday'),
(988, '2009-08-31 00:08:14', 'tuesd'),
(989, '2009-08-31 00:08:14', 'esday'),
(990, '2009-08-31 00:08:14', 'tues'),
(991, '2009-08-31 00:08:14', 'sday'),
(992, '2009-08-31 00:08:14', 'wednesda'),
(993, '2009-08-31 00:08:14', 'ednesday'),
(994, '2009-08-31 00:08:14', 'wednesd'),
(995, '2009-08-31 00:08:14', 'dnesday'),
(996, '2009-08-31 00:08:14', 'wednes'),
(997, '2009-08-31 00:08:14', 'nesday'),
(998, '2009-08-31 00:08:14', 'wedne'),
(999, '2009-08-31 00:08:14', 'wedn'),
(1000, '2009-08-31 09:37:19', 'bergenfiel'),
(1001, '2009-08-31 09:37:19', 'ergenfield'),
(1002, '2009-08-31 09:37:19', 'bergenfie'),
(1003, '2009-08-31 09:37:19', 'rgenfield'),
(1004, '2009-08-31 09:37:19', 'bergenfi'),
(1005, '2009-08-31 09:37:19', 'genfield'),
(1006, '2009-08-31 09:37:19', 'bergenf'),
(1007, '2009-08-31 09:37:19', 'enfield'),
(1008, '2009-08-31 09:37:19', 'bergen'),
(1009, '2009-08-31 09:37:19', 'nfield'),
(1010, '2009-08-31 09:37:19', 'berge'),
(1011, '2009-08-31 09:37:19', 'berg'),
(1012, '2009-08-31 09:38:03', 'jerse'),
(1013, '2009-08-31 09:38:03', 'ersey'),
(1014, '2009-08-31 09:38:03', 'jers'),
(1015, '2009-08-31 09:38:03', 'rsey'),
(1016, '2009-08-31 09:38:03', 'zzuri'),
(1017, '2009-08-31 09:38:03', 'zuri'),
(1018, '2009-08-31 09:45:35', 'pizz'),
(1019, '2009-08-31 09:45:35', 'izza'),
(1020, '2009-08-31 09:47:54', 'henit'),
(1021, '2009-08-31 09:47:54', 'enitz'),
(1022, '2009-08-31 09:47:54', 'heni'),
(1023, '2009-08-31 09:47:54', 'nitz'),
(1024, '2009-08-31 09:47:54', 'yaho'),
(1025, '2009-08-31 09:47:54', 'ahoo'),
(1026, '2009-08-31 09:48:15', 'colleg'),
(1027, '2009-08-31 09:48:15', 'ollege'),
(1028, '2009-08-31 09:48:15', 'colle'),
(1029, '2009-08-31 09:48:15', 'llege'),
(1030, '2009-08-31 09:48:15', 'coll'),
(1031, '2009-08-31 09:48:15', 'lege'),
(1032, '2009-08-31 13:22:24', 'becasu'),
(1033, '2009-08-31 13:22:24', 'ecasue'),
(1034, '2009-08-31 13:22:24', 'becas'),
(1035, '2009-08-31 13:22:24', 'casue'),
(1036, '2009-08-31 13:22:24', 'beca'),
(1037, '2009-08-31 13:22:24', 'asue'),
(1038, '2009-09-10 17:55:57', 'pordenon'),
(1039, '2009-09-10 17:55:57', 'ordenone'),
(1040, '2009-09-10 17:55:57', 'pordeno'),
(1041, '2009-09-10 17:55:57', 'rdenone'),
(1042, '2009-09-10 17:55:57', 'porden'),
(1043, '2009-09-10 17:55:57', 'denone'),
(1044, '2009-09-10 17:55:57', 'porde'),
(1045, '2009-09-10 17:55:57', 'enone'),
(1046, '2009-09-10 17:55:57', 'pord'),
(1047, '2009-09-10 17:55:57', 'none'),
(1048, '2009-09-10 17:55:57', 'ital'),
(1049, '2009-09-10 17:55:57', 'taly'),
(1050, '2009-09-10 17:55:57', 'basher'),
(1051, '2009-09-10 17:55:57', 'ashers'),
(1052, '2009-09-10 17:55:57', 'bashe'),
(1053, '2009-09-10 17:55:57', 'shers'),
(1054, '2009-09-10 17:55:57', 'bash'),
(1055, '2009-09-10 17:55:57', 'hers'),
(1056, '2009-09-10 17:56:23', 'ventur'),
(1057, '2009-09-10 17:56:23', 'entura'),
(1058, '2009-09-10 17:56:23', 'ventu'),
(1059, '2009-09-10 17:56:23', 'ntura'),
(1060, '2009-09-10 17:56:23', 'vent'),
(1061, '2009-09-10 17:56:23', 'tura'),
(1062, '2009-09-10 17:56:23', 'fran'),
(1063, '2009-09-10 17:56:23', 'ranc'),
(1064, '2009-09-10 17:57:52', 'tate'),
(1065, '2009-09-10 17:57:52', 'psycholog'),
(1066, '2009-09-10 17:57:52', 'sychology'),
(1067, '2009-09-10 17:57:52', 'psycholo'),
(1068, '2009-09-10 17:57:52', 'ychology'),
(1069, '2009-09-10 17:57:52', 'psychol'),
(1070, '2009-09-10 17:57:52', 'chology'),
(1071, '2009-09-10 17:57:52', 'psycho'),
(1072, '2009-09-10 17:57:52', 'hology'),
(1073, '2009-09-10 17:57:52', 'psych'),
(1074, '2009-09-10 17:57:52', 'psyc'),
(1075, '2009-09-10 17:57:52', 'balli'),
(1076, '2009-09-10 17:57:52', 'allin'),
(1077, '2009-09-10 17:57:52', 'llin'),
(1078, '2009-09-10 17:57:52', 'outt'),
(1079, '2009-09-10 17:57:52', 'utta'),
(1080, '2009-09-10 17:57:52', 'contro'),
(1081, '2009-09-10 17:57:52', 'ontrol'),
(1082, '2009-09-10 17:57:52', 'contr'),
(1083, '2009-09-10 17:57:52', 'ntrol'),
(1084, '2009-09-10 17:57:52', 'cont'),
(1085, '2009-09-10 17:57:52', 'trol'),
(1086, '2009-09-12 17:57:19', 'beginne'),
(1087, '2009-09-12 17:57:19', 'eginner'),
(1088, '2009-09-12 17:57:19', 'beginn'),
(1089, '2009-09-12 17:57:19', 'ginner'),
(1090, '2009-09-12 17:57:19', 'begin'),
(1091, '2009-09-12 17:57:19', 'inner'),
(1092, '2009-09-12 17:57:19', 'begi'),
(1093, '2009-09-12 17:57:19', 'nner'),
(1094, '2009-09-12 17:57:19', 'monda'),
(1095, '2009-09-12 17:57:19', 'onday'),
(1096, '2009-09-12 17:57:19', 'mond'),
(1097, '2009-09-12 17:57:19', 'nday'),
(1098, '2009-09-12 18:01:00', 'burgerglo'),
(1099, '2009-09-12 18:01:00', 'urgerglob'),
(1100, '2009-09-12 18:01:00', 'burgergl'),
(1101, '2009-09-12 18:01:00', 'rgerglob'),
(1102, '2009-09-12 18:01:00', 'burgerg'),
(1103, '2009-09-12 18:01:00', 'gerglob'),
(1104, '2009-09-12 18:01:00', 'burger'),
(1105, '2009-09-12 18:01:00', 'erglob'),
(1106, '2009-09-12 18:01:00', 'burge'),
(1107, '2009-09-12 18:01:00', 'rglob'),
(1108, '2009-09-12 18:01:00', 'burg'),
(1109, '2009-09-12 18:01:00', 'glob'),
(1110, '2009-09-12 18:01:00', 'yugoslavi'),
(1111, '2009-09-12 18:01:00', 'ugoslavia'),
(1112, '2009-09-12 18:01:00', 'yugoslav'),
(1113, '2009-09-12 18:01:00', 'goslavia'),
(1114, '2009-09-12 18:01:00', 'yugosla'),
(1115, '2009-09-12 18:01:00', 'oslavia'),
(1116, '2009-09-12 18:01:00', 'yugosl'),
(1117, '2009-09-12 18:01:00', 'slavia'),
(1118, '2009-09-12 18:01:00', 'yugos'),
(1119, '2009-09-12 18:01:00', 'lavia'),
(1120, '2009-09-12 18:01:00', 'yugo'),
(1121, '2009-09-12 18:01:00', 'avia'),
(1122, '2009-09-15 14:44:37', 'aarhu'),
(1123, '2009-09-15 14:44:37', 'arhus'),
(1124, '2009-09-15 14:44:37', 'aarh'),
(1125, '2009-09-15 14:44:37', 'rhus'),
(1126, '2009-09-15 14:47:10', 'frien'),
(1127, '2009-09-15 14:47:10', 'riend'),
(1128, '2009-09-15 14:47:10', 'frie'),
(1129, '2009-09-15 14:47:10', 'iend'),
(1130, '2009-09-15 14:47:10', 'anima'),
(1131, '2009-09-15 14:47:10', 'nimal'),
(1132, '2009-09-15 14:47:10', 'imal'),
(1133, '2009-09-15 14:47:10', 'clini'),
(1134, '2009-09-15 14:47:10', 'linic'),
(1135, '2009-09-15 14:47:10', 'clin'),
(1136, '2009-09-15 14:47:10', 'inic'),
(1137, '2009-09-15 14:47:10', 'owne'),
(1138, '2009-09-15 14:47:10', 'wner'),
(1139, '2009-09-15 14:47:10', 'healthcar'),
(1140, '2009-09-15 14:47:10', 'ealthcare'),
(1141, '2009-09-15 14:47:10', 'healthca'),
(1142, '2009-09-15 14:47:10', 'althcare'),
(1143, '2009-09-15 14:47:10', 'healthc'),
(1144, '2009-09-15 14:47:10', 'lthcare'),
(1145, '2009-09-15 14:47:10', 'health'),
(1146, '2009-09-15 14:47:10', 'thcare'),
(1147, '2009-09-15 14:47:10', 'healt'),
(1148, '2009-09-15 14:47:10', 'hcare'),
(1149, '2009-09-15 14:47:10', 'heal'),
(1150, '2009-09-15 14:47:10', 'veterinar'),
(1151, '2009-09-15 14:47:10', 'eterinary'),
(1152, '2009-09-15 14:47:10', 'veterina'),
(1153, '2009-09-15 14:47:10', 'terinary'),
(1154, '2009-09-15 14:47:10', 'veterin'),
(1155, '2009-09-15 14:47:10', 'erinary'),
(1156, '2009-09-15 14:47:10', 'veteri'),
(1157, '2009-09-15 14:47:10', 'rinary'),
(1158, '2009-09-15 14:47:10', 'veter'),
(1159, '2009-09-15 14:47:10', 'inary'),
(1160, '2009-09-15 14:47:10', 'vete'),
(1161, '2009-09-15 14:47:10', 'nary'),
(1162, '2009-10-03 16:08:51', 'cupertin'),
(1163, '2009-10-03 16:08:51', 'upertino'),
(1164, '2009-10-03 16:08:51', 'cuperti'),
(1165, '2009-10-03 16:08:51', 'pertino'),
(1166, '2009-10-03 16:08:51', 'cupert'),
(1167, '2009-10-03 16:08:51', 'ertino'),
(1168, '2009-10-03 16:08:51', 'cuper'),
(1169, '2009-10-03 16:08:51', 'rtino'),
(1170, '2009-10-03 16:08:51', 'cupe'),
(1171, '2009-10-03 16:08:51', 'tino'),
(1172, '2009-10-03 16:08:51', 'coor'),
(1173, '2009-10-03 16:08:51', 'oors'),
(1174, '2009-10-03 16:08:51', 'bikin'),
(1175, '2009-10-03 16:08:51', 'iking'),
(1176, '2009-10-03 16:08:51', 'biki'),
(1177, '2009-10-03 16:08:51', 'hikin'),
(1178, '2009-10-03 16:08:51', 'hiki'),
(1179, '2009-10-03 16:08:51', 'footbal'),
(1180, '2009-10-03 16:08:51', 'ootball'),
(1181, '2009-10-03 16:08:51', 'footba'),
(1182, '2009-10-03 16:08:51', 'otball'),
(1183, '2009-10-03 16:08:51', 'footb'),
(1184, '2009-10-03 16:08:51', 'foot'),
(1185, '2009-10-03 16:08:51', 'watchin'),
(1186, '2009-10-03 16:08:51', 'atching'),
(1187, '2009-10-03 16:08:51', 'watchi'),
(1188, '2009-10-03 16:08:51', 'tching'),
(1189, '2009-10-03 16:08:51', 'watch'),
(1190, '2009-10-03 16:08:51', 'ching'),
(1191, '2009-10-03 16:08:51', 'watc'),
(1192, '2009-10-03 16:08:51', 'futbo'),
(1193, '2009-10-03 16:08:51', 'utbol'),
(1194, '2009-10-03 16:08:51', 'futb'),
(1195, '2009-10-03 16:08:51', 'tbol'),
(1196, '2009-10-03 16:08:51', 'calle'),
(1197, '2009-10-03 16:08:51', 'alled'),
(1198, '2009-10-03 16:08:51', 'call'),
(1199, '2009-10-03 16:08:51', 'lled'),
(1200, '2009-10-03 16:08:51', 'name'),
(1201, '2009-10-03 16:08:51', 'amed'),
(1202, '2009-10-03 16:08:51', 'youn'),
(1203, '2009-10-03 16:08:51', 'oung'),
(1204, '2009-10-03 16:08:51', 'card'),
(1205, '2009-10-03 16:08:51', 'ards'),
(1206, '2009-10-03 16:08:51', 'yello'),
(1207, '2009-10-03 16:08:51', 'ellow'),
(1208, '2009-10-03 16:08:51', 'yell'),
(1209, '2009-10-03 16:08:51', 'ligh'),
(1210, '2009-12-05 20:50:49', 'frida'),
(1211, '2009-12-05 20:50:49', 'riday'),
(1212, '2009-12-05 20:50:49', 'frid'),
(1213, '2009-12-05 20:50:49', 'iday'),
(1214, '2009-12-06 16:45:23', 'ioiijiu'),
(1215, '2009-12-06 16:45:23', 'oiijiuj'),
(1216, '2009-12-06 16:45:23', 'ioiiji'),
(1217, '2009-12-06 16:45:23', 'iijiuj'),
(1218, '2009-12-06 16:45:23', 'ioiij'),
(1219, '2009-12-06 16:45:23', 'ijiuj'),
(1220, '2009-12-06 16:45:23', 'ioii'),
(1221, '2009-12-06 16:45:23', 'jiuj'),
(1222, '2009-12-06 16:56:13', 'peninsulasoccerleagu'),
(1223, '2009-12-06 16:56:13', 'eninsulasoccerleague'),
(1224, '2009-12-06 16:56:13', 'peninsulasoccerleag'),
(1225, '2009-12-06 16:56:13', 'ninsulasoccerleague'),
(1226, '2009-12-06 16:56:13', 'peninsulasoccerlea'),
(1227, '2009-12-06 16:56:13', 'insulasoccerleague'),
(1228, '2009-12-06 16:56:13', 'peninsulasoccerle'),
(1229, '2009-12-06 16:56:13', 'nsulasoccerleague'),
(1230, '2009-12-06 16:56:13', 'peninsulasoccerl'),
(1231, '2009-12-06 16:56:13', 'sulasoccerleague'),
(1232, '2009-12-06 16:56:13', 'peninsulasoccer'),
(1233, '2009-12-06 16:56:13', 'ulasoccerleague'),
(1234, '2009-12-06 16:56:13', 'peninsulasocce'),
(1235, '2009-12-06 16:56:13', 'lasoccerleague'),
(1236, '2009-12-06 16:56:13', 'peninsulasocc'),
(1237, '2009-12-06 16:56:13', 'asoccerleague'),
(1238, '2009-12-06 16:56:13', 'peninsulasoc'),
(1239, '2009-12-06 16:56:13', 'soccerleague'),
(1240, '2009-12-06 16:56:13', 'peninsulaso'),
(1241, '2009-12-06 16:56:13', 'occerleague'),
(1242, '2009-12-06 16:56:13', 'peninsulas'),
(1243, '2009-12-06 16:56:13', 'ccerleague'),
(1244, '2009-12-06 16:56:13', 'peninsula'),
(1245, '2009-12-06 16:56:13', 'cerleague'),
(1246, '2009-12-06 16:56:13', 'peninsul'),
(1247, '2009-12-06 16:56:13', 'erleague'),
(1248, '2009-12-06 16:56:13', 'peninsu'),
(1249, '2009-12-06 16:56:13', 'rleague'),
(1250, '2009-12-06 16:56:13', 'penins'),
(1251, '2009-12-06 16:56:13', 'league'),
(1252, '2009-12-06 16:56:13', 'penin'),
(1253, '2009-12-06 16:56:13', 'eague'),
(1254, '2009-12-06 16:56:13', 'peni'),
(1255, '2009-12-06 16:56:13', 'ague'),
(1256, '2009-12-06 16:56:13', 'sche'),
(1257, '2009-12-06 16:56:13', 'ched'),
(1258, '2009-12-06 17:02:37', 'paima'),
(1259, '2009-12-06 17:02:37', 'aiman'),
(1260, '2009-12-06 17:02:37', 'paim'),
(1261, '2009-12-06 17:02:37', 'iman'),
(1262, '2009-12-24 10:06:12', 'leagu'),
(1263, '2009-12-24 10:06:12', 'leag'),
(1264, '2009-12-24 10:06:12', 'coed_winter_200'),
(1265, '2009-12-24 10:06:12', 'oed_winter_2009'),
(1266, '2009-12-24 10:06:12', 'coed_winter_20'),
(1267, '2009-12-24 10:06:12', 'ed_winter_2009'),
(1268, '2009-12-24 10:06:12', 'coed_winter_2'),
(1269, '2009-12-24 10:06:12', 'd_winter_2009'),
(1270, '2009-12-24 10:06:12', 'coed_winter_'),
(1271, '2009-12-24 10:06:12', '_winter_2009'),
(1272, '2009-12-24 10:06:12', 'coed_winter'),
(1273, '2009-12-24 10:06:12', 'winter_2009'),
(1274, '2009-12-24 10:06:12', 'coed_winte'),
(1275, '2009-12-24 10:06:12', 'inter_2009'),
(1276, '2009-12-24 10:06:12', 'coed_wint'),
(1277, '2009-12-24 10:06:12', 'nter_2009'),
(1278, '2009-12-24 10:06:12', 'coed_win'),
(1279, '2009-12-24 10:06:12', 'ter_2009'),
(1280, '2009-12-24 10:06:12', 'coed_wi'),
(1281, '2009-12-24 10:06:12', 'er_2009'),
(1282, '2009-12-24 10:06:12', 'coed_w'),
(1283, '2009-12-24 10:06:12', 'r_2009'),
(1284, '2009-12-24 10:06:12', 'coed_'),
(1285, '2009-12-24 10:06:12', '_2009'),
(1286, '2009-12-24 10:06:12', 'coed'),
(1287, '2009-12-24 10:06:12', '2009'),
(1288, '2009-12-24 10:06:12', 'bytea'),
(1289, '2009-12-24 10:06:12', 'yteam'),
(1290, '2009-12-24 10:06:12', 'byte'),
(1291, '2009-12-24 10:06:23', 'team_i'),
(1292, '2009-12-24 10:06:23', 'eam_id'),
(1293, '2009-12-24 10:06:23', 'team_'),
(1294, '2009-12-24 10:06:23', 'am_id'),
(1295, '2009-12-24 10:06:23', 'm_id'),
(1296, '2009-12-24 10:17:27', 'premie'),
(1297, '2009-12-24 10:17:27', 'remier'),
(1298, '2009-12-24 10:17:27', 'premi'),
(1299, '2009-12-24 10:17:27', 'emier'),
(1300, '2009-12-24 10:17:27', 'prem');
INSERT INTO `dictionary_stem` (`id`, `created`, `stem`) VALUES
(1301, '2009-12-24 10:17:27', 'mier'),
(1302, '2009-12-24 10:43:35', 'fwetgr'),
(1303, '2009-12-24 10:43:35', 'wetgrf'),
(1304, '2009-12-24 10:43:35', 'fwetg'),
(1305, '2009-12-24 10:43:35', 'etgrf'),
(1306, '2009-12-24 10:43:35', 'fwet'),
(1307, '2009-12-24 10:43:35', 'tgrf'),
(1308, '2009-12-24 10:44:28', 'summe'),
(1309, '2009-12-24 10:44:28', 'ummer'),
(1310, '2009-12-24 10:44:28', 'summ'),
(1311, '2009-12-24 10:44:28', 'mmer'),
(1312, '2009-12-29 16:29:47', 'friendl'),
(1313, '2009-12-29 16:29:47', 'riendly'),
(1314, '2009-12-29 16:29:47', 'friend'),
(1315, '2009-12-29 16:29:47', 'iendly'),
(1316, '2009-12-29 16:29:47', 'endly'),
(1317, '2009-12-29 16:29:47', 'ndly'),
(1318, '2009-12-29 16:29:47', 'roup'),
(1319, '2009-12-29 16:29:47', 'prie'),
(1320, '2009-12-29 16:29:47', 'competitiv'),
(1321, '2009-12-29 16:29:47', 'ompetitive'),
(1322, '2009-12-29 16:29:47', 'competiti'),
(1323, '2009-12-29 16:29:47', 'mpetitive'),
(1324, '2009-12-29 16:29:47', 'competit'),
(1325, '2009-12-29 16:29:47', 'petitive'),
(1326, '2009-12-29 16:29:47', 'competi'),
(1327, '2009-12-29 16:29:47', 'etitive'),
(1328, '2009-12-29 16:29:47', 'compet'),
(1329, '2009-12-29 16:29:47', 'titive'),
(1330, '2009-12-29 16:29:47', 'compe'),
(1331, '2009-12-29 16:29:47', 'itive'),
(1332, '2009-12-29 16:29:47', 'tive'),
(1333, '2009-12-29 16:29:47', 'chea'),
(1334, '2009-12-29 16:29:47', 'heap'),
(1335, '2009-12-29 16:29:47', 'hack'),
(1336, '2009-12-29 16:29:47', 'acks'),
(1337, '2009-12-29 16:29:47', 'destro'),
(1338, '2009-12-29 16:29:47', 'estroy'),
(1339, '2009-12-29 16:29:47', 'destr'),
(1340, '2009-12-29 16:29:47', 'stroy'),
(1341, '2009-12-29 16:29:47', 'dest'),
(1342, '2009-12-29 16:29:47', 'troy'),
(1343, '2009-12-29 16:46:02', 'implementatio'),
(1344, '2009-12-29 16:46:02', 'mplementation'),
(1345, '2009-12-29 16:46:02', 'implementati'),
(1346, '2009-12-29 16:46:02', 'plementation'),
(1347, '2009-12-29 16:46:02', 'implementat'),
(1348, '2009-12-29 16:46:02', 'lementation'),
(1349, '2009-12-29 16:46:02', 'implementa'),
(1350, '2009-12-29 16:46:02', 'ementation'),
(1351, '2009-12-29 16:46:02', 'implement'),
(1352, '2009-12-29 16:46:02', 'mentation'),
(1353, '2009-12-29 16:46:02', 'implemen'),
(1354, '2009-12-29 16:46:02', 'entation'),
(1355, '2009-12-29 16:46:02', 'impleme'),
(1356, '2009-12-29 16:46:02', 'ntation'),
(1357, '2009-12-29 16:46:02', 'implem'),
(1358, '2009-12-29 16:46:02', 'tation'),
(1359, '2009-12-29 16:46:02', 'imple'),
(1360, '2009-12-29 16:46:02', 'impl'),
(1361, '2009-12-29 16:46:02', 'editin'),
(1362, '2009-12-29 16:46:02', 'diting'),
(1363, '2009-12-29 16:46:02', 'editi'),
(1364, '2009-12-29 16:46:02', 'iting'),
(1365, '2009-12-29 16:46:02', 'edit'),
(1366, '2009-12-29 16:46:02', 'does'),
(1367, '2009-12-29 16:46:02', 'oesn'),
(1368, '2010-01-02 18:34:33', 'biographica'),
(1369, '2010-01-02 18:34:33', 'iographical'),
(1370, '2010-01-02 18:34:33', 'biographic'),
(1371, '2010-01-02 18:34:33', 'ographical'),
(1372, '2010-01-02 18:34:33', 'biographi'),
(1373, '2010-01-02 18:34:33', 'graphical'),
(1374, '2010-01-02 18:34:33', 'biograph'),
(1375, '2010-01-02 18:34:33', 'raphical'),
(1376, '2010-01-02 18:34:33', 'biograp'),
(1377, '2010-01-02 18:34:33', 'aphical'),
(1378, '2010-01-02 18:34:33', 'biogra'),
(1379, '2010-01-02 18:34:33', 'phical'),
(1380, '2010-01-02 18:34:33', 'biogr'),
(1381, '2010-01-02 18:34:33', 'hical'),
(1382, '2010-01-02 18:34:33', 'biog'),
(1383, '2010-01-02 18:34:33', 'relevan'),
(1384, '2010-01-02 18:34:33', 'elevant'),
(1385, '2010-01-02 18:34:33', 'releva'),
(1386, '2010-01-02 18:34:33', 'levant'),
(1387, '2010-01-02 18:34:33', 'relev'),
(1388, '2010-01-02 18:34:33', 'evant'),
(1389, '2010-01-02 18:34:33', 'rele'),
(1390, '2010-01-02 18:34:33', 'vant'),
(1391, '2010-01-02 18:34:33', 'network'),
(1392, '2010-01-02 18:34:33', 'etworks'),
(1393, '2010-01-02 18:34:33', 'networ'),
(1394, '2010-01-02 18:34:33', 'tworks'),
(1395, '2010-01-02 18:34:33', 'netwo'),
(1396, '2010-01-02 18:34:33', 'works'),
(1397, '2010-01-02 18:34:33', 'netw'),
(1398, '2010-01-04 18:33:34', 'etwork'),
(1399, '2010-01-04 18:33:34', 'twork'),
(1400, '2010-01-16 10:48:56', 'contac'),
(1401, '2010-01-16 10:48:56', 'ontact'),
(1402, '2010-01-16 10:48:56', 'conta'),
(1403, '2010-01-16 10:48:56', 'ntact'),
(1404, '2010-01-16 10:48:56', 'tact'),
(1405, '2010-01-30 10:26:27', 'weeknigh'),
(1406, '2010-01-30 10:26:27', 'eeknight'),
(1407, '2010-01-30 10:26:27', 'weeknig'),
(1408, '2010-01-30 10:26:27', 'eknight'),
(1409, '2010-01-30 10:26:27', 'weekni'),
(1410, '2010-01-30 10:26:27', 'knight'),
(1411, '2010-01-30 10:26:27', 'weekn'),
(1412, '2010-01-30 10:26:27', 'night'),
(1413, '2010-01-30 10:28:24', 'kati'),
(1414, '2010-01-30 10:28:24', 'atie'),
(1415, '2010-01-30 10:28:24', 'bushnel'),
(1416, '2010-01-30 10:28:24', 'ushnell'),
(1417, '2010-01-30 10:28:24', 'bushne'),
(1418, '2010-01-30 10:28:24', 'shnell'),
(1419, '2010-01-30 10:28:24', 'bushn'),
(1420, '2010-01-30 10:28:24', 'hnell'),
(1421, '2010-01-30 10:28:24', 'bush'),
(1422, '2010-01-30 10:28:24', 'nell'),
(1423, '2010-01-30 10:30:14', 'cougar'),
(1424, '2010-01-30 10:30:14', 'ougars'),
(1425, '2010-01-30 10:30:14', 'couga'),
(1426, '2010-01-30 10:30:14', 'ugars'),
(1427, '2010-01-30 10:30:14', 'coug'),
(1428, '2010-01-30 10:30:14', 'gars'),
(1429, '2010-01-30 10:30:14', 'sunda'),
(1430, '2010-01-30 10:30:14', 'unday'),
(1431, '2010-01-30 10:30:14', 'sund'),
(1432, '2010-01-30 10:30:14', 'women'),
(1433, '2010-01-30 10:30:14', 'omens'),
(1434, '2010-01-30 10:30:14', 'mens'),
(1435, '2010-01-30 10:30:14', 'mand'),
(1436, '2010-01-30 10:30:14', 'andy'),
(1437, '2010-01-30 10:30:14', 'pand'),
(1438, '2010-02-05 14:41:49', 'ilicon'),
(1439, '2010-02-05 14:41:49', 'licon'),
(1440, '2010-02-05 14:41:49', 'icon'),
(1441, '2010-02-05 14:41:49', 'associatio'),
(1442, '2010-02-05 14:41:49', 'ssociation'),
(1443, '2010-02-05 14:41:49', 'associati'),
(1444, '2010-02-05 14:41:49', 'sociation'),
(1445, '2010-02-05 14:41:49', 'associat'),
(1446, '2010-02-05 14:41:49', 'ociation'),
(1447, '2010-02-05 14:41:49', 'associa'),
(1448, '2010-02-05 14:41:49', 'ciation'),
(1449, '2010-02-05 14:41:49', 'associ'),
(1450, '2010-02-05 14:41:49', 'iation'),
(1451, '2010-02-05 14:41:49', 'assoc'),
(1452, '2010-02-05 14:41:49', 'asso'),
(1453, '2010-02-05 15:02:37', 'winte'),
(1454, '2010-02-05 15:02:37', 'wint'),
(1455, '2010-02-05 15:10:58', 'ields'),
(1456, '2010-02-05 15:10:58', 'elds'),
(1457, '2010-02-08 12:40:36', 'womens'),
(1458, '2010-02-08 12:40:36', 'omenss'),
(1459, '2010-02-08 12:40:36', 'menss'),
(1460, '2010-02-08 12:40:36', 'enss'),
(1461, '2010-02-15 15:05:41', 'activ'),
(1462, '2010-02-15 15:05:41', 'ctive'),
(1463, '2010-02-15 15:05:41', 'acti'),
(1464, '2010-02-26 10:56:45', 'field_i'),
(1465, '2010-02-26 10:56:45', 'ield_id'),
(1466, '2010-02-26 10:56:45', 'field_'),
(1467, '2010-02-26 10:56:45', 'eld_id'),
(1468, '2010-02-26 10:56:45', 'ld_id'),
(1469, '2010-02-26 10:56:45', 'd_id'),
(1470, '2010-02-26 10:56:45', 'mayfiel'),
(1471, '2010-02-26 10:56:45', 'ayfield'),
(1472, '2010-02-26 10:56:45', 'mayfie'),
(1473, '2010-02-26 10:56:45', 'yfield'),
(1474, '2010-02-26 10:56:45', 'mayfi'),
(1475, '2010-02-26 10:56:45', 'mayf'),
(1476, '2010-02-26 11:48:39', 'coed_spring_pa_201'),
(1477, '2010-02-26 11:48:39', 'oed_spring_pa_2010'),
(1478, '2010-02-26 11:48:39', 'coed_spring_pa_20'),
(1479, '2010-02-26 11:48:39', 'ed_spring_pa_2010'),
(1480, '2010-02-26 11:48:39', 'coed_spring_pa_2'),
(1481, '2010-02-26 11:48:39', 'd_spring_pa_2010'),
(1482, '2010-02-26 11:48:39', 'coed_spring_pa_'),
(1483, '2010-02-26 11:48:39', '_spring_pa_2010'),
(1484, '2010-02-26 11:48:39', 'coed_spring_pa'),
(1485, '2010-02-26 11:48:39', 'spring_pa_2010'),
(1486, '2010-02-26 11:48:39', 'coed_spring_p'),
(1487, '2010-02-26 11:48:39', 'pring_pa_2010'),
(1488, '2010-02-26 11:48:39', 'coed_spring_'),
(1489, '2010-02-26 11:48:39', 'ring_pa_2010'),
(1490, '2010-02-26 11:48:39', 'coed_spring'),
(1491, '2010-02-26 11:48:39', 'ing_pa_2010'),
(1492, '2010-02-26 11:48:39', 'coed_sprin'),
(1493, '2010-02-26 11:48:39', 'ng_pa_2010'),
(1494, '2010-02-26 11:48:39', 'coed_spri'),
(1495, '2010-02-26 11:48:39', 'g_pa_2010'),
(1496, '2010-02-26 11:48:39', 'coed_spr'),
(1497, '2010-02-26 11:48:39', '_pa_2010'),
(1498, '2010-02-26 11:48:39', 'coed_sp'),
(1499, '2010-02-26 11:48:39', 'pa_2010'),
(1500, '2010-02-26 11:48:39', 'coed_s'),
(1501, '2010-02-26 11:48:39', 'a_2010'),
(1502, '2010-02-26 11:48:39', '_2010'),
(1503, '2010-02-26 11:48:39', '2010'),
(1504, '2010-02-26 14:58:20', 'forge'),
(1505, '2010-02-26 14:58:20', 'orget'),
(1506, '2010-02-26 14:58:20', 'forg'),
(1507, '2010-02-26 14:58:20', 'rget'),
(1508, '2010-02-26 14:58:20', 'tonigh'),
(1509, '2010-02-26 14:58:20', 'onight'),
(1510, '2010-02-26 14:58:20', 'tonig'),
(1511, '2010-02-26 14:58:20', 'toni'),
(1512, '2010-02-26 15:15:23', 'seaso'),
(1513, '2010-02-26 15:15:23', 'eason'),
(1514, '2010-02-26 15:15:23', 'seas'),
(1515, '2010-02-26 15:15:23', 'ason'),
(1516, '2010-02-26 15:15:23', 'start'),
(1517, '2010-02-26 15:15:23', 'tarts'),
(1518, '2010-02-26 15:15:23', 'arts'),
(1519, '2010-02-26 15:15:23', 'marc'),
(1520, '2010-04-11 16:06:00', 'jaso'),
(1521, '2010-04-11 16:06:00', 'novauror'),
(1522, '2010-04-11 16:06:00', 'ovaurora'),
(1523, '2010-04-11 16:06:00', 'novauro'),
(1524, '2010-04-11 16:06:00', 'vaurora'),
(1525, '2010-04-11 16:06:00', 'novaur'),
(1526, '2010-04-11 16:06:00', 'aurora'),
(1527, '2010-04-11 16:06:00', 'novau'),
(1528, '2010-04-11 16:06:00', 'urora'),
(1529, '2010-04-11 16:06:00', 'nova'),
(1530, '2010-04-11 16:06:00', 'rora'),
(1531, '2010-04-12 16:35:05', 'division'),
(1532, '2010-04-12 16:35:05', 'ivisions'),
(1533, '2010-04-12 16:35:05', 'visions'),
(1534, '2010-04-12 16:35:05', 'isions'),
(1535, '2010-04-12 16:35:05', 'sions'),
(1536, '2010-04-12 16:35:05', 'ions'),
(1537, '2010-05-16 15:58:25', 'variabl'),
(1538, '2010-05-16 15:58:25', 'ariable'),
(1539, '2010-05-16 15:58:25', 'variab'),
(1540, '2010-05-16 15:58:25', 'riable'),
(1541, '2010-05-16 15:58:25', 'varia'),
(1542, '2010-05-16 15:58:25', 'iable'),
(1543, '2010-05-16 15:58:25', 'vari'),
(1544, '2010-05-16 15:58:25', 'able'),
(1545, '2010-05-16 17:27:46', 'cougaro'),
(1546, '2010-05-16 17:27:46', 'ougaros'),
(1547, '2010-05-16 17:27:46', 'ugaros'),
(1548, '2010-05-16 17:27:46', 'garos'),
(1549, '2010-05-16 17:27:46', 'aros'),
(1550, '2010-05-16 17:28:57', 'member'),
(1551, '2010-05-16 17:28:57', 'embers'),
(1552, '2010-05-16 17:28:57', 'membe'),
(1553, '2010-05-16 17:28:57', 'mbers'),
(1554, '2010-05-16 17:28:57', 'memb'),
(1555, '2010-05-16 17:28:57', 'bers'),
(1556, '2010-05-16 17:48:23', 'gjsjggx'),
(1557, '2010-05-16 17:48:23', 'jsjggxj'),
(1558, '2010-05-16 17:48:23', 'gjsjgg'),
(1559, '2010-05-16 17:48:23', 'sjggxj'),
(1560, '2010-05-16 17:48:23', 'gjsjg'),
(1561, '2010-05-16 17:48:23', 'jggxj'),
(1562, '2010-05-16 17:48:23', 'gjsj'),
(1563, '2010-05-16 17:48:23', 'ggxj'),
(1564, '2010-05-16 18:19:35', 'injure'),
(1565, '2010-05-16 18:19:35', 'njured'),
(1566, '2010-05-16 18:19:35', 'injur'),
(1567, '2010-05-16 18:19:35', 'jured'),
(1568, '2010-05-16 18:19:35', 'inju'),
(1569, '2010-05-16 18:19:35', 'ured'),
(1570, '2010-05-16 19:16:33', 'temporail'),
(1571, '2010-05-16 19:16:33', 'emporaily'),
(1572, '2010-05-16 19:16:33', 'temporai'),
(1573, '2010-05-16 19:16:33', 'mporaily'),
(1574, '2010-05-16 19:16:33', 'tempora'),
(1575, '2010-05-16 19:16:33', 'poraily'),
(1576, '2010-05-16 19:16:33', 'tempor'),
(1577, '2010-05-16 19:16:33', 'oraily'),
(1578, '2010-05-16 19:16:33', 'tempo'),
(1579, '2010-05-16 19:16:33', 'raily'),
(1580, '2010-05-16 19:16:33', 'temp'),
(1581, '2010-05-16 19:16:33', 'aily'),
(1582, '2010-05-16 19:16:33', 'inactiv'),
(1583, '2010-05-16 19:16:33', 'nactive'),
(1584, '2010-05-16 19:16:33', 'inacti'),
(1585, '2010-05-16 19:16:33', 'active'),
(1586, '2010-05-16 19:16:33', 'inact'),
(1587, '2010-05-16 19:16:33', 'inac'),
(1588, '2010-05-17 11:52:20', 'interestin'),
(1589, '2010-05-17 11:52:20', 'nteresting'),
(1590, '2010-05-17 11:52:20', 'interesti'),
(1591, '2010-05-17 11:52:20', 'teresting'),
(1592, '2010-05-17 11:52:20', 'interest'),
(1593, '2010-05-17 11:52:20', 'eresting'),
(1594, '2010-05-17 11:52:20', 'resting'),
(1595, '2010-05-17 11:52:20', 'confir'),
(1596, '2010-05-17 11:52:20', 'onfirm'),
(1597, '2010-05-17 11:52:20', 'confi'),
(1598, '2010-05-17 11:52:20', 'nfirm'),
(1599, '2010-05-17 11:52:20', 'conf'),
(1600, '2010-05-17 11:52:20', 'firm'),
(1601, '2010-05-17 11:52:20', 'year'),
(1602, '2010-05-17 11:52:20', 'ears'),
(1603, '2010-05-17 16:42:18', 'scientis'),
(1604, '2010-05-17 16:42:18', 'cientist'),
(1605, '2010-05-17 16:42:18', 'scienti'),
(1606, '2010-05-17 16:42:18', 'ientist'),
(1607, '2010-05-17 16:42:18', 'scient'),
(1608, '2010-05-17 16:42:18', 'entist'),
(1609, '2010-05-17 16:42:18', 'ntist'),
(1610, '2010-05-17 16:42:18', 'tist'),
(1611, '2010-05-18 08:38:12', 'slacke'),
(1612, '2010-05-18 08:38:12', 'lacker'),
(1613, '2010-05-18 08:38:12', 'slack'),
(1614, '2010-05-18 08:38:12', 'acker'),
(1615, '2010-05-18 08:38:12', 'slac'),
(1616, '2010-05-18 08:38:12', 'cker'),
(1617, '2010-05-18 08:45:52', 'cancelle'),
(1618, '2010-05-18 08:45:52', 'ancelled'),
(1619, '2010-05-18 08:45:52', 'cancell'),
(1620, '2010-05-18 08:45:52', 'ncelled'),
(1621, '2010-05-18 08:45:52', 'cancel'),
(1622, '2010-05-18 08:45:52', 'celled'),
(1623, '2010-05-18 08:45:52', 'cance'),
(1624, '2010-05-18 08:45:52', 'elled'),
(1625, '2010-05-18 08:45:52', 'canc'),
(1626, '2010-05-18 12:12:38', 'jjjj'),
(1627, '2010-05-20 10:06:36', 'unemploye'),
(1628, '2010-05-20 10:06:36', 'nemployed'),
(1629, '2010-05-20 10:06:36', 'unemploy'),
(1630, '2010-05-20 10:06:36', 'employed'),
(1631, '2010-05-20 10:06:36', 'unemplo'),
(1632, '2010-05-20 10:06:36', 'mployed'),
(1633, '2010-05-20 10:06:36', 'unempl'),
(1634, '2010-05-20 10:06:36', 'ployed'),
(1635, '2010-05-20 10:06:36', 'unemp'),
(1636, '2010-05-20 10:06:36', 'loyed'),
(1637, '2010-05-20 10:06:36', 'unem'),
(1638, '2010-05-20 10:06:36', 'oyed'),
(1639, '2010-05-22 21:15:37', 'awesom'),
(1640, '2010-05-22 21:15:37', 'wesome'),
(1641, '2010-05-22 21:15:37', 'aweso'),
(1642, '2010-05-22 21:15:37', 'esome'),
(1643, '2010-05-22 21:15:37', 'awes'),
(1644, '2010-05-22 21:15:37', 'some'),
(1645, '2010-05-22 21:15:37', 'clockwor'),
(1646, '2010-05-22 21:15:37', 'lockwork'),
(1647, '2010-05-22 21:15:37', 'clockwo'),
(1648, '2010-05-22 21:15:37', 'ockwork'),
(1649, '2010-05-22 21:15:37', 'clockw'),
(1650, '2010-05-22 21:15:37', 'ckwork'),
(1651, '2010-05-22 21:15:37', 'clock'),
(1652, '2010-05-22 21:15:37', 'kwork'),
(1653, '2010-05-22 21:15:37', 'cloc'),
(1654, '2010-05-22 21:15:37', 'orang'),
(1655, '2010-05-22 21:15:37', 'range'),
(1656, '2010-05-22 21:15:37', 'oran'),
(1657, '2010-05-22 21:15:37', 'ange'),
(1658, '2010-05-22 21:15:37', 'terrorist'),
(1659, '2010-05-22 21:15:37', 'errorista'),
(1660, '2010-05-22 21:15:37', 'terroris'),
(1661, '2010-05-22 21:15:37', 'rrorista'),
(1662, '2010-05-22 21:15:37', 'terrori'),
(1663, '2010-05-22 21:15:37', 'rorista'),
(1664, '2010-05-22 21:15:37', 'terror'),
(1665, '2010-05-22 21:15:37', 'orista'),
(1666, '2010-05-22 21:15:37', 'terro'),
(1667, '2010-05-22 21:15:37', 'rista'),
(1668, '2010-05-22 21:15:37', 'terr'),
(1669, '2010-05-22 21:15:37', 'ista'),
(1670, '2010-05-22 21:18:33', 'onetwothreefou'),
(1671, '2010-05-22 21:18:33', 'netwothreefour'),
(1672, '2010-05-22 21:18:33', 'onetwothreefo'),
(1673, '2010-05-22 21:18:33', 'etwothreefour'),
(1674, '2010-05-22 21:18:33', 'onetwothreef'),
(1675, '2010-05-22 21:18:33', 'twothreefour'),
(1676, '2010-05-22 21:18:33', 'onetwothree'),
(1677, '2010-05-22 21:18:33', 'wothreefour'),
(1678, '2010-05-22 21:18:33', 'onetwothre'),
(1679, '2010-05-22 21:18:33', 'othreefour'),
(1680, '2010-05-22 21:18:33', 'onetwothr'),
(1681, '2010-05-22 21:18:33', 'threefour'),
(1682, '2010-05-22 21:18:33', 'onetwoth'),
(1683, '2010-05-22 21:18:33', 'hreefour'),
(1684, '2010-05-22 21:18:33', 'onetwot'),
(1685, '2010-05-22 21:18:33', 'reefour'),
(1686, '2010-05-22 21:18:33', 'onetwo'),
(1687, '2010-05-22 21:18:33', 'eefour'),
(1688, '2010-05-22 21:18:33', 'onetw'),
(1689, '2010-05-22 21:18:33', 'efour'),
(1690, '2010-05-22 21:18:33', 'onet'),
(1691, '2010-05-22 21:18:33', 'four'),
(1692, '2010-05-22 21:18:48', 'fallin'),
(1693, '2010-05-22 21:18:48', 'alling'),
(1694, '2010-05-22 21:18:48', 'falli'),
(1695, '2010-05-22 21:18:48', 'lling'),
(1696, '2010-05-22 21:18:48', 'fall'),
(1697, '2010-05-27 16:24:43', 'gree'),
(1698, '2010-05-27 16:24:43', 'reen'),
(1699, '2010-05-27 16:24:43', 'diape'),
(1700, '2010-05-27 16:24:43', 'iaper'),
(1701, '2010-05-27 16:24:43', 'diap'),
(1702, '2010-05-27 16:24:43', 'aper'),
(1703, '2010-05-27 16:24:43', 'change'),
(1704, '2010-05-27 16:24:43', 'hanger'),
(1705, '2010-05-27 16:24:43', 'chang'),
(1706, '2010-05-27 16:24:43', 'anger'),
(1707, '2010-05-27 16:24:43', 'chan'),
(1708, '2010-05-27 16:24:43', 'nger'),
(1709, '2010-08-19 23:50:30', 'dadd'),
(1710, '2010-08-19 23:50:30', 'addy'),
(1711, '2010-08-22 12:43:02', 'stree'),
(1712, '2010-08-22 12:43:02', 'treet'),
(1713, '2010-08-22 12:43:02', 'stre'),
(1714, '2010-08-22 12:43:02', 'reet'),
(1715, '2010-08-22 13:22:05', 'plac'),
(1716, '2010-08-22 13:22:05', 'lace'),
(1717, '2010-08-22 13:22:06', 'milpita'),
(1718, '2010-08-22 13:22:06', 'ilpitas'),
(1719, '2010-08-22 13:22:06', 'milpit'),
(1720, '2010-08-22 13:22:06', 'lpitas'),
(1721, '2010-08-22 13:22:06', 'milpi'),
(1722, '2010-08-22 13:22:06', 'pitas'),
(1723, '2010-08-22 13:22:06', 'milp'),
(1724, '2010-08-22 13:22:06', 'itas'),
(1725, '2010-09-06 16:26:31', 'snide'),
(1726, '2010-09-06 16:26:31', 'snid'),
(1727, '2010-09-06 16:29:41', 'osirist'),
(1728, '2010-09-06 16:29:41', 'siristx'),
(1729, '2010-09-06 16:29:41', 'osiris'),
(1730, '2010-09-06 16:29:41', 'iristx'),
(1731, '2010-09-06 16:29:41', 'osiri'),
(1732, '2010-09-06 16:29:41', 'ristx'),
(1733, '2010-09-06 16:29:41', 'osir'),
(1734, '2010-09-06 16:29:41', 'istx'),
(1735, '2010-09-06 16:29:41', 'tech_om'),
(1736, '2010-09-06 16:29:41', 'ech_omp'),
(1737, '2010-09-06 16:29:41', 'tech_o'),
(1738, '2010-09-06 16:29:41', 'ch_omp'),
(1739, '2010-09-06 16:29:41', 'tech_'),
(1740, '2010-09-06 16:29:41', 'h_omp'),
(1741, '2010-09-06 16:29:41', '_omp'),
(1742, '2010-09-06 16:40:52', 'iotech'),
(1743, '2010-09-06 16:40:52', 'otech'),
(1744, '2010-09-06 16:43:11', 'temporaril'),
(1745, '2010-09-06 16:43:11', 'emporarily'),
(1746, '2010-09-06 16:43:11', 'temporari'),
(1747, '2010-09-06 16:43:11', 'mporarily'),
(1748, '2010-09-06 16:43:11', 'temporar'),
(1749, '2010-09-06 16:43:11', 'porarily'),
(1750, '2010-09-06 16:43:11', 'orarily'),
(1751, '2010-09-06 16:43:11', 'rarily'),
(1752, '2010-09-06 16:43:11', 'arily'),
(1753, '2010-09-06 16:43:11', 'rily'),
(1754, '2010-09-06 18:37:31', 'fsdfsd'),
(1755, '2010-09-06 18:37:31', 'sdfsdf'),
(1756, '2010-09-06 18:37:31', 'fsdfs'),
(1757, '2010-09-06 18:37:31', 'dfsdf'),
(1758, '2010-09-06 18:37:31', 'fsdf'),
(1759, '2010-09-06 18:37:31', 'dsfsd'),
(1760, '2010-09-06 18:37:31', 'sfsdf'),
(1761, '2010-09-06 18:37:31', 'dsfs'),
(1762, '2010-09-06 18:51:06', 'netfli'),
(1763, '2010-09-06 18:51:06', 'etflix'),
(1764, '2010-09-06 18:51:06', 'netfl'),
(1765, '2010-09-06 18:51:06', 'tflix'),
(1766, '2010-09-06 18:51:06', 'netf'),
(1767, '2010-09-06 18:51:06', 'flix'),
(1768, '2010-09-18 07:34:14', 'opiuoi'),
(1769, '2010-09-18 07:34:14', 'piuoiu'),
(1770, '2010-09-18 07:34:14', 'opiuo'),
(1771, '2010-09-18 07:34:14', 'iuoiu'),
(1772, '2010-09-18 07:34:14', 'opiu'),
(1773, '2010-09-18 07:34:14', 'uoiu'),
(1774, '2010-09-18 07:41:41', 'dmin'),
(1775, '2010-09-18 07:43:10', 'svsa_coed_fall_201'),
(1776, '2010-09-18 07:43:10', 'vsa_coed_fall_2010'),
(1777, '2010-09-18 07:43:10', 'svsa_coed_fall_20'),
(1778, '2010-09-18 07:43:10', 'sa_coed_fall_2010'),
(1779, '2010-09-18 07:43:10', 'svsa_coed_fall_2'),
(1780, '2010-09-18 07:43:10', 'a_coed_fall_2010'),
(1781, '2010-09-18 07:43:10', 'svsa_coed_fall_'),
(1782, '2010-09-18 07:43:10', '_coed_fall_2010'),
(1783, '2010-09-18 07:43:10', 'svsa_coed_fall'),
(1784, '2010-09-18 07:43:10', 'coed_fall_2010'),
(1785, '2010-09-18 07:43:10', 'svsa_coed_fal'),
(1786, '2010-09-18 07:43:10', 'oed_fall_2010'),
(1787, '2010-09-18 07:43:10', 'svsa_coed_fa'),
(1788, '2010-09-18 07:43:10', 'ed_fall_2010'),
(1789, '2010-09-18 07:43:10', 'svsa_coed_f'),
(1790, '2010-09-18 07:43:10', 'd_fall_2010'),
(1791, '2010-09-18 07:43:10', 'svsa_coed_'),
(1792, '2010-09-18 07:43:10', '_fall_2010'),
(1793, '2010-09-18 07:43:10', 'svsa_coed'),
(1794, '2010-09-18 07:43:10', 'fall_2010'),
(1795, '2010-09-18 07:43:10', 'svsa_coe'),
(1796, '2010-09-18 07:43:10', 'all_2010'),
(1797, '2010-09-18 07:43:10', 'svsa_co'),
(1798, '2010-09-18 07:43:10', 'll_2010'),
(1799, '2010-09-18 07:43:10', 'svsa_c'),
(1800, '2010-09-18 07:43:10', 'l_2010'),
(1801, '2010-09-18 07:43:10', 'svsa_'),
(1802, '2010-09-18 07:43:10', 'svsa'),
(1803, '2010-10-19 12:57:07', 'encin'),
(1804, '2010-10-19 12:57:07', 'ncino'),
(1805, '2010-10-19 12:57:07', 'enci'),
(1806, '2010-10-19 12:57:07', 'cino'),
(1807, '2010-10-19 12:57:07', 'livermor'),
(1808, '2010-10-19 12:57:07', 'ivermore'),
(1809, '2010-10-19 12:57:07', 'livermo'),
(1810, '2010-10-19 12:57:07', 'vermore'),
(1811, '2010-10-19 12:57:07', 'liverm'),
(1812, '2010-10-19 12:57:07', 'ermore'),
(1813, '2010-10-19 12:57:07', 'liver'),
(1814, '2010-10-19 12:57:07', 'rmore'),
(1815, '2010-10-19 12:57:07', 'live'),
(1816, '2010-10-19 12:57:07', 'more'),
(1817, '2010-10-19 12:57:07', 'vysu'),
(1818, '2010-10-19 12:57:07', 'ysus'),
(1819, '2010-10-21 12:24:39', 'locatio'),
(1820, '2010-10-21 12:24:39', 'ocation'),
(1821, '2010-10-21 12:24:39', 'locati'),
(1822, '2010-10-21 12:24:39', 'locat'),
(1823, '2010-10-21 12:24:39', 'loca'),
(1824, '2010-10-31 12:16:03', 'karameo'),
(1825, '2010-10-31 12:16:03', 'arameos'),
(1826, '2010-10-31 12:16:03', 'karame'),
(1827, '2010-10-31 12:16:03', 'rameos'),
(1828, '2010-10-31 12:16:03', 'karam'),
(1829, '2010-10-31 12:16:03', 'ameos'),
(1830, '2010-10-31 12:16:03', 'kara'),
(1831, '2010-10-31 12:16:03', 'meos'),
(1832, '2010-11-01 12:26:12', 'mattesnider10'),
(1833, '2010-11-01 12:26:12', 'attesnider100'),
(1834, '2010-11-01 12:26:12', 'mattesnider1'),
(1835, '2010-11-01 12:26:12', 'ttesnider100'),
(1836, '2010-11-01 12:26:12', 'mattesnider'),
(1837, '2010-11-01 12:26:12', 'tesnider100'),
(1838, '2010-11-01 12:26:12', 'esnider100'),
(1839, '2010-11-01 12:26:12', 'snider100'),
(1840, '2010-11-01 12:26:12', 'nider100'),
(1841, '2010-11-01 12:26:12', 'ider100'),
(1842, '2010-11-01 12:26:12', 'der100'),
(1843, '2010-11-01 12:26:12', 'er100'),
(1844, '2010-11-01 12:26:12', 'r100'),
(1845, '2010-11-01 12:26:12', 'treterte'),
(1846, '2010-11-01 12:26:12', 'reterter'),
(1847, '2010-11-01 12:26:12', 'tretert'),
(1848, '2010-11-01 12:26:12', 'eterter'),
(1849, '2010-11-01 12:26:12', 'treter'),
(1850, '2010-11-01 12:26:12', 'terter'),
(1851, '2010-11-01 12:26:12', 'trete'),
(1852, '2010-11-01 12:26:12', 'erter'),
(1853, '2010-11-01 12:26:12', 'tret'),
(1854, '2010-11-01 12:26:12', 'rter'),
(1855, '2010-11-01 12:26:12', 'rterter'),
(1856, '2010-11-01 12:26:12', 'tertert'),
(1857, '2010-11-01 12:26:12', 'rterte'),
(1858, '2010-11-01 12:26:12', 'ertert'),
(1859, '2010-11-01 12:26:12', 'rtert'),
(1860, '2010-11-01 12:26:12', 'tert'),
(1861, '2010-11-01 12:33:57', 'attesnider101'),
(1862, '2010-11-01 12:33:57', 'ttesnider101'),
(1863, '2010-11-01 12:33:57', 'tesnider101'),
(1864, '2010-11-01 12:33:57', 'esnider101'),
(1865, '2010-11-01 12:33:57', 'snider101'),
(1866, '2010-11-01 12:33:57', 'nider101'),
(1867, '2010-11-01 12:33:57', 'ider101'),
(1868, '2010-11-01 12:33:57', 'der101'),
(1869, '2010-11-01 12:33:57', 'er101'),
(1870, '2010-11-01 12:33:57', 'r101'),
(1871, '2010-11-02 19:28:30', 'angele'),
(1872, '2010-11-02 19:28:30', 'ngeles'),
(1873, '2010-11-02 19:28:30', 'angel'),
(1874, '2010-11-02 19:28:30', 'geles'),
(1875, '2010-11-02 19:28:30', 'eles'),
(1876, '2010-11-02 19:28:30', 'rtwretwer'),
(1877, '2010-11-02 19:28:30', 'twretwert'),
(1878, '2010-11-02 19:28:30', 'rtwretwe'),
(1879, '2010-11-02 19:28:30', 'wretwert'),
(1880, '2010-11-02 19:28:30', 'rtwretw'),
(1881, '2010-11-02 19:28:30', 'retwert'),
(1882, '2010-11-02 19:28:30', 'rtwret'),
(1883, '2010-11-02 19:28:30', 'etwert'),
(1884, '2010-11-02 19:28:30', 'rtwre'),
(1885, '2010-11-02 19:28:30', 'twert'),
(1886, '2010-11-02 19:28:30', 'rtwr'),
(1887, '2010-11-02 19:28:30', 'wert'),
(1888, '2010-11-10 15:14:16', 'carlo'),
(1889, '2010-11-10 15:14:16', 'arlos'),
(1890, '2010-11-10 15:14:16', 'carl'),
(1891, '2010-11-10 15:14:16', 'rlos'),
(1892, '2010-11-10 15:14:16', 'ertygsdg'),
(1893, '2010-11-10 15:14:16', 'rtygsdgs'),
(1894, '2010-11-10 15:14:16', 'ertygsd'),
(1895, '2010-11-10 15:14:16', 'tygsdgs'),
(1896, '2010-11-10 15:14:16', 'ertygs'),
(1897, '2010-11-10 15:14:16', 'ygsdgs'),
(1898, '2010-11-10 15:14:16', 'ertyg'),
(1899, '2010-11-10 15:14:16', 'gsdgs'),
(1900, '2010-11-10 15:14:16', 'sdgs'),
(1901, '2010-11-10 15:18:51', 'azzzuurrrriii'),
(1902, '2010-11-10 15:18:51', 'zzzuurrrriiii'),
(1903, '2010-11-10 15:18:51', 'azzzuurrrrii'),
(1904, '2010-11-10 15:18:51', 'zzuurrrriiii'),
(1905, '2010-11-10 15:18:51', 'azzzuurrrri'),
(1906, '2010-11-10 15:18:51', 'zuurrrriiii'),
(1907, '2010-11-10 15:18:51', 'azzzuurrrr'),
(1908, '2010-11-10 15:18:51', 'uurrrriiii'),
(1909, '2010-11-10 15:18:51', 'azzzuurrr'),
(1910, '2010-11-10 15:18:51', 'urrrriiii'),
(1911, '2010-11-10 15:18:51', 'azzzuurr'),
(1912, '2010-11-10 15:18:51', 'rrrriiii'),
(1913, '2010-11-10 15:18:51', 'azzzuur'),
(1914, '2010-11-10 15:18:51', 'rrriiii'),
(1915, '2010-11-10 15:18:51', 'azzzuu'),
(1916, '2010-11-10 15:18:51', 'rriiii'),
(1917, '2010-11-10 15:18:51', 'azzzu'),
(1918, '2010-11-10 15:18:51', 'riiii'),
(1919, '2010-11-10 15:18:51', 'azzz'),
(1920, '2010-11-10 15:18:51', 'iiii'),
(1921, '2010-11-10 15:19:58', 'dfgdf'),
(1922, '2010-11-10 15:19:58', 'fgdfg'),
(1923, '2010-11-10 15:19:58', 'dfgd'),
(1924, '2010-11-10 15:19:58', 'gdfg'),
(1925, '2010-11-22 22:15:29', 'pppqe'),
(1926, '2010-11-22 22:15:29', 'ppqef'),
(1927, '2010-11-22 22:15:29', 'pppq'),
(1928, '2010-11-22 22:15:29', 'pqef'),
(1929, '2010-11-22 22:15:29', 'qres'),
(1930, '2010-11-22 22:15:29', 'resh');

-- --------------------------------------------------------

--
-- Table structure for table `dictionary_stem_word`
--

CREATE TABLE IF NOT EXISTS `dictionary_stem_word` (
  `stem_id` int(11) unsigned NOT NULL,
  `word_id` int(11) unsigned NOT NULL,
  PRIMARY KEY (`stem_id`,`word_id`),
  KEY `dictionary_stem_fk` (`stem_id`),
  KEY `dictionary_word_fk` (`word_id`)
) ENGINE=MyISAM DEFAULT CHARSET=utf8;

--
-- Dumping data for table `dictionary_stem_word`
--

INSERT INTO `dictionary_stem_word` (`stem_id`, `word_id`) VALUES
(1, 16),
(2, 16),
(3, 16),
(4, 16),
(5, 16),
(6, 16),
(7, 16),
(8, 16),
(9, 18),
(10, 18),
(11, 19),
(12, 19),
(13, 20),
(14, 20),
(15, 20),
(16, 20),
(17, 20),
(18, 20),
(19, 20),
(20, 20),
(21, 21),
(22, 21),
(23, 21),
(24, 21),
(25, 21),
(26, 21),
(27, 21),
(28, 21),
(29, 21),
(30, 21),
(31, 21),
(32, 21),
(33, 21),
(34, 21),
(35, 22),
(36, 22),
(37, 22),
(38, 22),
(39, 22),
(40, 22),
(41, 22),
(42, 22),
(43, 22),
(44, 22),
(45, 23),
(46, 23),
(47, 24),
(48, 24),
(49, 25),
(50, 25),
(51, 25),
(52, 25),
(53, 25),
(54, 25),
(55, 26),
(56, 26),
(57, 15),
(58, 15),
(59, 14),
(60, 14),
(61, 14),
(62, 14),
(63, 14),
(64, 14),
(65, 14),
(66, 14),
(67, 14),
(68, 14),
(69, 14),
(70, 14),
(71, 13),
(72, 13),
(73, 13),
(74, 13),
(75, 13),
(76, 13),
(77, 2),
(78, 2),
(79, 2),
(80, 2),
(81, 2),
(82, 2),
(83, 2),
(84, 2),
(85, 2),
(86, 2),
(87, 2),
(88, 2),
(89, 3),
(90, 3),
(91, 3),
(92, 3),
(93, 3),
(94, 3),
(95, 3),
(96, 3),
(97, 3),
(98, 3),
(99, 3),
(100, 3),
(101, 4),
(102, 4),
(103, 4),
(104, 4),
(105, 5),
(106, 5),
(107, 5),
(108, 5),
(109, 6),
(110, 6),
(111, 6),
(112, 6),
(113, 6),
(114, 6),
(115, 6),
(116, 6),
(117, 6),
(118, 6),
(119, 6),
(120, 6),
(121, 6),
(122, 6),
(123, 7),
(124, 7),
(125, 7),
(126, 7),
(127, 7),
(128, 7),
(129, 7),
(130, 7),
(131, 7),
(132, 7),
(133, 9),
(134, 9),
(135, 10),
(136, 10),
(137, 10),
(138, 10),
(139, 10),
(140, 10),
(141, 10),
(142, 10),
(143, 10),
(144, 10),
(145, 12),
(146, 12),
(147, 12),
(148, 12),
(149, 12),
(150, 12),
(151, 12),
(152, 12),
(153, 28),
(154, 28),
(155, 28),
(156, 28),
(157, 28),
(158, 28),
(159, 28),
(160, 28),
(161, 28),
(162, 33),
(163, 28),
(164, 33),
(165, 33),
(166, 33),
(167, 29),
(168, 29),
(169, 33),
(170, 33),
(171, 33),
(172, 33),
(173, 33),
(174, 33),
(175, 33),
(176, 33),
(177, 34),
(178, 34),
(179, 34),
(180, 34),
(181, 34),
(182, 34),
(183, 34),
(184, 34),
(185, 35),
(186, 35),
(187, 35),
(188, 35),
(189, 35),
(190, 35),
(191, 35),
(192, 35),
(193, 35),
(194, 35),
(195, 36),
(196, 36),
(197, 36),
(198, 36),
(199, 37),
(200, 37),
(201, 37),
(202, 37),
(203, 37),
(204, 37),
(205, 46),
(206, 46),
(207, 46),
(208, 46),
(209, 46),
(210, 46),
(211, 45),
(212, 45),
(213, 45),
(214, 45),
(215, 45),
(216, 45),
(217, 44),
(218, 44),
(219, 44),
(220, 44),
(221, 44),
(222, 44),
(223, 44),
(224, 44),
(225, 43),
(226, 43),
(227, 42),
(228, 42),
(229, 42),
(230, 42),
(231, 39),
(232, 39),
(233, 39),
(234, 39),
(235, 39),
(236, 39),
(237, 38),
(238, 38),
(239, 38),
(240, 38),
(241, 38),
(242, 38),
(243, 38),
(244, 38),
(245, 47),
(246, 47),
(247, 47),
(248, 47),
(249, 48),
(250, 48),
(251, 48),
(252, 48),
(253, 48),
(254, 48),
(255, 48),
(256, 48),
(257, 48),
(258, 48),
(259, 49),
(260, 49),
(261, 49),
(262, 49),
(263, 49),
(264, 49),
(265, 50),
(266, 50),
(267, 50),
(268, 50),
(269, 50),
(270, 50),
(271, 50),
(272, 50),
(273, 50),
(274, 50),
(275, 51),
(276, 51),
(277, 52),
(278, 52),
(279, 52),
(280, 52),
(281, 52),
(282, 52),
(283, 52),
(284, 52),
(285, 52),
(286, 52),
(287, 53),
(288, 53),
(289, 53),
(290, 53),
(291, 53),
(292, 53),
(293, 53),
(294, 53),
(295, 53),
(296, 53),
(297, 53),
(298, 53),
(299, 53),
(300, 53),
(301, 53),
(302, 53),
(303, 55),
(304, 55),
(305, 55),
(306, 55),
(307, 55),
(308, 56),
(309, 56),
(310, 56),
(311, 56),
(312, 57),
(313, 57),
(314, 57),
(315, 57),
(316, 57),
(317, 57),
(318, 57),
(319, 57),
(320, 57),
(321, 57),
(322, 59),
(323, 59),
(324, 59),
(325, 59),
(326, 59),
(327, 59),
(328, 59),
(329, 59),
(330, 60),
(331, 60),
(332, 62),
(333, 62),
(334, 62),
(335, 62),
(336, 62),
(337, 62),
(338, 62),
(339, 62),
(340, 64),
(341, 64),
(342, 64),
(343, 64),
(344, 65),
(345, 65),
(346, 65),
(347, 65),
(348, 65),
(349, 65),
(350, 65),
(351, 65),
(352, 66),
(353, 66),
(354, 66),
(355, 66),
(356, 66),
(357, 66),
(358, 69),
(359, 69),
(360, 69),
(361, 69),
(362, 72),
(363, 72),
(364, 72),
(365, 72),
(366, 72),
(367, 72),
(368, 72),
(369, 72),
(370, 72),
(371, 72),
(372, 72),
(373, 72),
(374, 72),
(375, 72),
(376, 72),
(377, 72),
(378, 72),
(379, 72),
(380, 73),
(381, 73),
(382, 76),
(383, 76),
(384, 77),
(385, 77),
(386, 77),
(387, 77),
(388, 77),
(389, 77),
(391, 77),
(392, 78),
(393, 78),
(394, 80),
(395, 80),
(396, 80),
(397, 80),
(398, 81),
(399, 81),
(400, 81),
(401, 81),
(402, 82),
(403, 82),
(404, 82),
(405, 82),
(406, 83),
(407, 83),
(408, 83),
(409, 83),
(410, 83),
(411, 83),
(412, 83),
(413, 83),
(414, 83),
(415, 83),
(416, 83),
(417, 83),
(418, 84),
(419, 84),
(420, 84),
(421, 84),
(422, 84),
(423, 84),
(424, 85),
(425, 85),
(426, 86),
(427, 86),
(428, 87),
(429, 87),
(430, 87),
(431, 87),
(432, 87),
(433, 87),
(434, 87),
(435, 87),
(436, 88),
(437, 88),
(438, 88),
(439, 88),
(440, 88),
(441, 88),
(442, 89),
(443, 89),
(444, 89),
(445, 89),
(446, 89),
(447, 89),
(448, 89),
(449, 89),
(450, 97),
(451, 96),
(452, 96),
(453, 96),
(454, 96),
(455, 96),
(456, 96),
(457, 96),
(458, 96),
(459, 96),
(460, 96),
(461, 96),
(462, 96),
(463, 95),
(464, 95),
(465, 93),
(466, 93),
(467, 93),
(468, 93),
(469, 93),
(470, 93),
(471, 93),
(472, 93),
(473, 91),
(474, 91),
(475, 91),
(476, 91),
(477, 91),
(478, 91),
(479, 91),
(480, 91),
(481, 90),
(482, 90),
(483, 90),
(484, 90),
(485, 90),
(486, 90),
(487, 90),
(488, 90),
(489, 90),
(490, 90),
(491, 90),
(492, 90),
(493, 98),
(494, 98),
(495, 98),
(496, 98),
(497, 100),
(498, 100),
(499, 102),
(500, 102),
(501, 102),
(502, 102),
(503, 102),
(504, 103),
(505, 103),
(506, 103),
(507, 103),
(508, 103),
(509, 104),
(510, 104),
(511, 105),
(512, 105),
(513, 105),
(514, 105),
(515, 106),
(516, 106),
(517, 107),
(518, 107),
(519, 107),
(520, 107),
(521, 108),
(522, 108),
(523, 108),
(524, 108),
(525, 108),
(526, 108),
(527, 108),
(528, 108),
(529, 109),
(530, 109),
(531, 109),
(532, 109),
(533, 109),
(534, 109),
(535, 109),
(536, 109),
(537, 109),
(538, 109),
(539, 110),
(540, 110),
(541, 110),
(542, 110),
(543, 111),
(544, 111),
(545, 111),
(546, 111),
(548, 111),
(549, 112),
(550, 112),
(551, 112),
(552, 112),
(553, 113),
(554, 113),
(555, 114),
(556, 114),
(557, 114),
(558, 114),
(559, 114),
(560, 114),
(561, 115),
(562, 115),
(563, 115),
(564, 115),
(565, 115),
(566, 115),
(567, 116),
(568, 116),
(569, 116),
(570, 116),
(571, 116),
(572, 116),
(574, 116),
(575, 116),
(576, 117),
(577, 117),
(578, 117),
(579, 117),
(580, 117),
(581, 117),
(582, 117),
(583, 118),
(584, 118),
(585, 118),
(586, 118),
(587, 118),
(588, 118),
(589, 119),
(590, 119),
(591, 119),
(592, 119),
(593, 119),
(594, 119),
(595, 119),
(596, 119),
(597, 119),
(598, 119),
(599, 119),
(600, 119),
(601, 119),
(602, 119),
(603, 122),
(604, 122),
(605, 122),
(606, 122),
(607, 123),
(608, 123),
(609, 123),
(610, 123),
(611, 123),
(612, 123),
(613, 123),
(614, 123),
(615, 123),
(616, 123),
(617, 125),
(618, 125),
(619, 125),
(620, 125),
(621, 127),
(622, 127),
(623, 127),
(624, 127),
(625, 127),
(626, 128),
(627, 128),
(628, 129),
(630, 129),
(631, 129),
(632, 130),
(633, 130),
(634, 130),
(635, 130),
(636, 130),
(637, 130),
(638, 130),
(640, 131),
(641, 131),
(642, 131),
(643, 131),
(644, 131),
(645, 131),
(646, 131),
(647, 131),
(648, 133),
(649, 133),
(650, 133),
(651, 134),
(652, 134),
(653, 134),
(654, 134),
(655, 136),
(656, 136),
(657, 137),
(658, 137),
(659, 137),
(660, 137),
(661, 137),
(662, 137),
(663, 140),
(664, 140),
(665, 140),
(666, 140),
(667, 140),
(668, 140),
(669, 140),
(670, 143),
(671, 141),
(673, 141),
(674, 141),
(675, 142),
(676, 142),
(677, 142),
(678, 142),
(679, 143),
(680, 143),
(681, 144),
(682, 144),
(683, 147),
(684, 147),
(685, 147),
(686, 147),
(687, 147),
(688, 147),
(689, 147),
(690, 147),
(691, 147),
(692, 147),
(693, 147),
(694, 147),
(695, 147),
(696, 147),
(697, 147),
(698, 147),
(699, 147),
(700, 147),
(701, 147),
(702, 147),
(703, 148),
(704, 148),
(705, 148),
(706, 148),
(707, 148),
(708, 148),
(709, 148),
(710, 148),
(711, 148),
(712, 148),
(713, 148),
(714, 148),
(715, 150),
(716, 150),
(717, 151),
(718, 151),
(719, 151),
(720, 151),
(721, 152),
(722, 152),
(723, 152),
(724, 152),
(725, 152),
(726, 152),
(727, 153),
(728, 153),
(729, 153),
(730, 153),
(731, 154),
(732, 154),
(733, 154),
(734, 154),
(735, 154),
(736, 154),
(737, 154),
(738, 154),
(739, 154),
(740, 154),
(741, 154),
(742, 154),
(743, 154),
(744, 154),
(745, 154),
(746, 154),
(747, 154),
(748, 154),
(749, 154),
(750, 154),
(751, 154),
(752, 154),
(753, 154),
(754, 154),
(755, 154),
(756, 156),
(757, 156),
(758, 156),
(759, 156),
(760, 156),
(761, 156),
(762, 157),
(763, 157),
(764, 157),
(765, 157),
(766, 157),
(767, 157),
(768, 158),
(769, 158),
(770, 158),
(771, 158),
(772, 158),
(773, 158),
(774, 158),
(775, 158),
(776, 159),
(777, 159),
(778, 161),
(779, 161),
(780, 161),
(781, 161),
(782, 161),
(783, 161),
(784, 161),
(785, 161),
(786, 161),
(787, 161),
(788, 161),
(789, 161),
(790, 161),
(791, 161),
(792, 162),
(793, 162),
(794, 162),
(795, 162),
(796, 162),
(797, 162),
(798, 162),
(799, 164),
(800, 164),
(801, 164),
(802, 164),
(803, 164),
(804, 164),
(805, 164),
(806, 164),
(807, 164),
(808, 164),
(809, 164),
(810, 164),
(811, 174),
(812, 174),
(813, 173),
(814, 165),
(815, 175),
(816, 165),
(817, 175),
(818, 165),
(819, 175),
(820, 165),
(821, 175),
(822, 165),
(823, 165),
(824, 170),
(825, 170),
(826, 170),
(827, 170),
(828, 170),
(829, 170),
(830, 170),
(831, 170),
(832, 170),
(833, 169),
(834, 169),
(835, 169),
(836, 169),
(837, 169),
(838, 169),
(839, 169),
(840, 169),
(841, 168),
(842, 168),
(843, 168),
(844, 168),
(845, 168),
(846, 168),
(847, 168),
(848, 168),
(849, 168),
(850, 168),
(851, 168),
(852, 168),
(853, 168),
(854, 168),
(855, 168),
(856, 168),
(857, 168),
(858, 168),
(859, 168),
(860, 168),
(861, 168),
(862, 168),
(863, 168),
(864, 168),
(865, 168),
(866, 168),
(867, 168),
(868, 168),
(869, 167),
(870, 167),
(871, 167),
(872, 167),
(873, 167),
(874, 167),
(875, 167),
(876, 167),
(877, 167),
(878, 166),
(879, 166),
(880, 165),
(881, 165),
(882, 165),
(883, 165),
(884, 165),
(885, 165),
(886, 165),
(887, 165),
(888, 165),
(889, 165),
(890, 175),
(891, 175),
(892, 175),
(893, 175),
(894, 175),
(895, 175),
(896, 175),
(897, 175),
(898, 175),
(899, 175),
(900, 175),
(901, 175),
(902, 176),
(903, 176),
(904, 176),
(905, 176),
(906, 177),
(907, 177),
(908, 179),
(909, 179),
(910, 179),
(911, 179),
(912, 179),
(913, 179),
(914, 179),
(915, 179),
(916, 179),
(917, 179),
(918, 180),
(919, 180),
(920, 180),
(921, 180),
(922, 181),
(923, 181),
(924, 181),
(925, 181),
(926, 181),
(927, 182),
(928, 182),
(929, 182),
(930, 182),
(931, 182),
(932, 182),
(933, 182),
(934, 182),
(935, 182),
(936, 182),
(937, 183),
(938, 183),
(939, 183),
(940, 183),
(941, 183),
(942, 183),
(943, 185),
(944, 185),
(945, 186),
(946, 186),
(947, 186),
(948, 186),
(949, 186),
(950, 186),
(951, 186),
(952, 186),
(953, 186),
(954, 186),
(955, 187),
(956, 187),
(957, 187),
(958, 187),
(959, 187),
(960, 187),
(961, 187),
(962, 187),
(963, 187),
(964, 187),
(965, 187),
(966, 187),
(967, 187),
(968, 187),
(969, 188),
(970, 188),
(971, 188),
(972, 188),
(973, 188),
(974, 189),
(975, 189),
(976, 189),
(977, 189),
(978, 189),
(979, 189),
(980, 189),
(981, 189),
(982, 190),
(983, 190),
(984, 190),
(985, 190),
(986, 191),
(987, 191),
(988, 191),
(989, 192),
(990, 191),
(991, 192),
(992, 192),
(993, 192),
(994, 192),
(995, 192),
(996, 192),
(997, 192),
(998, 192),
(999, 192),
(1000, 193),
(1001, 193),
(1002, 193),
(1003, 193),
(1004, 193),
(1005, 193),
(1006, 193),
(1007, 193),
(1008, 193),
(1009, 193),
(1010, 193),
(1011, 193),
(1012, 194),
(1013, 194),
(1014, 194),
(1015, 194),
(1016, 195),
(1017, 195),
(1018, 196),
(1019, 196),
(1020, 197),
(1021, 197),
(1022, 197),
(1023, 197),
(1024, 198),
(1025, 198),
(1026, 199),
(1027, 199),
(1028, 199),
(1029, 199),
(1030, 199),
(1031, 199),
(1032, 200),
(1033, 200),
(1034, 200),
(1035, 200),
(1036, 200),
(1037, 200),
(1038, 201),
(1039, 201),
(1040, 201),
(1041, 201),
(1042, 201),
(1043, 201),
(1044, 201),
(1045, 201),
(1046, 201),
(1048, 202),
(1049, 202),
(1050, 203),
(1051, 203),
(1052, 203),
(1053, 203),
(1054, 203),
(1056, 204),
(1057, 204),
(1058, 204),
(1059, 204),
(1060, 204),
(1061, 204),
(1062, 205),
(1063, 205),
(1064, 206),
(1065, 207),
(1066, 207),
(1067, 207),
(1068, 207),
(1069, 207),
(1070, 207),
(1071, 207),
(1072, 207),
(1073, 207),
(1074, 207),
(1075, 208),
(1076, 208),
(1077, 208),
(1078, 209),
(1079, 209),
(1080, 210),
(1081, 210),
(1082, 210),
(1083, 210),
(1084, 210),
(1085, 210),
(1086, 211),
(1087, 211),
(1088, 211),
(1089, 211),
(1090, 211),
(1092, 211),
(1093, 211),
(1094, 212),
(1095, 212),
(1096, 212),
(1097, 212),
(1098, 213),
(1099, 213),
(1100, 213),
(1101, 213),
(1102, 213),
(1103, 213),
(1104, 213),
(1105, 213),
(1106, 213),
(1107, 213),
(1108, 213),
(1109, 213),
(1110, 214),
(1111, 214),
(1112, 214),
(1113, 214),
(1114, 214),
(1115, 214),
(1116, 214),
(1117, 214),
(1118, 214),
(1119, 214),
(1120, 214),
(1121, 214),
(1122, 217),
(1123, 217),
(1124, 217),
(1125, 217),
(1126, 219),
(1127, 219),
(1128, 219),
(1129, 219),
(1130, 220),
(1131, 220),
(1132, 220),
(1133, 221),
(1134, 221),
(1135, 221),
(1136, 221),
(1137, 222),
(1138, 222),
(1139, 223),
(1140, 223),
(1141, 223),
(1142, 223),
(1143, 223),
(1144, 223),
(1145, 223),
(1146, 223),
(1147, 223),
(1148, 223),
(1149, 223),
(1150, 224),
(1151, 224),
(1152, 224),
(1153, 224),
(1154, 224),
(1155, 224),
(1156, 224),
(1157, 224),
(1158, 224),
(1159, 224),
(1160, 224),
(1161, 224),
(1162, 225),
(1163, 225),
(1164, 225),
(1165, 225),
(1166, 225),
(1167, 225),
(1168, 225),
(1169, 225),
(1170, 225),
(1171, 225),
(1172, 242),
(1173, 242),
(1174, 241),
(1175, 240),
(1176, 241),
(1177, 240),
(1178, 240),
(1179, 238),
(1180, 238),
(1181, 238),
(1182, 238),
(1183, 238),
(1184, 238),
(1185, 237),
(1186, 237),
(1187, 237),
(1188, 237),
(1189, 237),
(1190, 237),
(1191, 237),
(1192, 236),
(1193, 236),
(1194, 236),
(1195, 236),
(1196, 235),
(1197, 235),
(1198, 235),
(1199, 235),
(1201, 233),
(1202, 231),
(1203, 231),
(1204, 227),
(1205, 227),
(1206, 226),
(1207, 226),
(1208, 226),
(1209, 243),
(1210, 244),
(1211, 244),
(1212, 244),
(1213, 244),
(1214, 245),
(1215, 245),
(1216, 245),
(1217, 245),
(1218, 245),
(1219, 245),
(1220, 245),
(1221, 245),
(1222, 246),
(1223, 246),
(1224, 246),
(1225, 246),
(1226, 246),
(1227, 246),
(1228, 246),
(1229, 246),
(1230, 246),
(1231, 246),
(1232, 246),
(1233, 246),
(1234, 246),
(1235, 246),
(1236, 246),
(1237, 246),
(1238, 246),
(1239, 246),
(1240, 246),
(1241, 246),
(1242, 246),
(1243, 246),
(1244, 246),
(1245, 246),
(1246, 246),
(1247, 246),
(1248, 246),
(1249, 246),
(1250, 246),
(1251, 246),
(1252, 246),
(1253, 246),
(1254, 246),
(1255, 246),
(1256, 247),
(1257, 247),
(1258, 248),
(1259, 248),
(1260, 248),
(1261, 248),
(1262, 250),
(1263, 250),
(1264, 251),
(1265, 251),
(1266, 251),
(1267, 251),
(1268, 251),
(1269, 251),
(1270, 251),
(1271, 251),
(1272, 251),
(1273, 251),
(1274, 251),
(1275, 251),
(1276, 251),
(1277, 251),
(1278, 251),
(1279, 251),
(1280, 251),
(1281, 251),
(1282, 251),
(1283, 251),
(1284, 251),
(1285, 251),
(1286, 251),
(1287, 251),
(1288, 252),
(1289, 252),
(1290, 252),
(1291, 253),
(1292, 253),
(1293, 253),
(1294, 253),
(1295, 253),
(1296, 254),
(1297, 254),
(1298, 254),
(1299, 254),
(1300, 254),
(1301, 254),
(1302, 255),
(1303, 255),
(1304, 255),
(1305, 255),
(1306, 255),
(1307, 255),
(1308, 256),
(1309, 256),
(1310, 256),
(1311, 256),
(1312, 257),
(1313, 257),
(1314, 257),
(1315, 257),
(1316, 257),
(1317, 257),
(1318, 258),
(1319, 259),
(1320, 260),
(1321, 260),
(1322, 260),
(1323, 260),
(1324, 260),
(1325, 260),
(1326, 260),
(1327, 260),
(1328, 260),
(1329, 260),
(1330, 260),
(1331, 260),
(1332, 260),
(1333, 261),
(1334, 261),
(1335, 262),
(1336, 262),
(1337, 264),
(1338, 264),
(1339, 264),
(1340, 264),
(1341, 264),
(1342, 264),
(1343, 265),
(1344, 265),
(1345, 265),
(1346, 265),
(1347, 265),
(1348, 265),
(1349, 265),
(1350, 265),
(1351, 265),
(1352, 265),
(1353, 265),
(1354, 265),
(1355, 265),
(1356, 265),
(1357, 265),
(1358, 265),
(1359, 265),
(1360, 265),
(1361, 266),
(1362, 266),
(1363, 266),
(1364, 266),
(1365, 266),
(1367, 267),
(1368, 268),
(1369, 268),
(1370, 268),
(1371, 268),
(1372, 268),
(1373, 268),
(1374, 268),
(1375, 268),
(1376, 268),
(1377, 268),
(1378, 268),
(1379, 268),
(1380, 268),
(1381, 268),
(1382, 268),
(1383, 269),
(1384, 269),
(1385, 269),
(1386, 269),
(1387, 269),
(1388, 269),
(1389, 269),
(1390, 269),
(1391, 270),
(1392, 270),
(1393, 270),
(1394, 270),
(1395, 270),
(1396, 270),
(1397, 270),
(1398, 271),
(1399, 271),
(1400, 272),
(1401, 272),
(1402, 272),
(1403, 272),
(1404, 272),
(1405, 273),
(1406, 273),
(1407, 273),
(1408, 273),
(1409, 273),
(1410, 273),
(1411, 273),
(1412, 273),
(1413, 274),
(1414, 274),
(1415, 275),
(1416, 275),
(1417, 275),
(1418, 275),
(1419, 275),
(1420, 275),
(1421, 275),
(1422, 275),
(1423, 276),
(1424, 276),
(1425, 276),
(1426, 276),
(1427, 276),
(1428, 276),
(1429, 277),
(1430, 277),
(1431, 277),
(1432, 278),
(1433, 278),
(1434, 278),
(1435, 279),
(1436, 280),
(1437, 280),
(1438, 281),
(1439, 281),
(1440, 281),
(1441, 282),
(1442, 282),
(1443, 282),
(1444, 282),
(1445, 282),
(1446, 282),
(1447, 282),
(1448, 282),
(1449, 282),
(1450, 282),
(1451, 282),
(1452, 282),
(1453, 284),
(1454, 284),
(1455, 285),
(1456, 285),
(1457, 287),
(1458, 287),
(1459, 287),
(1460, 287),
(1461, 288),
(1462, 288),
(1463, 288),
(1464, 289),
(1465, 289),
(1466, 289),
(1467, 289),
(1468, 289),
(1469, 289),
(1470, 290),
(1471, 290),
(1472, 290),
(1473, 290),
(1474, 290),
(1475, 290),
(1476, 291),
(1477, 291),
(1478, 291),
(1479, 291),
(1480, 291),
(1481, 291),
(1482, 291),
(1483, 291),
(1484, 291),
(1485, 291),
(1486, 291),
(1487, 291),
(1488, 291),
(1489, 291),
(1490, 291),
(1491, 291),
(1492, 291),
(1493, 291),
(1494, 291),
(1495, 291),
(1496, 291),
(1497, 291),
(1498, 291),
(1499, 291),
(1500, 291),
(1501, 291),
(1502, 291),
(1503, 291),
(1504, 292),
(1505, 292),
(1506, 292),
(1507, 292),
(1508, 293),
(1509, 293),
(1510, 293),
(1511, 293),
(1512, 294),
(1513, 294),
(1514, 294),
(1515, 294),
(1516, 295),
(1517, 295),
(1518, 295),
(1519, 296),
(1520, 297),
(1521, 298),
(1522, 298),
(1523, 298),
(1524, 298),
(1525, 298),
(1526, 298),
(1527, 298),
(1528, 298),
(1529, 298),
(1530, 298),
(1531, 299),
(1532, 299),
(1533, 299),
(1534, 299),
(1535, 299),
(1536, 299),
(1537, 300),
(1538, 300),
(1539, 300),
(1540, 300),
(1541, 300),
(1542, 300),
(1543, 300),
(1545, 302),
(1546, 302),
(1547, 302),
(1548, 302),
(1549, 302),
(1550, 303),
(1551, 303),
(1552, 303),
(1553, 303),
(1554, 303),
(1555, 303),
(1556, 304),
(1557, 304),
(1558, 304),
(1559, 304),
(1560, 304),
(1561, 304),
(1562, 304),
(1563, 304),
(1564, 305),
(1565, 305),
(1566, 305),
(1567, 305),
(1568, 305),
(1569, 305),
(1570, 306),
(1571, 306),
(1572, 306),
(1573, 306),
(1574, 306),
(1575, 306),
(1576, 306),
(1577, 306),
(1578, 306),
(1579, 306),
(1580, 306),
(1581, 306),
(1582, 307),
(1583, 307),
(1584, 307),
(1585, 307),
(1586, 307),
(1587, 307),
(1588, 309),
(1589, 309),
(1590, 309),
(1591, 309),
(1592, 309),
(1593, 309),
(1594, 309),
(1595, 310),
(1596, 310),
(1597, 310),
(1598, 310),
(1599, 310),
(1600, 310),
(1601, 311),
(1602, 311),
(1603, 312),
(1604, 312),
(1605, 312),
(1606, 312),
(1607, 312),
(1608, 312),
(1609, 312),
(1610, 312),
(1611, 313),
(1612, 313),
(1613, 313),
(1614, 313),
(1615, 313),
(1616, 313),
(1617, 314),
(1618, 314),
(1619, 314),
(1620, 314),
(1621, 314),
(1622, 314),
(1623, 314),
(1624, 314),
(1625, 314),
(1626, 315),
(1627, 316),
(1628, 316),
(1629, 316),
(1630, 316),
(1631, 316),
(1632, 316),
(1633, 316),
(1634, 316),
(1635, 316),
(1636, 316),
(1637, 316),
(1638, 316),
(1639, 318),
(1640, 318),
(1641, 318),
(1642, 318),
(1643, 318),
(1645, 319),
(1646, 319),
(1647, 319),
(1648, 319),
(1649, 319),
(1650, 319),
(1651, 319),
(1652, 319),
(1653, 319),
(1654, 320),
(1655, 320),
(1656, 320),
(1657, 320),
(1658, 321),
(1659, 321),
(1660, 321),
(1661, 321),
(1662, 321),
(1663, 321),
(1664, 321),
(1665, 321),
(1666, 321),
(1667, 321),
(1668, 321),
(1669, 321),
(1670, 322),
(1671, 322),
(1672, 322),
(1673, 322),
(1674, 322),
(1675, 322),
(1676, 322),
(1677, 322),
(1678, 322),
(1679, 322),
(1680, 322),
(1681, 322),
(1682, 322),
(1683, 322),
(1684, 322),
(1685, 322),
(1686, 322),
(1687, 322),
(1688, 322),
(1689, 322),
(1690, 322),
(1692, 323),
(1693, 323),
(1694, 323),
(1695, 323),
(1696, 323),
(1697, 324),
(1698, 324),
(1699, 326),
(1700, 326),
(1701, 326),
(1702, 326),
(1703, 327),
(1704, 327),
(1705, 327),
(1706, 327),
(1707, 327),
(1708, 327),
(1709, 328),
(1710, 328),
(1711, 330),
(1712, 330),
(1713, 330),
(1714, 330),
(1715, 331),
(1716, 331),
(1717, 332),
(1718, 332),
(1719, 332),
(1720, 332),
(1721, 332),
(1722, 332),
(1723, 332),
(1724, 332),
(1725, 334),
(1726, 334),
(1727, 335),
(1728, 335),
(1729, 335),
(1730, 335),
(1731, 335),
(1732, 335),
(1733, 335),
(1734, 335),
(1735, 336),
(1736, 336),
(1737, 336),
(1738, 336),
(1739, 336),
(1740, 336),
(1741, 336),
(1742, 337),
(1743, 337),
(1744, 338),
(1745, 338),
(1746, 338),
(1747, 338),
(1748, 338),
(1749, 338),
(1750, 338),
(1751, 338),
(1752, 338),
(1753, 338),
(1754, 339),
(1755, 339),
(1756, 339),
(1757, 339),
(1758, 340),
(1759, 340),
(1760, 340),
(1761, 340),
(1762, 342),
(1763, 342),
(1764, 342),
(1765, 342),
(1766, 342),
(1767, 342),
(1768, 343),
(1769, 343),
(1770, 343),
(1771, 343),
(1772, 343),
(1773, 343),
(1774, 344),
(1775, 345),
(1776, 345),
(1777, 345),
(1778, 345),
(1779, 345),
(1780, 345),
(1781, 345),
(1782, 345),
(1783, 345),
(1784, 345),
(1785, 345),
(1786, 345),
(1787, 345),
(1788, 345),
(1789, 345),
(1790, 345),
(1791, 345),
(1792, 345),
(1793, 345),
(1794, 345),
(1795, 345),
(1796, 345),
(1797, 345),
(1798, 345),
(1799, 345),
(1800, 345),
(1801, 345),
(1802, 345),
(1803, 346),
(1804, 346),
(1805, 346),
(1806, 346),
(1807, 347),
(1808, 347),
(1809, 347),
(1810, 347),
(1811, 347),
(1812, 347),
(1813, 347),
(1814, 347),
(1815, 347),
(1817, 348),
(1818, 348),
(1819, 349),
(1820, 349),
(1821, 349),
(1822, 349),
(1823, 349),
(1824, 350),
(1825, 350),
(1826, 350),
(1827, 350),
(1828, 350),
(1829, 350),
(1830, 350),
(1831, 350),
(1832, 351),
(1833, 351),
(1834, 351),
(1835, 351),
(1836, 351),
(1837, 351),
(1838, 351),
(1839, 351),
(1840, 351),
(1841, 351),
(1842, 351),
(1843, 351),
(1844, 351),
(1845, 352),
(1846, 352),
(1847, 352),
(1848, 352),
(1849, 352),
(1850, 352),
(1851, 352),
(1852, 352),
(1853, 352),
(1854, 353),
(1855, 353),
(1856, 353),
(1857, 353),
(1858, 353),
(1859, 353),
(1860, 353),
(1861, 354),
(1862, 354),
(1863, 354),
(1864, 354),
(1865, 354),
(1866, 354),
(1867, 354),
(1868, 354),
(1869, 354),
(1870, 354),
(1871, 356),
(1872, 356),
(1873, 356),
(1874, 356),
(1875, 356),
(1876, 358),
(1877, 358),
(1878, 358),
(1879, 358),
(1880, 358),
(1881, 358),
(1882, 358),
(1883, 358),
(1884, 358),
(1885, 358),
(1886, 358),
(1887, 358),
(1888, 359),
(1889, 359),
(1890, 359),
(1891, 359),
(1892, 360),
(1893, 360),
(1894, 360),
(1895, 360),
(1896, 360),
(1897, 360),
(1898, 360),
(1899, 360),
(1900, 360),
(1901, 361),
(1902, 361),
(1903, 361),
(1904, 361),
(1905, 361),
(1906, 361),
(1907, 361),
(1908, 361),
(1909, 361),
(1910, 361),
(1911, 361),
(1912, 361),
(1913, 361),
(1914, 361),
(1915, 361),
(1916, 361),
(1917, 361),
(1918, 361),
(1919, 361),
(1920, 361),
(1921, 362),
(1922, 362),
(1923, 362),
(1924, 362),
(1925, 363),
(1926, 363),
(1927, 363),
(1928, 363),
(1929, 364),
(1930, 364);

-- --------------------------------------------------------

--
-- Table structure for table `dictionary_word`
--

CREATE TABLE IF NOT EXISTS `dictionary_word` (
  `id` int(11) unsigned NOT NULL AUTO_INCREMENT,
  `created` timestamp NOT NULL DEFAULT CURRENT_TIMESTAMP ON UPDATE CURRENT_TIMESTAMP,
  `word` varchar(32) NOT NULL,
  PRIMARY KEY (`id`),
  UNIQUE KEY `dictionary_word_unique` (`word`),
  FULLTEXT KEY `dictionary_word_ft` (`word`)
) ENGINE=MyISAM  DEFAULT CHARSET=utf8 AUTO_INCREMENT=365 ;

--
-- Dumping data for table `dictionary_word`
--

INSERT INTO `dictionary_word` (`id`, `created`, `word`) VALUES
(1, '2009-05-31 10:34:00', 'male'),
(2, '2009-05-31 10:34:00', 'pleasanton'),
(3, '2009-05-31 10:34:00', 'california'),
(4, '2009-05-31 10:34:00', 'united'),
(5, '2009-05-31 10:34:00', 'states'),
(6, '2009-05-31 10:34:00', 'application'),
(7, '2009-05-31 10:34:00', 'developer'),
(8, '2009-05-31 10:34:00', 'lead'),
(9, '2009-05-31 10:34:00', 'front'),
(10, '2009-05-31 10:34:00', 'architect'),
(11, '2009-05-31 10:34:00', 'mint'),
(12, '2009-05-31 10:34:00', 'complete'),
(13, '2009-05-31 10:34:00', 'godster'),
(14, '2009-05-31 10:34:00', 'javascript'),
(15, '2009-05-31 10:34:00', 'xhtml'),
(16, '2009-05-31 10:34:00', 'resource'),
(17, '2009-05-31 10:34:00', 'blog'),
(18, '2009-05-31 10:34:00', 'video'),
(19, '2009-05-31 10:34:00', 'games'),
(20, '2009-05-31 10:34:00', 'blogging'),
(21, '2009-05-31 10:34:00', 'backpacking'),
(22, '2009-05-31 10:34:00', 'bicycling'),
(23, '2009-05-31 10:34:00', 'anime'),
(24, '2009-05-31 10:34:00', 'manga'),
(25, '2009-05-31 10:34:00', 'reading'),
(26, '2009-05-31 10:34:00', 'women'),
(27, '2009-05-31 10:34:00', 'team'),
(28, '2009-05-31 10:34:23', 'mattesnider'),
(29, '2009-05-31 10:34:23', 'gmail'),
(30, '2009-05-31 10:34:23', 'alma'),
(31, '2009-05-31 10:34:23', 'palo'),
(32, '2009-05-31 10:34:23', 'alto'),
(33, '2009-05-31 10:34:23', 'mattsnider'),
(34, '2009-05-31 10:34:23', 'trippert'),
(35, '2009-05-31 10:34:23', 'gophernow'),
(36, '2009-05-31 10:34:23', 'supost'),
(37, '2009-05-31 10:34:47', 'chicago'),
(38, '2009-05-31 10:34:47', 'illinois'),
(39, '2009-05-31 10:34:47', 'fingers'),
(40, '2009-05-31 10:34:47', 'left'),
(41, '2009-05-31 10:34:47', 'hand'),
(42, '2009-05-31 10:34:47', 'normal'),
(43, '2009-05-31 10:34:47', 'total'),
(44, '2009-05-31 10:34:47', 'counting'),
(45, '2009-05-31 10:34:47', 'azzurri'),
(46, '2009-05-31 10:34:47', 'pulcini'),
(47, '2009-05-31 10:34:47', 'rovers'),
(48, '2009-05-31 10:34:56', 'msjaastad'),
(49, '2009-05-31 10:34:56', 'comcast'),
(50, '2009-05-31 10:34:56', 'mackenzie'),
(51, '2009-05-31 10:34:56', 'drive'),
(52, '2009-05-31 10:34:56', 'sunnyvale'),
(53, '2009-05-31 10:34:56', 'rikasfriends'),
(54, '2009-05-31 10:34:56', 'ning'),
(55, '2009-06-11 16:38:33', 'testing'),
(56, '2009-06-11 16:38:33', 'sports'),
(57, '2009-06-11 16:38:33', 'recreation'),
(58, '2009-06-11 16:38:33', 'test'),
(59, '2009-06-11 16:38:58', 'trtyerty'),
(60, '2009-06-11 16:41:12', 'chess'),
(61, '2009-06-11 16:41:12', 'club'),
(62, '2009-06-11 16:41:12', 'academic'),
(63, '2009-06-11 16:48:06', 'mike'),
(64, '2009-06-11 16:48:06', 'sjaastad'),
(65, '2009-06-11 16:48:06', 'division'),
(66, '2009-06-11 16:48:06', 'winning'),
(67, '2009-06-11 17:19:56', 'pick'),
(68, '2009-06-11 17:19:56', 'game'),
(69, '2009-06-11 17:19:56', 'modify'),
(70, '2009-06-11 17:19:56', 'drop'),
(71, '2009-06-11 17:19:56', 'list'),
(72, '2009-06-11 17:19:56', 'administrator'),
(73, '2009-06-11 17:20:54', 'gools'),
(74, '2009-06-11 17:20:54', 'link'),
(75, '2009-06-11 17:20:54', 'code'),
(76, '2009-06-11 17:20:54', 'works'),
(77, '2009-06-11 17:20:54', 'countries'),
(78, '2009-06-15 08:18:42', 'santa'),
(79, '2009-06-15 08:18:42', 'cruz'),
(80, '2009-06-27 15:03:12', 'robbin'),
(81, '2009-06-27 15:03:12', 'parrot'),
(82, '2009-07-06 07:37:28', 'female'),
(83, '2009-07-06 07:37:28', 'washington'),
(84, '2009-07-06 07:37:28', 'fashion'),
(85, '2009-07-06 07:37:28', 'model'),
(86, '2009-07-10 19:00:39', 'early'),
(87, '2009-07-10 19:00:39', 'horizons'),
(88, '2009-07-10 19:00:39', 'daycare'),
(89, '2009-07-16 11:49:23', 'stanford'),
(90, '2009-07-16 11:49:23', 'university'),
(91, '2009-07-16 11:49:23', 'berkeley'),
(92, '2009-07-16 11:49:23', 'post'),
(93, '2009-07-16 11:49:23', 'graduate'),
(94, '2009-07-16 11:49:23', 'mark'),
(95, '2009-07-16 11:49:23', 'davis'),
(96, '2009-07-16 11:49:23', 'physiology'),
(97, '2009-07-16 11:49:23', 'james'),
(98, '2009-07-16 11:49:23', 'nelson'),
(99, '2009-07-16 11:53:04', 'jose'),
(100, '2009-07-16 11:53:04', 'super'),
(101, '2009-07-16 11:54:53', 'blah'),
(102, '2009-07-16 11:57:01', 'pilates'),
(103, '2009-07-16 11:57:01', 'cooking'),
(104, '2009-07-16 12:09:21', 'teams'),
(105, '2009-07-16 12:10:47', 'weekly'),
(106, '2009-07-20 07:18:07', 'users'),
(107, '2009-07-20 07:18:07', 'common'),
(108, '2009-07-20 07:18:07', 'interest'),
(109, '2009-07-20 07:18:07', 'passwords'),
(110, '2009-07-22 23:15:47', 'widget'),
(111, '2009-07-22 23:27:22', 'keeping'),
(112, '2009-07-22 23:27:22', 'version'),
(113, '2009-07-22 23:27:22', 'miles'),
(114, '2009-07-25 17:40:47', 'unversity'),
(115, '2009-07-25 17:40:47', 'barbara'),
(116, '2009-07-25 17:40:47', 'undergrad'),
(117, '2009-07-25 17:40:47', 'computer'),
(118, '2009-07-25 17:40:47', 'science'),
(119, '2009-07-25 17:40:47', 'engineering'),
(120, '2009-07-25 18:43:32', 'firl'),
(121, '2009-07-25 18:45:07', 'mill'),
(122, '2009-07-25 18:45:07', 'valley'),
(123, '2009-07-25 18:49:07', 'replcemnt'),
(124, '2009-07-25 18:49:07', 'info'),
(125, '2009-07-25 18:49:07', 'soccer'),
(126, '2009-07-25 18:49:07', 'wine'),
(127, '2009-07-25 18:49:07', 'azzuuri'),
(128, '2009-07-25 18:49:07', 'shoul'),
(129, '2009-07-25 18:49:07', 'sallow'),
(130, '2009-07-25 18:49:07', 'dropdown'),
(131, '2009-07-25 19:07:23', 'flushing'),
(132, '2009-07-25 19:07:23', 'bugs'),
(133, '2009-07-25 19:07:23', 'making'),
(134, '2009-07-25 19:07:23', 'things'),
(135, '2009-07-25 19:07:23', 'work'),
(136, '2009-07-28 18:15:09', 'bruno'),
(137, '2009-08-13 18:43:45', 'seattle'),
(138, '2009-08-13 20:07:54', 'stay'),
(139, '2009-08-13 20:07:54', 'home'),
(140, '2009-08-13 20:07:54', 'supemodel'),
(141, '2009-08-13 20:07:54', 'mother'),
(142, '2009-08-13 20:07:54', 'coming'),
(143, '2009-08-13 20:07:54', 'models'),
(144, '2009-08-13 20:07:54', 'azurri'),
(145, '2009-08-14 02:09:32', 'play'),
(146, '2009-08-14 02:09:32', 'golf'),
(147, '2009-08-14 02:09:32', 'professionally'),
(148, '2009-08-14 02:09:32', 'basketball'),
(149, '2009-08-14 02:09:32', 'easy'),
(150, '2009-08-14 02:10:39', 'field'),
(151, '2009-08-17 14:35:38', 'eagles'),
(152, '2009-08-17 14:35:38', 'existing'),
(153, '2009-08-17 14:35:38', 'groups'),
(154, '2009-08-17 14:36:01', 'petsfriendsunnyvale'),
(155, '2009-08-25 17:06:24', 'midi'),
(156, '2009-08-25 17:06:24', 'stopper'),
(157, '2009-08-25 17:06:24', 'forward'),
(158, '2009-08-26 12:24:49', 'defender'),
(159, '2009-08-26 12:24:49', 'keeper'),
(160, '2009-08-26 12:40:35', 'beta'),
(161, '2009-08-27 17:11:11', 'intermediate'),
(162, '2009-08-27 17:11:11', 'midfield'),
(163, '2009-08-27 17:13:28', 'page'),
(164, '2009-08-28 06:34:50', 'analytical'),
(165, '2009-08-28 06:34:50', 'technologies'),
(166, '2009-08-28 06:34:50', 'vitra'),
(167, '2009-08-28 06:34:50', 'bioscience'),
(168, '2009-08-28 06:34:50', 'siliconvalleysoccer'),
(169, '2009-08-28 06:34:50', 'director'),
(170, '2009-08-28 06:34:50', 'marketing'),
(171, '2009-08-28 06:34:50', 'technology'),
(172, '2009-08-28 06:34:50', 'busy'),
(173, '2009-08-28 06:34:50', 'email'),
(174, '2009-08-28 06:34:50', 'start'),
(175, '2009-08-28 06:34:50', 'biotechnology'),
(176, '2009-08-30 13:38:59', 'center'),
(177, '2009-08-30 14:47:00', 'night'),
(178, '2009-08-30 14:47:00', 'week'),
(179, '2009-08-30 14:47:00', 'saturdays'),
(180, '2009-08-30 14:49:53', 'beaseu'),
(181, '2009-08-30 14:49:53', 'pulcinci'),
(182, '2009-08-30 14:49:53', 'sorenesen'),
(183, '2009-08-30 14:51:32', 'sorensen'),
(184, '2009-08-30 14:52:10', 'tall'),
(185, '2009-08-30 14:52:10', 'geeky'),
(186, '2009-08-30 14:52:10', 'airplanes'),
(187, '2009-08-30 14:52:10', 'helicopters'),
(188, '2009-08-30 14:52:10', 'talking'),
(189, '2009-08-31 00:08:14', 'advanced'),
(190, '2009-08-31 00:08:14', 'defense'),
(191, '2009-08-31 00:08:14', 'tuesday'),
(192, '2009-08-31 00:08:14', 'wednesday'),
(193, '2009-08-31 09:37:19', 'bergenfield'),
(194, '2009-08-31 09:38:03', 'jersey'),
(195, '2009-08-31 09:38:03', 'azzuri'),
(196, '2009-08-31 09:45:35', 'pizza'),
(197, '2009-08-31 09:47:54', 'henitz'),
(198, '2009-08-31 09:47:54', 'yahoo'),
(199, '2009-08-31 09:48:15', 'college'),
(200, '2009-08-31 13:22:24', 'becasue'),
(201, '2009-09-10 17:55:57', 'pordenone'),
(202, '2009-09-10 17:55:57', 'italy'),
(203, '2009-09-10 17:55:57', 'bashers'),
(204, '2009-09-10 17:56:23', 'ventura'),
(205, '2009-09-10 17:56:23', 'franc'),
(206, '2009-09-10 17:57:52', 'state'),
(207, '2009-09-10 17:57:52', 'psychology'),
(208, '2009-09-10 17:57:52', 'ballin'),
(209, '2009-09-10 17:57:52', 'outta'),
(210, '2009-09-10 17:57:52', 'control'),
(211, '2009-09-12 17:57:19', 'beginner'),
(212, '2009-09-12 17:57:19', 'monday'),
(213, '2009-09-12 18:00:59', 'burgerglob'),
(214, '2009-09-12 18:00:59', 'yugoslavia'),
(215, '2009-09-12 18:00:59', 'soup'),
(216, '2009-09-12 18:00:59', 'good'),
(217, '2009-09-15 14:44:37', 'aarhus'),
(218, '2009-09-15 14:47:09', 'pets'),
(219, '2009-09-15 14:47:09', 'friend'),
(220, '2009-09-15 14:47:09', 'animal'),
(221, '2009-09-15 14:47:09', 'clinic'),
(222, '2009-09-15 14:47:09', 'owner'),
(223, '2009-09-15 14:47:09', 'healthcare'),
(224, '2009-09-15 14:47:09', 'veterinary'),
(225, '2009-10-03 16:08:51', 'cupertino'),
(226, '2009-10-03 16:08:51', 'yellow'),
(227, '2009-10-03 16:08:51', 'cards'),
(228, '2009-10-03 16:08:51', 'love'),
(229, '2009-10-03 16:08:51', 'boys'),
(230, '2009-10-03 16:08:51', 'back'),
(231, '2009-10-03 16:08:51', 'young'),
(232, '2009-10-03 16:08:51', 'gent'),
(233, '2009-10-03 16:08:51', 'named'),
(234, '2009-10-03 16:08:51', 'thing'),
(235, '2009-10-03 16:08:51', 'called'),
(236, '2009-10-03 16:08:51', 'futbol'),
(237, '2009-10-03 16:08:51', 'watching'),
(238, '2009-10-03 16:08:51', 'football'),
(239, '2009-10-03 16:08:51', 'lots'),
(240, '2009-10-03 16:08:51', 'hiking'),
(241, '2009-10-03 16:08:51', 'biking'),
(242, '2009-10-03 16:08:51', 'coors'),
(243, '2009-10-03 16:08:51', 'light'),
(244, '2009-12-05 20:50:49', 'friday'),
(245, '2009-12-06 16:45:23', 'ioiijiuj'),
(246, '2009-12-06 16:56:13', 'peninsulasoccerleague'),
(247, '2009-12-06 16:56:13', 'sched'),
(248, '2009-12-06 17:02:37', 'paiman'),
(249, '2009-12-24 10:04:40', 'coed'),
(250, '2009-12-24 10:06:12', 'league'),
(251, '2009-12-24 10:06:12', 'coed_winter_2009'),
(252, '2009-12-24 10:06:12', 'byteam'),
(253, '2009-12-24 10:06:23', 'team_id'),
(254, '2009-12-24 10:17:27', 'premier'),
(255, '2009-12-24 10:43:35', 'fwetgrf'),
(256, '2009-12-24 10:44:28', 'summer'),
(257, '2009-12-29 16:29:46', 'friendly'),
(258, '2009-12-29 16:29:46', 'group'),
(259, '2009-12-29 16:29:46', 'pries'),
(260, '2009-12-29 16:29:46', 'competitive'),
(261, '2009-12-29 16:29:46', 'cheap'),
(262, '2009-12-29 16:29:46', 'hacks'),
(263, '2009-12-29 16:29:46', 'hunt'),
(264, '2009-12-29 16:29:46', 'destroy'),
(265, '2009-12-29 16:46:01', 'implementation'),
(266, '2009-12-29 16:46:01', 'editing'),
(267, '2009-12-29 16:46:01', 'doesn'),
(268, '2010-01-02 18:34:33', 'biographical'),
(269, '2010-01-02 18:34:33', 'relevant'),
(270, '2010-01-02 18:34:33', 'networks'),
(271, '2010-01-04 18:33:34', 'network'),
(272, '2010-01-16 10:48:56', 'contact'),
(273, '2010-01-30 10:26:27', 'weeknight'),
(274, '2010-01-30 10:28:23', 'katie'),
(275, '2010-01-30 10:28:23', 'bushnell'),
(276, '2010-01-30 10:30:14', 'cougars'),
(277, '2010-01-30 10:30:14', 'sunday'),
(278, '2010-01-30 10:30:14', 'womens'),
(279, '2010-01-30 10:30:14', 'mandy'),
(280, '2010-01-30 10:30:14', 'pandy'),
(281, '2010-02-05 14:41:49', 'silicon'),
(282, '2010-02-05 14:41:49', 'association'),
(283, '2010-02-05 15:02:37', 'svsa'),
(284, '2010-02-05 15:02:37', 'winter'),
(285, '2010-02-05 15:10:58', 'fields'),
(286, '2010-02-05 15:11:52', 'hide'),
(287, '2010-02-08 12:40:36', 'womenss'),
(288, '2010-02-15 15:05:41', 'active'),
(289, '2010-02-26 10:56:45', 'field_id'),
(290, '2010-02-26 10:56:45', 'mayfield'),
(291, '2010-02-26 11:48:39', 'coed_spring_pa_2010'),
(292, '2010-02-26 14:58:20', 'forget'),
(293, '2010-02-26 14:58:20', 'tonight'),
(294, '2010-02-26 15:15:23', 'season'),
(295, '2010-02-26 15:15:23', 'starts'),
(296, '2010-02-26 15:15:23', 'march'),
(297, '2010-04-11 16:06:00', 'jason'),
(298, '2010-04-11 16:06:00', 'novaurora'),
(299, '2010-04-12 16:35:04', 'divisions'),
(300, '2010-05-16 15:58:25', 'variable'),
(301, '2010-05-16 16:38:21', 'mens'),
(302, '2010-05-16 17:27:46', 'cougaros'),
(303, '2010-05-16 17:28:57', 'members'),
(304, '2010-05-16 17:48:23', 'gjsjggxj'),
(305, '2010-05-16 18:19:35', 'injured'),
(306, '2010-05-16 19:16:33', 'temporaily'),
(307, '2010-05-16 19:16:33', 'inactive'),
(308, '2010-05-17 09:11:49', 'kiss'),
(309, '2010-05-17 11:52:20', 'interesting'),
(310, '2010-05-17 11:52:20', 'confirm'),
(311, '2010-05-17 11:52:20', 'years'),
(312, '2010-05-17 16:42:18', 'scientist'),
(313, '2010-05-18 08:38:12', 'slacker'),
(314, '2010-05-18 08:45:52', 'cancelled'),
(315, '2010-05-18 12:12:38', 'jjjjj'),
(316, '2010-05-20 10:06:36', 'unemployed'),
(317, '2010-05-20 11:31:59', '21st'),
(318, '2010-05-22 21:15:37', 'awesome'),
(319, '2010-05-22 21:15:37', 'clockwork'),
(320, '2010-05-22 21:15:37', 'orange'),
(321, '2010-05-22 21:15:37', 'terrorista'),
(322, '2010-05-22 21:18:33', 'onetwothreefour'),
(323, '2010-05-22 21:18:48', 'falling'),
(324, '2010-05-27 16:24:43', 'green'),
(325, '2010-05-27 16:24:43', 'eggs'),
(326, '2010-05-27 16:24:43', 'diaper'),
(327, '2010-05-27 16:24:43', 'changer'),
(328, '2010-08-19 23:50:30', 'daddy'),
(329, '2010-08-22 12:43:02', 'duda'),
(330, '2010-08-22 12:43:02', 'street'),
(331, '2010-08-22 13:22:05', 'place'),
(332, '2010-08-22 13:22:06', 'milpitas'),
(333, '2010-09-06 16:26:31', 'matt'),
(334, '2010-09-06 16:26:31', 'snider'),
(335, '2010-09-06 16:29:41', 'osiristx'),
(336, '2010-09-06 16:29:41', 'tech_omp'),
(337, '2010-09-06 16:40:52', 'biotech'),
(338, '2010-09-06 16:43:11', 'temporarily'),
(339, '2010-09-06 18:37:31', 'fsdfsdf'),
(340, '2010-09-06 18:37:31', 'dsfsdf'),
(341, '2010-09-06 18:50:23', 'news'),
(342, '2010-09-06 18:51:06', 'netflix'),
(343, '2010-09-18 07:34:14', 'opiuoiu'),
(344, '2010-09-18 07:41:41', 'admin'),
(345, '2010-09-18 07:43:10', 'svsa_coed_fall_2010'),
(346, '2010-10-19 12:57:07', 'encino'),
(347, '2010-10-19 12:57:07', 'livermore'),
(348, '2010-10-19 12:57:07', 'vysus'),
(349, '2010-10-21 12:24:39', 'location'),
(350, '2010-10-31 12:16:03', 'karameos'),
(351, '2010-11-01 12:26:12', 'mattesnider100'),
(352, '2010-11-01 12:26:12', 'treterter'),
(353, '2010-11-01 12:26:12', 'rtertert'),
(354, '2010-11-01 12:33:57', 'mattesnider101'),
(355, '2010-11-01 12:33:57', 'wewe'),
(356, '2010-11-02 19:28:30', 'angeles'),
(357, '2010-11-02 19:28:30', 'jiom'),
(358, '2010-11-02 19:28:30', 'rtwretwert'),
(359, '2010-11-10 15:14:15', 'carlos'),
(360, '2010-11-10 15:14:16', 'ertygsdgs'),
(361, '2010-11-10 15:18:51', 'azzzuurrrriiii'),
(362, '2010-11-10 15:19:58', 'dfgdfg'),
(363, '2010-11-22 22:15:29', 'pppqef'),
(364, '2010-11-22 22:15:29', 'qresh');

-- --------------------------------------------------------

--
-- Table structure for table `group`
--

CREATE TABLE IF NOT EXISTS `group` (
  `category_id` smallint(3) NOT NULL DEFAULT '1',
  `company_id` mediumint(8) DEFAULT NULL,
  `searchable_id` int(11) unsigned NOT NULL,
  PRIMARY KEY (`searchable_id`),
  KEY `type_child` (`category_id`)
) ENGINE=InnoDB DEFAULT CHARSET=utf8;

--
-- Dumping data for table `group`
--

INSERT INTO `group` (`category_id`, `company_id`, `searchable_id`) VALUES
(1, NULL, 188),
(1, NULL, 189),
(1, NULL, 190),
(1, NULL, 191),
(1, NULL, 192),
(1, NULL, 193),
(1, NULL, 194),
(1, NULL, 200),
(1, NULL, 208),
(1, NULL, 210),
(1, NULL, 224),
(1, NULL, 225),
(1, NULL, 226),
(1, NULL, 227),
(1, NULL, 248),
(1, NULL, 249),
(1, NULL, 251),
(1, NULL, 252),
(1, NULL, 255),
(1, NULL, 267),
(1, NULL, 272),
(1, NULL, 273);

-- --------------------------------------------------------

--
-- Table structure for table `message`
--

CREATE TABLE IF NOT EXISTS `message` (
  `body` text NOT NULL,
  `created` timestamp NOT NULL DEFAULT CURRENT_TIMESTAMP ON UPDATE CURRENT_TIMESTAMP,
  `id` int(11) unsigned NOT NULL AUTO_INCREMENT,
  `subject` varchar(120) NOT NULL,
  `thread` varchar(50) NOT NULL,
  PRIMARY KEY (`id`),
  UNIQUE KEY `thread` (`id`,`thread`)
) ENGINE=InnoDB  DEFAULT CHARSET=utf8 AUTO_INCREMENT=371 ;

--
-- Dumping data for table `message`
--

INSERT INTO `message` (`body`, `created`, `id`, `subject`, `thread`) VALUES
('yhrthgfhfghfghhgfg', '2009-02-15 16:18:53', 277, 'Message from the Cameleon team: ', '03040f4310f6d827a6b3535d5b0b16d7'),
('Did you get an email saying that you received message on Cameleon?', '2009-06-13 14:50:37', 278, 'Testing', '0ee5c8001cbd4406c1af24cf4dbeaa1b'),
('HI Matt,\r\nYup! I did. Three message arrived between 6:41 and 6:45 last night confirming the creation of a group.  I forwarded them to you. -M', '2009-06-14 07:06:46', 279, 're: Testing', '0ee5c8001cbd4406c1af24cf4dbeaa1b'),
('Hey Matt,\r\nI''m  up in Portland for the week-end visiting family and have been playing with cameleon brifly while Miles naps.  Awesome features on the email editing!!!!  huge benefit for admins.  This site really has some cool functionality!  You should be proud.  I''m psyched to get it in use soon.\r\n\r\nI''ve noticed a couple bugs.  Messaging from groups gave me an error, and I still can update user or group profile pics.  Also if I create a new user I can log in once but then logging in again give me an "invalid credentials\r\n"  ALl little stuff but thought you would like to know!!!  talk to you soon, -M', '2009-06-27 15:16:43', 280, 'HI ', 'bd9e5bb85671074eb6395ef1d395554d'),
('Hey Mike,\r\n\r\nI believe I''ve fixed all 3 of these bugs. The group message wasn''t working because of some minor JavaScript issues, which were easy to fix. The user/group profile images were broken, because ''portrait'' is a special tab name. Locally, I have all the tabs lower-case, but they are on the upper-case on the server. I made the tab check case-agnostic, so it works fine now on the server. Lastly, the user credentials were caused because the registration link in the new user email was not clicked on. Unfortunately, the order of operations caused the wrong message to be shown to the user. This should be fixed now.\r\n\r\nI also went through the JavaScript for the Mailbox pages and fixed it (this allows the select all/none/etc. stuff to work again). I think I punted these when I did the mailbox/message redesign, but now it should all work again. ', '2009-07-05 15:52:32', 281, 're: HI ', 'bd9e5bb85671074eb6395ef1d395554d'),
('HI Matt,\r\n\r\nJust wanted you to know I got the message and will be testing stuff!!! -M', '2009-07-06 08:33:08', 282, 're: re: HI ', 'bd9e5bb85671074eb6395ef1d395554d'),
('Hi Matt,\r\nI have noticed you ahve made more changes to the site and it is working pretty well!\r\n\r\nI sear the quick search moved intot he body of the page from the header.  I''m creating some test users and taking notes!\r\n\r\nLet me know you go this!!!!  Otherwise I''ll email ya! -M', '2009-07-16 12:15:09', 283, 'Site looks great!', '5208f04b6989e370a36b7aaacebd3025'),
('drfsdfasdfa', '2009-07-16 13:25:54', 284, 'test message to derek', '687430fc1e438153d2d2c5681b777f29'),
('I got this!', '2009-07-18 17:53:47', 285, 're: Site looks great!', '5208f04b6989e370a36b7aaacebd3025'),
('Hi Matt!!\r\n\r\nI''ve been playing with the site a bit creating some users, and teams ans messaging between them etc...  and noticed something small...  When you look at teams the member count is always 0 so it isn''t reflective of the number of members on a team... -M', '2009-07-21 18:01:13', 286, 'Team member count', '40bb14419cc9c2078a6f7997010b01a7'),
('test message to all FA Azzurri memebers', '2009-07-21 18:02:02', 287, 'Message from Group: FA Azzurri', '14baa54451bc925e505ccf1dfdad1c76'),
('Hey Mike, I''ve fixed the friends count on groups. It was just something I had punted on during the redesign, but it was time to get it working again. ', '2009-07-25 18:02:46', 288, 're: Team member count', '40bb14419cc9c2078a6f7997010b01a7'),
('awesome.  I''m adding more users and playing with the site some today to get ready fo the meeting tomorrow. -M', '2009-07-25 18:08:43', 289, 're: re: Team member count', '40bb14419cc9c2078a6f7997010b01a7'),
('Great. I added an event for tomorrow ^_^. I also sent you a regular email detailing some changes I made to the custom fields backend.', '2009-07-25 18:21:45', 290, 're: re: re: Team member count', '40bb14419cc9c2078a6f7997010b01a7'),
('testing message to all users', '2009-08-04 13:45:37', 291, 'Message from the Silicon Valley Soccer team: ', '2d474d43acf9da9b15802d7be7f5d1d8'),
('Hey Matt,\r\n\r\nWhenever I try to edit profile (from the "edit" link on side bar) or try hitting "edit" for most of the sub sections of the profile page I get a database error.  Do you get the same?  I''m ready to demo to the Soccer league director, but would like to resolve that first...\r\n\r\nCan you check it out and see if you see what I do?\r\n\r\nthanks!  -M', '2009-08-10 17:13:17', 292, 'edit profile errors...', 'a388dc1ef2c1aa3fe27888aaf47f469f'),
('Man, why you always breaking things...\r\n\r\nActually, I had removed a file that was no longer being used, except I didn''t realize that it was defining a bunch of constants that were being used for profile editing. I moved the constants to a better place and it is now fixed.\r\n\r\nSorry about the inconvenience.\r\n-matt', '2009-08-12 11:06:51', 293, 're: edit profile errors...', 'a388dc1ef2c1aa3fe27888aaf47f469f'),
('Cool, thanks.\r\n\r\nI live to break things,  -M', '2009-08-13 18:36:47', 294, 're: re: edit profile errors...', 'a388dc1ef2c1aa3fe27888aaf47f469f'),
('THere are two users (diego ventura and erin Linke) whose portraits can see when I''m logged in as them, but I can''t see them when I do a search with ""no term" to see all users...  In other words the portrait is loaded but doesn''t always show up...  I''ll see if there are other instances where they do not show up. -m', '2009-08-13 20:30:19', 295, 'here is an odd one...', '2386a680e6b73153613ec8398c8cfe51'),
('Couldn''t "create" a team today.  I wanted to creat a new team to see if all my teamates showed up as an option to invite.  that feature was a bit hard for me to be sure it was working properly...\r\n\r\n-M', '2009-08-14 15:38:34', 296, 'creat a team seems broken', 'ce3e94d134fb21bbbf6b1d8470dbc375'),
('Minor correct to my last message...\r\n\r\nWhen I created a team I got an apache error page, but the team was created anyway...  then when I check to see who on my teamate I could invite that list was not inclusive of all my existing team mates....  Something about the invite list is a bit wonky...', '2009-08-14 15:40:20', 297, 'CORRECTION', 'ab29ff44efa8fae82959914257790f31'),
('New administrator feature added - targeted messaging. You can now send messages to all users, users who are members to specific groups, or just a collection of individual users. This message is a test of this new system.', '2009-08-16 16:46:54', 298, 'Message from the Silicon Valley Soccer team: ', '874d3a3f736f346b461cb66bcc518bc6'),
('Hey Matt!\r\n\r\nThe targeted messaging looks great!  Nice work!  I''ve been playing with the site a bit this AM.\r\n\r\nI think we are getting close to being ready to demo.  I was wondering if you are OK with me letting couple of my soccer friends log in under the demo users accounts to play with the site to see if they have any feedback or find bugs?\r\n\r\n-M', '2009-08-17 12:22:02', 299, 're: re: edit profile errors...', 'a388dc1ef2c1aa3fe27888aaf47f469f'),
('Hey Mike,\r\n\r\nFeel free to share this with a few select people. We could use a little feedback at this point.\r\n\r\nAlso, I have added a basic content management system, similar to the email management system. It''s on the general tab and it allows admins to change the on the signup form and the welcome message. I also rolled the about page and TOS into this system as well. Eventually, we''ll hook in a WYSIWYG editor, but I''m pretty happy with the current feature.\r\n\r\nFYI: There are only 2 tasks left on the roadmap, before we are technologically BETA ready. \r\nhttp://wiki.cameleon.mattsnider.com/index.php?title=Feature_Roadmap#Pre-Beta', '2009-08-17 23:41:26', 300, 're: re: re: edit profile errors...', 'a388dc1ef2c1aa3fe27888aaf47f469f'),
('testing', '2009-08-18 08:44:52', 301, 'Message from the Silicon Valley Soccer team: ', '1b7b1820f2d7ed1eee9776c716eaa487'),
('HI Matt,\r\n\r\nI''m getting ready to give a handful of users access for testing adn went to delete a t TEAM today.  It looks like we have lost teh "delete team" function.  It was a team that I am an admin of...\r\n\r\nDid I just miss it?  -M', '2009-08-20 06:35:35', 302, 'TEAMS', '2f7607c1f21f4547e75c41ecaf00dbbe'),
('There are 6 teams that I see, all of which have at least 2 members. You must first delete all the members, before you can delete a team. This prevents people from accidentally deleting a group. I will add it to my list of things to do, to message this better.', '2009-08-25 10:02:24', 303, 're: TEAMS', '2f7607c1f21f4547e75c41ecaf00dbbe'),
('OK Cool. That makes sens and I think a bit of explanation is all that is needed.   I did try to delete members and got an error. I tried to delete Julie miller from the "Test invite team" which has 3 members...\r\n\r\nSo perhaps deleting members is problematic?  -M', '2009-08-25 16:59:42', 304, 're: re: TEAMS', '2f7607c1f21f4547e75c41ecaf00dbbe'),
('Hey Mike, it took me longer today to get the member stuff fixed than I anticipated. As far as I could tell there was no logic for removing a member, only removing administrators. It must have been lost somewhere in the redesign from Geekster. Anyway, I fixed the ability to remove a member from a group.\r\n\r\nI also looked into Erin and Diego. It turns out that the logic to become a user was matching the first instance of a User with a given name in the database, not the first `active` one. Diego and Erin both have `deleted` users with the same name. So you had updated the profiles of the `deleted` users, instead of the `active` ones. I have fixed the logic to only allow Admins to become `active` users, and I migration your data to the correct user. You should now see the portrait for these two users when you search.\r\n\r\nI will be looking into the creating a group and custom field issues tomorrow morning.', '2009-08-26 00:58:48', 305, 'Some Fixes Made', 'c080be5b2109401c78429f4413d440a6'),
('awesome.  Thanks! -M', '2009-08-26 06:34:42', 306, 're: Some Fixes Made', 'c080be5b2109401c78429f4413d440a6'),
('I checked this stuff all out and things look good. It looks like the DB error on the Soccer info (new Widget) i made is fixed a bit. It now appears in the profile pages but a couple of the custom fields are broken.  We are getting there!\r\n\r\nDiego and Erin look fixed and I''m very close to being able to invite these folks to play around. In fact we can delete the Soccer info widget if we want to start the testing....  Depends on when you have time to get to it and your comfort level with it.\r\n\r\nthansk for the fast turn around! -M', '2009-08-26 12:39:16', 307, 're: Some Fixes Made', 'c080be5b2109401c78429f4413d440a6'),
('Hello Everyone!  Welcome to the first round of the Beta Test.  Thanks so much for participating!  You will be rewarded.  This message courtesy of the administrators "messaging" system...  This is how we will keep you informed of bug fixes or new features we turn on.   -Mike', '2009-08-30 14:54:03', 308, 'Message from the Silicon Valley Soccer team: ', 'b36a326efabdcdc81c1432e2a0df14d7'),
('Hey Mike, just wanted to let you know that I fixed the categories and many other minor issues with the ''select'' type. It took me a long time to realize why your new ''select'' types weren''t working (ie. you can''t add new values). It is because when the necessary tables are setup the name is being truncated to just and ''_''. Because of this you can never add values to them. I went through and deleted all the broken types that were currently in the system, because they were in an unrecoverable state. I will be looking into the issue in the morning. Please don''t create any new ''select'' type fields until I let you know that it is working. You can edit existing ones, just not create new ones.', '2009-08-31 00:22:20', 309, 'New Select Type is Broken', 'e722379294a164a734f50d2dbe300382'),
('got it.  Thanks again fo rhte rapid follow up!  I will only edit the two ones I created yesterday for the my soccer profile widget as a test.  Thanks!', '2009-08-31 08:23:08', 310, 're: New Select Type is Broken', 'e722379294a164a734f50d2dbe300382'),
('Mike,\r\n\r\nThe issue is fixed. There was an order of operations problem, causing the select type to attempt to setup its related data tables before it knew that it was a select type. And chaos ensued. Any now that it is fixed, I went ahead and added the "Available to Sub" field. I don''t remember what the other one was.\r\n\r\n-matt', '2009-08-31 09:07:13', 311, 're: re: New Select Type is Broken', 'e722379294a164a734f50d2dbe300382'),
('here are things I found:\r\n\r\nIn Basic Info ---- About Me is tagged w/ asterisk as mandatory. Does it need to be?\r\n\r\non test widget --- On Days and Time I can Play - IT might make more sense from query stdpt if it was NOT free text but rather standardized options.  From a  mgr standpoint...it might make a query simpler.  Might also want to have a query option for managers?\r\n\r\n\r\n', '2009-08-31 10:11:11', 312, 'testing...', '59476e7ef328aeca4be68f7a44c04d88'),
('Great. I will go in now and make some edits! ', '2009-08-31 13:20:35', 313, 're: re: re: New Select Type is Broken', 'e722379294a164a734f50d2dbe300382'),
('Hey John,\r\nTHanks!!!  Those are good observations.\r\n\r\nWhat is cool about your suggestions is that I can edit your two comments right in the administrators tools.  We are in the process of making multiple selections possible which would address you days of the week suggestion.  You could pick from a list (multiple selections)  That is a post beta feature, but 100% planned.  The Asterisk for required is also an admin option.  I planted some in odd places to see if people got stuck!  :>  I''ll remove it.  I''ve edited the my soccer section a bit already. Check out the changes.\r\n\r\nPS we really missed you on Friday!  but the upside is we got 3 new girls at lease one of which will join full time and she is good!  -M', '2009-08-31 13:26:33', 314, 're: testing...', '59476e7ef328aeca4be68f7a44c04d88'),
('Hey Long lost friend, Just testing out the new account... ; ) Hope your well!\r\n', '2009-09-01 11:57:12', 315, 'Hey Baby....', 'e037af12454cc6b109284c3c135a8747'),
('Hey THere,\r\n\r\nI''min Boston for work and I''m taking a few minute to peek at the site.  One thing I think might be a useful feature would be to display the "last update" time in the page where we display a users "Team Mates" or friends and also in the list when they all appear when you "browse".  That way you can look at you list of friends and see when they logged in last...  As part of beta testing it would allow me to get a quick sense of site activity!\r\n\r\nOn other thing I noted was that in selecting people to invite to a group you could check multiple name but it only invited one. So I checked one at a time and just repeated.  -M', '2009-09-02 14:14:11', 316, 'HI MAtt', '1f44cf74fa93e51d825a944608525022'),
('Mike,\r\n\r\nI went ahead and added the "last updated" to search results. There are some filters at the top of the friends (teamates) page that allow you to see recent activity as well. Also, I fixed the group (teams) invite so that it sends multiple requests. I was stopping the loop after I found the first user for some reason. Let me know if you find anything else.', '2009-09-03 09:28:44', 317, 're: HI MAtt', '1f44cf74fa93e51d825a944608525022'),
('Awesome. Thanks!!! -M', '2009-09-04 15:33:37', 318, 're: re: HI MAtt', '1f44cf74fa93e51d825a944608525022'),
('Wassup girl :)\r\n\r\nYou were born in 1995?', '2009-09-10 17:43:22', 319, 'Hi', '770094c0c6194a31a7dd87f0164a241a'),
('What up Bee-otch! Just doing my part and testing this thing out... when & where you play your next Men''s game?', '2009-10-01 11:27:52', 320, 'How many men?', 'af9c911cd39a9eb21c75a77813bd6bc9'),
('What the hell happend to the Buffs this year? They were clowing them on sports talk radio this morning....keep your head up! ; )\r\n\r\nOn the other hand...the Niners are looking kind of special this season. About time!!!', '2009-10-01 11:30:30', 321, 'Test 1...test 2', 'e86d90332cb357916fd7a759b951bc5d'),
('Sorry it took me so long to get on board! Talk about procrastination! \r\n\r\nAs far as Colorado goes, the Buffaloes are terrible! When they played Toledo and lost bad, I knew we were in trouble! HOLY TOLEDO! \r\n\r\nBy the way, it was so good to see you the other night at the Old Pro. Always fun to catch up with you. We should do that more often. I have finally finished my landscaping so I need to have more people over to enjoy it....how would you like to join me in a cocktail, beer, etc sometime soon? \r\n\r\nAlso, you should definitely come to my sis'' house on Monday night for football....it has been super yummy lately! \r\n\r\nHope you are having a great weekend -\r\nMolly', '2009-10-03 16:05:51', 322, 're: Test 1...test 2', 'e86d90332cb357916fd7a759b951bc5d'),
('Hey Matt,\r\n\r\nI''m in Chicago for work (at a conference) and it has been hectic.  I checked into cameleon this am just to poke around and notice you made some UI changes.  Likes good.  I spoke to my friend Alan in Salt lake yesterday na dhe thinks we could approach both his Duaghters private school for feedback and possibly a beta test and also his church.  I''ll work on that and maybe we can get together this weekend to catch up about beta feedback and next steps?  I''m around both days. I have a game Sunday from 12:30-2:30 otherwise free...   easiest communication is via txt while I''m traveling.   -Mike', '2009-10-22 05:53:56', 323, 'HI There', 'a10bcbec8bb2a6b5337304318991b153'),
('register or die', '2009-12-06 15:21:39', 324, 'Message from the Silicon Valley Soccer team: ', 'ab96521c29b8997f18499ed8db498599'),
('just testing disregard last email there is nothing to register for', '2009-12-06 15:43:14', 325, 'Message from the Silicon Valley Soccer team: ', '5fb4c7dc1409c7310d0904d8f35f4443'),
('Just though I would put a message in you inbox...  -M', '2009-12-09 19:48:49', 326, 'HI Paiman!', '2935885019d1cd46a083ef52821c265b'),
('Admin tabs have been consolidated and improved. Subtabs are now being used to allow more content and descriptions.\r\n\r\nJavaScript library has been upgraded from YUI 2 to YUI 3. Currently, this is causing issues with the fields manager and autocomplete, but I am working on it.\r\n\r\nNew tabbing widget added, when use it allows the user to view tabs using JavaScript instead of requiring a page reload. Currently it is used on the login page.\r\n', '2009-12-13 01:19:35', 327, 'Message from the Cameleon team: ', '970a4e8fd6d507e7d1a0fd9b22da66f5'),
('Hi Matt,\r\nI have only had this problem with one field but I can''t get to the the edit capability for the biographical tab field "Interests and hobbies".  It doesn''t display the option to hide, edit etc...  All the other fields in this tab seem to work fine.', '2009-12-29 16:44:13', 328, 'bug', 'efe7b920c913c0941d01a9d75b411f86'),
('Write something...', '2009-12-30 19:29:29', 329, 'Message from the Cameleon team: ', '85859ac2a0ff6f8c31be838f88a5fad2'),
('Hey Mike,\r\n\r\nIt was actually the ''&'' that was causing the issue. There are certain characters that HTML treats specially, known as HTMLEntities and ''&'' is one of them. Anyway, I needed to escape it for it to work properly. This might be a problem elsewhere and is something we should check throughout the site.', '2009-12-31 10:02:53', 330, 're: bug', 'efe7b920c913c0941d01a9d75b411f86'),
('interesting!  Good catch.   -M', '2010-01-07 06:55:18', 331, 're: re: bug', 'efe7b920c913c0941d01a9d75b411f86'),
('Hey Mike, I just wanted to let you know that I updated the features page in the admin configuration options. Besides having a better UI, it now supports turning the network feature on and off. Behind the scenes I have improved the way this page works, so if we add additional content like Networks or Groups, then this page will automatically support them.\r\n\r\nhttp://cameleon.mattsnider.com/admin.action?page=config&task=modules', '2010-01-10 13:17:48', 332, 'Updated Feature page', '68f48f341febe5636b9eddfd06a97b2a'),
('Hi Matt,\r\nI checked the bug in IE and I CAN use the save button in profile edit in IE.  Brokin in IE was the ability to move the profile tabs up and down relative to each other usign the up and down arros.  So there are minto things that break in each browser...\r\n\r\n-M', '2010-02-05 14:59:04', 333, 'Browser info', ''),
('HI Matt,\r\nIm my tinkering I have noted that if I use default values in fields when setting up profile fields they do not seem to be saved.  Also shen I created a field of teh "select" type the vales I put in were not saved.  he other thing I noted was that field selcect to be "required" are not currently throwing a flag is not filled in. -M', '2010-02-05 15:49:46', 334, 'little broken items', ''),
('nevermind the comment about "select" based boxes not saving teh default options.  It is only the field that says "default value" for various profile fields that sems not to save.  I forgot tha the "select" field typ created a new box for the default option.', '2010-02-05 16:09:59', 335, 'one correction', ''),
('nevermind the comment about "select" based boxes not saving teh default options.  It is only the field that says "default value" for various profile fields that sems not to save.  I forgot tha the "select" field typ created a new box for the default option.', '2010-02-05 16:10:05', 336, 'one correction', ''),
('Thanks for the testing Mike,\r\n\r\nI tried to replicate the issue you were experiencing with FF on XP and couldn''t. It seemed to work fine for me. What version of FF are you using?\r\n\r\nI think ''required'' is a feature we only have implemented. I have in my notes that I need to flag them so that users are required to fill them out, but I don''t think it is currently implemented that way.\r\n\r\nI''ll take a look at the default value tomorrow. I can''t remember if I fully implemented that or just put in a placeholder. I vaguely remember getting stuck on how to implement it with select type fields.\r\n\r\n-matt', '2010-02-06 00:53:34', 337, 're: one correction', ''),
('Mike, I checked, and the "default value" is definitely a work in progress. So, both "default value" and "required" are only partially implemented. I have them on my roadmap for what I am calling the Beta 2 Release, which is the Paiman deliverable ^_^', '2010-02-06 09:43:22', 338, 're: re: one correction', ''),
('HI Matt,\r\n\r\nI had the problem in FF version 3.5.7 and just upgraded to version 3.6 and it went away.  So I thin kit is solved for now.  Sorry for the red herring....  I thought I was on the most recent FF version.  -M', '2010-02-06 19:47:27', 339, 're: re: one correction', ''),
('Hey Matt,\r\nhere at work on FF on XP when I try to get to my profile via the sidebar link I get an apache error page.', '2010-02-08 11:23:54', 340, 'my profile', ''),
('-matt', '2010-02-12 00:01:28', 341, 'Group creation is working again', ''),
('This is a test message.', '2010-02-15 13:36:38', 342, 'Message From Silicon Valley Soccer Network', '838bdd6d0a6aac2a843b62c6b0c25c87'),
('You can test the message system now. I should work for groups, networks, and administrators now. In addition, I have a added a new link on the sidebar for users, "Write Message". This allows users to write messages to all their friends, or to select a few.', '2010-02-15 13:39:09', 343, 'The message system is working.', '200a48d51c2b47bcfe0176165d269bd3'),
('test', '2010-02-15 15:07:38', 344, 're: The message system is working.', '200a48d51c2b47bcfe0176165d269bd3'),
('re: The message system is working.\r\n\r\nHey MAtt. I will play with messaging. I did create a "status" widget and have added some more divisions to the womens sunday league.  The site is working well and seems to be a bit faster!  -M ', '2010-02-15 15:09:38', 345, 'Got it', 'ea5b2a0f32b8010eca7ef9f6f3606832'),
('Kool. Let me know if you find anything. Search results actually should be faster, as I reduced the number of queries that were being made by 2 per returned result. ', '2010-02-19 08:41:17', 346, 're: Got it', 'ea5b2a0f32b8010eca7ef9f6f3606832'),
('While responding to this message, I realized that there was an issue with the reply system, but it should be fixed now. Additionally, search results should actually be faster as I reduced the number of DB queries made by each result by 2. Let me know if you find any issues.', '2010-02-19 08:46:30', 347, 're: Got it', 'ea5b2a0f32b8010eca7ef9f6f3606832'),
('While responding to this message, I realized that there was an issue with the reply system, but it should be fixed now. Additionally, search results should actually be faster as I reduced the number of DB queries made by each result by 2. Let me know if you find any issues.', '2010-02-19 08:56:38', 348, 're: Got it', 'ea5b2a0f32b8010eca7ef9f6f3606832'),
('this is a test', '2010-02-19 10:22:22', 349, 'sending message to all friends', 'a2850ae4df48abb3209c43e2b184816a'),
('Hey Matt,\r\nThought I would check in. I see you have done more with messaging.  I will play with the site this week-end...  I had to spend the day in Berkeley yesterday and didn''t have much time at y desk. I was thinking I might show Paiman the improvements.  I think the messaging will be big for him.  Are you planning any changes in it this week-end?  Should I wait?  HE is hard to set up an appointment with but I may try.  Will keep you posted!  -M', '2010-02-20 11:52:50', 350, 're: sending message to all friends', 'a2850ae4df48abb3209c43e2b184816a'),
('Hi Matt,\r\n\r\nDue to headcount reduction downstream from the acquisition at my company my job has been "eliminated"  so I am now unemployed...  So I''m not sure if that is good or bad news but it will give me a lot more time to catch up and work on Cameleon and to set up appointments with Paiman and get things moving...  That sounds like good news, but of course might make me more of a pest....\r\n\r\nThe changes look good! When you have a minute let''s catch up! -Mike', '2010-02-23 11:12:34', 351, 'NEWS!!! Good and bad', '18b3735bc152f703c37840dca2431397'),
('Welcome to the "write message" demo...  -M', '2010-02-26 10:58:22', 352, 'HI Paiman!', 'a0319f80945471ab3f3a3dc9535f022d'),
('Hi Matt,\r\n\r\nI see you pushed the hyperlink fix and the user edit fix through already!  I have cleaned up the profile filed names and positions a lot in prep for tomorrow.  The only problem I have encountered is that the link to send a message to a group (for admins) throws and error.\r\n\r\nI thought I would show that to Paiman, but if it isn''t working I can avoid it.  Just wanted you to know. -M', '2010-02-26 15:04:18', 353, 'Only found one bug all day', 'd135ad67a355fe43e5ccfa4fc1d33736'),
('Cool. I fixed that as well. You should also be seeing notifications now.', '2010-02-27 09:27:10', 354, 're: Only found one bug all day', 'd135ad67a355fe43e5ccfa4fc1d33736'),
('Hello World!', '2010-02-27 13:21:22', 355, 'Test Message from John', '90c71105b623f8586ceb36506afe108a'),
('Looks great!\r\n\r\nI like the  notifications.  What kind of communications feed into the notifications line up? Admin new blasts and ?  I''m sure it is up to us but i"m curious what you had in mind... -M', '2010-02-27 13:25:13', 356, 're: re: Only found one bug all day', 'd135ad67a355fe43e5ccfa4fc1d33736'),
('Hey Mike,\r\nYou should see the content of this message in your email. I have updated the logic so that the user message is sent directly to the email address.\r\n\r\nThere is a small risk that someone could write something malicious here, but as you can see, I cannot send you an link:\r\n\r\nLINK', '2010-03-02 21:01:56', 357, 'Messages In Emails', 'a891a339afd7c9dd8f317d748824e093'),
('Test... test... testing... pop!', '2010-03-08 09:33:18', 358, 'Group Admin Message', 'a106919de49c2039af8ea1f5e1c5a16b'),
('testing', '2010-03-09 12:47:34', 359, 'test for redundancy', '16ab74593264d30e250b4939019d06a8'),
('ghgfdh', '2010-03-10 16:21:17', 360, 're: Hi', '770094c0c6194a31a7dd87f0164a241a'),
('Found the filter for profile field editing this AM! very nice!  -M', '2010-03-13 08:15:26', 361, 'Cool!', '02214210f9fd3eedbc2d7ca8d79e286d'),
('test', '2010-03-20 10:14:46', 362, 'test message', '8361ab34e31ceec4400189bee967c3fb'),
('test', '2010-03-20 10:15:23', 363, 'test', '299ac99f1fee42f216dd7d2a78b533ff'),
('test', '2010-04-07 09:02:32', 364, 'test', 'bbcce1e39ec7a3d418ca3ce1dd694bf1'),
('test', '2010-04-11 15:52:12', 365, 'testt', '6d7e141e8f3485df94f9d014549981ad'),
('Lorem ipsum dolor sit amet, consectetur adipiscing elit. Mauris metus justo, faucibus et posuere nec, elementum in risus. Praesent nulla odio, tincidunt tempus sagittis quis, imperdiet sed nibh. Suspendisse potenti. Aenean adipiscing vulputate pulvinar. Nullam a consectetur odio. Curabitur ullamcorper eros id nunc interdum dictum. Duis mattis lectus vel nulla eleifend bibendum. Nam eu laoreet leo. Pellentesque sapien risus, posuere vel tristique ac, sollicitudin quis sem. Donec sollicitudin sem sit amet nisl feugiat eu porttitor quam iaculis. Class aptent taciti sociosqu ad litora torquent per conubia nostra, per inceptos himenaeos. Curabitur odio nisl, ultrices in laoreet et, interdum vitae eros. Donec quis metus non dolor ultricies elementum vel vitae turpis. Praesent mollis egestas purus in eleifend.\r\n\r\nNulla justo velit, rutrum volutpat tempor feugiat, condimentum ut quam. Duis est velit, porta quis facilisis ut, commodo sed erat. Duis elementum pretium urna a scelerisque. Curabitur eu ante ut elit euismod tristique eu fermentum urna. Phasellus vitae leo ligula, sit amet dictum lectus. Morbi pellentesque nunc ac leo viverra at aliquet justo pellentesque. Suspendisse quis ipsum sem, quis viverra arcu. Pellentesque habitant morbi tristique senectus et netus et malesuada fames ac turpis egestas. Nam leo augue, dapibus quis dictum eu, adipiscing quis justo. Ut sodales hendrerit leo nec pharetra. Nunc semper cursus gravida. Nulla facilisi. Cum sociis natoque penatibus et magnis dis parturient montes, nascetur ridiculus mus. Nulla quis quam eu eros placerat semper ut id mauris.\r\n\r\nSuspendisse mattis molestie placerat. Vestibulum at velit vitae mi porta eleifend vitae et lorem. Vivamus lacus arcu, pulvinar id bibendum ut, posuere eget arcu. Maecenas suscipit tellus ac arcu faucibus auctor. Curabitur ac purus sem. Integer vulputate metus a mauris imperdiet at congue lorem pretium. Suspendisse libero turpis, auctor sit amet dignissim non, gravida eu libero. Aenean vitae nibh tristique sapien rutrum vestibulum. Nam auctor, metus sed consequat accumsan, enim sem tincidunt diam, ac suscipit velit lectus non purus. Donec et nulla risus, non luctus est. Quisque volutpat ante faucibus erat aliquet id lacinia mauris aliquet. Curabitur consectetur faucibus arcu vitae luctus. Aliquam pellentesque, tortor sed gravida semper, enim orci imperdiet sem, aliquam sodales erat sapien sed ipsum. Nam dolor lorem, faucibus quis iaculis non, suscipit et lorem. Nam auctor diam vel tortor ornare luctus. Cras metus odio, sagittis nec porttitor sed, auctor vitae urna. Vestibulum dictum gravida ultricies. Maecenas mauris dolor, viverra eu lacinia sed, tempus non erat. ', '2010-04-11 15:54:54', 366, 'thanks for helping out', '0a13641ad5cb162cb60bc18a243122ea'),
('HI Matt,\r\nI noticed in the create a group function there is a drop down menu for the group type.\r\n\r\nIn cameleon it is team group other\r\n\r\nIn socialmize it is \r\ngroup advanced, premiere.\r\n\r\nI can''t find where to edit the drop down... is it hard coded but different for each site?  or am I just brain dead on how to edit that?  -Mike', '2010-08-10 18:41:04', 367, 'create a group function', '376cdf6e12edc0d0e7e44e9a9e4240f3'),
('You probably can''t edit it, unless you add a new profile field named "category". I was supposed to remove that requirement from group creation. What you are seeing is legacy from the last time categories were updated on cameleon, before I created socialmize.\r\n\r\nMatt', '2010-08-10 23:48:07', 368, 're: create a group function', '376cdf6e12edc0d0e7e44e9a9e4240f3'),
('test', '2010-08-23 11:38:34', 369, 'test', 'f71ce1e316069549aa99ad9536caf5ae'),
('test', '2010-08-24 10:24:13', 370, 'test', '177c6a0d73148a90a3f2b5d9b24242ab');

-- --------------------------------------------------------

--
-- Table structure for table `message_board`
--

CREATE TABLE IF NOT EXISTS `message_board` (
  `body` mediumtext NOT NULL,
  `created` timestamp NOT NULL DEFAULT '0000-00-00 00:00:00',
  `creator_searchable_id` int(11) unsigned NOT NULL,
  `id` int(11) unsigned NOT NULL AUTO_INCREMENT,
  `ikey` varchar(45) NOT NULL,
  `modified` timestamp NOT NULL DEFAULT CURRENT_TIMESTAMP ON UPDATE CURRENT_TIMESTAMP,
  `original_id` int(11) unsigned NOT NULL,
  `parent_id` int(11) unsigned NOT NULL,
  `searchable_id` int(11) unsigned NOT NULL,
  `status` enum('active','deleted','invalid') NOT NULL DEFAULT 'active',
  `title` varchar(128) NOT NULL,
  PRIMARY KEY (`id`),
  UNIQUE KEY `ikey` (`ikey`),
  KEY `searchableId` (`searchable_id`,`status`),
  KEY `parentId` (`parent_id`,`status`),
  KEY `message_board_searchable_fk` (`searchable_id`),
  KEY `message_board_creator_searchable_fk` (`creator_searchable_id`),
  KEY `message_board_original_mb_fk` (`original_id`),
  KEY `message_board_parent_mb_fk_fk` (`parent_id`),
  FULLTEXT KEY `bodyTitleText` (`body`,`title`)
) ENGINE=MyISAM  DEFAULT CHARSET=utf8 AUTO_INCREMENT=26 ;

--
-- Dumping data for table `message_board`
--

INSERT INTO `message_board` (`body`, `created`, `creator_searchable_id`, `id`, `ikey`, `modified`, `original_id`, `parent_id`, `searchable_id`, `status`, `title`) VALUES
('I''m watchign an 18month old kid who ants to go outside!', '2009-02-15 16:49:55', 16, 15, '504828a92c19fc5fe31ec1e812c133d9', '2009-02-15 16:49:55', 0, 0, 16, 'active', 'Rain rain go away'),
('this is another message', '2009-02-26 13:20:59', 16, 16, 'e9d71785d4f29dd83533c1409687d819', '2009-02-26 13:20:59', 15, 15, 16, 'active', 're: Rain rain go away'),
('test message', '2009-07-22 23:20:05', 16, 17, '92cad7157c6c4aad582708429897175c', '2009-07-22 23:20:05', 0, 0, 16, 'active', 'fgdfgdfgdfgdf'),
('Testing Testing test...', '2009-08-01 12:34:27', 13, 18, '4072ec75fda16acb2e0c1f135b290380', '2009-08-01 12:39:10', 0, 0, 16, 'deleted', 'The wall is working again'),
('Testing Testing test...', '2009-08-01 12:34:32', 13, 19, '56b483db700918b91a30084a0b55fd9d', '2009-08-01 12:39:31', 0, 0, 16, 'deleted', 'The wall is working again'),
('Test Testing test...', '2009-08-01 12:39:47', 13, 20, 'b84b147b098348dc0b55f9e6bce46538', '2009-08-01 12:39:47', 0, 0, 16, 'active', 'Message Board is working correctly'),
('Testing the message board', '2009-08-25 19:57:33', 34, 21, '0f21bcd06cb3eaeb598928b3242b01be', '2009-08-25 19:57:33', 0, 0, 34, 'active', 'Hello World!'),
('Fingelinger!', '2009-09-10 18:10:25', 228, 22, 'b556cfd5c723a5d8eb50cccc22ab2aaa', '2009-09-10 18:10:25', 0, 0, 216, 'active', 'Babbo'),
('test message', '2009-10-18 17:28:02', 13, 23, '547a67082f9f0f26ea2d945b0f2e2041', '2009-10-18 17:28:02', 0, 0, 13, 'active', 'test'),
('testing', '2010-05-16 17:37:46', 16, 24, '6511adbcd73a14d308a98311702681a3', '2010-05-16 17:37:46', 0, 0, 191, 'active', 'Testing the message system'),
('test!', '2010-10-13 08:47:40', 16, 25, '539b7aee60ff3d30d08b2f1466c6c543', '2010-10-13 08:47:40', 0, 0, 191, 'active', 'Testing the message system');

-- --------------------------------------------------------

--
-- Table structure for table `message_searchable`
--

CREATE TABLE IF NOT EXISTS `message_searchable` (
  `deleted` datetime NOT NULL DEFAULT '0000-00-00 00:00:00',
  `hidden` datetime NOT NULL DEFAULT '0000-00-00 00:00:00',
  `invalid` datetime NOT NULL DEFAULT '0000-00-00 00:00:00',
  `is_sender` enum('false','true') NOT NULL DEFAULT 'false',
  `message_id` int(11) unsigned NOT NULL,
  `read` datetime NOT NULL DEFAULT '0000-00-00 00:00:00',
  `replied` datetime NOT NULL DEFAULT '0000-00-00 00:00:00',
  `searchable_id` int(11) unsigned NOT NULL,
  `status` enum('deleted','hidden','read','replied','invalid','unread') NOT NULL DEFAULT 'unread',
  `unread` datetime NOT NULL DEFAULT '0000-00-00 00:00:00',
  PRIMARY KEY (`is_sender`,`message_id`,`searchable_id`),
  KEY `message_searchable_searchable_fk` (`searchable_id`)
) ENGINE=InnoDB DEFAULT CHARSET=utf8;

--
-- Dumping data for table `message_searchable`
--

INSERT INTO `message_searchable` (`deleted`, `hidden`, `invalid`, `is_sender`, `message_id`, `read`, `replied`, `searchable_id`, `status`, `unread`) VALUES
('2009-07-25 18:21:56', '0000-00-00 00:00:00', '0000-00-00 00:00:00', 'false', 277, '2009-02-18 01:13:31', '0000-00-00 00:00:00', 13, 'deleted', '0000-00-00 00:00:00'),
('2010-09-06 17:23:07', '0000-00-00 00:00:00', '0000-00-00 00:00:00', 'false', 277, '2009-02-15 16:19:55', '0000-00-00 00:00:00', 16, 'deleted', '0000-00-00 00:00:00'),
('2009-07-17 07:42:50', '0000-00-00 00:00:00', '0000-00-00 00:00:00', 'false', 277, '0000-00-00 00:00:00', '0000-00-00 00:00:00', 34, 'deleted', '0000-00-00 00:00:00'),
('0000-00-00 00:00:00', '0000-00-00 00:00:00', '0000-00-00 00:00:00', 'false', 277, '0000-00-00 00:00:00', '0000-00-00 00:00:00', 182, 'unread', '0000-00-00 00:00:00'),
('0000-00-00 00:00:00', '0000-00-00 00:00:00', '0000-00-00 00:00:00', 'false', 277, '0000-00-00 00:00:00', '0000-00-00 00:00:00', 183, 'unread', '0000-00-00 00:00:00'),
('0000-00-00 00:00:00', '0000-00-00 00:00:00', '0000-00-00 00:00:00', 'false', 277, '0000-00-00 00:00:00', '0000-00-00 00:00:00', 184, 'unread', '0000-00-00 00:00:00'),
('0000-00-00 00:00:00', '0000-00-00 00:00:00', '0000-00-00 00:00:00', 'false', 277, '0000-00-00 00:00:00', '0000-00-00 00:00:00', 185, 'unread', '0000-00-00 00:00:00'),
('0000-00-00 00:00:00', '0000-00-00 00:00:00', '0000-00-00 00:00:00', 'false', 277, '0000-00-00 00:00:00', '0000-00-00 00:00:00', 186, 'unread', '0000-00-00 00:00:00'),
('0000-00-00 00:00:00', '0000-00-00 00:00:00', '0000-00-00 00:00:00', 'false', 277, '0000-00-00 00:00:00', '0000-00-00 00:00:00', 187, 'unread', '0000-00-00 00:00:00'),
('0000-00-00 00:00:00', '0000-00-00 00:00:00', '0000-00-00 00:00:00', 'false', 277, '0000-00-00 00:00:00', '0000-00-00 00:00:00', 188, 'unread', '0000-00-00 00:00:00'),
('2010-09-06 17:23:07', '0000-00-00 00:00:00', '0000-00-00 00:00:00', 'false', 278, '2009-06-14 06:46:09', '0000-00-00 00:00:00', 16, 'deleted', '0000-00-00 00:00:00'),
('0000-00-00 00:00:00', '0000-00-00 00:00:00', '0000-00-00 00:00:00', 'false', 279, '2009-06-26 09:29:07', '0000-00-00 00:00:00', 13, 'read', '0000-00-00 00:00:00'),
('0000-00-00 00:00:00', '0000-00-00 00:00:00', '0000-00-00 00:00:00', 'false', 280, '2009-06-27 16:41:00', '0000-00-00 00:00:00', 13, 'read', '0000-00-00 00:00:00'),
('2010-09-06 17:23:07', '0000-00-00 00:00:00', '0000-00-00 00:00:00', 'false', 281, '2009-07-06 08:32:41', '0000-00-00 00:00:00', 16, 'deleted', '0000-00-00 00:00:00'),
('0000-00-00 00:00:00', '0000-00-00 00:00:00', '0000-00-00 00:00:00', 'false', 282, '2009-07-10 18:17:31', '0000-00-00 00:00:00', 13, 'read', '0000-00-00 00:00:00'),
('0000-00-00 00:00:00', '0000-00-00 00:00:00', '0000-00-00 00:00:00', 'false', 283, '2009-07-18 17:53:12', '0000-00-00 00:00:00', 13, 'read', '0000-00-00 00:00:00'),
('0000-00-00 00:00:00', '0000-00-00 00:00:00', '0000-00-00 00:00:00', 'false', 284, '0000-00-00 00:00:00', '0000-00-00 00:00:00', 197, 'unread', '0000-00-00 00:00:00'),
('2010-09-06 17:23:07', '0000-00-00 00:00:00', '0000-00-00 00:00:00', 'false', 285, '2009-07-19 19:30:39', '0000-00-00 00:00:00', 16, 'deleted', '0000-00-00 00:00:00'),
('0000-00-00 00:00:00', '0000-00-00 00:00:00', '0000-00-00 00:00:00', 'false', 286, '2009-07-25 17:49:06', '0000-00-00 00:00:00', 13, 'read', '0000-00-00 00:00:00'),
('0000-00-00 00:00:00', '0000-00-00 00:00:00', '0000-00-00 00:00:00', 'false', 287, '2009-07-22 23:14:42', '0000-00-00 00:00:00', 16, 'read', '0000-00-00 00:00:00'),
('0000-00-00 00:00:00', '0000-00-00 00:00:00', '0000-00-00 00:00:00', 'false', 287, '0000-00-00 00:00:00', '0000-00-00 00:00:00', 197, 'unread', '0000-00-00 00:00:00'),
('0000-00-00 00:00:00', '0000-00-00 00:00:00', '0000-00-00 00:00:00', 'false', 287, '0000-00-00 00:00:00', '0000-00-00 00:00:00', 207, 'unread', '0000-00-00 00:00:00'),
('2010-09-06 17:23:07', '0000-00-00 00:00:00', '0000-00-00 00:00:00', 'false', 288, '2009-07-25 18:08:03', '0000-00-00 00:00:00', 16, 'deleted', '0000-00-00 00:00:00'),
('0000-00-00 00:00:00', '0000-00-00 00:00:00', '0000-00-00 00:00:00', 'false', 289, '2009-07-25 18:19:44', '0000-00-00 00:00:00', 13, 'read', '0000-00-00 00:00:00'),
('0000-00-00 00:00:00', '0000-00-00 00:00:00', '0000-00-00 00:00:00', 'false', 290, '2009-07-25 18:34:06', '0000-00-00 00:00:00', 16, 'read', '0000-00-00 00:00:00'),
('0000-00-00 00:00:00', '0000-00-00 00:00:00', '0000-00-00 00:00:00', 'false', 291, '2009-08-12 10:35:51', '0000-00-00 00:00:00', 13, 'read', '0000-00-00 00:00:00'),
('2010-09-06 17:23:07', '0000-00-00 00:00:00', '0000-00-00 00:00:00', 'false', 291, '2009-08-06 16:09:48', '0000-00-00 00:00:00', 16, 'deleted', '0000-00-00 00:00:00'),
('0000-00-00 00:00:00', '0000-00-00 00:00:00', '0000-00-00 00:00:00', 'false', 292, '2009-08-12 10:36:02', '0000-00-00 00:00:00', 13, 'read', '0000-00-00 00:00:00'),
('2010-09-06 17:23:07', '0000-00-00 00:00:00', '0000-00-00 00:00:00', 'false', 293, '2009-08-13 18:35:56', '0000-00-00 00:00:00', 16, 'deleted', '0000-00-00 00:00:00'),
('0000-00-00 00:00:00', '0000-00-00 00:00:00', '0000-00-00 00:00:00', 'false', 294, '2009-08-14 19:51:41', '0000-00-00 00:00:00', 13, 'read', '0000-00-00 00:00:00'),
('0000-00-00 00:00:00', '0000-00-00 00:00:00', '0000-00-00 00:00:00', 'false', 295, '2009-08-14 19:51:55', '0000-00-00 00:00:00', 13, 'read', '0000-00-00 00:00:00'),
('0000-00-00 00:00:00', '0000-00-00 00:00:00', '0000-00-00 00:00:00', 'false', 296, '2009-08-14 19:52:26', '0000-00-00 00:00:00', 13, 'read', '0000-00-00 00:00:00'),
('0000-00-00 00:00:00', '0000-00-00 00:00:00', '0000-00-00 00:00:00', 'false', 297, '2009-08-14 19:52:49', '0000-00-00 00:00:00', 13, 'read', '0000-00-00 00:00:00'),
('0000-00-00 00:00:00', '0000-00-00 00:00:00', '0000-00-00 00:00:00', 'false', 298, '2009-08-16 16:47:03', '0000-00-00 00:00:00', 13, 'read', '0000-00-00 00:00:00'),
('2009-08-27 08:14:13', '0000-00-00 00:00:00', '0000-00-00 00:00:00', 'false', 298, '0000-00-00 00:00:00', '0000-00-00 00:00:00', 16, 'deleted', '0000-00-00 00:00:00'),
('0000-00-00 00:00:00', '0000-00-00 00:00:00', '0000-00-00 00:00:00', 'false', 299, '2009-08-17 23:36:51', '0000-00-00 00:00:00', 13, 'read', '0000-00-00 00:00:00'),
('2010-09-06 17:23:07', '0000-00-00 00:00:00', '0000-00-00 00:00:00', 'false', 300, '2009-08-18 08:45:27', '0000-00-00 00:00:00', 16, 'deleted', '0000-00-00 00:00:00'),
('0000-00-00 00:00:00', '0000-00-00 00:00:00', '0000-00-00 00:00:00', 'false', 301, '2009-08-18 08:46:10', '0000-00-00 00:00:00', 16, 'read', '0000-00-00 00:00:00'),
('0000-00-00 00:00:00', '0000-00-00 00:00:00', '0000-00-00 00:00:00', 'false', 302, '2009-08-25 10:00:16', '0000-00-00 00:00:00', 13, 'read', '0000-00-00 00:00:00'),
('0000-00-00 00:00:00', '0000-00-00 00:00:00', '0000-00-00 00:00:00', 'false', 303, '2009-08-25 16:56:50', '0000-00-00 00:00:00', 16, 'read', '0000-00-00 00:00:00'),
('0000-00-00 00:00:00', '0000-00-00 00:00:00', '0000-00-00 00:00:00', 'false', 304, '2009-08-25 22:38:02', '0000-00-00 00:00:00', 13, 'read', '0000-00-00 00:00:00'),
('0000-00-00 00:00:00', '0000-00-00 00:00:00', '0000-00-00 00:00:00', 'false', 305, '2009-08-26 06:33:49', '0000-00-00 00:00:00', 16, 'read', '0000-00-00 00:00:00'),
('0000-00-00 00:00:00', '0000-00-00 00:00:00', '0000-00-00 00:00:00', 'false', 306, '2009-08-26 09:13:24', '0000-00-00 00:00:00', 13, 'read', '0000-00-00 00:00:00'),
('0000-00-00 00:00:00', '0000-00-00 00:00:00', '0000-00-00 00:00:00', 'false', 307, '2009-08-27 14:02:54', '0000-00-00 00:00:00', 13, 'read', '0000-00-00 00:00:00'),
('0000-00-00 00:00:00', '0000-00-00 00:00:00', '0000-00-00 00:00:00', 'false', 308, '2009-08-30 23:57:42', '0000-00-00 00:00:00', 13, 'read', '0000-00-00 00:00:00'),
('0000-00-00 00:00:00', '0000-00-00 00:00:00', '0000-00-00 00:00:00', 'false', 308, '2009-08-30 14:54:12', '0000-00-00 00:00:00', 16, 'read', '0000-00-00 00:00:00'),
('0000-00-00 00:00:00', '0000-00-00 00:00:00', '0000-00-00 00:00:00', 'false', 308, '0000-00-00 00:00:00', '0000-00-00 00:00:00', 34, 'unread', '0000-00-00 00:00:00'),
('0000-00-00 00:00:00', '0000-00-00 00:00:00', '0000-00-00 00:00:00', 'false', 308, '0000-00-00 00:00:00', '0000-00-00 00:00:00', 195, 'unread', '0000-00-00 00:00:00'),
('0000-00-00 00:00:00', '0000-00-00 00:00:00', '0000-00-00 00:00:00', 'false', 308, '0000-00-00 00:00:00', '0000-00-00 00:00:00', 198, 'unread', '0000-00-00 00:00:00'),
('0000-00-00 00:00:00', '0000-00-00 00:00:00', '0000-00-00 00:00:00', 'false', 308, '0000-00-00 00:00:00', '0000-00-00 00:00:00', 202, 'unread', '0000-00-00 00:00:00'),
('0000-00-00 00:00:00', '0000-00-00 00:00:00', '0000-00-00 00:00:00', 'false', 308, '0000-00-00 00:00:00', '0000-00-00 00:00:00', 203, 'unread', '0000-00-00 00:00:00'),
('0000-00-00 00:00:00', '0000-00-00 00:00:00', '0000-00-00 00:00:00', 'false', 308, '0000-00-00 00:00:00', '0000-00-00 00:00:00', 205, 'unread', '0000-00-00 00:00:00'),
('0000-00-00 00:00:00', '0000-00-00 00:00:00', '0000-00-00 00:00:00', 'false', 308, '0000-00-00 00:00:00', '0000-00-00 00:00:00', 211, 'unread', '0000-00-00 00:00:00'),
('0000-00-00 00:00:00', '0000-00-00 00:00:00', '0000-00-00 00:00:00', 'false', 308, '0000-00-00 00:00:00', '0000-00-00 00:00:00', 212, 'unread', '0000-00-00 00:00:00'),
('0000-00-00 00:00:00', '0000-00-00 00:00:00', '0000-00-00 00:00:00', 'false', 308, '0000-00-00 00:00:00', '0000-00-00 00:00:00', 213, 'unread', '0000-00-00 00:00:00'),
('0000-00-00 00:00:00', '0000-00-00 00:00:00', '0000-00-00 00:00:00', 'false', 308, '0000-00-00 00:00:00', '0000-00-00 00:00:00', 214, 'unread', '0000-00-00 00:00:00'),
('0000-00-00 00:00:00', '0000-00-00 00:00:00', '0000-00-00 00:00:00', 'false', 308, '0000-00-00 00:00:00', '0000-00-00 00:00:00', 215, 'unread', '0000-00-00 00:00:00'),
('0000-00-00 00:00:00', '0000-00-00 00:00:00', '0000-00-00 00:00:00', 'false', 308, '0000-00-00 00:00:00', '0000-00-00 00:00:00', 216, 'unread', '0000-00-00 00:00:00'),
('0000-00-00 00:00:00', '0000-00-00 00:00:00', '0000-00-00 00:00:00', 'false', 308, '0000-00-00 00:00:00', '0000-00-00 00:00:00', 219, 'unread', '0000-00-00 00:00:00'),
('0000-00-00 00:00:00', '0000-00-00 00:00:00', '0000-00-00 00:00:00', 'false', 308, '0000-00-00 00:00:00', '0000-00-00 00:00:00', 220, 'unread', '0000-00-00 00:00:00'),
('0000-00-00 00:00:00', '0000-00-00 00:00:00', '0000-00-00 00:00:00', 'false', 308, '0000-00-00 00:00:00', '0000-00-00 00:00:00', 221, 'unread', '0000-00-00 00:00:00'),
('0000-00-00 00:00:00', '0000-00-00 00:00:00', '0000-00-00 00:00:00', 'false', 308, '0000-00-00 00:00:00', '0000-00-00 00:00:00', 223, 'unread', '0000-00-00 00:00:00'),
('0000-00-00 00:00:00', '0000-00-00 00:00:00', '0000-00-00 00:00:00', 'false', 308, '2009-09-10 18:08:37', '0000-00-00 00:00:00', 228, 'read', '2009-09-10 18:08:15'),
('0000-00-00 00:00:00', '0000-00-00 00:00:00', '0000-00-00 00:00:00', 'false', 309, '2009-08-31 08:22:02', '0000-00-00 00:00:00', 16, 'read', '0000-00-00 00:00:00'),
('0000-00-00 00:00:00', '0000-00-00 00:00:00', '0000-00-00 00:00:00', 'false', 310, '2009-08-31 09:05:07', '0000-00-00 00:00:00', 13, 'read', '0000-00-00 00:00:00'),
('0000-00-00 00:00:00', '0000-00-00 00:00:00', '0000-00-00 00:00:00', 'false', 311, '2009-08-31 13:19:59', '0000-00-00 00:00:00', 16, 'read', '0000-00-00 00:00:00'),
('0000-00-00 00:00:00', '0000-00-00 00:00:00', '0000-00-00 00:00:00', 'false', 312, '2009-08-31 13:22:36', '0000-00-00 00:00:00', 16, 'read', '0000-00-00 00:00:00'),
('0000-00-00 00:00:00', '0000-00-00 00:00:00', '0000-00-00 00:00:00', 'false', 313, '2009-09-03 01:05:48', '0000-00-00 00:00:00', 13, 'read', '0000-00-00 00:00:00'),
('0000-00-00 00:00:00', '0000-00-00 00:00:00', '0000-00-00 00:00:00', 'false', 314, '2009-12-06 07:57:04', '0000-00-00 00:00:00', 212, 'read', '0000-00-00 00:00:00'),
('2009-10-03 16:06:26', '0000-00-00 00:00:00', '0000-00-00 00:00:00', 'false', 315, '2009-10-03 16:02:48', '0000-00-00 00:00:00', 211, 'deleted', '0000-00-00 00:00:00'),
('0000-00-00 00:00:00', '0000-00-00 00:00:00', '0000-00-00 00:00:00', 'false', 316, '2009-09-03 01:05:53', '0000-00-00 00:00:00', 13, 'read', '0000-00-00 00:00:00'),
('0000-00-00 00:00:00', '0000-00-00 00:00:00', '0000-00-00 00:00:00', 'false', 317, '2009-09-04 09:31:56', '0000-00-00 00:00:00', 16, 'read', '0000-00-00 00:00:00'),
('0000-00-00 00:00:00', '0000-00-00 00:00:00', '0000-00-00 00:00:00', 'false', 318, '2009-10-02 09:20:08', '0000-00-00 00:00:00', 13, 'read', '0000-00-00 00:00:00'),
('0000-00-00 00:00:00', '0000-00-00 00:00:00', '0000-00-00 00:00:00', 'false', 319, '2010-03-10 16:21:03', '0000-00-00 00:00:00', 223, 'read', '0000-00-00 00:00:00'),
('0000-00-00 00:00:00', '0000-00-00 00:00:00', '0000-00-00 00:00:00', 'false', 320, '2009-12-06 07:59:33', '0000-00-00 00:00:00', 212, 'read', '0000-00-00 00:00:00'),
('2009-10-03 16:06:25', '0000-00-00 00:00:00', '0000-00-00 00:00:00', 'false', 321, '2009-10-03 16:03:13', '0000-00-00 00:00:00', 211, 'deleted', '0000-00-00 00:00:00'),
('0000-00-00 00:00:00', '0000-00-00 00:00:00', '0000-00-00 00:00:00', 'false', 322, '0000-00-00 00:00:00', '0000-00-00 00:00:00', 213, 'unread', '0000-00-00 00:00:00'),
('0000-00-00 00:00:00', '0000-00-00 00:00:00', '0000-00-00 00:00:00', 'false', 323, '2009-11-02 16:36:43', '0000-00-00 00:00:00', 13, 'read', '0000-00-00 00:00:00'),
('0000-00-00 00:00:00', '0000-00-00 00:00:00', '0000-00-00 00:00:00', 'false', 324, '2009-12-06 15:42:25', '0000-00-00 00:00:00', 13, 'read', '0000-00-00 00:00:00'),
('2010-09-06 17:22:42', '0000-00-00 00:00:00', '0000-00-00 00:00:00', 'false', 324, '0000-00-00 00:00:00', '0000-00-00 00:00:00', 16, 'deleted', '0000-00-00 00:00:00'),
('0000-00-00 00:00:00', '0000-00-00 00:00:00', '0000-00-00 00:00:00', 'false', 324, '0000-00-00 00:00:00', '0000-00-00 00:00:00', 34, 'unread', '0000-00-00 00:00:00'),
('0000-00-00 00:00:00', '0000-00-00 00:00:00', '0000-00-00 00:00:00', 'false', 324, '0000-00-00 00:00:00', '0000-00-00 00:00:00', 195, 'unread', '0000-00-00 00:00:00'),
('0000-00-00 00:00:00', '0000-00-00 00:00:00', '0000-00-00 00:00:00', 'false', 324, '0000-00-00 00:00:00', '0000-00-00 00:00:00', 198, 'unread', '0000-00-00 00:00:00'),
('0000-00-00 00:00:00', '0000-00-00 00:00:00', '0000-00-00 00:00:00', 'false', 324, '0000-00-00 00:00:00', '0000-00-00 00:00:00', 202, 'unread', '0000-00-00 00:00:00'),
('0000-00-00 00:00:00', '0000-00-00 00:00:00', '0000-00-00 00:00:00', 'false', 324, '0000-00-00 00:00:00', '0000-00-00 00:00:00', 203, 'unread', '0000-00-00 00:00:00'),
('0000-00-00 00:00:00', '0000-00-00 00:00:00', '0000-00-00 00:00:00', 'false', 324, '0000-00-00 00:00:00', '0000-00-00 00:00:00', 205, 'unread', '0000-00-00 00:00:00'),
('0000-00-00 00:00:00', '0000-00-00 00:00:00', '0000-00-00 00:00:00', 'false', 324, '0000-00-00 00:00:00', '0000-00-00 00:00:00', 211, 'unread', '0000-00-00 00:00:00'),
('0000-00-00 00:00:00', '0000-00-00 00:00:00', '0000-00-00 00:00:00', 'false', 324, '0000-00-00 00:00:00', '0000-00-00 00:00:00', 212, 'unread', '0000-00-00 00:00:00'),
('0000-00-00 00:00:00', '0000-00-00 00:00:00', '0000-00-00 00:00:00', 'false', 324, '0000-00-00 00:00:00', '0000-00-00 00:00:00', 213, 'unread', '0000-00-00 00:00:00'),
('0000-00-00 00:00:00', '0000-00-00 00:00:00', '0000-00-00 00:00:00', 'false', 324, '0000-00-00 00:00:00', '0000-00-00 00:00:00', 214, 'unread', '0000-00-00 00:00:00'),
('0000-00-00 00:00:00', '0000-00-00 00:00:00', '0000-00-00 00:00:00', 'false', 324, '0000-00-00 00:00:00', '0000-00-00 00:00:00', 215, 'unread', '0000-00-00 00:00:00'),
('0000-00-00 00:00:00', '0000-00-00 00:00:00', '0000-00-00 00:00:00', 'false', 324, '0000-00-00 00:00:00', '0000-00-00 00:00:00', 216, 'unread', '0000-00-00 00:00:00'),
('0000-00-00 00:00:00', '0000-00-00 00:00:00', '0000-00-00 00:00:00', 'false', 324, '0000-00-00 00:00:00', '0000-00-00 00:00:00', 219, 'unread', '0000-00-00 00:00:00'),
('0000-00-00 00:00:00', '0000-00-00 00:00:00', '0000-00-00 00:00:00', 'false', 324, '0000-00-00 00:00:00', '0000-00-00 00:00:00', 220, 'unread', '0000-00-00 00:00:00'),
('0000-00-00 00:00:00', '0000-00-00 00:00:00', '0000-00-00 00:00:00', 'false', 324, '0000-00-00 00:00:00', '0000-00-00 00:00:00', 221, 'unread', '0000-00-00 00:00:00'),
('0000-00-00 00:00:00', '0000-00-00 00:00:00', '0000-00-00 00:00:00', 'false', 324, '0000-00-00 00:00:00', '0000-00-00 00:00:00', 223, 'unread', '0000-00-00 00:00:00'),
('0000-00-00 00:00:00', '0000-00-00 00:00:00', '0000-00-00 00:00:00', 'false', 324, '0000-00-00 00:00:00', '0000-00-00 00:00:00', 228, 'unread', '0000-00-00 00:00:00'),
('0000-00-00 00:00:00', '0000-00-00 00:00:00', '0000-00-00 00:00:00', 'false', 324, '0000-00-00 00:00:00', '0000-00-00 00:00:00', 229, 'unread', '0000-00-00 00:00:00'),
('0000-00-00 00:00:00', '0000-00-00 00:00:00', '0000-00-00 00:00:00', 'false', 325, '2009-12-13 01:15:42', '0000-00-00 00:00:00', 13, 'read', '0000-00-00 00:00:00'),
('2010-09-06 17:22:42', '0000-00-00 00:00:00', '0000-00-00 00:00:00', 'false', 325, '0000-00-00 00:00:00', '0000-00-00 00:00:00', 16, 'deleted', '0000-00-00 00:00:00'),
('0000-00-00 00:00:00', '0000-00-00 00:00:00', '0000-00-00 00:00:00', 'false', 325, '0000-00-00 00:00:00', '0000-00-00 00:00:00', 34, 'unread', '0000-00-00 00:00:00'),
('0000-00-00 00:00:00', '0000-00-00 00:00:00', '0000-00-00 00:00:00', 'false', 325, '0000-00-00 00:00:00', '0000-00-00 00:00:00', 195, 'unread', '0000-00-00 00:00:00'),
('0000-00-00 00:00:00', '0000-00-00 00:00:00', '0000-00-00 00:00:00', 'false', 325, '0000-00-00 00:00:00', '0000-00-00 00:00:00', 198, 'unread', '0000-00-00 00:00:00'),
('0000-00-00 00:00:00', '0000-00-00 00:00:00', '0000-00-00 00:00:00', 'false', 325, '0000-00-00 00:00:00', '0000-00-00 00:00:00', 202, 'unread', '0000-00-00 00:00:00'),
('0000-00-00 00:00:00', '0000-00-00 00:00:00', '0000-00-00 00:00:00', 'false', 325, '0000-00-00 00:00:00', '0000-00-00 00:00:00', 203, 'unread', '0000-00-00 00:00:00'),
('0000-00-00 00:00:00', '0000-00-00 00:00:00', '0000-00-00 00:00:00', 'false', 325, '0000-00-00 00:00:00', '0000-00-00 00:00:00', 205, 'unread', '0000-00-00 00:00:00'),
('0000-00-00 00:00:00', '0000-00-00 00:00:00', '0000-00-00 00:00:00', 'false', 325, '0000-00-00 00:00:00', '0000-00-00 00:00:00', 211, 'unread', '0000-00-00 00:00:00'),
('0000-00-00 00:00:00', '0000-00-00 00:00:00', '0000-00-00 00:00:00', 'false', 325, '0000-00-00 00:00:00', '0000-00-00 00:00:00', 212, 'unread', '0000-00-00 00:00:00'),
('0000-00-00 00:00:00', '0000-00-00 00:00:00', '0000-00-00 00:00:00', 'false', 325, '0000-00-00 00:00:00', '0000-00-00 00:00:00', 213, 'unread', '0000-00-00 00:00:00'),
('0000-00-00 00:00:00', '0000-00-00 00:00:00', '0000-00-00 00:00:00', 'false', 325, '0000-00-00 00:00:00', '0000-00-00 00:00:00', 214, 'unread', '0000-00-00 00:00:00'),
('0000-00-00 00:00:00', '0000-00-00 00:00:00', '0000-00-00 00:00:00', 'false', 325, '0000-00-00 00:00:00', '0000-00-00 00:00:00', 215, 'unread', '0000-00-00 00:00:00'),
('0000-00-00 00:00:00', '0000-00-00 00:00:00', '0000-00-00 00:00:00', 'false', 325, '0000-00-00 00:00:00', '0000-00-00 00:00:00', 216, 'unread', '0000-00-00 00:00:00'),
('0000-00-00 00:00:00', '0000-00-00 00:00:00', '0000-00-00 00:00:00', 'false', 325, '0000-00-00 00:00:00', '0000-00-00 00:00:00', 219, 'unread', '0000-00-00 00:00:00'),
('0000-00-00 00:00:00', '0000-00-00 00:00:00', '0000-00-00 00:00:00', 'false', 325, '0000-00-00 00:00:00', '0000-00-00 00:00:00', 220, 'unread', '0000-00-00 00:00:00'),
('0000-00-00 00:00:00', '0000-00-00 00:00:00', '0000-00-00 00:00:00', 'false', 325, '0000-00-00 00:00:00', '0000-00-00 00:00:00', 221, 'unread', '0000-00-00 00:00:00'),
('0000-00-00 00:00:00', '0000-00-00 00:00:00', '0000-00-00 00:00:00', 'false', 325, '0000-00-00 00:00:00', '0000-00-00 00:00:00', 223, 'unread', '0000-00-00 00:00:00'),
('0000-00-00 00:00:00', '0000-00-00 00:00:00', '0000-00-00 00:00:00', 'false', 325, '0000-00-00 00:00:00', '0000-00-00 00:00:00', 228, 'unread', '0000-00-00 00:00:00'),
('0000-00-00 00:00:00', '0000-00-00 00:00:00', '0000-00-00 00:00:00', 'false', 325, '0000-00-00 00:00:00', '0000-00-00 00:00:00', 229, 'unread', '0000-00-00 00:00:00'),
('0000-00-00 00:00:00', '0000-00-00 00:00:00', '0000-00-00 00:00:00', 'false', 326, '0000-00-00 00:00:00', '0000-00-00 00:00:00', 229, 'unread', '0000-00-00 00:00:00'),
('0000-00-00 00:00:00', '0000-00-00 00:00:00', '0000-00-00 00:00:00', 'false', 327, '2009-12-13 15:08:46', '0000-00-00 00:00:00', 13, 'read', '0000-00-00 00:00:00'),
('2010-09-06 17:22:42', '0000-00-00 00:00:00', '0000-00-00 00:00:00', 'false', 327, '2009-12-13 08:28:22', '0000-00-00 00:00:00', 16, 'deleted', '0000-00-00 00:00:00'),
('0000-00-00 00:00:00', '0000-00-00 00:00:00', '0000-00-00 00:00:00', 'false', 327, '0000-00-00 00:00:00', '0000-00-00 00:00:00', 34, 'unread', '0000-00-00 00:00:00'),
('0000-00-00 00:00:00', '0000-00-00 00:00:00', '0000-00-00 00:00:00', 'false', 327, '0000-00-00 00:00:00', '0000-00-00 00:00:00', 195, 'unread', '0000-00-00 00:00:00'),
('0000-00-00 00:00:00', '0000-00-00 00:00:00', '0000-00-00 00:00:00', 'false', 327, '0000-00-00 00:00:00', '0000-00-00 00:00:00', 198, 'unread', '0000-00-00 00:00:00'),
('0000-00-00 00:00:00', '0000-00-00 00:00:00', '0000-00-00 00:00:00', 'false', 327, '0000-00-00 00:00:00', '0000-00-00 00:00:00', 202, 'unread', '0000-00-00 00:00:00'),
('0000-00-00 00:00:00', '0000-00-00 00:00:00', '0000-00-00 00:00:00', 'false', 327, '0000-00-00 00:00:00', '0000-00-00 00:00:00', 203, 'unread', '0000-00-00 00:00:00'),
('0000-00-00 00:00:00', '0000-00-00 00:00:00', '0000-00-00 00:00:00', 'false', 327, '0000-00-00 00:00:00', '0000-00-00 00:00:00', 205, 'unread', '0000-00-00 00:00:00'),
('0000-00-00 00:00:00', '0000-00-00 00:00:00', '0000-00-00 00:00:00', 'false', 327, '0000-00-00 00:00:00', '0000-00-00 00:00:00', 211, 'unread', '0000-00-00 00:00:00'),
('0000-00-00 00:00:00', '0000-00-00 00:00:00', '0000-00-00 00:00:00', 'false', 327, '0000-00-00 00:00:00', '0000-00-00 00:00:00', 212, 'unread', '0000-00-00 00:00:00'),
('0000-00-00 00:00:00', '0000-00-00 00:00:00', '0000-00-00 00:00:00', 'false', 327, '0000-00-00 00:00:00', '0000-00-00 00:00:00', 213, 'unread', '0000-00-00 00:00:00'),
('0000-00-00 00:00:00', '0000-00-00 00:00:00', '0000-00-00 00:00:00', 'false', 327, '0000-00-00 00:00:00', '0000-00-00 00:00:00', 214, 'unread', '0000-00-00 00:00:00'),
('0000-00-00 00:00:00', '0000-00-00 00:00:00', '0000-00-00 00:00:00', 'false', 327, '0000-00-00 00:00:00', '0000-00-00 00:00:00', 215, 'unread', '0000-00-00 00:00:00'),
('0000-00-00 00:00:00', '0000-00-00 00:00:00', '0000-00-00 00:00:00', 'false', 327, '0000-00-00 00:00:00', '0000-00-00 00:00:00', 216, 'unread', '0000-00-00 00:00:00'),
('0000-00-00 00:00:00', '0000-00-00 00:00:00', '0000-00-00 00:00:00', 'false', 327, '0000-00-00 00:00:00', '0000-00-00 00:00:00', 219, 'unread', '0000-00-00 00:00:00'),
('0000-00-00 00:00:00', '0000-00-00 00:00:00', '0000-00-00 00:00:00', 'false', 327, '0000-00-00 00:00:00', '0000-00-00 00:00:00', 220, 'unread', '0000-00-00 00:00:00'),
('0000-00-00 00:00:00', '0000-00-00 00:00:00', '0000-00-00 00:00:00', 'false', 327, '0000-00-00 00:00:00', '0000-00-00 00:00:00', 221, 'unread', '0000-00-00 00:00:00'),
('0000-00-00 00:00:00', '0000-00-00 00:00:00', '0000-00-00 00:00:00', 'false', 327, '0000-00-00 00:00:00', '0000-00-00 00:00:00', 223, 'unread', '0000-00-00 00:00:00'),
('0000-00-00 00:00:00', '0000-00-00 00:00:00', '0000-00-00 00:00:00', 'false', 327, '0000-00-00 00:00:00', '0000-00-00 00:00:00', 228, 'unread', '0000-00-00 00:00:00'),
('0000-00-00 00:00:00', '0000-00-00 00:00:00', '0000-00-00 00:00:00', 'false', 327, '0000-00-00 00:00:00', '0000-00-00 00:00:00', 229, 'unread', '0000-00-00 00:00:00'),
('0000-00-00 00:00:00', '0000-00-00 00:00:00', '0000-00-00 00:00:00', 'false', 328, '2009-12-30 09:58:02', '0000-00-00 00:00:00', 13, 'read', '0000-00-00 00:00:00'),
('0000-00-00 00:00:00', '0000-00-00 00:00:00', '0000-00-00 00:00:00', 'false', 329, '2009-12-30 23:41:38', '0000-00-00 00:00:00', 13, 'read', '0000-00-00 00:00:00'),
('2010-09-06 17:22:42', '0000-00-00 00:00:00', '0000-00-00 00:00:00', 'false', 329, '2010-03-09 09:41:50', '0000-00-00 00:00:00', 16, 'deleted', '0000-00-00 00:00:00'),
('0000-00-00 00:00:00', '0000-00-00 00:00:00', '0000-00-00 00:00:00', 'false', 329, '0000-00-00 00:00:00', '0000-00-00 00:00:00', 34, 'unread', '0000-00-00 00:00:00'),
('0000-00-00 00:00:00', '0000-00-00 00:00:00', '0000-00-00 00:00:00', 'false', 329, '0000-00-00 00:00:00', '0000-00-00 00:00:00', 195, 'unread', '0000-00-00 00:00:00'),
('0000-00-00 00:00:00', '0000-00-00 00:00:00', '0000-00-00 00:00:00', 'false', 329, '0000-00-00 00:00:00', '0000-00-00 00:00:00', 198, 'unread', '0000-00-00 00:00:00'),
('0000-00-00 00:00:00', '0000-00-00 00:00:00', '0000-00-00 00:00:00', 'false', 329, '0000-00-00 00:00:00', '0000-00-00 00:00:00', 202, 'unread', '0000-00-00 00:00:00'),
('0000-00-00 00:00:00', '0000-00-00 00:00:00', '0000-00-00 00:00:00', 'false', 329, '0000-00-00 00:00:00', '0000-00-00 00:00:00', 203, 'unread', '0000-00-00 00:00:00'),
('0000-00-00 00:00:00', '0000-00-00 00:00:00', '0000-00-00 00:00:00', 'false', 329, '0000-00-00 00:00:00', '0000-00-00 00:00:00', 205, 'unread', '0000-00-00 00:00:00'),
('0000-00-00 00:00:00', '0000-00-00 00:00:00', '0000-00-00 00:00:00', 'false', 329, '0000-00-00 00:00:00', '0000-00-00 00:00:00', 211, 'unread', '0000-00-00 00:00:00'),
('0000-00-00 00:00:00', '0000-00-00 00:00:00', '0000-00-00 00:00:00', 'false', 329, '0000-00-00 00:00:00', '0000-00-00 00:00:00', 212, 'unread', '0000-00-00 00:00:00'),
('0000-00-00 00:00:00', '0000-00-00 00:00:00', '0000-00-00 00:00:00', 'false', 329, '0000-00-00 00:00:00', '0000-00-00 00:00:00', 213, 'unread', '0000-00-00 00:00:00'),
('0000-00-00 00:00:00', '0000-00-00 00:00:00', '0000-00-00 00:00:00', 'false', 329, '0000-00-00 00:00:00', '0000-00-00 00:00:00', 214, 'unread', '0000-00-00 00:00:00'),
('0000-00-00 00:00:00', '0000-00-00 00:00:00', '0000-00-00 00:00:00', 'false', 329, '0000-00-00 00:00:00', '0000-00-00 00:00:00', 215, 'unread', '0000-00-00 00:00:00'),
('0000-00-00 00:00:00', '0000-00-00 00:00:00', '0000-00-00 00:00:00', 'false', 329, '0000-00-00 00:00:00', '0000-00-00 00:00:00', 216, 'unread', '0000-00-00 00:00:00'),
('0000-00-00 00:00:00', '0000-00-00 00:00:00', '0000-00-00 00:00:00', 'false', 329, '0000-00-00 00:00:00', '0000-00-00 00:00:00', 219, 'unread', '0000-00-00 00:00:00'),
('0000-00-00 00:00:00', '0000-00-00 00:00:00', '0000-00-00 00:00:00', 'false', 329, '0000-00-00 00:00:00', '0000-00-00 00:00:00', 220, 'unread', '0000-00-00 00:00:00'),
('0000-00-00 00:00:00', '0000-00-00 00:00:00', '0000-00-00 00:00:00', 'false', 329, '0000-00-00 00:00:00', '0000-00-00 00:00:00', 221, 'unread', '0000-00-00 00:00:00'),
('0000-00-00 00:00:00', '0000-00-00 00:00:00', '0000-00-00 00:00:00', 'false', 329, '0000-00-00 00:00:00', '0000-00-00 00:00:00', 223, 'unread', '0000-00-00 00:00:00'),
('0000-00-00 00:00:00', '0000-00-00 00:00:00', '0000-00-00 00:00:00', 'false', 329, '0000-00-00 00:00:00', '0000-00-00 00:00:00', 228, 'unread', '0000-00-00 00:00:00'),
('2010-01-16 10:50:15', '0000-00-00 00:00:00', '0000-00-00 00:00:00', 'false', 329, '0000-00-00 00:00:00', '0000-00-00 00:00:00', 229, 'deleted', '0000-00-00 00:00:00'),
('0000-00-00 00:00:00', '0000-00-00 00:00:00', '0000-00-00 00:00:00', 'false', 330, '2010-01-04 18:27:34', '0000-00-00 00:00:00', 16, 'read', '0000-00-00 00:00:00'),
('0000-00-00 00:00:00', '0000-00-00 00:00:00', '0000-00-00 00:00:00', 'false', 331, '2010-01-10 13:09:51', '0000-00-00 00:00:00', 13, 'read', '0000-00-00 00:00:00'),
('0000-00-00 00:00:00', '0000-00-00 00:00:00', '0000-00-00 00:00:00', 'false', 332, '2010-01-15 11:03:21', '0000-00-00 00:00:00', 16, 'read', '0000-00-00 00:00:00'),
('0000-00-00 00:00:00', '0000-00-00 00:00:00', '0000-00-00 00:00:00', 'false', 333, '2010-02-06 00:49:17', '0000-00-00 00:00:00', 13, 'read', '0000-00-00 00:00:00'),
('0000-00-00 00:00:00', '0000-00-00 00:00:00', '0000-00-00 00:00:00', 'false', 334, '2010-02-06 00:49:34', '0000-00-00 00:00:00', 13, 'read', '0000-00-00 00:00:00'),
('0000-00-00 00:00:00', '0000-00-00 00:00:00', '0000-00-00 00:00:00', 'false', 335, '2010-02-06 00:50:10', '0000-00-00 00:00:00', 13, 'read', '0000-00-00 00:00:00'),
('0000-00-00 00:00:00', '0000-00-00 00:00:00', '0000-00-00 00:00:00', 'false', 336, '2010-02-06 00:50:42', '0000-00-00 00:00:00', 13, 'read', '0000-00-00 00:00:00'),
('0000-00-00 00:00:00', '0000-00-00 00:00:00', '0000-00-00 00:00:00', 'false', 337, '2010-02-06 19:38:07', '0000-00-00 00:00:00', 16, 'read', '0000-00-00 00:00:00'),
('0000-00-00 00:00:00', '0000-00-00 00:00:00', '0000-00-00 00:00:00', 'false', 338, '2010-02-06 19:38:47', '0000-00-00 00:00:00', 16, 'read', '0000-00-00 00:00:00'),
('0000-00-00 00:00:00', '0000-00-00 00:00:00', '0000-00-00 00:00:00', 'false', 339, '2010-02-07 19:52:57', '0000-00-00 00:00:00', 13, 'read', '0000-00-00 00:00:00'),
('0000-00-00 00:00:00', '0000-00-00 00:00:00', '0000-00-00 00:00:00', 'false', 340, '2010-02-09 09:19:44', '0000-00-00 00:00:00', 13, 'read', '0000-00-00 00:00:00'),
('0000-00-00 00:00:00', '0000-00-00 00:00:00', '0000-00-00 00:00:00', 'false', 341, '2010-02-13 09:32:27', '0000-00-00 00:00:00', 16, 'read', '0000-00-00 00:00:00'),
('0000-00-00 00:00:00', '0000-00-00 00:00:00', '0000-00-00 00:00:00', 'false', 342, '2010-02-15 13:39:48', '0000-00-00 00:00:00', 13, 'read', '0000-00-00 00:00:00'),
('0000-00-00 00:00:00', '0000-00-00 00:00:00', '0000-00-00 00:00:00', 'false', 342, '2010-03-09 09:38:42', '0000-00-00 00:00:00', 16, 'read', '0000-00-00 00:00:00'),
('0000-00-00 00:00:00', '0000-00-00 00:00:00', '0000-00-00 00:00:00', 'false', 342, '0000-00-00 00:00:00', '0000-00-00 00:00:00', 34, 'unread', '0000-00-00 00:00:00'),
('0000-00-00 00:00:00', '0000-00-00 00:00:00', '0000-00-00 00:00:00', 'false', 342, '0000-00-00 00:00:00', '0000-00-00 00:00:00', 211, 'unread', '0000-00-00 00:00:00'),
('0000-00-00 00:00:00', '0000-00-00 00:00:00', '0000-00-00 00:00:00', 'false', 342, '0000-00-00 00:00:00', '0000-00-00 00:00:00', 212, 'unread', '0000-00-00 00:00:00'),
('0000-00-00 00:00:00', '0000-00-00 00:00:00', '0000-00-00 00:00:00', 'false', 342, '0000-00-00 00:00:00', '0000-00-00 00:00:00', 213, 'unread', '0000-00-00 00:00:00'),
('0000-00-00 00:00:00', '0000-00-00 00:00:00', '0000-00-00 00:00:00', 'false', 342, '0000-00-00 00:00:00', '0000-00-00 00:00:00', 214, 'unread', '0000-00-00 00:00:00'),
('0000-00-00 00:00:00', '0000-00-00 00:00:00', '0000-00-00 00:00:00', 'false', 342, '0000-00-00 00:00:00', '0000-00-00 00:00:00', 215, 'unread', '0000-00-00 00:00:00'),
('0000-00-00 00:00:00', '0000-00-00 00:00:00', '0000-00-00 00:00:00', 'false', 342, '0000-00-00 00:00:00', '0000-00-00 00:00:00', 216, 'unread', '0000-00-00 00:00:00'),
('0000-00-00 00:00:00', '0000-00-00 00:00:00', '0000-00-00 00:00:00', 'false', 342, '0000-00-00 00:00:00', '0000-00-00 00:00:00', 220, 'unread', '0000-00-00 00:00:00'),
('0000-00-00 00:00:00', '0000-00-00 00:00:00', '0000-00-00 00:00:00', 'false', 342, '0000-00-00 00:00:00', '0000-00-00 00:00:00', 223, 'unread', '0000-00-00 00:00:00'),
('0000-00-00 00:00:00', '0000-00-00 00:00:00', '0000-00-00 00:00:00', 'false', 342, '0000-00-00 00:00:00', '0000-00-00 00:00:00', 228, 'unread', '0000-00-00 00:00:00'),
('0000-00-00 00:00:00', '0000-00-00 00:00:00', '0000-00-00 00:00:00', 'false', 342, '0000-00-00 00:00:00', '0000-00-00 00:00:00', 229, 'unread', '0000-00-00 00:00:00'),
('0000-00-00 00:00:00', '0000-00-00 00:00:00', '0000-00-00 00:00:00', 'false', 343, '2010-02-15 15:07:10', '0000-00-00 00:00:00', 16, 'read', '0000-00-00 00:00:00'),
('0000-00-00 00:00:00', '0000-00-00 00:00:00', '0000-00-00 00:00:00', 'false', 345, '2010-02-19 08:38:21', '0000-00-00 00:00:00', 13, 'read', '0000-00-00 00:00:00'),
('2010-09-06 17:22:42', '0000-00-00 00:00:00', '0000-00-00 00:00:00', 'false', 348, '2010-02-20 11:49:33', '0000-00-00 00:00:00', 16, 'deleted', '0000-00-00 00:00:00'),
('2010-09-06 17:22:41', '0000-00-00 00:00:00', '0000-00-00 00:00:00', 'false', 349, '2010-02-20 11:50:16', '0000-00-00 00:00:00', 16, 'deleted', '0000-00-00 00:00:00'),
('0000-00-00 00:00:00', '0000-00-00 00:00:00', '0000-00-00 00:00:00', 'false', 350, '2010-02-25 13:24:01', '0000-00-00 00:00:00', 13, 'read', '0000-00-00 00:00:00'),
('0000-00-00 00:00:00', '0000-00-00 00:00:00', '0000-00-00 00:00:00', 'false', 351, '2010-02-25 13:24:58', '0000-00-00 00:00:00', 13, 'read', '0000-00-00 00:00:00'),
('0000-00-00 00:00:00', '0000-00-00 00:00:00', '0000-00-00 00:00:00', 'false', 351, '0000-00-00 00:00:00', '0000-00-00 00:00:00', 211, 'unread', '0000-00-00 00:00:00'),
('0000-00-00 00:00:00', '0000-00-00 00:00:00', '0000-00-00 00:00:00', 'false', 352, '0000-00-00 00:00:00', '0000-00-00 00:00:00', 229, 'unread', '0000-00-00 00:00:00'),
('0000-00-00 00:00:00', '0000-00-00 00:00:00', '0000-00-00 00:00:00', 'false', 353, '2010-02-27 09:23:41', '0000-00-00 00:00:00', 13, 'read', '0000-00-00 00:00:00'),
('2010-09-06 17:22:41', '0000-00-00 00:00:00', '0000-00-00 00:00:00', 'false', 354, '2010-02-27 09:47:58', '0000-00-00 00:00:00', 16, 'deleted', '0000-00-00 00:00:00'),
('0000-00-00 00:00:00', '0000-00-00 00:00:00', '0000-00-00 00:00:00', 'false', 355, '2010-03-01 06:48:52', '0000-00-00 00:00:00', 16, 'read', '0000-00-00 00:00:00'),
('0000-00-00 00:00:00', '0000-00-00 00:00:00', '0000-00-00 00:00:00', 'false', 355, '0000-00-00 00:00:00', '0000-00-00 00:00:00', 229, 'unread', '0000-00-00 00:00:00'),
('0000-00-00 00:00:00', '0000-00-00 00:00:00', '0000-00-00 00:00:00', 'false', 356, '2010-02-27 19:32:34', '0000-00-00 00:00:00', 13, 'read', '0000-00-00 00:00:00'),
('0000-00-00 00:00:00', '0000-00-00 00:00:00', '0000-00-00 00:00:00', 'false', 357, '2010-03-03 08:34:31', '0000-00-00 00:00:00', 16, 'read', '0000-00-00 00:00:00'),
('0000-00-00 00:00:00', '0000-00-00 00:00:00', '0000-00-00 00:00:00', 'false', 358, '2010-03-08 09:33:44', '0000-00-00 00:00:00', 13, 'read', '0000-00-00 00:00:00'),
('0000-00-00 00:00:00', '0000-00-00 00:00:00', '0000-00-00 00:00:00', 'false', 358, '2010-03-09 09:38:24', '0000-00-00 00:00:00', 16, 'read', '0000-00-00 00:00:00'),
('0000-00-00 00:00:00', '0000-00-00 00:00:00', '0000-00-00 00:00:00', 'false', 358, '0000-00-00 00:00:00', '0000-00-00 00:00:00', 223, 'unread', '0000-00-00 00:00:00'),
('0000-00-00 00:00:00', '0000-00-00 00:00:00', '0000-00-00 00:00:00', 'false', 359, '2010-03-29 09:09:55', '0000-00-00 00:00:00', 13, 'read', '0000-00-00 00:00:00'),
('2010-09-06 17:22:41', '0000-00-00 00:00:00', '0000-00-00 00:00:00', 'false', 359, '2010-03-09 13:01:42', '0000-00-00 00:00:00', 16, 'deleted', '0000-00-00 00:00:00'),
('0000-00-00 00:00:00', '0000-00-00 00:00:00', '0000-00-00 00:00:00', 'false', 359, '0000-00-00 00:00:00', '0000-00-00 00:00:00', 34, 'unread', '0000-00-00 00:00:00'),
('0000-00-00 00:00:00', '0000-00-00 00:00:00', '0000-00-00 00:00:00', 'false', 359, '0000-00-00 00:00:00', '0000-00-00 00:00:00', 211, 'unread', '0000-00-00 00:00:00'),
('0000-00-00 00:00:00', '0000-00-00 00:00:00', '0000-00-00 00:00:00', 'false', 359, '0000-00-00 00:00:00', '0000-00-00 00:00:00', 212, 'unread', '0000-00-00 00:00:00'),
('0000-00-00 00:00:00', '0000-00-00 00:00:00', '0000-00-00 00:00:00', 'false', 359, '0000-00-00 00:00:00', '0000-00-00 00:00:00', 213, 'unread', '0000-00-00 00:00:00'),
('0000-00-00 00:00:00', '0000-00-00 00:00:00', '0000-00-00 00:00:00', 'false', 359, '0000-00-00 00:00:00', '0000-00-00 00:00:00', 214, 'unread', '0000-00-00 00:00:00'),
('0000-00-00 00:00:00', '0000-00-00 00:00:00', '0000-00-00 00:00:00', 'false', 359, '0000-00-00 00:00:00', '0000-00-00 00:00:00', 215, 'unread', '0000-00-00 00:00:00'),
('0000-00-00 00:00:00', '0000-00-00 00:00:00', '0000-00-00 00:00:00', 'false', 359, '0000-00-00 00:00:00', '0000-00-00 00:00:00', 216, 'unread', '0000-00-00 00:00:00'),
('0000-00-00 00:00:00', '0000-00-00 00:00:00', '0000-00-00 00:00:00', 'false', 359, '0000-00-00 00:00:00', '0000-00-00 00:00:00', 220, 'unread', '0000-00-00 00:00:00'),
('0000-00-00 00:00:00', '0000-00-00 00:00:00', '0000-00-00 00:00:00', 'false', 359, '0000-00-00 00:00:00', '0000-00-00 00:00:00', 223, 'unread', '0000-00-00 00:00:00'),
('0000-00-00 00:00:00', '0000-00-00 00:00:00', '0000-00-00 00:00:00', 'false', 359, '0000-00-00 00:00:00', '0000-00-00 00:00:00', 228, 'unread', '0000-00-00 00:00:00'),
('0000-00-00 00:00:00', '0000-00-00 00:00:00', '0000-00-00 00:00:00', 'false', 359, '0000-00-00 00:00:00', '0000-00-00 00:00:00', 229, 'unread', '0000-00-00 00:00:00'),
('0000-00-00 00:00:00', '0000-00-00 00:00:00', '0000-00-00 00:00:00', 'false', 360, '0000-00-00 00:00:00', '0000-00-00 00:00:00', 228, 'unread', '0000-00-00 00:00:00'),
('0000-00-00 00:00:00', '0000-00-00 00:00:00', '0000-00-00 00:00:00', 'false', 361, '2010-03-29 09:10:00', '0000-00-00 00:00:00', 13, 'read', '0000-00-00 00:00:00'),
('0000-00-00 00:00:00', '0000-00-00 00:00:00', '0000-00-00 00:00:00', 'false', 362, '2010-03-29 09:09:36', '0000-00-00 00:00:00', 13, 'read', '0000-00-00 00:00:00'),
('2010-09-06 17:22:41', '0000-00-00 00:00:00', '0000-00-00 00:00:00', 'false', 362, '0000-00-00 00:00:00', '0000-00-00 00:00:00', 16, 'deleted', '0000-00-00 00:00:00'),
('0000-00-00 00:00:00', '0000-00-00 00:00:00', '0000-00-00 00:00:00', 'false', 362, '0000-00-00 00:00:00', '0000-00-00 00:00:00', 223, 'unread', '0000-00-00 00:00:00'),
('0000-00-00 00:00:00', '0000-00-00 00:00:00', '0000-00-00 00:00:00', 'false', 362, '0000-00-00 00:00:00', '0000-00-00 00:00:00', 229, 'unread', '0000-00-00 00:00:00'),
('0000-00-00 00:00:00', '0000-00-00 00:00:00', '0000-00-00 00:00:00', 'false', 363, '2010-03-29 09:09:23', '0000-00-00 00:00:00', 13, 'read', '0000-00-00 00:00:00'),
('2010-09-06 17:22:41', '0000-00-00 00:00:00', '0000-00-00 00:00:00', 'false', 363, '0000-00-00 00:00:00', '0000-00-00 00:00:00', 16, 'deleted', '0000-00-00 00:00:00'),
('0000-00-00 00:00:00', '0000-00-00 00:00:00', '0000-00-00 00:00:00', 'false', 363, '0000-00-00 00:00:00', '0000-00-00 00:00:00', 34, 'unread', '0000-00-00 00:00:00'),
('0000-00-00 00:00:00', '0000-00-00 00:00:00', '0000-00-00 00:00:00', 'false', 363, '0000-00-00 00:00:00', '0000-00-00 00:00:00', 229, 'unread', '0000-00-00 00:00:00'),
('0000-00-00 00:00:00', '0000-00-00 00:00:00', '0000-00-00 00:00:00', 'false', 364, '2010-04-07 09:52:32', '0000-00-00 00:00:00', 13, 'read', '0000-00-00 00:00:00'),
('2010-09-06 17:22:41', '0000-00-00 00:00:00', '0000-00-00 00:00:00', 'false', 364, '0000-00-00 00:00:00', '0000-00-00 00:00:00', 16, 'deleted', '0000-00-00 00:00:00'),
('0000-00-00 00:00:00', '0000-00-00 00:00:00', '0000-00-00 00:00:00', 'false', 364, '0000-00-00 00:00:00', '0000-00-00 00:00:00', 34, 'unread', '0000-00-00 00:00:00'),
('0000-00-00 00:00:00', '0000-00-00 00:00:00', '0000-00-00 00:00:00', 'false', 364, '0000-00-00 00:00:00', '0000-00-00 00:00:00', 229, 'unread', '0000-00-00 00:00:00'),
('0000-00-00 00:00:00', '0000-00-00 00:00:00', '0000-00-00 00:00:00', 'false', 365, '2010-04-11 15:53:16', '0000-00-00 00:00:00', 254, 'read', '0000-00-00 00:00:00'),
('0000-00-00 00:00:00', '0000-00-00 00:00:00', '0000-00-00 00:00:00', 'false', 366, '2010-04-11 15:55:26', '0000-00-00 00:00:00', 254, 'read', '0000-00-00 00:00:00'),
('0000-00-00 00:00:00', '0000-00-00 00:00:00', '0000-00-00 00:00:00', 'false', 367, '2010-08-10 23:43:53', '0000-00-00 00:00:00', 13, 'read', '0000-00-00 00:00:00'),
('0000-00-00 00:00:00', '0000-00-00 00:00:00', '0000-00-00 00:00:00', 'false', 368, '2010-08-21 08:25:03', '0000-00-00 00:00:00', 16, 'read', '0000-00-00 00:00:00'),
('0000-00-00 00:00:00', '0000-00-00 00:00:00', '0000-00-00 00:00:00', 'false', 369, '0000-00-00 00:00:00', '0000-00-00 00:00:00', 34, 'unread', '0000-00-00 00:00:00'),
('0000-00-00 00:00:00', '0000-00-00 00:00:00', '0000-00-00 00:00:00', 'false', 370, '2010-08-26 15:45:00', '0000-00-00 00:00:00', 16, 'read', '0000-00-00 00:00:00'),
('0000-00-00 00:00:00', '0000-00-00 00:00:00', '0000-00-00 00:00:00', 'true', 277, '0000-00-00 00:00:00', '0000-00-00 00:00:00', 1, 'unread', '0000-00-00 00:00:00'),
('0000-00-00 00:00:00', '0000-00-00 00:00:00', '0000-00-00 00:00:00', 'true', 278, '0000-00-00 00:00:00', '0000-00-00 00:00:00', 13, 'unread', '0000-00-00 00:00:00'),
('0000-00-00 00:00:00', '0000-00-00 00:00:00', '0000-00-00 00:00:00', 'true', 279, '0000-00-00 00:00:00', '0000-00-00 00:00:00', 16, 'unread', '0000-00-00 00:00:00'),
('0000-00-00 00:00:00', '0000-00-00 00:00:00', '0000-00-00 00:00:00', 'true', 280, '0000-00-00 00:00:00', '0000-00-00 00:00:00', 16, 'unread', '0000-00-00 00:00:00'),
('0000-00-00 00:00:00', '0000-00-00 00:00:00', '0000-00-00 00:00:00', 'true', 281, '2009-07-05 15:53:39', '0000-00-00 00:00:00', 13, 'read', '0000-00-00 00:00:00'),
('0000-00-00 00:00:00', '0000-00-00 00:00:00', '0000-00-00 00:00:00', 'true', 282, '0000-00-00 00:00:00', '0000-00-00 00:00:00', 16, 'unread', '0000-00-00 00:00:00'),
('0000-00-00 00:00:00', '0000-00-00 00:00:00', '0000-00-00 00:00:00', 'true', 283, '0000-00-00 00:00:00', '0000-00-00 00:00:00', 16, 'unread', '0000-00-00 00:00:00'),
('0000-00-00 00:00:00', '0000-00-00 00:00:00', '0000-00-00 00:00:00', 'true', 284, '0000-00-00 00:00:00', '0000-00-00 00:00:00', 16, 'unread', '0000-00-00 00:00:00'),
('0000-00-00 00:00:00', '0000-00-00 00:00:00', '0000-00-00 00:00:00', 'true', 285, '0000-00-00 00:00:00', '0000-00-00 00:00:00', 13, 'unread', '0000-00-00 00:00:00'),
('0000-00-00 00:00:00', '0000-00-00 00:00:00', '0000-00-00 00:00:00', 'true', 286, '0000-00-00 00:00:00', '0000-00-00 00:00:00', 16, 'unread', '0000-00-00 00:00:00'),
('0000-00-00 00:00:00', '0000-00-00 00:00:00', '0000-00-00 00:00:00', 'true', 287, '0000-00-00 00:00:00', '0000-00-00 00:00:00', 191, 'unread', '0000-00-00 00:00:00'),
('0000-00-00 00:00:00', '0000-00-00 00:00:00', '0000-00-00 00:00:00', 'true', 288, '0000-00-00 00:00:00', '0000-00-00 00:00:00', 13, 'unread', '0000-00-00 00:00:00'),
('0000-00-00 00:00:00', '0000-00-00 00:00:00', '0000-00-00 00:00:00', 'true', 289, '0000-00-00 00:00:00', '0000-00-00 00:00:00', 16, 'unread', '0000-00-00 00:00:00'),
('0000-00-00 00:00:00', '0000-00-00 00:00:00', '0000-00-00 00:00:00', 'true', 290, '0000-00-00 00:00:00', '0000-00-00 00:00:00', 13, 'unread', '0000-00-00 00:00:00'),
('0000-00-00 00:00:00', '0000-00-00 00:00:00', '0000-00-00 00:00:00', 'true', 291, '0000-00-00 00:00:00', '0000-00-00 00:00:00', 1, 'unread', '0000-00-00 00:00:00'),
('0000-00-00 00:00:00', '0000-00-00 00:00:00', '0000-00-00 00:00:00', 'true', 292, '0000-00-00 00:00:00', '0000-00-00 00:00:00', 16, 'unread', '0000-00-00 00:00:00'),
('0000-00-00 00:00:00', '0000-00-00 00:00:00', '0000-00-00 00:00:00', 'true', 293, '0000-00-00 00:00:00', '0000-00-00 00:00:00', 13, 'unread', '0000-00-00 00:00:00'),
('0000-00-00 00:00:00', '0000-00-00 00:00:00', '0000-00-00 00:00:00', 'true', 294, '0000-00-00 00:00:00', '0000-00-00 00:00:00', 16, 'unread', '0000-00-00 00:00:00'),
('0000-00-00 00:00:00', '0000-00-00 00:00:00', '0000-00-00 00:00:00', 'true', 295, '0000-00-00 00:00:00', '0000-00-00 00:00:00', 16, 'unread', '0000-00-00 00:00:00'),
('0000-00-00 00:00:00', '0000-00-00 00:00:00', '0000-00-00 00:00:00', 'true', 296, '0000-00-00 00:00:00', '0000-00-00 00:00:00', 16, 'unread', '0000-00-00 00:00:00'),
('0000-00-00 00:00:00', '0000-00-00 00:00:00', '0000-00-00 00:00:00', 'true', 297, '0000-00-00 00:00:00', '0000-00-00 00:00:00', 16, 'unread', '0000-00-00 00:00:00'),
('0000-00-00 00:00:00', '0000-00-00 00:00:00', '0000-00-00 00:00:00', 'true', 298, '0000-00-00 00:00:00', '0000-00-00 00:00:00', 1, 'unread', '0000-00-00 00:00:00'),
('0000-00-00 00:00:00', '0000-00-00 00:00:00', '0000-00-00 00:00:00', 'true', 299, '0000-00-00 00:00:00', '0000-00-00 00:00:00', 16, 'unread', '0000-00-00 00:00:00'),
('0000-00-00 00:00:00', '0000-00-00 00:00:00', '0000-00-00 00:00:00', 'true', 300, '2009-08-17 23:41:38', '0000-00-00 00:00:00', 13, 'read', '0000-00-00 00:00:00'),
('0000-00-00 00:00:00', '0000-00-00 00:00:00', '0000-00-00 00:00:00', 'true', 301, '0000-00-00 00:00:00', '0000-00-00 00:00:00', 1, 'unread', '0000-00-00 00:00:00'),
('0000-00-00 00:00:00', '0000-00-00 00:00:00', '0000-00-00 00:00:00', 'true', 302, '0000-00-00 00:00:00', '0000-00-00 00:00:00', 16, 'unread', '0000-00-00 00:00:00'),
('0000-00-00 00:00:00', '0000-00-00 00:00:00', '0000-00-00 00:00:00', 'true', 303, '0000-00-00 00:00:00', '0000-00-00 00:00:00', 13, 'unread', '0000-00-00 00:00:00'),
('0000-00-00 00:00:00', '0000-00-00 00:00:00', '0000-00-00 00:00:00', 'true', 304, '0000-00-00 00:00:00', '0000-00-00 00:00:00', 16, 'unread', '0000-00-00 00:00:00'),
('0000-00-00 00:00:00', '0000-00-00 00:00:00', '0000-00-00 00:00:00', 'true', 305, '0000-00-00 00:00:00', '0000-00-00 00:00:00', 13, 'unread', '0000-00-00 00:00:00'),
('0000-00-00 00:00:00', '0000-00-00 00:00:00', '0000-00-00 00:00:00', 'true', 306, '0000-00-00 00:00:00', '0000-00-00 00:00:00', 16, 'unread', '0000-00-00 00:00:00'),
('0000-00-00 00:00:00', '0000-00-00 00:00:00', '0000-00-00 00:00:00', 'true', 307, '0000-00-00 00:00:00', '0000-00-00 00:00:00', 16, 'unread', '0000-00-00 00:00:00'),
('0000-00-00 00:00:00', '0000-00-00 00:00:00', '0000-00-00 00:00:00', 'true', 308, '0000-00-00 00:00:00', '0000-00-00 00:00:00', 1, 'unread', '0000-00-00 00:00:00'),
('0000-00-00 00:00:00', '0000-00-00 00:00:00', '0000-00-00 00:00:00', 'true', 309, '0000-00-00 00:00:00', '0000-00-00 00:00:00', 13, 'unread', '0000-00-00 00:00:00'),
('0000-00-00 00:00:00', '0000-00-00 00:00:00', '0000-00-00 00:00:00', 'true', 310, '0000-00-00 00:00:00', '0000-00-00 00:00:00', 16, 'unread', '0000-00-00 00:00:00'),
('0000-00-00 00:00:00', '0000-00-00 00:00:00', '0000-00-00 00:00:00', 'true', 311, '0000-00-00 00:00:00', '0000-00-00 00:00:00', 13, 'unread', '0000-00-00 00:00:00'),
('0000-00-00 00:00:00', '0000-00-00 00:00:00', '0000-00-00 00:00:00', 'true', 312, '0000-00-00 00:00:00', '0000-00-00 00:00:00', 212, 'unread', '0000-00-00 00:00:00'),
('0000-00-00 00:00:00', '0000-00-00 00:00:00', '0000-00-00 00:00:00', 'true', 313, '0000-00-00 00:00:00', '0000-00-00 00:00:00', 16, 'unread', '0000-00-00 00:00:00'),
('0000-00-00 00:00:00', '0000-00-00 00:00:00', '0000-00-00 00:00:00', 'true', 314, '0000-00-00 00:00:00', '0000-00-00 00:00:00', 16, 'unread', '0000-00-00 00:00:00'),
('0000-00-00 00:00:00', '0000-00-00 00:00:00', '0000-00-00 00:00:00', 'true', 315, '0000-00-00 00:00:00', '0000-00-00 00:00:00', 213, 'unread', '0000-00-00 00:00:00'),
('0000-00-00 00:00:00', '0000-00-00 00:00:00', '0000-00-00 00:00:00', 'true', 316, '0000-00-00 00:00:00', '0000-00-00 00:00:00', 16, 'unread', '0000-00-00 00:00:00'),
('0000-00-00 00:00:00', '0000-00-00 00:00:00', '0000-00-00 00:00:00', 'true', 317, '0000-00-00 00:00:00', '0000-00-00 00:00:00', 13, 'unread', '0000-00-00 00:00:00'),
('0000-00-00 00:00:00', '0000-00-00 00:00:00', '0000-00-00 00:00:00', 'true', 318, '0000-00-00 00:00:00', '0000-00-00 00:00:00', 16, 'unread', '0000-00-00 00:00:00'),
('0000-00-00 00:00:00', '0000-00-00 00:00:00', '0000-00-00 00:00:00', 'true', 319, '2009-09-10 17:53:01', '0000-00-00 00:00:00', 228, 'read', '0000-00-00 00:00:00'),
('0000-00-00 00:00:00', '0000-00-00 00:00:00', '0000-00-00 00:00:00', 'true', 320, '0000-00-00 00:00:00', '0000-00-00 00:00:00', 213, 'unread', '0000-00-00 00:00:00'),
('0000-00-00 00:00:00', '0000-00-00 00:00:00', '0000-00-00 00:00:00', 'true', 321, '0000-00-00 00:00:00', '0000-00-00 00:00:00', 213, 'unread', '0000-00-00 00:00:00'),
('0000-00-00 00:00:00', '0000-00-00 00:00:00', '0000-00-00 00:00:00', 'true', 322, '0000-00-00 00:00:00', '0000-00-00 00:00:00', 211, 'unread', '0000-00-00 00:00:00'),
('0000-00-00 00:00:00', '0000-00-00 00:00:00', '0000-00-00 00:00:00', 'true', 323, '2009-10-22 06:00:25', '0000-00-00 00:00:00', 16, 'read', '0000-00-00 00:00:00'),
('0000-00-00 00:00:00', '0000-00-00 00:00:00', '0000-00-00 00:00:00', 'true', 324, '0000-00-00 00:00:00', '0000-00-00 00:00:00', 1, 'unread', '0000-00-00 00:00:00'),
('0000-00-00 00:00:00', '0000-00-00 00:00:00', '0000-00-00 00:00:00', 'true', 325, '0000-00-00 00:00:00', '0000-00-00 00:00:00', 1, 'unread', '0000-00-00 00:00:00'),
('0000-00-00 00:00:00', '0000-00-00 00:00:00', '0000-00-00 00:00:00', 'true', 326, '0000-00-00 00:00:00', '0000-00-00 00:00:00', 16, 'unread', '0000-00-00 00:00:00'),
('0000-00-00 00:00:00', '0000-00-00 00:00:00', '0000-00-00 00:00:00', 'true', 327, '0000-00-00 00:00:00', '0000-00-00 00:00:00', 1, 'unread', '0000-00-00 00:00:00'),
('0000-00-00 00:00:00', '0000-00-00 00:00:00', '0000-00-00 00:00:00', 'true', 328, '0000-00-00 00:00:00', '0000-00-00 00:00:00', 16, 'unread', '0000-00-00 00:00:00'),
('0000-00-00 00:00:00', '0000-00-00 00:00:00', '0000-00-00 00:00:00', 'true', 329, '0000-00-00 00:00:00', '0000-00-00 00:00:00', 1, 'unread', '0000-00-00 00:00:00'),
('0000-00-00 00:00:00', '0000-00-00 00:00:00', '0000-00-00 00:00:00', 'true', 330, '2009-12-31 10:03:15', '0000-00-00 00:00:00', 13, 'read', '0000-00-00 00:00:00'),
('0000-00-00 00:00:00', '0000-00-00 00:00:00', '0000-00-00 00:00:00', 'true', 331, '0000-00-00 00:00:00', '0000-00-00 00:00:00', 16, 'unread', '0000-00-00 00:00:00'),
('0000-00-00 00:00:00', '0000-00-00 00:00:00', '0000-00-00 00:00:00', 'true', 332, '2010-01-10 13:21:11', '0000-00-00 00:00:00', 13, 'read', '0000-00-00 00:00:00'),
('0000-00-00 00:00:00', '0000-00-00 00:00:00', '0000-00-00 00:00:00', 'true', 333, '0000-00-00 00:00:00', '0000-00-00 00:00:00', 16, 'unread', '0000-00-00 00:00:00'),
('0000-00-00 00:00:00', '0000-00-00 00:00:00', '0000-00-00 00:00:00', 'true', 334, '0000-00-00 00:00:00', '0000-00-00 00:00:00', 16, 'unread', '0000-00-00 00:00:00'),
('0000-00-00 00:00:00', '0000-00-00 00:00:00', '0000-00-00 00:00:00', 'true', 335, '0000-00-00 00:00:00', '0000-00-00 00:00:00', 16, 'unread', '0000-00-00 00:00:00'),
('0000-00-00 00:00:00', '0000-00-00 00:00:00', '0000-00-00 00:00:00', 'true', 336, '0000-00-00 00:00:00', '0000-00-00 00:00:00', 16, 'unread', '0000-00-00 00:00:00'),
('0000-00-00 00:00:00', '0000-00-00 00:00:00', '0000-00-00 00:00:00', 'true', 337, '2010-02-06 00:54:01', '0000-00-00 00:00:00', 13, 'read', '0000-00-00 00:00:00'),
('0000-00-00 00:00:00', '0000-00-00 00:00:00', '0000-00-00 00:00:00', 'true', 338, '0000-00-00 00:00:00', '0000-00-00 00:00:00', 13, 'unread', '0000-00-00 00:00:00'),
('0000-00-00 00:00:00', '0000-00-00 00:00:00', '0000-00-00 00:00:00', 'true', 339, '0000-00-00 00:00:00', '0000-00-00 00:00:00', 16, 'unread', '0000-00-00 00:00:00'),
('0000-00-00 00:00:00', '0000-00-00 00:00:00', '0000-00-00 00:00:00', 'true', 340, '0000-00-00 00:00:00', '0000-00-00 00:00:00', 16, 'unread', '0000-00-00 00:00:00'),
('0000-00-00 00:00:00', '0000-00-00 00:00:00', '0000-00-00 00:00:00', 'true', 341, '0000-00-00 00:00:00', '0000-00-00 00:00:00', 13, 'unread', '0000-00-00 00:00:00');
INSERT INTO `message_searchable` (`deleted`, `hidden`, `invalid`, `is_sender`, `message_id`, `read`, `replied`, `searchable_id`, `status`, `unread`) VALUES
('0000-00-00 00:00:00', '0000-00-00 00:00:00', '0000-00-00 00:00:00', 'true', 342, '0000-00-00 00:00:00', '0000-00-00 00:00:00', 239, 'unread', '0000-00-00 00:00:00'),
('0000-00-00 00:00:00', '0000-00-00 00:00:00', '0000-00-00 00:00:00', 'true', 343, '2010-02-15 13:39:12', '0000-00-00 00:00:00', 13, 'read', '0000-00-00 00:00:00'),
('0000-00-00 00:00:00', '0000-00-00 00:00:00', '0000-00-00 00:00:00', 'true', 345, '2010-02-15 15:09:50', '0000-00-00 00:00:00', 16, 'read', '0000-00-00 00:00:00'),
('2010-09-06 17:22:42', '0000-00-00 00:00:00', '0000-00-00 00:00:00', 'true', 348, '2010-02-20 11:49:33', '0000-00-00 00:00:00', 16, 'deleted', '0000-00-00 00:00:00'),
('0000-00-00 00:00:00', '0000-00-00 00:00:00', '0000-00-00 00:00:00', 'true', 349, '2010-02-19 10:22:27', '0000-00-00 00:00:00', 13, 'read', '0000-00-00 00:00:00'),
('0000-00-00 00:00:00', '0000-00-00 00:00:00', '0000-00-00 00:00:00', 'true', 350, '2010-02-20 11:52:51', '0000-00-00 00:00:00', 16, 'read', '0000-00-00 00:00:00'),
('0000-00-00 00:00:00', '0000-00-00 00:00:00', '0000-00-00 00:00:00', 'true', 351, '2010-02-23 11:12:36', '0000-00-00 00:00:00', 16, 'read', '0000-00-00 00:00:00'),
('0000-00-00 00:00:00', '0000-00-00 00:00:00', '0000-00-00 00:00:00', 'true', 352, '2010-02-26 10:58:23', '0000-00-00 00:00:00', 16, 'read', '0000-00-00 00:00:00'),
('0000-00-00 00:00:00', '0000-00-00 00:00:00', '0000-00-00 00:00:00', 'true', 353, '2010-02-26 15:04:20', '0000-00-00 00:00:00', 16, 'read', '0000-00-00 00:00:00'),
('0000-00-00 00:00:00', '0000-00-00 00:00:00', '0000-00-00 00:00:00', 'true', 354, '2010-02-27 09:27:13', '0000-00-00 00:00:00', 13, 'read', '0000-00-00 00:00:00'),
('0000-00-00 00:00:00', '0000-00-00 00:00:00', '0000-00-00 00:00:00', 'true', 355, '2010-02-27 13:21:25', '0000-00-00 00:00:00', 212, 'read', '0000-00-00 00:00:00'),
('0000-00-00 00:00:00', '0000-00-00 00:00:00', '0000-00-00 00:00:00', 'true', 356, '2010-02-27 13:25:16', '0000-00-00 00:00:00', 16, 'read', '0000-00-00 00:00:00'),
('0000-00-00 00:00:00', '0000-00-00 00:00:00', '0000-00-00 00:00:00', 'true', 357, '2010-03-02 21:01:57', '0000-00-00 00:00:00', 13, 'read', '0000-00-00 00:00:00'),
('0000-00-00 00:00:00', '0000-00-00 00:00:00', '0000-00-00 00:00:00', 'true', 358, '0000-00-00 00:00:00', '0000-00-00 00:00:00', 239, 'unread', '0000-00-00 00:00:00'),
('0000-00-00 00:00:00', '0000-00-00 00:00:00', '0000-00-00 00:00:00', 'true', 359, '0000-00-00 00:00:00', '0000-00-00 00:00:00', 1, 'unread', '0000-00-00 00:00:00'),
('0000-00-00 00:00:00', '0000-00-00 00:00:00', '0000-00-00 00:00:00', 'true', 360, '2010-03-10 16:21:19', '0000-00-00 00:00:00', 223, 'read', '0000-00-00 00:00:00'),
('0000-00-00 00:00:00', '0000-00-00 00:00:00', '0000-00-00 00:00:00', 'true', 361, '2010-03-13 08:15:29', '0000-00-00 00:00:00', 16, 'read', '0000-00-00 00:00:00'),
('0000-00-00 00:00:00', '0000-00-00 00:00:00', '0000-00-00 00:00:00', 'true', 362, '0000-00-00 00:00:00', '0000-00-00 00:00:00', 1, 'unread', '0000-00-00 00:00:00'),
('0000-00-00 00:00:00', '0000-00-00 00:00:00', '0000-00-00 00:00:00', 'true', 363, '0000-00-00 00:00:00', '0000-00-00 00:00:00', 1, 'unread', '0000-00-00 00:00:00'),
('0000-00-00 00:00:00', '0000-00-00 00:00:00', '0000-00-00 00:00:00', 'true', 364, '0000-00-00 00:00:00', '0000-00-00 00:00:00', 1, 'unread', '0000-00-00 00:00:00'),
('0000-00-00 00:00:00', '0000-00-00 00:00:00', '0000-00-00 00:00:00', 'true', 365, '2010-04-11 15:52:14', '0000-00-00 00:00:00', 13, 'read', '0000-00-00 00:00:00'),
('0000-00-00 00:00:00', '0000-00-00 00:00:00', '0000-00-00 00:00:00', 'true', 366, '2010-04-11 15:54:56', '0000-00-00 00:00:00', 13, 'read', '0000-00-00 00:00:00'),
('0000-00-00 00:00:00', '0000-00-00 00:00:00', '0000-00-00 00:00:00', 'true', 367, '0000-00-00 00:00:00', '0000-00-00 00:00:00', 16, 'unread', '0000-00-00 00:00:00'),
('0000-00-00 00:00:00', '0000-00-00 00:00:00', '0000-00-00 00:00:00', 'true', 368, '0000-00-00 00:00:00', '0000-00-00 00:00:00', 13, 'unread', '0000-00-00 00:00:00'),
('0000-00-00 00:00:00', '0000-00-00 00:00:00', '0000-00-00 00:00:00', 'true', 369, '0000-00-00 00:00:00', '0000-00-00 00:00:00', 16, 'unread', '0000-00-00 00:00:00'),
('0000-00-00 00:00:00', '0000-00-00 00:00:00', '0000-00-00 00:00:00', 'true', 370, '0000-00-00 00:00:00', '0000-00-00 00:00:00', 13, 'unread', '0000-00-00 00:00:00');

-- --------------------------------------------------------

--
-- Table structure for table `network`
--

CREATE TABLE IF NOT EXISTS `network` (
  `searchable_id` int(11) unsigned NOT NULL,
  PRIMARY KEY (`searchable_id`),
  KEY `searchable_network_fk` (`searchable_id`)
) ENGINE=InnoDB DEFAULT CHARSET=utf8;

--
-- Dumping data for table `network`
--

INSERT INTO `network` (`searchable_id`) VALUES
(239),
(240),
(241),
(242),
(243),
(244),
(245),
(246),
(247),
(250),
(256),
(257),
(258),
(259),
(260),
(261),
(262),
(263),
(264),
(265),
(268),
(269),
(274),
(287);

-- --------------------------------------------------------

--
-- Table structure for table `news`
--

CREATE TABLE IF NOT EXISTS `news` (
  `body` mediumtext NOT NULL,
  `created` timestamp NOT NULL DEFAULT '0000-00-00 00:00:00',
  `date` timestamp NOT NULL DEFAULT '0000-00-00 00:00:00',
  `expires` timestamp NOT NULL DEFAULT '0000-00-00 00:00:00',
  `id` mediumint(8) unsigned NOT NULL AUTO_INCREMENT,
  `modified` timestamp NOT NULL DEFAULT CURRENT_TIMESTAMP ON UPDATE CURRENT_TIMESTAMP,
  `type` char(1) NOT NULL,
  `title` varchar(255) NOT NULL,
  PRIMARY KEY (`id`)
) ENGINE=InnoDB  DEFAULT CHARSET=utf8 AUTO_INCREMENT=33 ;

--
-- Dumping data for table `news`
--

INSERT INTO `news` (`body`, `created`, `date`, `expires`, `id`, `modified`, `type`, `title`) VALUES
('This is a notice to all users (ahem... mike and matt) that the administration article feature is working again. The design has been cleaned up, but it mostly behaves the same way as it used to.', '2009-07-05 17:22:29', '2009-07-05 17:30:00', '2009-07-12 17:30:00', 1, '2009-07-05 17:22:29', 'N', 'Articles Feature Is Working Again'),
('Two heads are better than one. So Matt will be heading over to Mike''s place in order to explore the site and understand potential bugs. Miles is invited as well, as his input is extremely valuable to our toddler audience.', '2009-07-25 18:14:03', '2009-07-26 16:00:00', '2009-07-26 17:00:00', 4, '2009-07-26 15:16:02', 'E', 'Meeting At Mike''s Place'),
('I will Pay every beta tester $5 per novel bug logged with me! :>\r\n-OR- a beer per bug.  Your Choice.  -Mike', '2009-09-02 14:17:33', '2009-09-03 11:00:00', '2009-10-03 11:00:00', 5, '2009-09-02 14:17:33', 'N', 'WILL PAY FOR BUGS!!!'),
('Hello!', '2009-10-22 05:49:51', '2009-10-22 05:48:51', '2009-10-23 05:48:51', 6, '2009-10-22 05:49:51', 'N', 'TESTING THE EVENT NEW TITLE'),
('Remember to register your team for the Spring Season!!! \r\nGoto http://siliconvalleysoccer.com/', '2010-02-27 09:21:05', '2010-02-27 09:18:56', '2010-03-27 09:18:56', 13, '2010-02-27 09:21:05', 'N', 'Weeknight Spring Season Registration Closes Friday Feb.26th!!! '),
('Early Registration discount expires on 3/12!!!\r\nhttp://siliconvalleysoccer.com/register.php?id=63', '2010-02-27 09:22:16', '2010-02-27 09:21:20', '2010-03-27 09:21:20', 14, '2010-02-27 09:22:16', 'N', 'Saturday Men''s over 50 Registration is OPEN '),
('Saturday Skills Clinics start March 28!!! \r\nhttp://www.georgelamptey.com/', '2010-02-27 09:23:09', '2010-02-27 09:22:44', '2010-03-27 09:22:44', 15, '2010-02-28 03:54:45', 'N', 'George Lamptey Advanced Clinic Registration is open! '),
('test new', '2010-03-30 13:07:24', '2010-03-30 13:06:48', '2010-03-30 23:06:48', 16, '2010-03-30 13:07:24', 'N', 'test'),
('test', '2010-04-05 08:19:14', '2010-04-05 08:18:45', '0000-00-00 00:00:00', 17, '2010-04-05 08:19:11', 'N', 'test'),
('The background color of this alert is "Warning Orange". I thought it fitting :p', '2010-05-11 10:03:37', '2010-05-11 10:02:42', '2010-05-13 10:02:42', 18, '2010-05-11 10:03:01', 'A', 'Critical News!!!'),
('HI All: this is a news test!', '2010-05-11 18:29:25', '2010-05-11 18:28:35', '2010-05-12 18:28:35', 19, '2010-05-11 18:28:48', 'N', 'Testing News that should dissapear at 6:28 PM on Wed'),
('Testing alert...', '2010-05-11 18:31:08', '2010-05-11 18:28:35', '2010-05-12 18:28:35', 20, '2010-05-11 18:30:31', 'A', 'This alert should dissappear at 6:28PM on wed'),
('ALERT ALERT ALERT', '2010-05-16 19:14:09', '2010-05-16 19:13:32', '2010-05-19 19:13:32', 22, '2010-05-16 19:13:27', 'A', 'Testing the News Service'),
('Please remember to register your COED Team for SUMMER SUNDAYS! ', '2010-05-20 11:37:57', '2010-05-20 11:36:33', '2010-06-20 11:36:33', 23, '2010-05-20 11:37:13', 'A', 'COED SUMMER REGISTRATION END MAY 31st!'),
('Start Planning now for you tournament team, registration will open in July.  For more info see: http://siliconvalleysoccer.com/', '2010-05-20 11:39:44', '2010-05-20 11:36:33', '2010-06-20 11:36:33', 24, '2010-05-20 11:39:00', 'E', 'ANNUAL 2010 SUMMER TOURNAMET DATES are set: Aug 29-30th'),
('test test test', '2010-07-15 20:37:51', '2010-07-15 20:37:06', '2010-07-25 20:37:06', 25, '2010-07-15 20:37:46', 'E', 'Testing News Events'),
('test test test', '2010-07-15 20:38:43', '2010-07-15 20:37:06', '2010-07-25 20:37:06', 26, '2010-07-15 20:38:37', 'A', 'Testing News alerts'),
('test test test', '2010-07-15 20:39:29', '2010-07-15 20:37:06', '2010-07-25 20:37:06', 27, '2010-07-15 20:39:23', 'N', 'testing news news'),
('Game will start the week of Sept 7th. ', '2010-09-06 17:17:05', '2010-09-06 17:15:42', '2010-09-26 17:15:42', 28, '2010-09-06 17:17:05', 'N', 'COED FALL SEAONS REGISTRATION IS CLOSED!'),
('asdfasdfasdfasdfasd', '2010-09-06 17:20:11', '2010-09-06 17:15:42', '2010-09-26 17:15:42', 29, '2010-09-06 17:20:11', 'E', 'ANNUAL 2010 SUMMER TOURNAMET DATES are set: Aug 29-30th'),
('content', '2010-10-21 12:30:41', '2010-10-21 12:29:32', '2010-10-25 12:29:32', 30, '2010-10-21 12:20:12', 'E', 'Testing the News Service'),
('Resister your team for the WINTER COED Season at this link: http://siliconvalleysoccer.com/register.php?id=71', '2010-11-21 16:23:21', '2010-11-21 16:21:52', '2010-12-21 16:21:52', 31, '2010-11-21 16:17:01', 'A', 'Registration for Winter COED is OPEN'),
('Premiere:  UNDECIDED and AZZURRI tied\r\nD 2A:  Falcons\r\nD 2B:  Rovers', '2010-11-21 16:25:57', '2010-11-21 16:23:59', '2010-12-21 16:23:59', 32, '2010-11-21 16:19:37', 'N', 'Fall Seasson Champions');

-- --------------------------------------------------------

--
-- Table structure for table `news_searchable`
--

CREATE TABLE IF NOT EXISTS `news_searchable` (
  `modified` timestamp NOT NULL DEFAULT CURRENT_TIMESTAMP ON UPDATE CURRENT_TIMESTAMP,
  `created` timestamp NOT NULL DEFAULT '0000-00-00 00:00:00',
  `id` int(11) unsigned NOT NULL AUTO_INCREMENT,
  `news_id` int(8) unsigned NOT NULL,
  `searchable_id` int(11) unsigned NOT NULL,
  PRIMARY KEY (`id`),
  UNIQUE KEY `news_searchable_unqiue_key` (`news_id`,`searchable_id`),
  KEY `news_searchable_searchable_fk` (`searchable_id`)
) ENGINE=InnoDB  DEFAULT CHARSET=utf8 AUTO_INCREMENT=374 ;

--
-- Dumping data for table `news_searchable`
--

INSERT INTO `news_searchable` (`modified`, `created`, `id`, `news_id`, `searchable_id`) VALUES
('2010-05-11 10:03:01', '2010-05-11 10:03:37', 1, 18, 13),
('2010-05-11 10:03:01', '2010-05-11 10:03:37', 2, 18, 16),
('2010-05-11 10:03:01', '2010-05-11 10:03:37', 3, 18, 34),
('2010-05-11 10:03:01', '2010-05-11 10:03:37', 4, 18, 195),
('2010-05-11 10:03:01', '2010-05-11 10:03:37', 5, 18, 198),
('2010-05-11 10:03:01', '2010-05-11 10:03:37', 6, 18, 202),
('2010-05-11 10:03:01', '2010-05-11 10:03:37', 7, 18, 203),
('2010-05-11 10:03:01', '2010-05-11 10:03:37', 8, 18, 205),
('2010-05-11 10:03:01', '2010-05-11 10:03:37', 9, 18, 211),
('2010-05-11 10:03:01', '2010-05-11 10:03:37', 10, 18, 212),
('2010-05-11 10:03:01', '2010-05-11 10:03:37', 11, 18, 213),
('2010-05-11 10:03:01', '2010-05-11 10:03:37', 12, 18, 214),
('2010-05-11 10:03:01', '2010-05-11 10:03:37', 13, 18, 215),
('2010-05-11 10:03:01', '2010-05-11 10:03:37', 14, 18, 216),
('2010-05-11 10:03:01', '2010-05-11 10:03:37', 15, 18, 219),
('2010-05-11 10:03:01', '2010-05-11 10:03:37', 16, 18, 220),
('2010-05-11 10:03:01', '2010-05-11 10:03:37', 17, 18, 221),
('2010-05-11 10:03:01', '2010-05-11 10:03:37', 18, 18, 223),
('2010-05-11 10:03:01', '2010-05-11 10:03:37', 19, 18, 228),
('2010-05-11 10:03:01', '2010-05-11 10:03:37', 20, 18, 229),
('2010-05-11 10:03:01', '2010-05-11 10:03:37', 21, 18, 253),
('2010-05-11 10:03:01', '2010-05-11 10:03:37', 22, 18, 254),
('2010-05-11 18:28:48', '2010-05-11 18:29:25', 23, 19, 13),
('2010-05-11 18:28:48', '2010-05-11 18:29:25', 24, 19, 16),
('2010-05-11 18:28:48', '2010-05-11 18:29:25', 25, 19, 34),
('2010-05-11 18:28:48', '2010-05-11 18:29:25', 26, 19, 195),
('2010-05-11 18:28:48', '2010-05-11 18:29:25', 27, 19, 198),
('2010-05-11 18:28:48', '2010-05-11 18:29:25', 28, 19, 202),
('2010-05-11 18:28:48', '2010-05-11 18:29:25', 29, 19, 203),
('2010-05-11 18:28:48', '2010-05-11 18:29:25', 30, 19, 205),
('2010-05-11 18:28:48', '2010-05-11 18:29:25', 31, 19, 211),
('2010-05-11 18:28:48', '2010-05-11 18:29:25', 32, 19, 212),
('2010-05-11 18:28:48', '2010-05-11 18:29:25', 33, 19, 213),
('2010-05-11 18:28:48', '2010-05-11 18:29:25', 34, 19, 214),
('2010-05-11 18:28:48', '2010-05-11 18:29:25', 35, 19, 215),
('2010-05-11 18:28:48', '2010-05-11 18:29:25', 36, 19, 216),
('2010-05-11 18:28:48', '2010-05-11 18:29:25', 37, 19, 219),
('2010-05-11 18:28:48', '2010-05-11 18:29:25', 38, 19, 220),
('2010-05-11 18:28:48', '2010-05-11 18:29:25', 39, 19, 221),
('2010-05-11 18:28:48', '2010-05-11 18:29:25', 40, 19, 223),
('2010-05-11 18:28:48', '2010-05-11 18:29:25', 41, 19, 228),
('2010-05-11 18:28:48', '2010-05-11 18:29:25', 42, 19, 229),
('2010-05-11 18:28:48', '2010-05-11 18:29:25', 43, 19, 253),
('2010-05-11 18:28:48', '2010-05-11 18:29:25', 44, 19, 254),
('2010-05-11 18:30:31', '2010-05-11 18:31:08', 45, 20, 13),
('2010-05-11 18:30:31', '2010-05-11 18:31:08', 46, 20, 16),
('2010-05-11 18:30:31', '2010-05-11 18:31:08', 47, 20, 34),
('2010-05-11 18:30:31', '2010-05-11 18:31:08', 48, 20, 195),
('2010-05-11 18:30:31', '2010-05-11 18:31:08', 49, 20, 198),
('2010-05-11 18:30:31', '2010-05-11 18:31:08', 50, 20, 202),
('2010-05-11 18:30:31', '2010-05-11 18:31:08', 51, 20, 203),
('2010-05-11 18:30:31', '2010-05-11 18:31:08', 52, 20, 205),
('2010-05-11 18:30:31', '2010-05-11 18:31:08', 53, 20, 211),
('2010-05-11 18:30:31', '2010-05-11 18:31:08', 54, 20, 212),
('2010-05-11 18:30:31', '2010-05-11 18:31:08', 55, 20, 213),
('2010-05-11 18:30:31', '2010-05-11 18:31:08', 56, 20, 214),
('2010-05-11 18:30:31', '2010-05-11 18:31:08', 57, 20, 215),
('2010-05-11 18:30:31', '2010-05-11 18:31:08', 58, 20, 216),
('2010-05-11 18:30:31', '2010-05-11 18:31:08', 59, 20, 219),
('2010-05-11 18:30:31', '2010-05-11 18:31:08', 60, 20, 220),
('2010-05-11 18:30:31', '2010-05-11 18:31:08', 61, 20, 221),
('2010-05-11 18:30:31', '2010-05-11 18:31:08', 62, 20, 223),
('2010-05-11 18:30:31', '2010-05-11 18:31:08', 63, 20, 228),
('2010-05-11 18:30:31', '2010-05-11 18:31:08', 64, 20, 229),
('2010-05-11 18:30:31', '2010-05-11 18:31:08', 65, 20, 253),
('2010-05-11 18:30:31', '2010-05-11 18:31:08', 66, 20, 254),
('2010-05-16 17:49:59', '2010-05-16 17:50:40', 67, 21, 13),
('2010-05-16 17:49:59', '2010-05-16 17:50:40', 68, 21, 16),
('2010-05-16 17:49:59', '2010-05-16 17:50:40', 69, 21, 34),
('2010-05-16 17:49:59', '2010-05-16 17:50:40', 70, 21, 195),
('2010-05-16 17:49:59', '2010-05-16 17:50:40', 71, 21, 198),
('2010-05-16 17:49:59', '2010-05-16 17:50:40', 72, 21, 202),
('2010-05-16 17:49:59', '2010-05-16 17:50:40', 73, 21, 203),
('2010-05-16 17:49:59', '2010-05-16 17:50:40', 74, 21, 205),
('2010-05-16 17:49:59', '2010-05-16 17:50:40', 75, 21, 211),
('2010-05-16 17:49:59', '2010-05-16 17:50:40', 76, 21, 212),
('2010-05-16 17:49:59', '2010-05-16 17:50:40', 77, 21, 213),
('2010-05-16 17:49:59', '2010-05-16 17:50:40', 78, 21, 214),
('2010-05-16 17:49:59', '2010-05-16 17:50:40', 79, 21, 215),
('2010-05-16 17:49:59', '2010-05-16 17:50:40', 80, 21, 216),
('2010-05-16 17:49:59', '2010-05-16 17:50:40', 81, 21, 219),
('2010-05-16 17:49:59', '2010-05-16 17:50:40', 82, 21, 220),
('2010-05-16 17:49:59', '2010-05-16 17:50:40', 83, 21, 221),
('2010-05-16 17:49:59', '2010-05-16 17:50:40', 84, 21, 223),
('2010-05-16 17:49:59', '2010-05-16 17:50:40', 85, 21, 228),
('2010-05-16 17:49:59', '2010-05-16 17:50:40', 86, 21, 229),
('2010-05-16 17:49:59', '2010-05-16 17:50:40', 87, 21, 253),
('2010-05-16 17:49:59', '2010-05-16 17:50:40', 88, 21, 254),
('2010-05-16 19:13:27', '2010-05-16 19:14:09', 89, 22, 13),
('2010-05-16 19:13:27', '2010-05-16 19:14:09', 90, 22, 16),
('2010-05-16 19:13:27', '2010-05-16 19:14:09', 91, 22, 34),
('2010-05-16 19:13:27', '2010-05-16 19:14:09', 92, 22, 195),
('2010-05-16 19:13:27', '2010-05-16 19:14:09', 93, 22, 198),
('2010-05-16 19:13:27', '2010-05-16 19:14:09', 94, 22, 202),
('2010-05-16 19:13:27', '2010-05-16 19:14:09', 95, 22, 203),
('2010-05-16 19:13:27', '2010-05-16 19:14:09', 96, 22, 205),
('2010-05-16 19:13:27', '2010-05-16 19:14:09', 97, 22, 211),
('2010-05-16 19:13:27', '2010-05-16 19:14:09', 98, 22, 212),
('2010-05-16 19:13:27', '2010-05-16 19:14:09', 99, 22, 213),
('2010-05-16 19:13:27', '2010-05-16 19:14:09', 100, 22, 214),
('2010-05-16 19:13:27', '2010-05-16 19:14:09', 101, 22, 215),
('2010-05-16 19:13:27', '2010-05-16 19:14:09', 102, 22, 216),
('2010-05-16 19:13:27', '2010-05-16 19:14:09', 103, 22, 219),
('2010-05-16 19:13:27', '2010-05-16 19:14:09', 104, 22, 220),
('2010-05-16 19:13:27', '2010-05-16 19:14:09', 105, 22, 221),
('2010-05-16 19:13:27', '2010-05-16 19:14:09', 106, 22, 223),
('2010-05-16 19:13:27', '2010-05-16 19:14:09', 107, 22, 228),
('2010-05-16 19:13:27', '2010-05-16 19:14:09', 108, 22, 229),
('2010-05-16 19:13:27', '2010-05-16 19:14:09', 109, 22, 253),
('2010-05-16 19:13:27', '2010-05-16 19:14:09', 110, 22, 254),
('2010-05-20 11:37:13', '2010-05-20 11:37:57', 111, 23, 13),
('2010-05-20 11:37:13', '2010-05-20 11:37:57', 112, 23, 16),
('2010-05-20 11:37:13', '2010-05-20 11:37:57', 113, 23, 34),
('2010-05-20 11:37:13', '2010-05-20 11:37:57', 114, 23, 195),
('2010-05-20 11:37:13', '2010-05-20 11:37:57', 115, 23, 198),
('2010-05-20 11:37:13', '2010-05-20 11:37:57', 116, 23, 202),
('2010-05-20 11:37:13', '2010-05-20 11:37:57', 117, 23, 203),
('2010-05-20 11:37:13', '2010-05-20 11:37:57', 118, 23, 205),
('2010-05-20 11:37:13', '2010-05-20 11:37:57', 119, 23, 211),
('2010-05-20 11:37:13', '2010-05-20 11:37:57', 120, 23, 212),
('2010-05-20 11:37:13', '2010-05-20 11:37:57', 121, 23, 213),
('2010-05-20 11:37:13', '2010-05-20 11:37:57', 122, 23, 214),
('2010-05-20 11:37:13', '2010-05-20 11:37:57', 123, 23, 215),
('2010-05-20 11:37:13', '2010-05-20 11:37:57', 124, 23, 216),
('2010-05-20 11:37:13', '2010-05-20 11:37:57', 125, 23, 219),
('2010-05-20 11:37:13', '2010-05-20 11:37:57', 126, 23, 220),
('2010-05-20 11:37:13', '2010-05-20 11:37:57', 127, 23, 221),
('2010-05-20 11:37:13', '2010-05-20 11:37:57', 128, 23, 223),
('2010-05-20 11:37:13', '2010-05-20 11:37:57', 129, 23, 228),
('2010-05-20 11:37:13', '2010-05-20 11:37:57', 130, 23, 229),
('2010-05-20 11:37:13', '2010-05-20 11:37:57', 131, 23, 253),
('2010-05-20 11:37:13', '2010-05-20 11:37:57', 132, 23, 254),
('2010-05-20 11:39:00', '2010-05-20 11:39:45', 133, 24, 13),
('2010-05-20 11:39:00', '2010-05-20 11:39:45', 134, 24, 16),
('2010-05-20 11:39:00', '2010-05-20 11:39:45', 135, 24, 34),
('2010-05-20 11:39:00', '2010-05-20 11:39:45', 136, 24, 195),
('2010-05-20 11:39:00', '2010-05-20 11:39:45', 137, 24, 198),
('2010-05-20 11:39:00', '2010-05-20 11:39:45', 138, 24, 202),
('2010-05-20 11:39:00', '2010-05-20 11:39:45', 139, 24, 203),
('2010-05-20 11:39:00', '2010-05-20 11:39:45', 140, 24, 205),
('2010-05-20 11:39:00', '2010-05-20 11:39:45', 141, 24, 211),
('2010-05-20 11:39:00', '2010-05-20 11:39:45', 142, 24, 212),
('2010-05-20 11:39:00', '2010-05-20 11:39:45', 143, 24, 213),
('2010-05-20 11:39:00', '2010-05-20 11:39:45', 144, 24, 214),
('2010-05-20 11:39:00', '2010-05-20 11:39:45', 145, 24, 215),
('2010-05-20 11:39:00', '2010-05-20 11:39:45', 146, 24, 216),
('2010-05-20 11:39:00', '2010-05-20 11:39:45', 147, 24, 219),
('2010-05-20 11:39:00', '2010-05-20 11:39:45', 148, 24, 220),
('2010-05-20 11:39:00', '2010-05-20 11:39:45', 149, 24, 221),
('2010-05-20 11:39:00', '2010-05-20 11:39:45', 150, 24, 223),
('2010-05-20 11:39:00', '2010-05-20 11:39:45', 151, 24, 228),
('2010-05-20 11:39:00', '2010-05-20 11:39:45', 152, 24, 229),
('2010-05-20 11:39:00', '2010-05-20 11:39:45', 153, 24, 253),
('2010-05-20 11:39:00', '2010-05-20 11:39:45', 154, 24, 254),
('2010-07-15 20:37:46', '2010-07-15 20:37:51', 155, 25, 13),
('2010-07-15 20:37:46', '2010-07-15 20:37:51', 156, 25, 16),
('2010-07-15 20:37:46', '2010-07-15 20:37:51', 157, 25, 34),
('2010-07-15 20:37:46', '2010-07-15 20:37:51', 158, 25, 195),
('2010-07-15 20:37:46', '2010-07-15 20:37:51', 159, 25, 198),
('2010-07-15 20:37:46', '2010-07-15 20:37:51', 160, 25, 202),
('2010-07-15 20:37:46', '2010-07-15 20:37:51', 161, 25, 203),
('2010-07-15 20:37:46', '2010-07-15 20:37:51', 162, 25, 205),
('2010-07-15 20:37:46', '2010-07-15 20:37:51', 163, 25, 211),
('2010-07-15 20:37:46', '2010-07-15 20:37:51', 164, 25, 212),
('2010-07-15 20:37:46', '2010-07-15 20:37:51', 165, 25, 213),
('2010-07-15 20:37:46', '2010-07-15 20:37:51', 166, 25, 214),
('2010-07-15 20:37:46', '2010-07-15 20:37:51', 167, 25, 215),
('2010-07-15 20:37:46', '2010-07-15 20:37:51', 168, 25, 216),
('2010-07-15 20:37:46', '2010-07-15 20:37:51', 169, 25, 219),
('2010-07-15 20:37:46', '2010-07-15 20:37:51', 170, 25, 220),
('2010-07-15 20:37:46', '2010-07-15 20:37:51', 171, 25, 221),
('2010-07-15 20:37:46', '2010-07-15 20:37:51', 172, 25, 223),
('2010-07-15 20:37:46', '2010-07-15 20:37:51', 173, 25, 228),
('2010-07-15 20:37:46', '2010-07-15 20:37:51', 174, 25, 229),
('2010-07-15 20:37:46', '2010-07-15 20:37:51', 175, 25, 253),
('2010-07-15 20:37:46', '2010-07-15 20:37:51', 176, 25, 254),
('2010-07-15 20:37:46', '2010-07-15 20:37:51', 177, 25, 266),
('2010-07-15 20:38:37', '2010-07-15 20:38:43', 178, 26, 13),
('2010-07-15 20:38:37', '2010-07-15 20:38:43', 179, 26, 16),
('2010-07-15 20:38:37', '2010-07-15 20:38:43', 180, 26, 34),
('2010-07-15 20:38:37', '2010-07-15 20:38:43', 181, 26, 195),
('2010-07-15 20:38:37', '2010-07-15 20:38:43', 182, 26, 198),
('2010-07-15 20:38:37', '2010-07-15 20:38:43', 183, 26, 202),
('2010-07-15 20:38:37', '2010-07-15 20:38:43', 184, 26, 203),
('2010-07-15 20:38:37', '2010-07-15 20:38:43', 185, 26, 205),
('2010-07-15 20:38:37', '2010-07-15 20:38:43', 186, 26, 211),
('2010-07-15 20:38:37', '2010-07-15 20:38:43', 187, 26, 212),
('2010-07-15 20:38:37', '2010-07-15 20:38:43', 188, 26, 213),
('2010-07-15 20:38:37', '2010-07-15 20:38:43', 189, 26, 214),
('2010-07-15 20:38:37', '2010-07-15 20:38:43', 190, 26, 215),
('2010-07-15 20:38:37', '2010-07-15 20:38:43', 191, 26, 216),
('2010-07-15 20:38:37', '2010-07-15 20:38:43', 192, 26, 219),
('2010-07-15 20:38:37', '2010-07-15 20:38:43', 193, 26, 220),
('2010-07-15 20:38:37', '2010-07-15 20:38:43', 194, 26, 221),
('2010-07-15 20:38:37', '2010-07-15 20:38:43', 195, 26, 223),
('2010-07-15 20:38:37', '2010-07-15 20:38:43', 196, 26, 228),
('2010-07-15 20:38:37', '2010-07-15 20:38:43', 197, 26, 229),
('2010-07-15 20:38:37', '2010-07-15 20:38:43', 198, 26, 253),
('2010-07-15 20:38:37', '2010-07-15 20:38:43', 199, 26, 254),
('2010-07-15 20:38:37', '2010-07-15 20:38:43', 200, 26, 266),
('2010-07-15 20:39:24', '2010-07-15 20:39:29', 201, 27, 13),
('2010-07-15 20:39:24', '2010-07-15 20:39:29', 202, 27, 16),
('2010-07-15 20:39:24', '2010-07-15 20:39:29', 203, 27, 34),
('2010-07-15 20:39:24', '2010-07-15 20:39:29', 204, 27, 195),
('2010-07-15 20:39:24', '2010-07-15 20:39:29', 205, 27, 198),
('2010-07-15 20:39:24', '2010-07-15 20:39:29', 206, 27, 202),
('2010-07-15 20:39:24', '2010-07-15 20:39:29', 207, 27, 203),
('2010-07-15 20:39:24', '2010-07-15 20:39:29', 208, 27, 205),
('2010-07-15 20:39:24', '2010-07-15 20:39:29', 209, 27, 211),
('2010-07-15 20:39:24', '2010-07-15 20:39:29', 210, 27, 212),
('2010-07-15 20:39:24', '2010-07-15 20:39:29', 211, 27, 213),
('2010-07-15 20:39:24', '2010-07-15 20:39:29', 212, 27, 214),
('2010-07-15 20:39:24', '2010-07-15 20:39:29', 213, 27, 215),
('2010-07-15 20:39:24', '2010-07-15 20:39:29', 214, 27, 216),
('2010-07-15 20:39:24', '2010-07-15 20:39:29', 215, 27, 219),
('2010-07-15 20:39:24', '2010-07-15 20:39:29', 216, 27, 220),
('2010-07-15 20:39:24', '2010-07-15 20:39:29', 217, 27, 221),
('2010-07-15 20:39:24', '2010-07-15 20:39:29', 218, 27, 223),
('2010-07-15 20:39:24', '2010-07-15 20:39:29', 219, 27, 228),
('2010-07-15 20:39:24', '2010-07-15 20:39:29', 220, 27, 229),
('2010-07-15 20:39:24', '2010-07-15 20:39:29', 221, 27, 253),
('2010-07-15 20:39:24', '2010-07-15 20:39:29', 222, 27, 254),
('2010-07-15 20:39:24', '2010-07-15 20:39:29', 223, 27, 266),
('2010-09-06 17:17:05', '2010-09-06 17:17:05', 224, 28, 13),
('2010-09-06 17:17:05', '2010-09-06 17:17:05', 225, 28, 16),
('2010-09-06 17:17:05', '2010-09-06 17:17:05', 226, 28, 34),
('2010-09-06 17:17:05', '2010-09-06 17:17:05', 227, 28, 195),
('2010-09-06 17:17:05', '2010-09-06 17:17:05', 228, 28, 198),
('2010-09-06 17:17:05', '2010-09-06 17:17:05', 229, 28, 202),
('2010-09-06 17:17:05', '2010-09-06 17:17:05', 230, 28, 203),
('2010-09-06 17:17:05', '2010-09-06 17:17:05', 231, 28, 205),
('2010-09-06 17:17:05', '2010-09-06 17:17:05', 232, 28, 211),
('2010-09-06 17:17:05', '2010-09-06 17:17:05', 233, 28, 212),
('2010-09-06 17:17:05', '2010-09-06 17:17:05', 234, 28, 213),
('2010-09-06 17:17:05', '2010-09-06 17:17:05', 235, 28, 214),
('2010-09-06 17:17:05', '2010-09-06 17:17:05', 236, 28, 215),
('2010-09-06 17:17:05', '2010-09-06 17:17:05', 237, 28, 216),
('2010-09-06 17:17:05', '2010-09-06 17:17:05', 238, 28, 219),
('2010-09-06 17:17:05', '2010-09-06 17:17:05', 239, 28, 220),
('2010-09-06 17:17:05', '2010-09-06 17:17:05', 240, 28, 221),
('2010-09-06 17:17:05', '2010-09-06 17:17:05', 241, 28, 223),
('2010-09-06 17:17:05', '2010-09-06 17:17:05', 242, 28, 228),
('2010-09-06 17:17:05', '2010-09-06 17:17:05', 243, 28, 229),
('2010-09-06 17:17:05', '2010-09-06 17:17:05', 244, 28, 253),
('2010-09-06 17:17:05', '2010-09-06 17:17:05', 245, 28, 254),
('2010-09-06 17:17:05', '2010-09-06 17:17:05', 246, 28, 266),
('2010-09-06 17:17:05', '2010-09-06 17:17:05', 247, 28, 270),
('2010-09-06 17:17:05', '2010-09-06 17:17:05', 248, 28, 271),
('2010-09-06 17:20:11', '2010-09-06 17:20:11', 249, 29, 13),
('2010-09-06 17:20:11', '2010-09-06 17:20:11', 250, 29, 16),
('2010-09-06 17:20:11', '2010-09-06 17:20:11', 251, 29, 34),
('2010-09-06 17:20:11', '2010-09-06 17:20:11', 252, 29, 195),
('2010-09-06 17:20:11', '2010-09-06 17:20:11', 253, 29, 198),
('2010-09-06 17:20:11', '2010-09-06 17:20:11', 254, 29, 202),
('2010-09-06 17:20:11', '2010-09-06 17:20:11', 255, 29, 203),
('2010-09-06 17:20:11', '2010-09-06 17:20:11', 256, 29, 205),
('2010-09-06 17:20:11', '2010-09-06 17:20:11', 257, 29, 211),
('2010-09-06 17:20:11', '2010-09-06 17:20:11', 258, 29, 212),
('2010-09-06 17:20:11', '2010-09-06 17:20:11', 259, 29, 213),
('2010-09-06 17:20:11', '2010-09-06 17:20:11', 260, 29, 214),
('2010-09-06 17:20:11', '2010-09-06 17:20:11', 261, 29, 215),
('2010-09-06 17:20:11', '2010-09-06 17:20:11', 262, 29, 216),
('2010-09-06 17:20:11', '2010-09-06 17:20:11', 263, 29, 219),
('2010-09-06 17:20:11', '2010-09-06 17:20:11', 264, 29, 220),
('2010-09-06 17:20:11', '2010-09-06 17:20:11', 265, 29, 221),
('2010-09-06 17:20:11', '2010-09-06 17:20:11', 266, 29, 223),
('2010-09-06 17:20:11', '2010-09-06 17:20:11', 267, 29, 228),
('2010-09-06 17:20:11', '2010-09-06 17:20:11', 268, 29, 229),
('2010-09-06 17:20:11', '2010-09-06 17:20:11', 269, 29, 253),
('2010-09-06 17:20:11', '2010-09-06 17:20:11', 270, 29, 254),
('2010-09-06 17:20:11', '2010-09-06 17:20:11', 271, 29, 266),
('2010-09-06 17:20:11', '2010-09-06 17:20:11', 272, 29, 270),
('2010-09-06 17:20:11', '2010-09-06 17:20:11', 273, 29, 271),
('2010-10-21 12:20:13', '2010-10-21 12:30:42', 274, 30, 13),
('2010-10-21 12:20:13', '2010-10-21 12:30:42', 275, 30, 16),
('2010-10-21 12:20:13', '2010-10-21 12:30:42', 276, 30, 34),
('2010-10-21 12:20:13', '2010-10-21 12:30:42', 277, 30, 195),
('2010-10-21 12:20:13', '2010-10-21 12:30:42', 278, 30, 198),
('2010-10-21 12:20:13', '2010-10-21 12:30:42', 279, 30, 202),
('2010-10-21 12:20:13', '2010-10-21 12:30:42', 280, 30, 203),
('2010-10-21 12:20:13', '2010-10-21 12:30:42', 281, 30, 205),
('2010-10-21 12:20:13', '2010-10-21 12:30:42', 282, 30, 211),
('2010-10-21 12:20:13', '2010-10-21 12:30:42', 283, 30, 212),
('2010-10-21 12:20:13', '2010-10-21 12:30:42', 284, 30, 213),
('2010-10-21 12:20:13', '2010-10-21 12:30:42', 285, 30, 214),
('2010-10-21 12:20:13', '2010-10-21 12:30:42', 286, 30, 215),
('2010-10-21 12:20:13', '2010-10-21 12:30:42', 287, 30, 216),
('2010-10-21 12:20:13', '2010-10-21 12:30:42', 288, 30, 219),
('2010-10-21 12:20:13', '2010-10-21 12:30:42', 289, 30, 220),
('2010-10-21 12:20:13', '2010-10-21 12:30:42', 290, 30, 221),
('2010-10-21 12:20:13', '2010-10-21 12:30:42', 291, 30, 223),
('2010-10-21 12:20:13', '2010-10-21 12:30:42', 292, 30, 228),
('2010-10-21 12:20:13', '2010-10-21 12:30:42', 293, 30, 229),
('2010-10-21 12:20:13', '2010-10-21 12:30:42', 294, 30, 253),
('2010-10-21 12:20:13', '2010-10-21 12:30:42', 295, 30, 254),
('2010-10-21 12:20:13', '2010-10-21 12:30:42', 296, 30, 266),
('2010-10-21 12:20:13', '2010-10-21 12:30:42', 297, 30, 270),
('2010-10-21 12:20:13', '2010-10-21 12:30:42', 298, 30, 271),
('2010-10-21 12:20:13', '2010-10-21 12:30:42', 299, 30, 275),
('2010-11-21 16:17:01', '2010-11-21 16:23:21', 300, 31, 13),
('2010-11-21 16:17:01', '2010-11-21 16:23:21', 301, 31, 16),
('2010-11-21 16:17:01', '2010-11-21 16:23:21', 302, 31, 34),
('2010-11-21 16:17:01', '2010-11-21 16:23:21', 303, 31, 195),
('2010-11-21 16:17:01', '2010-11-21 16:23:21', 304, 31, 198),
('2010-11-21 16:17:01', '2010-11-21 16:23:21', 305, 31, 202),
('2010-11-21 16:17:01', '2010-11-21 16:23:21', 306, 31, 203),
('2010-11-21 16:17:01', '2010-11-21 16:23:21', 307, 31, 205),
('2010-11-21 16:17:01', '2010-11-21 16:23:21', 308, 31, 211),
('2010-11-21 16:17:01', '2010-11-21 16:23:21', 309, 31, 212),
('2010-11-21 16:17:01', '2010-11-21 16:23:21', 310, 31, 213),
('2010-11-21 16:17:01', '2010-11-21 16:23:21', 311, 31, 214),
('2010-11-21 16:17:01', '2010-11-21 16:23:21', 312, 31, 215),
('2010-11-21 16:17:01', '2010-11-21 16:23:21', 313, 31, 216),
('2010-11-21 16:17:01', '2010-11-21 16:23:21', 314, 31, 219),
('2010-11-21 16:17:01', '2010-11-21 16:23:21', 315, 31, 220),
('2010-11-21 16:17:01', '2010-11-21 16:23:21', 316, 31, 221),
('2010-11-21 16:17:01', '2010-11-21 16:23:21', 317, 31, 223),
('2010-11-21 16:17:01', '2010-11-21 16:23:21', 318, 31, 228),
('2010-11-21 16:17:01', '2010-11-21 16:23:21', 319, 31, 229),
('2010-11-21 16:17:01', '2010-11-21 16:23:21', 320, 31, 253),
('2010-11-21 16:17:01', '2010-11-21 16:23:21', 321, 31, 254),
('2010-11-21 16:17:01', '2010-11-21 16:23:21', 322, 31, 266),
('2010-11-21 16:17:01', '2010-11-21 16:23:21', 323, 31, 270),
('2010-11-21 16:17:01', '2010-11-21 16:23:21', 324, 31, 271),
('2010-11-21 16:17:01', '2010-11-21 16:23:21', 325, 31, 275),
('2010-11-21 16:17:01', '2010-11-21 16:23:21', 326, 31, 276),
('2010-11-21 16:17:01', '2010-11-21 16:23:21', 327, 31, 277),
('2010-11-21 16:17:01', '2010-11-21 16:23:21', 328, 31, 278),
('2010-11-21 16:17:01', '2010-11-21 16:23:21', 329, 31, 279),
('2010-11-21 16:17:01', '2010-11-21 16:23:21', 330, 31, 280),
('2010-11-21 16:17:01', '2010-11-21 16:23:21', 331, 31, 281),
('2010-11-21 16:17:01', '2010-11-21 16:23:21', 332, 31, 282),
('2010-11-21 16:17:01', '2010-11-21 16:23:21', 333, 31, 283),
('2010-11-21 16:17:01', '2010-11-21 16:23:21', 334, 31, 284),
('2010-11-21 16:17:01', '2010-11-21 16:23:21', 335, 31, 285),
('2010-11-21 16:17:01', '2010-11-21 16:23:21', 336, 31, 286),
('2010-11-21 16:19:38', '2010-11-21 16:25:58', 337, 32, 13),
('2010-11-21 16:19:38', '2010-11-21 16:25:58', 338, 32, 16),
('2010-11-21 16:19:38', '2010-11-21 16:25:58', 339, 32, 34),
('2010-11-21 16:19:38', '2010-11-21 16:25:58', 340, 32, 195),
('2010-11-21 16:19:38', '2010-11-21 16:25:58', 341, 32, 198),
('2010-11-21 16:19:38', '2010-11-21 16:25:58', 342, 32, 202),
('2010-11-21 16:19:38', '2010-11-21 16:25:58', 343, 32, 203),
('2010-11-21 16:19:38', '2010-11-21 16:25:58', 344, 32, 205),
('2010-11-21 16:19:38', '2010-11-21 16:25:58', 345, 32, 211),
('2010-11-21 16:19:38', '2010-11-21 16:25:58', 346, 32, 212),
('2010-11-21 16:19:38', '2010-11-21 16:25:58', 347, 32, 213),
('2010-11-21 16:19:38', '2010-11-21 16:25:58', 348, 32, 214),
('2010-11-21 16:19:38', '2010-11-21 16:25:58', 349, 32, 215),
('2010-11-21 16:19:38', '2010-11-21 16:25:58', 350, 32, 216),
('2010-11-21 16:19:38', '2010-11-21 16:25:58', 351, 32, 219),
('2010-11-21 16:19:38', '2010-11-21 16:25:58', 352, 32, 220),
('2010-11-21 16:19:38', '2010-11-21 16:25:58', 353, 32, 221),
('2010-11-21 16:19:38', '2010-11-21 16:25:58', 354, 32, 223),
('2010-11-21 16:19:38', '2010-11-21 16:25:58', 355, 32, 228),
('2010-11-21 16:19:38', '2010-11-21 16:25:58', 356, 32, 229),
('2010-11-21 16:19:38', '2010-11-21 16:25:58', 357, 32, 253),
('2010-11-21 16:19:38', '2010-11-21 16:25:58', 358, 32, 254),
('2010-11-21 16:19:38', '2010-11-21 16:25:58', 359, 32, 266),
('2010-11-21 16:19:38', '2010-11-21 16:25:58', 360, 32, 270),
('2010-11-21 16:19:38', '2010-11-21 16:25:58', 361, 32, 271),
('2010-11-21 16:19:38', '2010-11-21 16:25:58', 362, 32, 275),
('2010-11-21 16:19:38', '2010-11-21 16:25:58', 363, 32, 276),
('2010-11-21 16:19:38', '2010-11-21 16:25:58', 364, 32, 277),
('2010-11-21 16:19:38', '2010-11-21 16:25:58', 365, 32, 278),
('2010-11-21 16:19:38', '2010-11-21 16:25:58', 366, 32, 279),
('2010-11-21 16:19:38', '2010-11-21 16:25:58', 367, 32, 280),
('2010-11-21 16:19:38', '2010-11-21 16:25:58', 368, 32, 281),
('2010-11-21 16:19:38', '2010-11-21 16:25:58', 369, 32, 282),
('2010-11-21 16:19:38', '2010-11-21 16:25:58', 370, 32, 283),
('2010-11-21 16:19:38', '2010-11-21 16:25:58', 371, 32, 284),
('2010-11-21 16:19:38', '2010-11-21 16:25:58', 372, 32, 285),
('2010-11-21 16:19:38', '2010-11-21 16:25:58', 373, 32, 286);

-- --------------------------------------------------------

--
-- Table structure for table `notification`
--

CREATE TABLE IF NOT EXISTS `notification` (
  `modified` timestamp NOT NULL DEFAULT CURRENT_TIMESTAMP ON UPDATE CURRENT_TIMESTAMP,
  `created` timestamp NOT NULL DEFAULT '0000-00-00 00:00:00',
  `copy` varchar(255) DEFAULT NULL,
  `id` int(11) unsigned NOT NULL AUTO_INCREMENT,
  `related_id` int(11) unsigned DEFAULT NULL,
  `searchable_by_id` int(11) unsigned NOT NULL,
  `searchable_to_id` int(11) unsigned NOT NULL,
  `status` enum('active','deleted') NOT NULL DEFAULT 'active',
  `type` enum('member','message','news') NOT NULL,
  PRIMARY KEY (`id`),
  KEY `notification_searchable_to_fk` (`searchable_by_id`),
  KEY `notification_searchable_by_fk` (`searchable_to_id`)
) ENGINE=InnoDB  DEFAULT CHARSET=utf8 AUTO_INCREMENT=498 ;

--
-- Dumping data for table `notification`
--

INSERT INTO `notification` (`modified`, `created`, `copy`, `id`, `related_id`, `searchable_by_id`, `searchable_to_id`, `status`, `type`) VALUES
('2010-05-25 08:40:14', '2010-02-27 09:21:05', NULL, 1, 13, 1, 1, 'deleted', 'news'),
('2010-05-25 08:40:14', '2010-02-27 09:21:05', NULL, 2, 13, 1, 13, 'deleted', 'news'),
('2010-05-25 08:40:14', '2010-02-27 09:21:05', NULL, 3, 13, 1, 16, 'deleted', 'news'),
('2010-05-25 08:40:14', '2010-02-27 09:21:05', NULL, 4, 13, 1, 34, 'deleted', 'news'),
('2010-05-25 08:40:14', '2010-02-27 09:21:05', NULL, 5, 13, 1, 188, 'deleted', 'news'),
('2010-05-25 08:40:14', '2010-02-27 09:21:05', NULL, 6, 13, 1, 191, 'deleted', 'news'),
('2010-05-25 08:40:14', '2010-02-27 09:21:05', NULL, 7, 13, 1, 194, 'deleted', 'news'),
('2010-05-25 08:40:14', '2010-02-27 09:21:05', NULL, 8, 13, 1, 195, 'deleted', 'news'),
('2010-05-25 08:40:14', '2010-02-27 09:21:05', NULL, 9, 13, 1, 198, 'deleted', 'news'),
('2010-05-25 08:40:14', '2010-02-27 09:21:05', NULL, 10, 13, 1, 202, 'deleted', 'news'),
('2010-05-25 08:40:14', '2010-02-27 09:21:05', NULL, 11, 13, 1, 203, 'deleted', 'news'),
('2010-05-25 08:40:14', '2010-02-27 09:21:05', NULL, 12, 13, 1, 205, 'deleted', 'news'),
('2010-05-25 08:40:14', '2010-02-27 09:21:05', NULL, 13, 13, 1, 208, 'deleted', 'news'),
('2010-05-25 08:40:14', '2010-02-27 09:21:05', NULL, 14, 13, 1, 210, 'deleted', 'news'),
('2010-05-25 08:40:14', '2010-02-27 09:21:05', NULL, 15, 13, 1, 211, 'deleted', 'news'),
('2010-05-25 08:40:14', '2010-02-27 09:21:05', NULL, 16, 13, 1, 212, 'deleted', 'news'),
('2010-05-25 08:40:14', '2010-02-27 09:21:05', NULL, 17, 13, 1, 213, 'deleted', 'news'),
('2010-05-25 08:40:14', '2010-02-27 09:21:05', NULL, 18, 13, 1, 214, 'deleted', 'news'),
('2010-05-25 08:40:14', '2010-02-27 09:21:05', NULL, 19, 13, 1, 215, 'deleted', 'news'),
('2010-05-25 08:40:14', '2010-02-27 09:21:05', NULL, 20, 13, 1, 216, 'deleted', 'news'),
('2010-05-25 08:40:14', '2010-02-27 09:21:05', NULL, 21, 13, 1, 219, 'deleted', 'news'),
('2010-05-25 08:40:14', '2010-02-27 09:21:05', NULL, 22, 13, 1, 220, 'deleted', 'news'),
('2010-05-25 08:40:14', '2010-02-27 09:21:05', NULL, 23, 13, 1, 221, 'deleted', 'news'),
('2010-05-25 08:40:14', '2010-02-27 09:21:05', NULL, 24, 13, 1, 223, 'deleted', 'news'),
('2010-05-25 08:40:14', '2010-02-27 09:21:05', NULL, 25, 13, 1, 228, 'deleted', 'news'),
('2010-05-25 08:40:14', '2010-02-27 09:21:05', NULL, 26, 13, 1, 229, 'deleted', 'news'),
('2010-05-25 08:40:14', '2010-02-27 09:21:05', NULL, 27, 13, 1, 239, 'deleted', 'news'),
('2010-05-25 08:40:14', '2010-02-27 09:21:05', NULL, 28, 13, 1, 240, 'deleted', 'news'),
('2010-05-25 08:40:14', '2010-02-27 09:21:05', NULL, 29, 13, 1, 241, 'deleted', 'news'),
('2010-05-25 08:40:14', '2010-02-27 09:21:05', NULL, 30, 13, 1, 242, 'deleted', 'news'),
('2010-05-25 08:40:14', '2010-02-27 09:21:05', NULL, 31, 13, 1, 243, 'deleted', 'news'),
('2010-05-25 08:40:14', '2010-02-27 09:21:05', NULL, 32, 13, 1, 244, 'deleted', 'news'),
('2010-05-25 08:40:14', '2010-02-27 09:21:05', NULL, 33, 13, 1, 245, 'deleted', 'news'),
('2010-05-25 08:40:14', '2010-02-27 09:21:05', NULL, 34, 13, 1, 246, 'deleted', 'news'),
('2010-05-25 08:40:14', '2010-02-27 09:21:05', NULL, 35, 13, 1, 247, 'deleted', 'news'),
('2010-05-25 08:40:14', '2010-02-27 09:21:05', NULL, 36, 13, 1, 248, 'deleted', 'news'),
('2010-05-25 08:40:14', '2010-02-27 09:21:05', NULL, 37, 13, 1, 249, 'deleted', 'news'),
('2010-05-25 08:40:14', '2010-02-27 09:21:05', NULL, 38, 13, 1, 250, 'deleted', 'news'),
('2010-05-25 08:40:14', '2010-02-27 09:21:05', NULL, 39, 13, 1, 251, 'deleted', 'news'),
('2010-05-25 08:40:14', '2010-02-27 09:21:05', NULL, 40, 13, 1, 252, 'deleted', 'news'),
('2010-05-25 08:40:14', '2010-02-27 09:22:16', NULL, 41, 14, 1, 1, 'deleted', 'news'),
('2010-05-25 08:40:14', '2010-02-27 09:22:16', NULL, 42, 14, 1, 13, 'deleted', 'news'),
('2010-05-25 08:40:14', '2010-02-27 09:22:16', NULL, 43, 14, 1, 16, 'deleted', 'news'),
('2010-05-25 08:40:14', '2010-02-27 09:22:16', NULL, 44, 14, 1, 34, 'deleted', 'news'),
('2010-05-25 08:40:14', '2010-02-27 09:22:16', NULL, 45, 14, 1, 188, 'deleted', 'news'),
('2010-05-25 08:40:14', '2010-02-27 09:22:16', NULL, 46, 14, 1, 191, 'deleted', 'news'),
('2010-05-25 08:40:14', '2010-02-27 09:22:16', NULL, 47, 14, 1, 194, 'deleted', 'news'),
('2010-05-25 08:40:14', '2010-02-27 09:22:16', NULL, 48, 14, 1, 195, 'deleted', 'news'),
('2010-05-25 08:40:14', '2010-02-27 09:22:16', NULL, 49, 14, 1, 198, 'deleted', 'news'),
('2010-05-25 08:40:14', '2010-02-27 09:22:16', NULL, 50, 14, 1, 202, 'deleted', 'news'),
('2010-05-25 08:40:14', '2010-02-27 09:22:16', NULL, 51, 14, 1, 203, 'deleted', 'news'),
('2010-05-25 08:40:14', '2010-02-27 09:22:16', NULL, 52, 14, 1, 205, 'deleted', 'news'),
('2010-05-25 08:40:14', '2010-02-27 09:22:16', NULL, 53, 14, 1, 208, 'deleted', 'news'),
('2010-05-25 08:40:14', '2010-02-27 09:22:16', NULL, 54, 14, 1, 210, 'deleted', 'news'),
('2010-05-25 08:40:14', '2010-02-27 09:22:16', NULL, 55, 14, 1, 211, 'deleted', 'news'),
('2010-05-25 08:40:14', '2010-02-27 09:22:16', NULL, 56, 14, 1, 212, 'deleted', 'news'),
('2010-05-25 08:40:14', '2010-02-27 09:22:16', NULL, 57, 14, 1, 213, 'deleted', 'news'),
('2010-05-25 08:40:14', '2010-02-27 09:22:16', NULL, 58, 14, 1, 214, 'deleted', 'news'),
('2010-05-25 08:40:14', '2010-02-27 09:22:16', NULL, 59, 14, 1, 215, 'deleted', 'news'),
('2010-05-25 08:40:14', '2010-02-27 09:22:16', NULL, 60, 14, 1, 216, 'deleted', 'news'),
('2010-05-25 08:40:14', '2010-02-27 09:22:16', NULL, 61, 14, 1, 219, 'deleted', 'news'),
('2010-05-25 08:40:14', '2010-02-27 09:22:16', NULL, 62, 14, 1, 220, 'deleted', 'news'),
('2010-05-25 08:40:14', '2010-02-27 09:22:16', NULL, 63, 14, 1, 221, 'deleted', 'news'),
('2010-05-25 08:40:14', '2010-02-27 09:22:16', NULL, 64, 14, 1, 223, 'deleted', 'news'),
('2010-05-25 08:40:14', '2010-02-27 09:22:16', NULL, 65, 14, 1, 228, 'deleted', 'news'),
('2010-05-25 08:40:14', '2010-02-27 09:22:16', NULL, 66, 14, 1, 229, 'deleted', 'news'),
('2010-05-25 08:40:14', '2010-02-27 09:22:16', NULL, 67, 14, 1, 239, 'deleted', 'news'),
('2010-05-25 08:40:14', '2010-02-27 09:22:16', NULL, 68, 14, 1, 240, 'deleted', 'news'),
('2010-05-25 08:40:14', '2010-02-27 09:22:16', NULL, 69, 14, 1, 241, 'deleted', 'news'),
('2010-05-25 08:40:14', '2010-02-27 09:22:16', NULL, 70, 14, 1, 242, 'deleted', 'news'),
('2010-05-25 08:40:14', '2010-02-27 09:22:16', NULL, 71, 14, 1, 243, 'deleted', 'news'),
('2010-05-25 08:40:14', '2010-02-27 09:22:16', NULL, 72, 14, 1, 244, 'deleted', 'news'),
('2010-05-25 08:40:14', '2010-02-27 09:22:16', NULL, 73, 14, 1, 245, 'deleted', 'news'),
('2010-05-25 08:40:14', '2010-02-27 09:22:16', NULL, 74, 14, 1, 246, 'deleted', 'news'),
('2010-05-25 08:40:14', '2010-02-27 09:22:16', NULL, 75, 14, 1, 247, 'deleted', 'news'),
('2010-05-25 08:40:14', '2010-02-27 09:22:16', NULL, 76, 14, 1, 248, 'deleted', 'news'),
('2010-05-25 08:40:14', '2010-02-27 09:22:16', NULL, 77, 14, 1, 249, 'deleted', 'news'),
('2010-05-25 08:40:14', '2010-02-27 09:22:16', NULL, 78, 14, 1, 250, 'deleted', 'news'),
('2010-05-25 08:40:14', '2010-02-27 09:22:16', NULL, 79, 14, 1, 251, 'deleted', 'news'),
('2010-05-25 08:40:14', '2010-02-27 09:22:16', NULL, 80, 14, 1, 252, 'deleted', 'news'),
('2010-05-25 08:40:14', '2010-02-27 09:23:09', NULL, 81, 15, 1, 1, 'deleted', 'news'),
('2010-05-25 08:40:14', '2010-02-27 09:23:09', NULL, 82, 15, 1, 13, 'deleted', 'news'),
('2010-05-25 08:40:14', '2010-02-27 09:23:09', NULL, 83, 15, 1, 16, 'deleted', 'news'),
('2010-05-25 08:40:14', '2010-02-27 09:23:09', NULL, 84, 15, 1, 34, 'deleted', 'news'),
('2010-05-25 08:40:14', '2010-02-27 09:23:09', NULL, 85, 15, 1, 188, 'deleted', 'news'),
('2010-05-25 08:40:14', '2010-02-27 09:23:09', NULL, 86, 15, 1, 191, 'deleted', 'news'),
('2010-05-25 08:40:14', '2010-02-27 09:23:09', NULL, 87, 15, 1, 194, 'deleted', 'news'),
('2010-05-25 08:40:14', '2010-02-27 09:23:09', NULL, 88, 15, 1, 195, 'deleted', 'news'),
('2010-05-25 08:40:14', '2010-02-27 09:23:09', NULL, 89, 15, 1, 198, 'deleted', 'news'),
('2010-05-25 08:40:14', '2010-02-27 09:23:09', NULL, 90, 15, 1, 202, 'deleted', 'news'),
('2010-05-25 08:40:14', '2010-02-27 09:23:09', NULL, 91, 15, 1, 203, 'deleted', 'news'),
('2010-05-25 08:40:14', '2010-02-27 09:23:09', NULL, 92, 15, 1, 205, 'deleted', 'news'),
('2010-05-25 08:40:14', '2010-02-27 09:23:09', NULL, 93, 15, 1, 208, 'deleted', 'news'),
('2010-05-25 08:40:14', '2010-02-27 09:23:09', NULL, 94, 15, 1, 210, 'deleted', 'news'),
('2010-05-25 08:40:14', '2010-02-27 09:23:09', NULL, 95, 15, 1, 211, 'deleted', 'news'),
('2010-05-25 08:40:14', '2010-02-27 09:23:09', NULL, 96, 15, 1, 212, 'deleted', 'news'),
('2010-05-25 08:40:14', '2010-02-27 09:23:09', NULL, 97, 15, 1, 213, 'deleted', 'news'),
('2010-05-25 08:40:14', '2010-02-27 09:23:09', NULL, 98, 15, 1, 214, 'deleted', 'news'),
('2010-05-25 08:40:14', '2010-02-27 09:23:09', NULL, 99, 15, 1, 215, 'deleted', 'news'),
('2010-05-25 08:40:14', '2010-02-27 09:23:09', NULL, 100, 15, 1, 216, 'deleted', 'news'),
('2010-05-25 08:40:14', '2010-02-27 09:23:09', NULL, 101, 15, 1, 219, 'deleted', 'news'),
('2010-05-25 08:40:14', '2010-02-27 09:23:09', NULL, 102, 15, 1, 220, 'deleted', 'news'),
('2010-05-25 08:40:14', '2010-02-27 09:23:09', NULL, 103, 15, 1, 221, 'deleted', 'news'),
('2010-05-25 08:40:14', '2010-02-27 09:23:09', NULL, 104, 15, 1, 223, 'deleted', 'news'),
('2010-05-25 08:40:14', '2010-02-27 09:23:09', NULL, 105, 15, 1, 228, 'deleted', 'news'),
('2010-05-25 08:40:14', '2010-02-27 09:23:09', NULL, 106, 15, 1, 229, 'deleted', 'news'),
('2010-05-25 08:40:14', '2010-02-27 09:23:09', NULL, 107, 15, 1, 239, 'deleted', 'news'),
('2010-05-25 08:40:14', '2010-02-27 09:23:09', NULL, 108, 15, 1, 240, 'deleted', 'news'),
('2010-05-25 08:40:14', '2010-02-27 09:23:09', NULL, 109, 15, 1, 241, 'deleted', 'news'),
('2010-05-25 08:40:14', '2010-02-27 09:23:09', NULL, 110, 15, 1, 242, 'deleted', 'news'),
('2010-05-25 08:40:14', '2010-02-27 09:23:09', NULL, 111, 15, 1, 243, 'deleted', 'news'),
('2010-05-25 08:40:14', '2010-02-27 09:23:09', NULL, 112, 15, 1, 244, 'deleted', 'news'),
('2010-05-25 08:40:14', '2010-02-27 09:23:09', NULL, 113, 15, 1, 245, 'deleted', 'news'),
('2010-05-25 08:40:14', '2010-02-27 09:23:09', NULL, 114, 15, 1, 246, 'deleted', 'news'),
('2010-05-25 08:40:14', '2010-02-27 09:23:09', NULL, 115, 15, 1, 247, 'deleted', 'news'),
('2010-05-25 08:40:14', '2010-02-27 09:23:09', NULL, 116, 15, 1, 248, 'deleted', 'news'),
('2010-05-25 08:40:14', '2010-02-27 09:23:09', NULL, 117, 15, 1, 249, 'deleted', 'news'),
('2010-05-25 08:40:14', '2010-02-27 09:23:09', NULL, 118, 15, 1, 250, 'deleted', 'news'),
('2010-05-25 08:40:14', '2010-02-27 09:23:09', NULL, 119, 15, 1, 251, 'deleted', 'news'),
('2010-05-25 08:40:14', '2010-02-27 09:23:09', NULL, 120, 15, 1, 252, 'deleted', 'news'),
('2010-02-27 09:27:13', '2010-02-27 09:27:10', NULL, 121, 354, 13, 16, 'deleted', 'message'),
('2010-02-27 13:21:25', '2010-02-27 13:21:22', NULL, 122, 355, 212, 16, 'deleted', 'message'),
('2010-02-27 13:21:25', '2010-02-27 13:21:22', NULL, 123, 355, 212, 229, 'deleted', 'message'),
('2010-02-28 23:19:40', '2010-02-27 13:25:13', NULL, 124, 356, 16, 13, 'deleted', 'message'),
('2010-03-02 21:01:58', '2010-03-02 21:01:56', NULL, 125, 357, 13, 16, 'deleted', 'message'),
('2010-03-08 09:33:44', '2010-03-08 09:33:19', NULL, 126, 358, 239, 16, 'deleted', 'message'),
('2010-03-08 09:33:44', '2010-03-08 09:33:19', NULL, 127, 358, 239, 223, 'deleted', 'message'),
('2010-03-09 13:01:42', '2010-03-09 12:47:35', NULL, 128, 359, 1, 220, 'deleted', 'message'),
('2010-03-09 13:01:42', '2010-03-09 12:47:35', NULL, 129, 359, 1, 13, 'deleted', 'message'),
('2010-03-09 13:01:42', '2010-03-09 12:47:35', NULL, 130, 359, 1, 34, 'deleted', 'message'),
('2010-03-09 13:01:42', '2010-03-09 12:47:36', NULL, 131, 359, 1, 211, 'deleted', 'message'),
('2010-03-09 13:01:42', '2010-03-09 12:47:36', NULL, 132, 359, 1, 212, 'deleted', 'message'),
('2010-03-09 13:01:42', '2010-03-09 12:47:36', NULL, 133, 359, 1, 213, 'deleted', 'message'),
('2010-03-09 13:01:42', '2010-03-09 12:47:36', NULL, 134, 359, 1, 214, 'deleted', 'message'),
('2010-03-09 13:01:42', '2010-03-09 12:47:36', NULL, 135, 359, 1, 215, 'deleted', 'message'),
('2010-03-09 13:01:42', '2010-03-09 12:47:36', NULL, 136, 359, 1, 216, 'deleted', 'message'),
('2010-03-09 13:01:42', '2010-03-09 12:47:37', NULL, 137, 359, 1, 223, 'deleted', 'message'),
('2010-03-09 13:01:42', '2010-03-09 12:47:37', NULL, 138, 359, 1, 228, 'deleted', 'message'),
('2010-03-09 13:01:42', '2010-03-09 12:47:37', NULL, 139, 359, 1, 229, 'deleted', 'message'),
('2010-03-10 16:21:19', '2010-03-10 16:21:18', NULL, 140, 360, 223, 228, 'deleted', 'message'),
('2010-03-13 08:15:29', '2010-03-13 08:15:27', NULL, 141, 361, 16, 13, 'deleted', 'message'),
('2010-03-29 09:09:36', '2010-03-20 10:14:47', NULL, 142, 362, 1, 13, 'deleted', 'message'),
('2010-03-29 09:09:36', '2010-03-20 10:14:47', NULL, 143, 362, 1, 223, 'deleted', 'message'),
('2010-03-29 09:09:36', '2010-03-20 10:14:47', NULL, 144, 362, 1, 229, 'deleted', 'message'),
('2010-03-29 09:09:23', '2010-03-20 10:15:24', NULL, 145, 363, 1, 13, 'deleted', 'message'),
('2010-03-29 09:09:23', '2010-03-20 10:15:24', NULL, 146, 363, 1, 34, 'deleted', 'message'),
('2010-03-29 09:09:23', '2010-03-20 10:15:24', NULL, 147, 363, 1, 229, 'deleted', 'message'),
('2010-05-25 08:40:14', '2010-03-30 13:07:24', NULL, 148, 16, 1, 1, 'deleted', 'news'),
('2010-05-25 08:40:14', '2010-03-30 13:07:24', NULL, 149, 16, 1, 13, 'deleted', 'news'),
('2010-05-25 08:40:14', '2010-03-30 13:07:24', NULL, 150, 16, 1, 16, 'deleted', 'news'),
('2010-05-25 08:40:14', '2010-03-30 13:07:24', NULL, 151, 16, 1, 34, 'deleted', 'news'),
('2010-05-25 08:40:14', '2010-03-30 13:07:24', NULL, 152, 16, 1, 188, 'deleted', 'news'),
('2010-05-25 08:40:14', '2010-03-30 13:07:24', NULL, 153, 16, 1, 191, 'deleted', 'news'),
('2010-05-25 08:40:14', '2010-03-30 13:07:24', NULL, 154, 16, 1, 194, 'deleted', 'news'),
('2010-05-25 08:40:14', '2010-03-30 13:07:24', NULL, 155, 16, 1, 195, 'deleted', 'news'),
('2010-05-25 08:40:14', '2010-03-30 13:07:24', NULL, 156, 16, 1, 198, 'deleted', 'news'),
('2010-05-25 08:40:14', '2010-03-30 13:07:24', NULL, 157, 16, 1, 202, 'deleted', 'news'),
('2010-05-25 08:40:14', '2010-03-30 13:07:24', NULL, 158, 16, 1, 203, 'deleted', 'news'),
('2010-05-25 08:40:14', '2010-03-30 13:07:24', NULL, 159, 16, 1, 205, 'deleted', 'news'),
('2010-05-25 08:40:14', '2010-03-30 13:07:24', NULL, 160, 16, 1, 208, 'deleted', 'news'),
('2010-05-25 08:40:14', '2010-03-30 13:07:24', NULL, 161, 16, 1, 210, 'deleted', 'news'),
('2010-05-25 08:40:14', '2010-03-30 13:07:24', NULL, 162, 16, 1, 211, 'deleted', 'news'),
('2010-05-25 08:40:14', '2010-03-30 13:07:24', NULL, 163, 16, 1, 212, 'deleted', 'news'),
('2010-05-25 08:40:14', '2010-03-30 13:07:24', NULL, 164, 16, 1, 213, 'deleted', 'news'),
('2010-05-25 08:40:14', '2010-03-30 13:07:24', NULL, 165, 16, 1, 214, 'deleted', 'news'),
('2010-05-25 08:40:14', '2010-03-30 13:07:24', NULL, 166, 16, 1, 215, 'deleted', 'news'),
('2010-05-25 08:40:14', '2010-03-30 13:07:24', NULL, 167, 16, 1, 216, 'deleted', 'news'),
('2010-05-25 08:40:14', '2010-03-30 13:07:24', NULL, 168, 16, 1, 219, 'deleted', 'news'),
('2010-05-25 08:40:14', '2010-03-30 13:07:24', NULL, 169, 16, 1, 220, 'deleted', 'news'),
('2010-05-25 08:40:14', '2010-03-30 13:07:24', NULL, 170, 16, 1, 221, 'deleted', 'news'),
('2010-05-25 08:40:14', '2010-03-30 13:07:24', NULL, 171, 16, 1, 223, 'deleted', 'news'),
('2010-05-25 08:40:14', '2010-03-30 13:07:24', NULL, 172, 16, 1, 228, 'deleted', 'news'),
('2010-05-25 08:40:14', '2010-03-30 13:07:24', NULL, 173, 16, 1, 229, 'deleted', 'news'),
('2010-05-25 08:40:14', '2010-03-30 13:07:24', NULL, 174, 16, 1, 239, 'deleted', 'news'),
('2010-05-25 08:40:14', '2010-03-30 13:07:24', NULL, 175, 16, 1, 240, 'deleted', 'news'),
('2010-05-25 08:40:14', '2010-03-30 13:07:24', NULL, 176, 16, 1, 241, 'deleted', 'news'),
('2010-05-25 08:40:14', '2010-03-30 13:07:24', NULL, 177, 16, 1, 242, 'deleted', 'news'),
('2010-05-25 08:40:14', '2010-03-30 13:07:24', NULL, 178, 16, 1, 243, 'deleted', 'news'),
('2010-05-25 08:40:14', '2010-03-30 13:07:24', NULL, 179, 16, 1, 244, 'deleted', 'news'),
('2010-05-25 08:40:14', '2010-03-30 13:07:24', NULL, 180, 16, 1, 245, 'deleted', 'news'),
('2010-05-25 08:40:14', '2010-03-30 13:07:24', NULL, 181, 16, 1, 246, 'deleted', 'news'),
('2010-05-25 08:40:14', '2010-03-30 13:07:24', NULL, 182, 16, 1, 247, 'deleted', 'news'),
('2010-05-25 08:40:14', '2010-03-30 13:07:24', NULL, 183, 16, 1, 248, 'deleted', 'news'),
('2010-05-25 08:40:14', '2010-03-30 13:07:24', NULL, 184, 16, 1, 249, 'deleted', 'news'),
('2010-05-25 08:40:14', '2010-03-30 13:07:24', NULL, 185, 16, 1, 250, 'deleted', 'news'),
('2010-05-25 08:40:14', '2010-03-30 13:07:24', NULL, 186, 16, 1, 251, 'deleted', 'news'),
('2010-05-25 08:40:14', '2010-03-30 13:07:24', NULL, 187, 16, 1, 252, 'deleted', 'news'),
('2010-05-25 08:40:14', '2010-04-05 08:19:14', NULL, 188, 17, 1, 1, 'deleted', 'news'),
('2010-05-25 08:40:14', '2010-04-05 08:19:14', NULL, 189, 17, 1, 13, 'deleted', 'news'),
('2010-05-25 08:40:14', '2010-04-05 08:19:14', NULL, 190, 17, 1, 16, 'deleted', 'news'),
('2010-05-25 08:40:14', '2010-04-05 08:19:14', NULL, 191, 17, 1, 34, 'deleted', 'news'),
('2010-05-25 08:40:14', '2010-04-05 08:19:14', NULL, 192, 17, 1, 188, 'deleted', 'news'),
('2010-05-25 08:40:14', '2010-04-05 08:19:14', NULL, 193, 17, 1, 191, 'deleted', 'news'),
('2010-05-25 08:40:14', '2010-04-05 08:19:14', NULL, 194, 17, 1, 194, 'deleted', 'news'),
('2010-05-25 08:40:14', '2010-04-05 08:19:14', NULL, 195, 17, 1, 195, 'deleted', 'news'),
('2010-05-25 08:40:14', '2010-04-05 08:19:14', NULL, 196, 17, 1, 198, 'deleted', 'news'),
('2010-05-25 08:40:14', '2010-04-05 08:19:14', NULL, 197, 17, 1, 202, 'deleted', 'news'),
('2010-05-25 08:40:14', '2010-04-05 08:19:14', NULL, 198, 17, 1, 203, 'deleted', 'news'),
('2010-05-25 08:40:14', '2010-04-05 08:19:14', NULL, 199, 17, 1, 205, 'deleted', 'news'),
('2010-05-25 08:40:14', '2010-04-05 08:19:14', NULL, 200, 17, 1, 208, 'deleted', 'news'),
('2010-05-25 08:40:14', '2010-04-05 08:19:14', NULL, 201, 17, 1, 210, 'deleted', 'news'),
('2010-05-25 08:40:14', '2010-04-05 08:19:14', NULL, 202, 17, 1, 211, 'deleted', 'news'),
('2010-05-25 08:40:14', '2010-04-05 08:19:14', NULL, 203, 17, 1, 212, 'deleted', 'news'),
('2010-05-25 08:40:14', '2010-04-05 08:19:14', NULL, 204, 17, 1, 213, 'deleted', 'news'),
('2010-05-25 08:40:14', '2010-04-05 08:19:14', NULL, 205, 17, 1, 214, 'deleted', 'news'),
('2010-05-25 08:40:14', '2010-04-05 08:19:14', NULL, 206, 17, 1, 215, 'deleted', 'news'),
('2010-05-25 08:40:14', '2010-04-05 08:19:14', NULL, 207, 17, 1, 216, 'deleted', 'news'),
('2010-05-25 08:40:14', '2010-04-05 08:19:14', NULL, 208, 17, 1, 219, 'deleted', 'news'),
('2010-05-25 08:40:14', '2010-04-05 08:19:14', NULL, 209, 17, 1, 220, 'deleted', 'news'),
('2010-05-25 08:40:14', '2010-04-05 08:19:14', NULL, 210, 17, 1, 221, 'deleted', 'news'),
('2010-05-25 08:40:14', '2010-04-05 08:19:14', NULL, 211, 17, 1, 223, 'deleted', 'news'),
('2010-05-25 08:40:14', '2010-04-05 08:19:14', NULL, 212, 17, 1, 228, 'deleted', 'news'),
('2010-05-25 08:40:14', '2010-04-05 08:19:14', NULL, 213, 17, 1, 229, 'deleted', 'news'),
('2010-05-25 08:40:14', '2010-04-05 08:19:14', NULL, 214, 17, 1, 239, 'deleted', 'news'),
('2010-05-25 08:40:14', '2010-04-05 08:19:14', NULL, 215, 17, 1, 240, 'deleted', 'news'),
('2010-05-25 08:40:14', '2010-04-05 08:19:14', NULL, 216, 17, 1, 241, 'deleted', 'news'),
('2010-05-25 08:40:14', '2010-04-05 08:19:14', NULL, 217, 17, 1, 242, 'deleted', 'news'),
('2010-05-25 08:40:14', '2010-04-05 08:19:14', NULL, 218, 17, 1, 243, 'deleted', 'news'),
('2010-05-25 08:40:14', '2010-04-05 08:19:14', NULL, 219, 17, 1, 244, 'deleted', 'news'),
('2010-05-25 08:40:14', '2010-04-05 08:19:14', NULL, 220, 17, 1, 245, 'deleted', 'news'),
('2010-05-25 08:40:14', '2010-04-05 08:19:14', NULL, 221, 17, 1, 246, 'deleted', 'news'),
('2010-05-25 08:40:14', '2010-04-05 08:19:14', NULL, 222, 17, 1, 247, 'deleted', 'news'),
('2010-05-25 08:40:14', '2010-04-05 08:19:14', NULL, 223, 17, 1, 248, 'deleted', 'news'),
('2010-05-25 08:40:14', '2010-04-05 08:19:14', NULL, 224, 17, 1, 249, 'deleted', 'news'),
('2010-05-25 08:40:14', '2010-04-05 08:19:14', NULL, 225, 17, 1, 250, 'deleted', 'news'),
('2010-05-25 08:40:14', '2010-04-05 08:19:14', NULL, 226, 17, 1, 251, 'deleted', 'news'),
('2010-05-25 08:40:14', '2010-04-05 08:19:14', NULL, 227, 17, 1, 252, 'deleted', 'news'),
('2010-04-07 09:52:27', '2010-04-07 09:02:32', NULL, 228, 364, 1, 13, 'deleted', 'message'),
('2010-04-07 09:52:27', '2010-04-07 09:02:32', NULL, 229, 364, 1, 34, 'deleted', 'message'),
('2010-04-07 09:52:27', '2010-04-07 09:02:32', NULL, 230, 364, 1, 229, 'deleted', 'message'),
('2010-04-11 15:40:18', '2010-04-11 15:40:18', NULL, 231, NULL, 13, 254, 'active', 'member'),
('2010-04-11 15:52:05', '2010-04-11 15:52:13', NULL, 232, 365, 13, 254, 'deleted', 'message'),
('2010-04-11 15:54:47', '2010-04-11 15:54:54', NULL, 233, 366, 13, 254, 'deleted', 'message'),
('2010-05-11 18:29:25', '2010-05-11 18:29:25', NULL, 234, 254, 1, 1, 'active', 'news'),
('2010-08-24 10:24:56', '2010-05-11 18:29:25', NULL, 235, 254, 1, 13, 'deleted', 'news'),
('2010-08-23 11:10:42', '2010-05-11 18:29:25', NULL, 236, 254, 1, 16, 'deleted', 'news'),
('2010-05-11 18:29:25', '2010-05-11 18:29:25', NULL, 237, 254, 1, 34, 'active', 'news'),
('2010-05-11 18:29:25', '2010-05-11 18:29:25', NULL, 238, 254, 1, 195, 'active', 'news'),
('2010-05-11 18:29:25', '2010-05-11 18:29:25', NULL, 239, 254, 1, 198, 'active', 'news'),
('2010-05-11 18:29:25', '2010-05-11 18:29:25', NULL, 240, 254, 1, 202, 'active', 'news'),
('2010-05-11 18:29:25', '2010-05-11 18:29:25', NULL, 241, 254, 1, 203, 'active', 'news'),
('2010-05-11 18:29:25', '2010-05-11 18:29:25', NULL, 242, 254, 1, 205, 'active', 'news'),
('2010-05-11 18:29:25', '2010-05-11 18:29:25', NULL, 243, 254, 1, 211, 'active', 'news'),
('2010-05-25 08:39:51', '2010-05-11 18:29:25', NULL, 244, 254, 1, 212, 'active', 'news'),
('2010-05-11 18:29:25', '2010-05-11 18:29:25', NULL, 245, 254, 1, 213, 'active', 'news'),
('2010-05-11 18:29:25', '2010-05-11 18:29:25', NULL, 246, 254, 1, 214, 'active', 'news'),
('2010-05-11 18:29:25', '2010-05-11 18:29:25', NULL, 247, 254, 1, 215, 'active', 'news'),
('2010-05-11 18:29:25', '2010-05-11 18:29:25', NULL, 248, 254, 1, 216, 'active', 'news'),
('2010-05-11 18:29:25', '2010-05-11 18:29:25', NULL, 249, 254, 1, 219, 'active', 'news'),
('2010-05-11 18:29:25', '2010-05-11 18:29:25', NULL, 250, 254, 1, 220, 'active', 'news'),
('2010-05-11 18:29:25', '2010-05-11 18:29:25', NULL, 251, 254, 1, 221, 'active', 'news'),
('2010-05-11 18:29:25', '2010-05-11 18:29:25', NULL, 252, 254, 1, 223, 'active', 'news'),
('2010-05-11 18:29:25', '2010-05-11 18:29:25', NULL, 253, 254, 1, 228, 'active', 'news'),
('2010-05-11 18:29:25', '2010-05-11 18:29:25', NULL, 254, 254, 1, 229, 'active', 'news'),
('2010-05-11 18:29:25', '2010-05-11 18:29:25', NULL, 255, 254, 1, 253, 'active', 'news'),
('2010-05-11 18:29:25', '2010-05-11 18:29:25', NULL, 256, 254, 1, 254, 'active', 'news'),
('2010-05-16 16:38:52', '2010-05-16 16:38:52', NULL, 257, NULL, 16, 211, 'active', 'member'),
('2010-05-16 17:35:44', '2010-05-16 17:35:44', NULL, 258, NULL, 16, 34, 'active', 'member'),
('2010-05-16 17:35:44', '2010-05-16 17:35:44', NULL, 259, NULL, 16, 203, 'active', 'member'),
('2010-05-16 17:35:44', '2010-05-16 17:35:44', NULL, 260, NULL, 16, 211, 'active', 'member'),
('2010-08-24 10:24:58', '2010-05-16 17:35:54', NULL, 261, NULL, 16, 13, 'deleted', 'member'),
('2010-05-16 19:13:38', '2010-05-16 17:43:40', NULL, 262, NULL, 195, 16, 'deleted', 'member'),
('2010-05-16 17:50:40', '2010-05-16 17:50:40', NULL, 263, 254, 1, 1, 'active', 'news'),
('2010-08-24 10:25:00', '2010-05-16 17:50:40', NULL, 264, 254, 1, 13, 'deleted', 'news'),
('2010-08-23 11:10:40', '2010-05-16 17:50:40', NULL, 265, 254, 1, 16, 'deleted', 'news'),
('2010-05-16 17:50:40', '2010-05-16 17:50:40', NULL, 266, 254, 1, 34, 'active', 'news'),
('2010-05-16 17:50:40', '2010-05-16 17:50:40', NULL, 267, 254, 1, 195, 'active', 'news'),
('2010-05-16 17:50:40', '2010-05-16 17:50:40', NULL, 268, 254, 1, 198, 'active', 'news'),
('2010-05-16 17:50:40', '2010-05-16 17:50:40', NULL, 269, 254, 1, 202, 'active', 'news'),
('2010-05-16 17:50:40', '2010-05-16 17:50:40', NULL, 270, 254, 1, 203, 'active', 'news'),
('2010-05-16 17:50:40', '2010-05-16 17:50:40', NULL, 271, 254, 1, 205, 'active', 'news'),
('2010-05-16 17:50:40', '2010-05-16 17:50:40', NULL, 272, 254, 1, 211, 'active', 'news'),
('2010-05-25 08:39:51', '2010-05-16 17:50:40', NULL, 273, 254, 1, 212, 'active', 'news'),
('2010-05-16 17:50:40', '2010-05-16 17:50:40', NULL, 274, 254, 1, 213, 'active', 'news'),
('2010-05-16 17:50:40', '2010-05-16 17:50:40', NULL, 275, 254, 1, 214, 'active', 'news'),
('2010-05-16 17:50:40', '2010-05-16 17:50:40', NULL, 276, 254, 1, 215, 'active', 'news'),
('2010-05-16 17:50:40', '2010-05-16 17:50:40', NULL, 277, 254, 1, 216, 'active', 'news'),
('2010-05-16 17:50:40', '2010-05-16 17:50:40', NULL, 278, 254, 1, 219, 'active', 'news'),
('2010-05-16 17:50:40', '2010-05-16 17:50:40', NULL, 279, 254, 1, 220, 'active', 'news'),
('2010-05-16 17:50:40', '2010-05-16 17:50:40', NULL, 280, 254, 1, 221, 'active', 'news'),
('2010-05-16 17:50:40', '2010-05-16 17:50:40', NULL, 281, 254, 1, 223, 'active', 'news'),
('2010-05-16 17:50:40', '2010-05-16 17:50:40', NULL, 282, 254, 1, 228, 'active', 'news'),
('2010-05-16 17:50:40', '2010-05-16 17:50:40', NULL, 283, 254, 1, 229, 'active', 'news'),
('2010-05-16 17:50:40', '2010-05-16 17:50:40', NULL, 284, 254, 1, 253, 'active', 'news'),
('2010-05-16 17:50:40', '2010-05-16 17:50:40', NULL, 285, 254, 1, 254, 'active', 'news'),
('2010-05-20 11:39:45', '2010-05-20 11:39:45', NULL, 286, 254, 1, 1, 'active', 'news'),
('2010-08-24 10:25:01', '2010-05-20 11:39:45', NULL, 287, 254, 1, 13, 'deleted', 'news'),
('2010-08-23 11:10:38', '2010-05-20 11:39:45', NULL, 288, 254, 1, 16, 'deleted', 'news'),
('2010-05-20 11:39:45', '2010-05-20 11:39:45', NULL, 289, 254, 1, 34, 'active', 'news'),
('2010-05-20 11:39:45', '2010-05-20 11:39:45', NULL, 290, 254, 1, 195, 'active', 'news'),
('2010-05-20 11:39:45', '2010-05-20 11:39:45', NULL, 291, 254, 1, 198, 'active', 'news'),
('2010-05-20 11:39:45', '2010-05-20 11:39:45', NULL, 292, 254, 1, 202, 'active', 'news'),
('2010-05-20 11:39:45', '2010-05-20 11:39:45', NULL, 293, 254, 1, 203, 'active', 'news'),
('2010-05-20 11:39:45', '2010-05-20 11:39:45', NULL, 294, 254, 1, 205, 'active', 'news'),
('2010-05-20 11:39:45', '2010-05-20 11:39:45', NULL, 295, 254, 1, 211, 'active', 'news'),
('2010-05-20 11:39:45', '2010-05-20 11:39:45', NULL, 296, 254, 1, 212, 'active', 'news'),
('2010-05-20 11:39:45', '2010-05-20 11:39:45', NULL, 297, 254, 1, 213, 'active', 'news'),
('2010-05-20 11:39:45', '2010-05-20 11:39:45', NULL, 298, 254, 1, 214, 'active', 'news'),
('2010-05-20 11:39:45', '2010-05-20 11:39:45', NULL, 299, 254, 1, 215, 'active', 'news'),
('2010-05-20 11:39:45', '2010-05-20 11:39:45', NULL, 300, 254, 1, 216, 'active', 'news'),
('2010-05-20 11:39:45', '2010-05-20 11:39:45', NULL, 301, 254, 1, 219, 'active', 'news'),
('2010-05-20 11:39:45', '2010-05-20 11:39:45', NULL, 302, 254, 1, 220, 'active', 'news'),
('2010-05-20 11:39:45', '2010-05-20 11:39:45', NULL, 303, 254, 1, 221, 'active', 'news'),
('2010-05-20 11:39:45', '2010-05-20 11:39:45', NULL, 304, 254, 1, 223, 'active', 'news'),
('2010-05-20 11:39:45', '2010-05-20 11:39:45', NULL, 305, 254, 1, 228, 'active', 'news'),
('2010-05-20 11:39:45', '2010-05-20 11:39:45', NULL, 306, 254, 1, 229, 'active', 'news'),
('2010-05-20 11:39:45', '2010-05-20 11:39:45', NULL, 307, 254, 1, 253, 'active', 'news'),
('2010-05-20 11:39:45', '2010-05-20 11:39:45', NULL, 308, 254, 1, 254, 'active', 'news'),
('2010-07-15 17:49:12', '2010-07-15 17:49:12', NULL, 309, NULL, 16, 266, 'active', 'member'),
('2010-07-15 20:37:51', '2010-07-15 20:37:51', NULL, 310, 266, 1, 1, 'active', 'news'),
('2010-08-24 10:25:03', '2010-07-15 20:37:51', NULL, 311, 266, 1, 13, 'deleted', 'news'),
('2010-08-23 11:10:36', '2010-07-15 20:37:51', NULL, 312, 266, 1, 16, 'deleted', 'news'),
('2010-07-15 20:37:51', '2010-07-15 20:37:51', NULL, 313, 266, 1, 34, 'active', 'news'),
('2010-07-15 20:37:51', '2010-07-15 20:37:51', NULL, 314, 266, 1, 195, 'active', 'news'),
('2010-07-15 20:37:51', '2010-07-15 20:37:51', NULL, 315, 266, 1, 198, 'active', 'news'),
('2010-07-15 20:37:51', '2010-07-15 20:37:51', NULL, 316, 266, 1, 202, 'active', 'news'),
('2010-07-15 20:37:51', '2010-07-15 20:37:51', NULL, 317, 266, 1, 203, 'active', 'news'),
('2010-07-15 20:37:51', '2010-07-15 20:37:51', NULL, 318, 266, 1, 205, 'active', 'news'),
('2010-07-15 20:37:51', '2010-07-15 20:37:51', NULL, 319, 266, 1, 211, 'active', 'news'),
('2010-07-15 20:37:51', '2010-07-15 20:37:51', NULL, 320, 266, 1, 212, 'active', 'news'),
('2010-07-15 20:37:51', '2010-07-15 20:37:51', NULL, 321, 266, 1, 213, 'active', 'news'),
('2010-07-15 20:37:51', '2010-07-15 20:37:51', NULL, 322, 266, 1, 214, 'active', 'news'),
('2010-07-15 20:37:51', '2010-07-15 20:37:51', NULL, 323, 266, 1, 215, 'active', 'news'),
('2010-07-15 20:37:51', '2010-07-15 20:37:51', NULL, 324, 266, 1, 216, 'active', 'news'),
('2010-07-15 20:37:51', '2010-07-15 20:37:51', NULL, 325, 266, 1, 219, 'active', 'news'),
('2010-07-15 20:37:51', '2010-07-15 20:37:51', NULL, 326, 266, 1, 220, 'active', 'news'),
('2010-07-15 20:37:51', '2010-07-15 20:37:51', NULL, 327, 266, 1, 221, 'active', 'news'),
('2010-07-15 20:37:51', '2010-07-15 20:37:51', NULL, 328, 266, 1, 223, 'active', 'news'),
('2010-07-15 20:37:51', '2010-07-15 20:37:51', NULL, 329, 266, 1, 228, 'active', 'news'),
('2010-07-15 20:37:51', '2010-07-15 20:37:51', NULL, 330, 266, 1, 229, 'active', 'news'),
('2010-07-15 20:37:51', '2010-07-15 20:37:51', NULL, 331, 266, 1, 253, 'active', 'news'),
('2010-07-15 20:37:51', '2010-07-15 20:37:51', NULL, 332, 266, 1, 254, 'active', 'news'),
('2010-07-15 20:37:51', '2010-07-15 20:37:51', NULL, 333, 266, 1, 266, 'active', 'news'),
('2010-07-15 20:39:29', '2010-07-15 20:39:29', NULL, 334, 266, 1, 1, 'active', 'news'),
('2010-08-24 10:25:06', '2010-07-15 20:39:29', NULL, 335, 266, 1, 13, 'deleted', 'news'),
('2010-09-03 16:03:04', '2010-07-15 20:39:29', NULL, 336, 266, 1, 16, 'deleted', 'news'),
('2010-07-15 20:39:29', '2010-07-15 20:39:29', NULL, 337, 266, 1, 34, 'active', 'news'),
('2010-07-15 20:39:29', '2010-07-15 20:39:29', NULL, 338, 266, 1, 195, 'active', 'news'),
('2010-07-15 20:39:29', '2010-07-15 20:39:29', NULL, 339, 266, 1, 198, 'active', 'news'),
('2010-07-15 20:39:29', '2010-07-15 20:39:29', NULL, 340, 266, 1, 202, 'active', 'news'),
('2010-07-15 20:39:29', '2010-07-15 20:39:29', NULL, 341, 266, 1, 203, 'active', 'news'),
('2010-07-15 20:39:29', '2010-07-15 20:39:29', NULL, 342, 266, 1, 205, 'active', 'news'),
('2010-07-15 20:39:29', '2010-07-15 20:39:29', NULL, 343, 266, 1, 211, 'active', 'news'),
('2010-07-15 20:39:29', '2010-07-15 20:39:29', NULL, 344, 266, 1, 212, 'active', 'news'),
('2010-07-15 20:39:29', '2010-07-15 20:39:29', NULL, 345, 266, 1, 213, 'active', 'news'),
('2010-07-15 20:39:29', '2010-07-15 20:39:29', NULL, 346, 266, 1, 214, 'active', 'news'),
('2010-07-15 20:39:29', '2010-07-15 20:39:29', NULL, 347, 266, 1, 215, 'active', 'news'),
('2010-07-15 20:39:29', '2010-07-15 20:39:29', NULL, 348, 266, 1, 216, 'active', 'news'),
('2010-07-15 20:39:29', '2010-07-15 20:39:29', NULL, 349, 266, 1, 219, 'active', 'news'),
('2010-07-15 20:39:29', '2010-07-15 20:39:29', NULL, 350, 266, 1, 220, 'active', 'news'),
('2010-07-15 20:39:29', '2010-07-15 20:39:29', NULL, 351, 266, 1, 221, 'active', 'news'),
('2010-07-15 20:39:29', '2010-07-15 20:39:29', NULL, 352, 266, 1, 223, 'active', 'news'),
('2010-07-15 20:39:29', '2010-07-15 20:39:29', NULL, 353, 266, 1, 228, 'active', 'news'),
('2010-07-15 20:39:29', '2010-07-15 20:39:29', NULL, 354, 266, 1, 229, 'active', 'news'),
('2010-07-15 20:39:29', '2010-07-15 20:39:29', NULL, 355, 266, 1, 253, 'active', 'news'),
('2010-07-15 20:39:29', '2010-07-15 20:39:29', NULL, 356, 266, 1, 254, 'active', 'news'),
('2010-07-15 20:39:29', '2010-07-15 20:39:29', NULL, 357, 266, 1, 266, 'active', 'news'),
('2010-07-19 12:10:18', '2010-07-19 12:10:18', NULL, 358, NULL, 16, 198, 'active', 'member'),
('2010-07-19 12:10:18', '2010-07-19 12:10:18', NULL, 359, NULL, 16, 202, 'active', 'member'),
('2010-07-19 12:10:18', '2010-07-19 12:10:18', NULL, 360, NULL, 16, 212, 'active', 'member'),
('2010-07-19 12:10:18', '2010-07-19 12:10:18', NULL, 361, NULL, 16, 213, 'active', 'member'),
('2010-07-19 12:10:18', '2010-07-19 12:10:18', NULL, 362, NULL, 16, 214, 'active', 'member'),
('2010-07-19 12:10:18', '2010-07-19 12:10:18', NULL, 363, NULL, 16, 215, 'active', 'member'),
('2010-07-19 12:10:18', '2010-07-19 12:10:18', NULL, 364, NULL, 16, 216, 'active', 'member'),
('2010-07-19 12:10:18', '2010-07-19 12:10:18', NULL, 365, NULL, 16, 223, 'active', 'member'),
('2010-07-19 12:10:18', '2010-07-19 12:10:18', NULL, 366, NULL, 16, 229, 'active', 'member'),
('2010-08-10 23:43:53', '2010-08-10 18:41:04', NULL, 367, 367, 16, 13, 'deleted', 'message'),
('2010-08-21 08:25:03', '2010-08-10 23:48:08', NULL, 368, 368, 13, 16, 'deleted', 'message'),
('2010-08-23 11:38:35', '2010-08-23 11:38:35', NULL, 369, 369, 16, 34, 'active', 'message'),
('2010-08-26 15:45:00', '2010-08-24 10:24:13', NULL, 370, 370, 13, 16, 'deleted', 'message'),
('2010-09-26 23:56:43', '2010-09-06 17:17:05', NULL, 371, 28, 1, 1, 'deleted', 'news'),
('2010-09-26 23:56:43', '2010-09-06 17:17:05', NULL, 372, 28, 1, 13, 'deleted', 'news'),
('2010-09-26 23:56:43', '2010-09-06 17:17:05', NULL, 373, 28, 1, 16, 'deleted', 'news'),
('2010-09-26 23:56:43', '2010-09-06 17:17:05', NULL, 374, 28, 1, 34, 'deleted', 'news'),
('2010-09-26 23:56:43', '2010-09-06 17:17:05', NULL, 375, 28, 1, 195, 'deleted', 'news'),
('2010-09-26 23:56:43', '2010-09-06 17:17:05', NULL, 376, 28, 1, 198, 'deleted', 'news'),
('2010-09-26 23:56:43', '2010-09-06 17:17:05', NULL, 377, 28, 1, 202, 'deleted', 'news'),
('2010-09-26 23:56:43', '2010-09-06 17:17:05', NULL, 378, 28, 1, 203, 'deleted', 'news'),
('2010-09-26 23:56:43', '2010-09-06 17:17:05', NULL, 379, 28, 1, 205, 'deleted', 'news'),
('2010-09-26 23:56:43', '2010-09-06 17:17:05', NULL, 380, 28, 1, 211, 'deleted', 'news'),
('2010-09-26 23:56:43', '2010-09-06 17:17:05', NULL, 381, 28, 1, 212, 'deleted', 'news'),
('2010-09-26 23:56:43', '2010-09-06 17:17:05', NULL, 382, 28, 1, 213, 'deleted', 'news'),
('2010-09-26 23:56:43', '2010-09-06 17:17:05', NULL, 383, 28, 1, 214, 'deleted', 'news'),
('2010-09-26 23:56:43', '2010-09-06 17:17:05', NULL, 384, 28, 1, 215, 'deleted', 'news'),
('2010-09-26 23:56:43', '2010-09-06 17:17:05', NULL, 385, 28, 1, 216, 'deleted', 'news'),
('2010-09-26 23:56:43', '2010-09-06 17:17:05', NULL, 386, 28, 1, 219, 'deleted', 'news'),
('2010-09-26 23:56:43', '2010-09-06 17:17:05', NULL, 387, 28, 1, 220, 'deleted', 'news'),
('2010-09-26 23:56:43', '2010-09-06 17:17:05', NULL, 388, 28, 1, 221, 'deleted', 'news'),
('2010-09-26 23:56:43', '2010-09-06 17:17:05', NULL, 389, 28, 1, 223, 'deleted', 'news'),
('2010-09-26 23:56:43', '2010-09-06 17:17:05', NULL, 390, 28, 1, 228, 'deleted', 'news'),
('2010-09-26 23:56:43', '2010-09-06 17:17:05', NULL, 391, 28, 1, 229, 'deleted', 'news'),
('2010-09-26 23:56:43', '2010-09-06 17:17:05', NULL, 392, 28, 1, 253, 'deleted', 'news'),
('2010-09-26 23:56:43', '2010-09-06 17:17:05', NULL, 393, 28, 1, 254, 'deleted', 'news'),
('2010-09-26 23:56:43', '2010-09-06 17:17:05', NULL, 394, 28, 1, 266, 'deleted', 'news'),
('2010-09-26 23:56:43', '2010-09-06 17:17:05', NULL, 395, 28, 1, 270, 'deleted', 'news'),
('2010-09-26 23:56:43', '2010-09-06 17:17:05', NULL, 396, 28, 1, 271, 'deleted', 'news'),
('2010-09-26 23:56:43', '2010-09-06 17:20:11', NULL, 397, 29, 1, 1, 'deleted', 'news'),
('2010-09-26 23:56:43', '2010-09-06 17:20:11', NULL, 398, 29, 1, 13, 'deleted', 'news'),
('2010-09-26 14:24:36', '2010-09-06 17:20:11', NULL, 399, 29, 1, 16, 'deleted', 'news'),
('2010-09-26 23:56:43', '2010-09-06 17:20:11', NULL, 400, 29, 1, 34, 'deleted', 'news'),
('2010-09-26 23:56:43', '2010-09-06 17:20:11', NULL, 401, 29, 1, 195, 'deleted', 'news'),
('2010-09-26 23:56:43', '2010-09-06 17:20:11', NULL, 402, 29, 1, 198, 'deleted', 'news'),
('2010-09-26 23:56:43', '2010-09-06 17:20:11', NULL, 403, 29, 1, 202, 'deleted', 'news'),
('2010-09-26 23:56:43', '2010-09-06 17:20:11', NULL, 404, 29, 1, 203, 'deleted', 'news'),
('2010-09-26 23:56:43', '2010-09-06 17:20:11', NULL, 405, 29, 1, 205, 'deleted', 'news'),
('2010-09-26 23:56:43', '2010-09-06 17:20:11', NULL, 406, 29, 1, 211, 'deleted', 'news'),
('2010-09-26 23:56:43', '2010-09-06 17:20:11', NULL, 407, 29, 1, 212, 'deleted', 'news'),
('2010-09-26 23:56:43', '2010-09-06 17:20:11', NULL, 408, 29, 1, 213, 'deleted', 'news'),
('2010-09-26 23:56:43', '2010-09-06 17:20:11', NULL, 409, 29, 1, 214, 'deleted', 'news'),
('2010-09-26 23:56:43', '2010-09-06 17:20:11', NULL, 410, 29, 1, 215, 'deleted', 'news'),
('2010-09-26 23:56:43', '2010-09-06 17:20:11', NULL, 411, 29, 1, 216, 'deleted', 'news'),
('2010-09-26 23:56:43', '2010-09-06 17:20:11', NULL, 412, 29, 1, 219, 'deleted', 'news'),
('2010-09-26 23:56:43', '2010-09-06 17:20:11', NULL, 413, 29, 1, 220, 'deleted', 'news'),
('2010-09-26 23:56:43', '2010-09-06 17:20:11', NULL, 414, 29, 1, 221, 'deleted', 'news'),
('2010-09-26 23:56:43', '2010-09-06 17:20:11', NULL, 415, 29, 1, 223, 'deleted', 'news'),
('2010-09-26 23:56:43', '2010-09-06 17:20:11', NULL, 416, 29, 1, 228, 'deleted', 'news'),
('2010-09-26 23:56:43', '2010-09-06 17:20:11', NULL, 417, 29, 1, 229, 'deleted', 'news'),
('2010-09-26 23:56:43', '2010-09-06 17:20:11', NULL, 418, 29, 1, 253, 'deleted', 'news'),
('2010-09-26 23:56:43', '2010-09-06 17:20:11', NULL, 419, 29, 1, 254, 'deleted', 'news'),
('2010-09-26 23:56:43', '2010-09-06 17:20:11', NULL, 420, 29, 1, 266, 'deleted', 'news'),
('2010-09-26 23:56:43', '2010-09-06 17:20:11', NULL, 421, 29, 1, 270, 'deleted', 'news'),
('2010-09-26 23:56:43', '2010-09-06 17:20:11', NULL, 422, 29, 1, 271, 'deleted', 'news'),
('2010-10-19 12:56:44', '2010-10-19 12:56:44', NULL, 423, NULL, 16, 275, 'active', 'member'),
('2010-10-21 12:30:42', '2010-10-21 12:30:42', NULL, 424, 275, 1, 1, 'active', 'news'),
('2010-10-31 12:12:36', '2010-10-21 12:30:42', NULL, 425, 275, 1, 13, 'deleted', 'news'),
('2010-11-08 12:44:17', '2010-10-21 12:30:42', NULL, 426, 275, 1, 16, 'deleted', 'news'),
('2010-10-21 12:30:42', '2010-10-21 12:30:42', NULL, 427, 275, 1, 34, 'active', 'news'),
('2010-10-21 12:30:42', '2010-10-21 12:30:42', NULL, 428, 275, 1, 195, 'active', 'news'),
('2010-10-21 12:30:42', '2010-10-21 12:30:42', NULL, 429, 275, 1, 198, 'active', 'news'),
('2010-10-21 12:30:42', '2010-10-21 12:30:42', NULL, 430, 275, 1, 202, 'active', 'news'),
('2010-10-21 12:30:42', '2010-10-21 12:30:42', NULL, 431, 275, 1, 203, 'active', 'news'),
('2010-10-21 12:30:42', '2010-10-21 12:30:42', NULL, 432, 275, 1, 205, 'active', 'news'),
('2010-10-21 12:30:42', '2010-10-21 12:30:42', NULL, 433, 275, 1, 211, 'active', 'news'),
('2010-10-21 12:30:42', '2010-10-21 12:30:42', NULL, 434, 275, 1, 212, 'active', 'news'),
('2010-10-21 12:30:42', '2010-10-21 12:30:42', NULL, 435, 275, 1, 213, 'active', 'news'),
('2010-10-21 12:30:42', '2010-10-21 12:30:42', NULL, 436, 275, 1, 214, 'active', 'news'),
('2010-10-21 12:30:42', '2010-10-21 12:30:42', NULL, 437, 275, 1, 215, 'active', 'news'),
('2010-10-21 12:30:42', '2010-10-21 12:30:42', NULL, 438, 275, 1, 216, 'active', 'news'),
('2010-10-21 12:30:42', '2010-10-21 12:30:42', NULL, 439, 275, 1, 219, 'active', 'news'),
('2010-10-21 12:30:42', '2010-10-21 12:30:42', NULL, 440, 275, 1, 220, 'active', 'news'),
('2010-10-21 12:30:42', '2010-10-21 12:30:42', NULL, 441, 275, 1, 221, 'active', 'news'),
('2010-10-21 12:30:42', '2010-10-21 12:30:42', NULL, 442, 275, 1, 223, 'active', 'news'),
('2010-10-21 12:30:42', '2010-10-21 12:30:42', NULL, 443, 275, 1, 228, 'active', 'news'),
('2010-10-21 12:30:42', '2010-10-21 12:30:42', NULL, 444, 275, 1, 229, 'active', 'news'),
('2010-10-21 12:30:42', '2010-10-21 12:30:42', NULL, 445, 275, 1, 253, 'active', 'news'),
('2010-10-21 12:30:42', '2010-10-21 12:30:42', NULL, 446, 275, 1, 254, 'active', 'news'),
('2010-10-21 12:30:42', '2010-10-21 12:30:42', NULL, 447, 275, 1, 266, 'active', 'news'),
('2010-10-21 12:30:42', '2010-10-21 12:30:42', NULL, 448, 275, 1, 270, 'active', 'news'),
('2010-10-21 12:30:42', '2010-10-21 12:30:42', NULL, 449, 275, 1, 271, 'active', 'news'),
('2010-10-21 12:30:42', '2010-10-21 12:30:42', NULL, 450, 275, 1, 275, 'active', 'news'),
('2010-11-02 09:19:16', '2010-11-01 12:27:05', NULL, 451, NULL, 278, 13, 'deleted', 'member'),
('2010-11-02 19:30:08', '2010-11-01 12:27:05', NULL, 452, NULL, 278, 16, 'deleted', 'member'),
('2010-11-02 09:19:10', '2010-11-02 08:51:25', NULL, 453, NULL, 280, 13, 'deleted', 'member'),
('2010-11-02 09:19:08', '2010-11-02 09:19:08', NULL, 454, NULL, 280, 13, 'deleted', 'member'),
('2010-11-02 09:39:04', '2010-11-02 09:21:48', NULL, 455, NULL, 281, 13, 'deleted', 'member'),
('2010-11-02 19:30:03', '2010-11-02 19:29:39', NULL, 456, NULL, 282, 16, 'deleted', 'member'),
('2010-11-02 19:32:43', '2010-11-02 19:32:43', NULL, 457, NULL, 191, 282, 'active', 'member'),
('2010-11-21 16:20:20', '2010-11-12 11:40:41', NULL, 458, NULL, 286, 16, 'deleted', 'member'),
('2010-11-21 16:25:59', '2010-11-21 16:25:59', NULL, 459, 32, 1, 1, 'active', 'news'),
('2010-11-21 16:25:59', '2010-11-21 16:25:59', NULL, 460, 32, 1, 13, 'active', 'news'),
('2010-11-21 16:25:59', '2010-11-21 16:25:59', NULL, 461, 32, 1, 16, 'active', 'news'),
('2010-11-21 16:25:59', '2010-11-21 16:25:59', NULL, 462, 32, 1, 34, 'active', 'news'),
('2010-11-21 16:25:59', '2010-11-21 16:25:59', NULL, 463, 32, 1, 195, 'active', 'news'),
('2010-11-21 16:25:59', '2010-11-21 16:25:59', NULL, 464, 32, 1, 198, 'active', 'news'),
('2010-11-21 16:25:59', '2010-11-21 16:25:59', NULL, 465, 32, 1, 202, 'active', 'news'),
('2010-11-21 16:25:59', '2010-11-21 16:25:59', NULL, 466, 32, 1, 203, 'active', 'news'),
('2010-11-21 16:25:59', '2010-11-21 16:25:59', NULL, 467, 32, 1, 205, 'active', 'news'),
('2010-11-21 16:25:59', '2010-11-21 16:25:59', NULL, 468, 32, 1, 211, 'active', 'news'),
('2010-11-21 16:25:59', '2010-11-21 16:25:59', NULL, 469, 32, 1, 212, 'active', 'news'),
('2010-11-21 16:25:59', '2010-11-21 16:25:59', NULL, 470, 32, 1, 213, 'active', 'news'),
('2010-11-21 16:25:59', '2010-11-21 16:25:59', NULL, 471, 32, 1, 214, 'active', 'news'),
('2010-11-21 16:25:59', '2010-11-21 16:25:59', NULL, 472, 32, 1, 215, 'active', 'news'),
('2010-11-21 16:25:59', '2010-11-21 16:25:59', NULL, 473, 32, 1, 216, 'active', 'news'),
('2010-11-21 16:25:59', '2010-11-21 16:25:59', NULL, 474, 32, 1, 219, 'active', 'news'),
('2010-11-21 16:25:59', '2010-11-21 16:25:59', NULL, 475, 32, 1, 220, 'active', 'news'),
('2010-11-21 16:25:59', '2010-11-21 16:25:59', NULL, 476, 32, 1, 221, 'active', 'news'),
('2010-11-21 16:25:59', '2010-11-21 16:25:59', NULL, 477, 32, 1, 223, 'active', 'news'),
('2010-11-21 16:25:59', '2010-11-21 16:25:59', NULL, 478, 32, 1, 228, 'active', 'news'),
('2010-11-21 16:25:59', '2010-11-21 16:25:59', NULL, 479, 32, 1, 229, 'active', 'news'),
('2010-11-21 16:25:59', '2010-11-21 16:25:59', NULL, 480, 32, 1, 253, 'active', 'news'),
('2010-11-21 16:25:59', '2010-11-21 16:25:59', NULL, 481, 32, 1, 254, 'active', 'news'),
('2010-11-21 16:25:59', '2010-11-21 16:25:59', NULL, 482, 32, 1, 266, 'active', 'news'),
('2010-11-21 16:25:59', '2010-11-21 16:25:59', NULL, 483, 32, 1, 270, 'active', 'news'),
('2010-11-21 16:25:59', '2010-11-21 16:25:59', NULL, 484, 32, 1, 271, 'active', 'news'),
('2010-11-21 16:25:59', '2010-11-21 16:25:59', NULL, 485, 32, 1, 275, 'active', 'news'),
('2010-11-21 16:25:59', '2010-11-21 16:25:59', NULL, 486, 32, 1, 276, 'active', 'news'),
('2010-11-21 16:25:59', '2010-11-21 16:25:59', NULL, 487, 32, 1, 277, 'active', 'news'),
('2010-11-21 16:25:59', '2010-11-21 16:25:59', NULL, 488, 32, 1, 278, 'active', 'news'),
('2010-11-21 16:25:59', '2010-11-21 16:25:59', NULL, 489, 32, 1, 279, 'active', 'news'),
('2010-11-21 16:25:59', '2010-11-21 16:25:59', NULL, 490, 32, 1, 280, 'active', 'news'),
('2010-11-21 16:25:59', '2010-11-21 16:25:59', NULL, 491, 32, 1, 281, 'active', 'news'),
('2010-11-21 16:25:59', '2010-11-21 16:25:59', NULL, 492, 32, 1, 282, 'active', 'news'),
('2010-11-21 16:25:59', '2010-11-21 16:25:59', NULL, 493, 32, 1, 283, 'active', 'news'),
('2010-11-21 16:25:59', '2010-11-21 16:25:59', NULL, 494, 32, 1, 284, 'active', 'news'),
('2010-11-21 16:25:59', '2010-11-21 16:25:59', NULL, 495, 32, 1, 285, 'active', 'news'),
('2010-11-21 16:25:59', '2010-11-21 16:25:59', NULL, 496, 32, 1, 286, 'active', 'news'),
('2010-11-22 22:16:41', '2010-11-22 22:16:41', NULL, 497, NULL, 212, 16, 'active', 'member');

-- --------------------------------------------------------

--
-- Table structure for table `profile_features`
--

CREATE TABLE IF NOT EXISTS `profile_features` (
  `id` smallint(3) unsigned NOT NULL AUTO_INCREMENT,
  `name` varchar(32) NOT NULL,
  PRIMARY KEY (`id`)
) ENGINE=InnoDB  DEFAULT CHARSET=utf8 AUTO_INCREMENT=4 ;

--
-- Dumping data for table `profile_features`
--

INSERT INTO `profile_features` (`id`, `name`) VALUES
(1, 'related'),
(2, 'board'),
(3, 'wall');

-- --------------------------------------------------------

--
-- Table structure for table `profile_widget`
--

CREATE TABLE IF NOT EXISTS `profile_widget` (
  `created` timestamp NOT NULL DEFAULT '0000-00-00 00:00:00',
  `fieldn` smallint(3) unsigned NOT NULL,
  `id` mediumint(8) unsigned NOT NULL AUTO_INCREMENT,
  `modified` timestamp NOT NULL DEFAULT CURRENT_TIMESTAMP ON UPDATE CURRENT_TIMESTAMP,
  `multi` enum('false','true') NOT NULL,
  `name` varchar(32) NOT NULL,
  `name_tab` varchar(32) NOT NULL,
  `order` tinyint(2) unsigned NOT NULL,
  `searchable_type_bit` smallint(3) unsigned NOT NULL DEFAULT '1',
  `status` enum('active','deleted','inactive') NOT NULL,
  PRIMARY KEY (`id`)
) ENGINE=InnoDB  DEFAULT CHARSET=utf8 AUTO_INCREMENT=23 ;

--
-- Dumping data for table `profile_widget`
--

INSERT INTO `profile_widget` (`created`, `fieldn`, `id`, `modified`, `multi`, `name`, `name_tab`, `order`, `searchable_type_bit`, `status`) VALUES
('2008-11-03 09:12:47', 8, 1, '2010-09-12 19:50:04', 'false', 'Biographical Info', 'Biographical Info', 3, 1, 'active'),
('2008-11-08 13:25:14', 10, 2, '2010-05-16 15:52:33', 'false', 'Contact Info', 'Contact', 7, 3, 'active'),
('2008-11-08 14:27:49', 7, 3, '2010-02-11 06:42:38', 'true', 'Education Info', 'Education', 8, 1, 'inactive'),
('2008-11-08 14:29:32', 9, 4, '2010-02-11 06:42:36', 'true', 'Work History Info', 'Work history', 9, 1, 'inactive'),
('2008-11-08 14:33:06', 2, 5, '2010-05-16 18:24:02', 'false', 'Portrait Info', 'Portrait', 14, 7, 'active'),
('2008-12-07 11:18:14', 13, 7, '2010-05-17 09:42:22', 'false', 'Group Info', 'Group Info', 3, 2, 'active'),
('2009-04-02 10:21:23', 3, 8, '2009-04-02 10:24:14', 'false', 'matt''s test field', 'mtestfield', 1, 1, 'deleted'),
('2009-04-05 20:38:13', 19, 9, '2010-02-26 15:00:39', 'false', 'Soccer Info', 'Soccer Info', 7, 1, 'active'),
('2009-04-07 18:22:20', 0, 10, '2009-04-07 18:22:20', 'false', 'test widget 2', 'guess who', 8, 3, 'deleted'),
('2009-07-25 18:57:40', 0, 11, '2009-07-25 18:57:40', 'true', 'test new', 'new', 8, 3, 'deleted'),
('2009-08-25 18:51:03', 1, 12, '2010-11-21 16:34:00', 'false', 'More Photos', 'More Photos', 15, 1, 'active'),
('2009-12-05 20:55:38', 1, 13, '2010-05-16 18:24:02', 'true', 'League Affiliation', 'League Affiliation', 13, 3, 'active'),
('2009-12-24 10:38:12', 2, 14, '2009-12-24 10:39:59', 'false', 'Test multiple choices', 'test', 10, 2, 'deleted'),
('2009-12-29 16:09:31', 2, 15, '2010-09-06 18:55:09', 'false', 'Silicon Valley Soccer Website', 'SVSA Website', 2, 6, 'active'),
('2010-02-03 09:15:09', 1, 16, '2010-07-19 12:03:39', 'false', 'League Info', 'League Info', 5, 4, 'inactive'),
('2010-02-15 15:02:38', 1, 17, '2010-05-23 15:44:09', 'false', 'Current Status', 'Current Status', 8, 1, 'active'),
('2010-02-26 14:56:12', 1, 18, '2010-07-19 12:00:34', 'false', ' News and Updates', 'Updates', 1, 2, 'active'),
('2010-04-12 16:25:48', 1, 19, '2010-07-19 12:02:48', 'false', 'Division Info', 'Division Info', 6, 4, 'inactive'),
('2010-04-14 10:12:50', 1, 20, '2010-05-16 15:23:09', 'false', 'test widget', 'test widget', 1, 7, 'deleted'),
('2010-05-16 16:32:10', 0, 21, '2010-05-16 16:32:10', 'false', 'junk', 'junk', 15, 4, 'deleted'),
('2010-05-16 18:21:09', 1, 22, '2010-05-16 18:23:40', 'false', 'Group Status', 'Group Status', 12, 2, 'active');

-- --------------------------------------------------------

--
-- Table structure for table `profile_widget_dictionary_word`
--

CREATE TABLE IF NOT EXISTS `profile_widget_dictionary_word` (
  `created` timestamp NOT NULL DEFAULT CURRENT_TIMESTAMP ON UPDATE CURRENT_TIMESTAMP,
  `f` int(3) unsigned NOT NULL,
  `profile_widget_id` mediumint(8) unsigned NOT NULL,
  `searchable_id` int(11) unsigned NOT NULL,
  `word_id` int(11) unsigned NOT NULL,
  PRIMARY KEY (`profile_widget_id`,`searchable_id`,`word_id`),
  KEY `profile_widget_dictionary_word_profile_widget_fk` (`profile_widget_id`),
  KEY `profile_widget_dictionary_word_word_fk` (`word_id`),
  KEY `profile_widget_dictionary_word_searchable_fk` (`searchable_id`)
) ENGINE=InnoDB DEFAULT CHARSET=utf8;

--
-- Dumping data for table `profile_widget_dictionary_word`
--

INSERT INTO `profile_widget_dictionary_word` (`created`, `f`, `profile_widget_id`, `searchable_id`, `word_id`) VALUES
('2010-09-12 19:51:18', 1, 1, 13, 1),
('2010-09-12 19:51:18', 1, 1, 13, 2),
('2010-09-12 19:51:18', 1, 1, 13, 52),
('2010-09-12 19:51:18', 1, 1, 13, 318),
('2010-09-12 19:51:18', 1, 1, 13, 319),
('2010-09-12 19:51:18', 1, 1, 13, 320),
('2010-09-12 19:51:18', 1, 1, 13, 321),
('2010-09-18 07:24:27', 1, 1, 16, 1),
('2010-09-18 07:24:27', 1, 1, 16, 45),
('2010-09-18 07:24:27', 1, 1, 16, 46),
('2010-09-18 07:24:27', 1, 1, 16, 52),
('2010-09-18 07:24:27', 1, 1, 16, 337),
('2010-02-05 15:45:00', 1, 1, 34, 82),
('2009-06-11 16:38:58', 1, 1, 188, 59),
('2009-06-15 08:18:43', 1, 1, 197, 1),
('2009-06-15 08:18:43', 1, 1, 197, 3),
('2009-06-15 08:18:43', 1, 1, 197, 4),
('2009-06-15 08:18:43', 1, 1, 197, 5),
('2009-06-15 08:18:43', 3, 1, 197, 58),
('2009-06-15 08:18:43', 1, 1, 197, 78),
('2009-06-15 08:18:43', 1, 1, 197, 79),
('2009-07-06 07:37:28', 1, 1, 203, 4),
('2009-07-06 07:37:28', 1, 1, 203, 5),
('2009-07-06 07:37:28', 1, 1, 203, 82),
('2009-07-06 07:37:28', 1, 1, 203, 83),
('2009-07-06 07:37:28', 1, 1, 203, 84),
('2009-07-06 07:37:28', 1, 1, 203, 85),
('2009-07-16 11:57:01', 1, 1, 207, 3),
('2009-07-16 11:57:01', 1, 1, 207, 4),
('2009-07-16 11:57:01', 1, 1, 207, 5),
('2009-07-16 11:57:01', 1, 1, 207, 46),
('2009-07-16 11:57:01', 1, 1, 207, 82),
('2009-07-16 11:57:01', 1, 1, 207, 84),
('2009-07-16 11:57:01', 1, 1, 207, 85),
('2009-07-16 11:57:01', 1, 1, 207, 99),
('2009-07-16 11:57:01', 1, 1, 207, 100),
('2009-07-16 11:57:01', 1, 1, 207, 102),
('2009-07-16 11:57:01', 1, 1, 207, 103),
('2009-07-20 07:12:39', 1, 1, 209, 1),
('2009-07-20 07:12:39', 1, 1, 209, 52),
('2009-10-03 16:09:33', 1, 1, 211, 3),
('2009-10-03 16:09:33', 1, 1, 211, 25),
('2009-10-03 16:09:33', 1, 1, 211, 45),
('2009-10-03 16:09:33', 1, 1, 211, 46),
('2009-10-03 16:09:33', 1, 1, 211, 68),
('2009-10-03 16:09:33', 1, 1, 211, 82),
('2009-10-03 16:09:33', 1, 1, 211, 125),
('2009-10-03 16:09:33', 2, 1, 211, 145),
('2009-10-03 16:09:33', 1, 1, 211, 190),
('2009-10-03 16:09:33', 1, 1, 211, 197),
('2009-10-03 16:09:33', 1, 1, 211, 225),
('2009-10-03 16:09:33', 1, 1, 211, 226),
('2009-10-03 16:09:33', 1, 1, 211, 227),
('2009-10-03 16:09:33', 2, 1, 211, 228),
('2009-10-03 16:09:33', 1, 1, 211, 229),
('2009-10-03 16:09:33', 1, 1, 211, 230),
('2009-10-03 16:09:33', 1, 1, 211, 231),
('2009-10-03 16:09:33', 1, 1, 211, 232),
('2009-10-03 16:09:33', 1, 1, 211, 233),
('2009-10-03 16:09:33', 1, 1, 211, 234),
('2009-10-03 16:09:33', 1, 1, 211, 235),
('2009-10-03 16:09:33', 1, 1, 211, 236),
('2009-10-03 16:09:33', 1, 1, 211, 237),
('2009-10-03 16:09:33', 1, 1, 211, 238),
('2009-10-03 16:09:33', 1, 1, 211, 239),
('2009-10-03 16:09:33', 1, 1, 211, 240),
('2009-10-03 16:09:33', 1, 1, 211, 241),
('2009-10-03 16:09:33', 1, 1, 211, 242),
('2009-10-03 16:09:33', 1, 1, 211, 243),
('2010-11-22 22:15:29', 1, 1, 212, 1),
('2010-09-18 07:34:14', 1, 1, 213, 45),
('2009-09-12 18:01:01', 1, 1, 214, 1),
('2009-09-12 18:01:01', 1, 1, 214, 213),
('2009-09-12 18:01:01', 1, 1, 214, 214),
('2009-09-12 18:01:01', 2, 1, 214, 215),
('2009-09-12 18:01:01', 1, 1, 214, 216),
('2009-10-01 08:44:43', 1, 1, 215, 1),
('2009-10-01 08:44:43', 1, 1, 215, 3),
('2009-10-01 08:44:43', 1, 1, 215, 99),
('2010-08-22 13:22:06', 1, 1, 216, 332),
('2009-08-13 20:07:54', 1, 1, 218, 3),
('2009-08-13 20:07:54', 1, 1, 218, 46),
('2009-08-13 20:07:54', 1, 1, 218, 82),
('2009-08-13 20:07:54', 1, 1, 218, 100),
('2009-08-13 20:07:54', 1, 1, 218, 125),
('2009-08-13 20:07:54', 1, 1, 218, 136),
('2009-08-13 20:07:54', 1, 1, 218, 138),
('2009-08-13 20:07:54', 1, 1, 218, 139),
('2009-08-13 20:07:54', 1, 1, 218, 140),
('2009-08-13 20:07:54', 1, 1, 218, 141),
('2009-08-13 20:07:54', 1, 1, 218, 142),
('2009-08-13 20:07:54', 1, 1, 218, 143),
('2009-08-13 20:07:54', 1, 1, 218, 144),
('2009-08-13 18:43:45', 1, 1, 223, 82),
('2009-08-13 18:43:45', 1, 1, 223, 83),
('2009-08-13 18:43:45', 1, 1, 223, 137),
('2009-09-10 17:55:57', 1, 1, 228, 1),
('2009-09-10 17:55:57', 1, 1, 228, 45),
('2009-09-10 17:55:57', 1, 1, 228, 46),
('2009-09-10 17:55:57', 1, 1, 228, 201),
('2009-09-10 17:55:57', 1, 1, 228, 202),
('2009-09-10 17:55:57', 1, 1, 228, 203),
('2010-01-16 10:49:22', 1, 1, 229, 1),
('2010-01-30 10:59:27', 1, 1, 239, 1),
('2010-01-30 07:36:49', 1, 1, 240, 1),
('2010-01-30 07:36:49', 1, 1, 240, 55),
('2010-01-30 07:36:49', 3, 1, 240, 58),
('2010-01-30 07:36:49', 1, 1, 240, 271),
('2010-01-30 10:58:02', 1, 1, 241, 1),
('2010-02-04 18:59:15', 1, 1, 242, 52),
('2010-02-04 18:59:15', 1, 1, 242, 82),
('2010-04-11 16:00:53', 1, 1, 254, 1),
('2010-08-22 12:43:03', 1, 1, 270, 52),
('2010-09-03 16:15:57', 1, 1, 271, 45),
('2010-10-19 12:57:07', 1, 1, 275, 46),
('2010-10-31 12:16:04', 1, 1, 276, 319),
('2010-10-31 12:16:04', 1, 1, 276, 320),
('2010-11-01 12:26:12', 1, 1, 278, 352),
('2010-11-01 12:26:12', 1, 1, 278, 353),
('2010-11-01 12:33:57', 1, 1, 279, 355),
('2010-11-02 08:50:17', 1, 1, 280, 319),
('2010-11-02 08:50:17', 1, 1, 280, 320),
('2010-11-02 09:21:20', 1, 1, 281, 319),
('2010-11-02 09:21:20', 1, 1, 281, 320),
('2010-11-02 19:28:30', 1, 1, 282, 358),
('2010-11-10 15:14:16', 1, 1, 283, 360),
('2010-11-10 15:19:58', 1, 1, 284, 1),
('2010-11-10 15:19:58', 1, 1, 284, 52),
('2010-11-10 15:19:58', 1, 1, 284, 362),
('2010-11-12 11:40:17', 1, 1, 286, 1),
('2010-08-22 11:17:10', 1, 2, 13, 11),
('2010-08-22 11:17:10', 1, 2, 13, 28),
('2010-08-22 11:17:10', 1, 2, 13, 29),
('2010-08-22 11:17:10', 1, 2, 13, 30),
('2010-08-22 11:17:10', 1, 2, 13, 33),
('2010-08-22 11:17:10', 1, 2, 13, 34),
('2010-08-22 11:17:10', 1, 2, 13, 35),
('2010-08-22 11:17:10', 1, 2, 13, 36),
('2010-09-03 16:07:55', 1, 2, 16, 48),
('2010-09-03 16:07:55', 1, 2, 16, 49),
('2010-09-03 16:07:55', 1, 2, 16, 50),
('2010-09-03 16:07:55', 1, 2, 16, 51),
('2010-05-22 21:18:33', 1, 2, 188, 33),
('2010-05-22 21:18:33', 1, 2, 188, 322),
('2010-09-06 16:11:47', 1, 2, 191, 48),
('2010-09-06 16:11:47', 1, 2, 191, 49),
('2010-09-06 16:11:47', 1, 2, 191, 331),
('2009-07-22 23:16:22', 1, 2, 194, 4),
('2009-07-22 23:16:22', 1, 2, 194, 5),
('2010-05-20 11:32:55', 1, 2, 208, 274),
('2009-08-26 12:40:51', 1, 2, 210, 48),
('2009-08-26 12:40:51', 1, 2, 210, 49),
('2010-11-22 22:15:29', 1, 2, 212, 198),
('2010-11-22 22:15:29', 1, 2, 212, 364),
('2010-08-22 13:22:05', 1, 2, 216, 331),
('2009-09-10 17:56:23', 1, 2, 228, 29),
('2009-09-10 17:56:23', 1, 2, 228, 204),
('2009-09-10 17:56:23', 1, 2, 228, 205),
('2009-12-06 17:02:38', 1, 2, 229, 168),
('2009-12-06 17:02:38', 1, 2, 229, 248),
('2010-05-16 17:29:51', 1, 2, 249, 48),
('2010-05-16 17:29:51', 1, 2, 249, 49),
('2010-04-11 16:06:00', 1, 2, 254, 297),
('2010-04-11 16:06:00', 1, 2, 254, 298),
('2010-08-22 12:43:03', 1, 2, 270, 329),
('2010-08-22 12:43:03', 1, 2, 270, 330),
('2010-09-03 16:15:56', 1, 2, 271, 331),
('2010-10-19 12:57:07', 1, 2, 275, 94),
('2010-10-19 12:57:07', 1, 2, 275, 348),
('2010-10-31 12:16:04', 1, 2, 276, 58),
('2010-10-31 12:16:04', 1, 2, 276, 333),
('2010-11-01 12:26:12', 1, 2, 278, 29),
('2010-11-01 12:26:12', 1, 2, 278, 351),
('2010-11-01 12:33:57', 1, 2, 279, 29),
('2010-11-01 12:33:57', 1, 2, 279, 354),
('2010-11-02 08:50:17', 1, 2, 280, 28),
('2010-11-02 08:50:17', 1, 2, 280, 29),
('2010-11-02 09:21:20', 1, 2, 281, 28),
('2010-11-02 09:21:20', 1, 2, 281, 29),
('2010-11-02 19:28:30', 1, 2, 282, 357),
('2010-11-10 15:14:16', 1, 2, 283, 48),
('2010-11-10 15:14:16', 1, 2, 283, 49),
('2010-11-10 15:18:50', 1, 2, 284, 48),
('2010-11-10 15:18:50', 1, 2, 284, 49),
('2010-11-11 19:52:19', 1, 2, 285, 48),
('2010-11-11 19:52:19', 1, 2, 285, 49),
('2010-11-12 11:40:17', 1, 2, 286, 48),
('2010-11-12 11:40:17', 1, 2, 286, 49),
('2009-07-25 17:48:38', 1, 3, 13, 3),
('2009-07-25 17:48:38', 1, 3, 13, 78),
('2009-07-25 17:48:38', 1, 3, 13, 89),
('2009-07-25 17:48:38', 2, 3, 13, 90),
('2009-07-25 17:48:38', 1, 3, 13, 93),
('2009-07-25 17:48:38', 1, 3, 13, 115),
('2009-07-25 17:48:38', 1, 3, 13, 116),
('2009-07-25 17:48:38', 2, 3, 13, 117),
('2009-07-25 17:48:38', 1, 3, 13, 118),
('2009-07-25 17:48:38', 1, 3, 13, 119),
('2009-07-16 11:49:34', 1, 3, 16, 89),
('2009-07-16 11:49:34', 1, 3, 16, 90),
('2009-07-16 11:49:34', 1, 3, 16, 91),
('2009-07-16 11:49:34', 3, 3, 16, 92),
('2009-07-16 11:49:34', 1, 3, 16, 93),
('2009-07-16 11:49:34', 1, 3, 16, 94),
('2009-07-16 11:49:34', 1, 3, 16, 95),
('2009-07-16 11:49:34', 1, 3, 16, 96),
('2009-07-16 11:49:34', 1, 3, 16, 97),
('2009-07-16 11:49:34', 1, 3, 16, 98),
('2009-09-15 14:44:37', 1, 3, 34, 90),
('2009-09-15 14:44:37', 1, 3, 34, 217),
('2009-07-10 19:00:40', 1, 3, 204, 86),
('2009-07-10 19:00:40', 1, 3, 204, 87),
('2009-07-10 19:00:40', 1, 3, 204, 88),
('2009-07-22 23:27:00', 1, 3, 209, 86),
('2009-07-22 23:27:00', 1, 3, 209, 87),
('2009-07-22 23:27:00', 1, 3, 209, 88),
('2009-08-31 09:50:10', 1, 3, 212, 3),
('2009-08-31 09:50:10', 1, 3, 212, 90),
('2009-08-31 09:50:10', 1, 3, 212, 91),
('2009-08-31 09:50:10', 1, 3, 212, 93),
('2009-08-31 09:50:10', 1, 3, 212, 116),
('2009-08-31 09:50:10', 1, 3, 212, 194),
('2009-08-31 09:50:10', 1, 3, 212, 199),
('2009-09-10 17:57:52', 1, 3, 228, 90),
('2009-09-10 17:57:52', 1, 3, 228, 99),
('2009-09-10 17:57:52', 1, 3, 228, 116),
('2009-09-10 17:57:52', 1, 3, 228, 206),
('2009-09-10 17:57:52', 1, 3, 228, 207),
('2009-09-10 17:57:52', 1, 3, 228, 208),
('2009-09-10 17:57:52', 1, 3, 228, 209),
('2009-09-10 17:57:52', 1, 3, 228, 210),
('2009-08-28 06:34:50', 1, 4, 16, 3),
('2009-08-28 06:34:50', 1, 4, 16, 4),
('2009-08-28 06:34:50', 1, 4, 16, 5),
('2009-08-28 06:34:50', 1, 4, 16, 52),
('2009-08-28 06:34:50', 1, 4, 16, 164),
('2009-08-28 06:34:50', 1, 4, 16, 165),
('2009-08-28 06:34:50', 1, 4, 16, 166),
('2009-08-28 06:34:50', 1, 4, 16, 167),
('2009-08-28 06:34:50', 1, 4, 16, 168),
('2009-08-28 06:34:50', 2, 4, 16, 169),
('2009-08-28 06:34:50', 1, 4, 16, 170),
('2009-08-28 06:34:50', 1, 4, 16, 171),
('2009-08-28 06:34:50', 1, 4, 16, 172),
('2009-08-28 06:34:50', 1, 4, 16, 173),
('2009-08-28 06:34:50', 1, 4, 16, 174),
('2009-08-28 06:34:50', 2, 4, 16, 175),
('2009-09-15 14:47:10', 1, 4, 34, 154),
('2009-09-15 14:47:10', 1, 4, 34, 218),
('2009-09-15 14:47:10', 1, 4, 34, 219),
('2009-09-15 14:47:10', 1, 4, 34, 220),
('2009-09-15 14:47:10', 1, 4, 34, 221),
('2009-09-15 14:47:10', 1, 4, 34, 222),
('2009-09-15 14:47:10', 1, 4, 34, 223),
('2009-09-15 14:47:10', 1, 4, 34, 224),
('2010-08-19 23:50:30', 1, 7, 13, 58),
('2010-08-20 12:54:56', 1, 7, 16, 63),
('2010-08-20 12:54:56', 1, 7, 16, 64),
('2010-09-06 16:26:31', 1, 7, 188, 33),
('2010-09-06 16:26:31', 1, 7, 188, 60),
('2010-09-06 16:26:31', 1, 7, 188, 61),
('2010-09-06 16:26:31', 1, 7, 188, 333),
('2010-09-06 16:26:31', 1, 7, 188, 334),
('2010-09-18 07:43:11', 1, 7, 191, 27),
('2010-09-18 07:43:11', 1, 7, 191, 45),
('2010-09-18 07:43:11', 1, 7, 191, 63),
('2010-09-18 07:43:11', 1, 7, 191, 64),
('2010-09-18 07:43:11', 1, 7, 191, 168),
('2010-09-18 07:43:11', 1, 7, 191, 249),
('2010-09-18 07:43:11', 1, 7, 191, 250),
('2010-09-18 07:43:11', 1, 7, 191, 252),
('2010-09-18 07:43:11', 1, 7, 191, 253),
('2010-09-18 07:43:11', 1, 7, 191, 273),
('2010-09-18 07:43:11', 1, 7, 191, 345),
('2009-06-11 16:38:33', 2, 7, 193, 27),
('2009-06-11 16:38:33', 1, 7, 193, 55),
('2009-06-11 16:38:33', 1, 7, 193, 56),
('2009-06-11 16:38:33', 1, 7, 193, 57),
('2009-06-11 16:38:33', 1, 7, 193, 58),
('2009-07-16 12:10:47', 1, 7, 194, 56),
('2009-07-16 12:10:47', 1, 7, 194, 57),
('2009-07-16 12:10:47', 1, 7, 194, 67),
('2009-07-16 12:10:47', 1, 7, 194, 68),
('2009-07-16 12:10:47', 1, 7, 194, 105),
('2009-06-27 15:03:12', 1, 7, 199, 80),
('2009-06-27 15:03:12', 1, 7, 199, 81),
('2010-05-18 13:11:04', 1, 7, 208, 27),
('2010-05-18 13:11:04', 1, 7, 208, 274),
('2010-05-18 13:11:04', 1, 7, 208, 275),
('2010-01-30 10:30:14', 1, 7, 210, 27),
('2010-01-30 10:30:14', 1, 7, 210, 58),
('2010-01-30 10:30:14', 1, 7, 210, 71),
('2010-01-30 10:30:14', 1, 7, 210, 106),
('2010-01-30 10:30:14', 1, 7, 210, 160),
('2010-01-30 10:30:14', 1, 7, 210, 161),
('2010-01-30 10:30:14', 1, 7, 210, 276),
('2010-01-30 10:30:14', 1, 7, 210, 277),
('2010-01-30 10:30:14', 1, 7, 210, 278),
('2010-01-30 10:30:14', 1, 7, 210, 279),
('2010-01-30 10:30:14', 1, 7, 210, 280),
('2010-08-22 13:22:06', 1, 7, 216, 27),
('2010-02-05 15:02:56', 1, 7, 239, 122),
('2010-02-05 15:02:56', 1, 7, 239, 125),
('2010-02-05 15:02:56', 1, 7, 239, 281),
('2010-02-05 15:02:56', 1, 7, 239, 282),
('2010-02-04 20:42:21', 1, 7, 240, 31),
('2010-02-04 20:42:21', 1, 7, 240, 32),
('2010-02-04 20:42:21', 1, 7, 240, 189),
('2010-02-04 20:42:21', 1, 7, 240, 249),
('2010-02-04 20:42:21', 1, 7, 240, 273),
('2010-02-04 20:43:14', 1, 7, 241, 99),
('2010-02-04 20:43:14', 1, 7, 241, 249),
('2010-02-04 20:43:14', 1, 7, 241, 254),
('2010-02-04 20:43:14', 1, 7, 241, 273),
('2010-07-19 12:08:32', 1, 7, 249, 27),
('2010-07-19 12:08:32', 1, 7, 249, 274),
('2010-07-19 12:08:32', 1, 7, 249, 275),
('2010-07-19 12:08:32', 1, 7, 249, 302),
('2010-02-27 09:26:21', 1, 9, 13, 189),
('2010-02-27 09:26:21', 1, 9, 13, 190),
('2010-02-27 09:26:21', 1, 9, 13, 272),
('2010-09-03 16:12:34', 1, 9, 16, 211),
('2010-09-03 16:12:34', 1, 9, 16, 272),
('2010-09-03 16:12:34', 1, 9, 16, 300),
('2009-07-16 11:54:53', 2, 9, 207, 101),
('2009-07-22 23:27:22', 1, 9, 209, 111),
('2009-07-22 23:27:22', 1, 9, 209, 112),
('2009-07-22 23:27:22', 1, 9, 209, 113),
('2010-11-22 22:15:29', 1, 9, 212, 161),
('2010-11-22 22:15:29', 1, 9, 212, 189),
('2010-09-18 07:34:14', 1, 9, 213, 189),
('2009-09-12 17:57:19', 1, 9, 214, 157),
('2009-09-12 17:57:19', 1, 9, 214, 191),
('2009-09-12 17:57:19', 1, 9, 214, 211),
('2009-09-12 17:57:19', 1, 9, 214, 212),
('2009-09-10 18:01:53', 1, 9, 228, 155),
('2009-09-10 18:01:53', 1, 9, 228, 161),
('2009-09-10 18:01:53', 1, 9, 228, 176),
('2010-01-16 10:48:57', 1, 9, 229, 189),
('2010-01-16 10:48:57', 1, 9, 229, 272),
('2010-09-03 16:15:58', 1, 9, 271, 161),
('2010-10-19 12:57:07', 1, 9, 275, 161),
('2010-10-31 12:16:04', 1, 9, 276, 189),
('2010-11-01 12:26:12', 1, 9, 278, 211),
('2010-11-01 12:33:57', 1, 9, 279, 161),
('2010-11-02 08:50:17', 1, 9, 280, 189),
('2010-11-02 09:21:20', 1, 9, 281, 189),
('2010-11-02 19:28:30', 1, 9, 282, 161),
('2010-11-10 15:14:16', 1, 9, 283, 157),
('2010-11-10 15:18:51', 1, 9, 284, 157),
('2010-11-11 19:52:20', 1, 9, 285, 157),
('2010-11-12 11:40:17', 1, 9, 286, 211),
('2010-05-22 21:16:13', 1, 13, 13, 301),
('2010-09-06 16:43:24', 1, 13, 16, 249),
('2010-09-06 16:43:24', 1, 13, 16, 301),
('2010-02-05 15:43:35', 1, 13, 34, 26),
('2010-09-06 16:19:42', 1, 13, 191, 249),
('2010-02-11 06:37:18', 1, 13, 208, 249),
('2010-01-30 10:31:07', 1, 13, 210, 26),
('2010-02-27 16:16:36', 2, 13, 212, 249),
('2010-02-27 16:16:36', 1, 13, 212, 256),
('2010-02-08 11:25:49', 1, 13, 220, 249),
('2010-01-16 10:47:39', 2, 13, 229, 249),
('2010-01-16 10:47:39', 1, 13, 229, 256),
('2010-02-26 14:08:23', 1, 13, 242, 26),
('2010-04-12 16:22:04', 1, 13, 244, 249),
('2010-05-16 17:30:06', 1, 13, 249, 277),
('2010-05-16 17:30:06', 1, 13, 249, 278),
('2009-12-24 10:43:35', 1, 14, 191, 255),
('2010-07-06 23:13:11', 1, 15, 13, 168),
('2010-09-06 18:54:04', 1, 15, 16, 168),
('2010-02-05 15:47:55', 1, 15, 34, 168),
('2010-09-12 20:04:19', 2, 15, 188, 168),
('2010-09-12 20:04:19', 1, 15, 188, 285),
('2010-09-18 07:42:05', 1, 15, 191, 168),
('2010-05-16 16:40:12', 1, 15, 208, 168),
('2010-01-30 10:30:31', 1, 15, 210, 168),
('2010-02-27 16:32:39', 2, 15, 212, 168),
('2010-02-27 16:32:39', 1, 15, 212, 285),
('2010-02-27 16:32:39', 1, 15, 212, 289),
('2010-02-27 16:32:39', 1, 15, 212, 290),
('2010-01-16 10:47:56', 1, 15, 229, 168),
('2010-09-06 18:51:45', 1, 15, 239, 168),
('2010-07-19 11:53:25', 2, 15, 240, 168),
('2010-07-19 11:53:25', 1, 15, 240, 285),
('2010-02-27 17:37:13', 2, 15, 242, 168),
('2010-02-27 17:37:13', 1, 15, 242, 285),
('2010-02-27 17:37:13', 1, 15, 242, 289),
('2010-02-27 17:37:13', 1, 15, 242, 290),
('2010-09-06 18:49:35', 2, 15, 243, 168),
('2010-09-06 18:49:35', 1, 15, 243, 285),
('2010-09-06 18:49:35', 1, 15, 243, 289),
('2010-09-06 18:49:35', 1, 15, 243, 290),
('2010-04-12 16:21:36', 2, 15, 244, 168),
('2010-04-12 16:21:36', 1, 15, 244, 285),
('2010-02-26 10:56:45', 2, 15, 248, 168),
('2010-02-26 10:56:45', 1, 15, 248, 285),
('2010-02-26 10:56:45', 1, 15, 248, 289),
('2010-02-26 10:56:45', 1, 15, 248, 290),
('2010-05-16 17:29:15', 1, 15, 249, 168),
('2010-04-14 09:52:48', 2, 15, 250, 168),
('2010-04-14 09:52:48', 1, 15, 250, 285),
('2010-09-06 16:49:23', 1, 15, 256, 168),
('2010-09-06 16:49:45', 1, 15, 268, 168),
('2010-04-12 16:46:48', 1, 16, 239, 26),
('2010-04-12 16:46:48', 1, 16, 239, 249),
('2010-02-05 15:07:13', 1, 16, 240, 31),
('2010-02-05 15:07:13', 1, 16, 240, 32),
('2010-02-05 15:07:13', 1, 16, 240, 249),
('2010-02-05 15:07:13', 1, 16, 240, 273),
('2010-02-08 13:57:37', 1, 16, 241, 58),
('2010-05-17 11:54:35', 1, 16, 243, 31),
('2010-05-17 11:54:35', 1, 16, 243, 32),
('2010-05-17 11:54:35', 1, 16, 243, 249),
('2010-05-22 21:16:32', 2, 17, 13, 288),
('2010-09-06 18:44:24', 1, 17, 16, 288),
('2010-05-16 18:19:35', 1, 17, 191, 305),
('2010-05-16 16:40:00', 1, 17, 208, 288),
('2010-02-26 13:16:35', 1, 17, 212, 288),
('2010-02-26 10:56:30', 1, 17, 248, 288),
('2010-05-16 17:29:30', 1, 17, 249, 288),
('2010-05-22 21:18:48', 1, 18, 188, 323),
('2010-10-21 12:24:39', 1, 18, 191, 150),
('2010-10-21 12:24:39', 1, 18, 191, 349),
('2010-05-20 11:31:59', 1, 18, 208, 178),
('2010-05-20 11:31:59', 1, 18, 208, 294),
('2010-05-20 11:31:59', 1, 18, 208, 295),
('2010-05-20 11:31:59', 1, 18, 208, 317),
('2010-05-16 17:28:58', 1, 18, 249, 303),
('2010-04-12 16:45:36', 1, 19, 239, 254),
('2010-04-12 16:35:05', 1, 19, 240, 299),
('2010-05-16 17:14:11', 1, 19, 242, 31),
('2010-05-16 17:14:11', 1, 19, 242, 32),
('2010-05-16 17:14:11', 1, 19, 242, 249),
('2010-06-25 11:13:06', 1, 19, 243, 31),
('2010-06-25 11:13:06', 1, 19, 243, 32),
('2010-06-25 11:13:06', 1, 19, 243, 249),
('2010-06-25 11:13:06', 1, 19, 243, 254),
('2010-04-14 09:41:41', 1, 19, 250, 278),
('2010-05-22 21:24:03', 1, 22, 188, 288),
('2010-05-27 16:39:01', 1, 22, 191, 288),
('2010-05-20 11:33:32', 1, 22, 208, 288),
('2010-05-16 19:16:33', 1, 22, 249, 306),
('2010-05-16 19:16:33', 1, 22, 249, 307);

-- --------------------------------------------------------

--
-- Table structure for table `profile_widget_field`
--

CREATE TABLE IF NOT EXISTS `profile_widget_field` (
  `created` timestamp NOT NULL DEFAULT '0000-00-00 00:00:00',
  `data_table` enum('attend','concentration','degree','industry','institute','position','text','state','country','textarea','datetime','daterange','gender','what_makes_matt_awesome','test','test_auto_complete','skill_level','position_i_play_2','','','league','test_select','current_status','play_coed','main_website','division_name','league_name','test_field_1','preferred_postions','available_days','free_agent','will_sub','level','group_status','category','city','fields','i_am_over_18','i_am_over_18') NOT NULL,
  `id` mediumint(8) unsigned NOT NULL AUTO_INCREMENT,
  `label` varchar(32) NOT NULL,
  `modified` timestamp NOT NULL DEFAULT CURRENT_TIMESTAMP ON UPDATE CURRENT_TIMESTAMP,
  `maxlength` int(11) NOT NULL DEFAULT '10',
  `name` varchar(32) NOT NULL,
  `order` tinyint(2) unsigned NOT NULL,
  `profile_widget_id` mediumint(8) unsigned NOT NULL,
  `type` enum('autocomplete','daterange','image','list','portrait','textarea','text','select','datetime') NOT NULL,
  `update_searchable` enum('false','true') NOT NULL DEFAULT 'false',
  `status` enum('active','deleted','inactive') NOT NULL,
  `required` enum('false','true') NOT NULL DEFAULT 'false',
  `default_value` varchar(255) DEFAULT NULL,
  PRIMARY KEY (`id`),
  KEY `profile_widget_field_pw_fk` (`profile_widget_id`)
) ENGINE=InnoDB  DEFAULT CHARSET=utf8 COMMENT='InnoDB free: 4310016 kB' AUTO_INCREMENT=100 ;

--
-- Dumping data for table `profile_widget_field`
--

INSERT INTO `profile_widget_field` (`created`, `data_table`, `id`, `label`, `modified`, `maxlength`, `name`, `order`, `profile_widget_id`, `type`, `update_searchable`, `status`, `required`, `default_value`) VALUES
('2008-11-03 09:13:47', 'gender', 1, 'Gender', '2010-09-03 16:06:19', 0, 'gender', 1, 1, 'select', 'false', 'active', 'true', ''),
('2008-11-03 09:13:47', 'datetime', 2, 'Birthday', '2010-05-20 09:30:11', 16, 'birthday', 2, 1, 'datetime', 'false', 'active', 'false', NULL),
('2008-11-03 09:13:47', 'city', 3, 'Current City', '2010-08-26 15:50:05', 64, 'current_city', 3, 1, 'autocomplete', 'false', 'active', 'true', NULL),
('2008-11-03 09:13:47', 'country', 4, 'Country', '2009-12-29 16:03:40', 0, 'country', 5, 1, 'select', 'false', 'inactive', 'false', NULL),
('2008-11-03 09:13:47', 'state', 5, 'State', '2009-12-29 16:03:00', 0, 'state', 4, 1, 'select', 'false', 'inactive', 'false', NULL),
('2008-11-03 09:13:47', 'textarea', 6, 'About Me', '2010-05-17 16:52:57', 65535, 'about_me', 6, 1, 'textarea', 'false', 'active', 'false', NULL),
('2008-11-03 09:13:47', 'textarea', 7, 'Interests & Hobbies', '2010-05-17 16:53:17', 65535, 'interests__hobbies', 7, 1, 'list', 'false', 'inactive', 'false', NULL),
('2008-11-09 13:42:57', 'text', 8, 'Email', '2010-05-16 15:48:03', 255, 'email', 1, 2, 'text', 'false', 'deleted', 'true', NULL),
('2008-11-09 13:42:57', 'text', 9, 'Mobile', '2010-09-18 07:45:56', 16, 'mobile', 2, 2, 'text', 'false', 'active', 'false', ''),
('2008-11-09 13:42:57', 'text', 10, 'Phone', '2010-08-26 15:49:37', 16, 'phone', 3, 2, 'text', 'false', 'inactive', 'false', ''),
('2008-11-09 13:42:57', 'text', 11, 'Address', '2010-05-20 16:04:19', 255, 'address', 4, 2, 'text', 'false', 'active', 'true', NULL),
('2008-11-09 13:42:57', 'city', 12, 'City', '2010-09-06 16:21:02', 64, 'city', 5, 2, 'autocomplete', 'false', 'inactive', 'true', ''),
('2008-11-09 13:42:57', 'state', 13, 'State', '2009-12-29 16:06:40', 0, 'state', 6, 2, 'select', 'false', 'inactive', 'false', NULL),
('2008-11-09 13:42:57', 'country', 14, 'Country', '2009-12-29 16:07:16', 0, 'country', 7, 2, 'select', 'false', 'inactive', 'false', NULL),
('2008-11-09 13:42:57', 'text', 15, 'Zipcode', '2009-12-29 16:06:58', 2, 'zipcode', 8, 2, 'text', 'false', 'inactive', 'false', NULL),
('2008-11-09 13:42:57', 'textarea', 16, 'Website', '2010-09-06 16:31:25', 65535, 'website', 9, 2, 'list', 'false', 'inactive', 'false', ''),
('2008-11-09 14:45:10', 'institute', 17, 'Institute', '2008-11-09 14:45:10', 255, 'institute', 1, 3, 'autocomplete', 'false', 'active', 'false', NULL),
('2008-11-09 14:45:10', 'text', 18, 'Year', '2008-11-09 14:45:10', 0, 'year', 2, 3, 'select', 'false', 'active', 'false', NULL),
('2008-11-09 14:45:10', 'attend', 19, 'Student Status', '2008-11-09 14:45:10', 0, 'attend', 3, 3, 'select', 'false', 'active', 'false', NULL),
('2008-11-09 14:45:10', 'degree', 20, 'Degree', '2008-11-09 14:45:10', 0, 'degree', 4, 3, 'select', 'false', 'active', 'false', NULL),
('2008-11-09 14:45:10', 'concentration', 21, 'Concentration or Major 1', '2008-11-09 14:45:10', 128, 'concentration1', 5, 3, 'autocomplete', 'false', 'active', 'false', NULL),
('2008-11-09 14:45:10', 'concentration', 22, 'Concentration or Major 2', '2008-11-09 14:45:10', 128, 'concentration2', 6, 3, 'autocomplete', 'false', 'active', 'false', NULL),
('2008-11-09 14:45:10', 'concentration', 23, 'Concentration or Major 3', '2008-11-09 14:45:10', 128, 'concentration3', 7, 3, 'autocomplete', 'false', 'active', 'false', NULL),
('2008-11-19 20:41:57', 'text', 24, 'Company', '2008-11-19 20:41:57', 128, 'company', 1, 4, 'text', 'false', 'active', 'false', NULL),
('2008-11-19 20:41:57', 'text', 25, 'Website', '2008-11-19 20:41:57', 255, 'website', 2, 4, 'text', 'false', 'active', 'false', NULL),
('2008-11-19 20:41:57', 'position', 26, 'Position / Title', '2008-11-19 20:41:57', 128, 'position', 3, 4, 'autocomplete', 'false', 'active', 'false', NULL),
('2008-11-19 20:41:57', 'textarea', 27, 'Descrption', '2008-11-19 20:41:57', 0, 'description', 4, 4, 'textarea', 'false', 'active', 'false', NULL),
('2008-11-19 20:41:57', 'industry', 28, 'Industry', '2008-11-19 20:41:57', 0, 'industry', 5, 4, 'select', 'false', 'active', 'false', NULL),
('2008-11-19 20:41:57', 'city', 29, 'City', '2010-08-26 15:50:05', 255, 'city', 6, 4, 'autocomplete', 'false', 'active', 'false', NULL),
('2008-11-19 20:41:57', 'state', 30, 'State', '2008-11-19 20:41:57', 0, 'state', 7, 4, 'select', 'false', 'active', 'false', NULL),
('2008-11-19 20:41:57', 'country', 31, 'Country', '2008-11-19 20:41:57', 0, 'country', 8, 4, 'select', 'false', 'active', 'false', NULL),
('2008-11-19 20:41:57', 'daterange', 32, 'Time Period', '2008-11-19 20:41:57', 0, 'period', 9, 4, 'daterange', 'false', 'active', 'false', NULL),
('2008-11-24 08:32:03', 'text', 33, 'Image', '2008-11-24 08:32:03', 0, 'uriImage', 1, 5, 'portrait', 'true', 'active', 'false', NULL),
('2008-11-24 08:32:03', 'text', 34, 'Thumb', '2008-11-24 08:32:03', 0, 'uriThumb', 2, 5, 'portrait', 'true', 'active', 'false', NULL),
('2008-12-07 11:26:19', 'text', 35, 'Name', '2010-09-06 16:13:12', 64, 'name', 1, 7, 'text', 'false', 'active', 'true', ''),
('2008-12-07 11:26:19', 'level', 36, 'Level', '2010-07-19 11:54:27', 0, 'level', 2, 7, 'select', 'false', 'deleted', 'false', ''),
('2008-12-07 11:26:19', 'datetime', 37, 'Inception Date', '2010-08-21 08:21:43', 0, 'inception_date', 3, 7, 'datetime', 'false', 'active', 'false', ''),
('2008-12-07 11:26:19', 'textarea', 38, 'Description', '2010-07-19 11:54:55', 65535, 'description', 4, 7, 'textarea', 'false', 'active', 'false', ''),
('2008-12-07 11:26:19', 'textarea', 39, 'Interests', '2010-09-06 16:13:52', 65535, 'interests', 5, 7, 'list', 'false', 'active', 'false', ''),
('2009-04-02 10:22:14', 'text', 40, 'Favorite thing about matt?', '2009-04-02 10:22:49', 255, 'favorite_thing_about_matt', 1, 8, 'text', 'false', 'active', 'false', NULL),
('2009-04-02 10:23:21', 'textarea', 41, 'what do you like about matt?', '2009-04-02 10:23:21', 65535, 'what_do_you_like_about_matt', 2, 8, 'textarea', 'false', 'active', 'false', NULL),
('2009-04-02 10:24:14', 'what_makes_matt_awesome', 42, 'What makes matt awesome?', '2009-04-02 10:26:11', 64, 'what_makes_matt_awesome', 3, 8, 'select', 'false', 'active', 'false', NULL),
('2009-04-03 12:04:19', 'text', 43, 'tester', '2009-04-03 12:04:35', 64, 'tester', 8, 1, 'text', 'false', 'deleted', 'false', NULL),
('2009-04-05 20:42:12', 'textarea', 44, 'Positions', '2009-08-28 06:16:19', 255, 'positions', 1, 9, 'list', 'false', 'deleted', 'false', NULL),
('2009-04-07 18:22:44', 'text', 45, 'test sub field', '2009-04-07 18:22:44', 64, 'test_sub_field', 9, 1, 'text', 'false', 'deleted', 'false', NULL),
('2009-04-09 16:51:09', 'textarea', 46, 'My Teams', '2010-11-11 19:53:46', 65535, 'my_teams', 10, 1, 'list', 'false', 'active', 'false', ''),
('2009-04-20 11:40:25', 'datetime', 48, 'test bDAy', '2009-04-20 11:40:50', 64, 'test_bday', 11, 1, '', 'false', 'deleted', 'false', NULL),
('2009-04-27 09:34:57', 'datetime', 49, 'birthday', '2009-04-27 09:34:57', 64, 'birthday', 6, 7, '', 'false', 'deleted', 'false', NULL),
('2009-04-27 09:36:11', 'text', 50, 'matt is cool', '2009-04-27 09:36:11', 64, 'matt_is_cool', 7, 7, 'text', 'false', 'deleted', 'false', NULL),
('2009-04-27 09:37:28', 'datetime', 51, 'My Teams', '2009-06-11 16:44:27', 128, 'my_teams', 8, 7, '', 'false', 'deleted', 'false', NULL),
('2009-06-11 16:44:47', 'test', 52, 'test', '2009-06-11 16:45:29', 64, 'test', 12, 1, 'select', 'false', 'deleted', 'false', NULL),
('2009-06-11 16:49:30', 'test_auto_complete', 53, 'test auto complete', '2009-06-11 16:49:30', 64, 'test_auto_complete', 9, 7, 'autocomplete', 'false', 'deleted', 'false', NULL),
('2009-08-25 10:03:03', 'text', 54, 'Cool Action Shots', '2009-08-25 10:03:03', 64, 'cool_action_shots', 3, 9, 'image', 'false', 'deleted', 'false', NULL),
('2009-08-25 17:04:32', 'text', 55, 'Skill Level', '2009-08-25 17:05:09', 255, 'skill_level', 4, 9, 'text', 'false', 'deleted', 'false', NULL),
('2009-08-25 17:06:59', 'text', 56, 'Play COED?', '2009-08-25 17:07:30', 64, 'play_coed', 5, 9, 'text', 'false', 'deleted', 'false', NULL),
('2009-08-25 17:09:35', 'skill_level', 57, 'Skill Level', '2010-09-03 16:11:23', 64, 'skill_level', 6, 9, 'select', 'false', 'active', 'true', ''),
('2009-08-25 17:12:24', 'play_coed', 58, 'Play COED?', '2010-09-03 16:11:34', 64, 'play_coed', 7, 9, 'select', 'false', 'active', 'true', ''),
('2009-08-25 18:52:02', 'text', 59, 'image1', '2009-08-25 18:52:02', 64, 'image1', 8, 9, 'image', 'false', 'deleted', 'false', NULL),
('2009-08-25 18:52:13', 'text', 60, 'Roster Photo', '2010-11-21 16:32:40', 64, 'roster_photo', 1, 12, 'image', 'false', 'active', 'false', ''),
('2009-08-26 12:26:08', 'position_i_play_2', 61, 'Positions I play 2', '2009-08-28 06:13:38', 64, 'positions_i_play_2', 9, 9, 'select', 'false', 'deleted', 'false', NULL),
('2009-08-28 06:18:25', 'preferred_postions', 62, 'Preferred Postions', '2010-09-03 16:12:08', 64, 'preferred_postions', 10, 9, 'select', 'false', 'active', 'true', ''),
('2009-08-28 06:21:03', 'textarea', 63, 'test', '2009-08-28 06:21:03', 65535, 'test', 11, 9, 'list', 'false', 'deleted', 'false', NULL),
('2009-08-30 14:45:19', 'textarea', 68, 'Days and times I can Play', '2009-08-30 14:47:34', 255, 'days_and_times_i_can_play', 14, 9, 'list', 'false', 'deleted', 'true', NULL),
('2009-08-31 09:04:16', 'will_sub', 69, 'Will Sub?', '2010-05-16 15:41:46', 64, 'will_sub', 17, 9, 'select', 'false', 'deleted', 'false', NULL),
('2009-08-31 13:21:13', 'free_agent', 70, 'Free Agent?', '2010-08-26 15:52:46', 64, 'free_agent', 18, 9, 'select', 'false', 'active', 'false', ''),
('2009-12-05 20:48:51', 'available_days', 71, 'Available Days', '2010-05-16 16:13:18', 64, 'available_days', 19, 9, 'select', 'false', 'active', 'false', NULL),
('2009-12-06 15:19:05', 'league', 72, 'League', '2010-09-06 16:22:37', 64, 'league', 1, 13, 'select', 'false', 'active', 'false', ''),
('2009-12-06 16:55:15', 'text', 73, 'Schedule or link', '2010-09-06 18:38:57', 255, 'schedule_or_link', 11, 7, 'text', 'false', 'active', 'false', ''),
('2009-12-24 10:11:49', 'text', 74, 'Manager or Admin', '2010-09-06 18:58:02', 64, 'manager_or_admin', 12, 7, 'text', 'false', 'active', 'true', ''),
('2009-12-24 10:39:37', 'textarea', 75, 'test list', '2009-12-24 10:42:38', 65535, 'test_list', 1, 14, 'list', 'false', 'active', 'false', NULL),
('2009-12-24 10:39:59', 'test_select', 76, 'test select', '2009-12-24 10:42:20', 64, 'test_select', 2, 14, 'select', 'false', 'active', 'false', NULL),
('2009-12-29 16:10:51', 'main_website', 77, 'Main Website', '2010-09-06 18:54:37', 64, 'main_website', 1, 15, 'select', 'false', 'active', 'false', ''),
('2009-12-29 16:16:10', 'text', 78, 'Link to Field Locations', '2010-02-05 15:09:59', 64, 'link_to_field_locations', 2, 15, 'text', 'false', 'deleted', 'false', NULL),
('2010-02-03 09:15:52', 'text', 79, 'League Name', '2010-04-14 09:57:23', 64, 'league_name', 1, 16, 'text', 'false', 'inactive', 'false', NULL),
('2010-02-03 09:16:19', 'datetime', 80, 'Season Starts', '2010-07-19 11:50:58', 64, 'season_starts', 2, 16, 'datetime', 'false', 'inactive', 'false', ''),
('2010-02-03 09:16:46', 'daterange', 81, 'Season Ends', '2010-07-19 11:50:48', 64, 'season_ends', 3, 16, 'daterange', 'false', 'inactive', 'false', ''),
('2010-02-04 19:05:40', 'text', 82, 'Season Fees', '2010-07-19 11:50:39', 64, 'season_fees', 4, 16, 'text', 'false', 'inactive', 'false', ''),
('2010-02-05 14:50:09', 'text', 83, 'Current Season', '2010-07-19 11:51:19', 64, 'current_season', 5, 16, 'text', 'false', 'inactive', 'false', ''),
('2010-02-05 15:08:32', 'text', 84, 'Network Description', '2010-02-26 14:10:40', 64, 'network_description', 6, 16, 'text', 'false', 'inactive', 'false', NULL),
('2010-02-05 15:47:22', 'fields', 85, 'Fields', '2010-09-06 18:35:52', 64, 'fields', 3, 15, 'select', 'false', 'active', 'false', ''),
('2010-02-15 15:03:52', 'current_status', 86, 'Current Status', '2010-08-26 15:54:24', 64, 'current_status', 1, 17, 'select', 'false', 'active', 'false', ''),
('2010-02-26 14:57:13', 'text', 87, 'News', '2010-05-16 16:25:48', 128, 'news', 1, 18, 'text', 'false', 'active', 'false', NULL),
('2010-04-12 16:26:48', 'text', 88, 'Division Name', '2010-04-14 09:47:57', 64, 'division_name', 1, 19, 'text', 'false', 'deleted', 'false', NULL),
('2010-04-14 09:48:55', 'division_name', 89, 'Division Name', '2010-07-27 15:32:14', 64, 'division_name', 2, 19, 'select', 'false', 'active', 'false', ''),
('2010-04-14 09:58:55', 'division_name', 90, 'Division Name', '2010-07-19 12:02:05', 64, 'division_name', 7, 16, 'select', 'false', 'inactive', 'false', ''),
('2010-04-14 10:01:48', 'league_name', 91, 'League Name', '2010-07-19 12:04:16', 64, 'league_name', 8, 16, 'select', 'false', 'active', 'false', ''),
('2010-04-14 10:13:24', 'test_field_1', 92, 'test field 1', '2010-04-28 11:05:44', 64, 'test_field_1', 1, 20, 'select', 'false', 'active', 'false', NULL),
('2010-05-16 15:52:33', 'text', 93, 'Email', '2010-09-06 16:21:20', 64, 'email', 10, 2, 'text', 'false', 'active', 'true', ''),
('2010-05-16 16:14:50', 'text', 94, 'Hometown', '2010-05-16 16:16:09', 64, 'hometown', 14, 1, 'text', 'false', 'active', 'false', NULL),
('2010-05-16 18:21:59', 'group_status', 95, 'Group Status', '2010-09-06 16:22:17', 64, 'group_status', 1, 22, 'select', 'false', 'active', 'true', ''),
('2010-05-17 09:42:22', 'category', 96, 'Category', '2010-09-06 18:59:25', 64, 'category', 13, 7, 'select', 'false', 'active', 'true', ''),
('2010-05-17 11:50:20', 'i_am_over_18', 97, 'I am over 18', '2010-09-12 19:36:10', 64, 'i_am_over_18', 15, 1, 'select', 'false', 'deleted', 'true', ''),
('2010-05-17 16:40:43', 'text', 98, 'Profession', '2010-09-06 16:25:37', 128, 'profession', 16, 1, 'text', 'false', 'active', 'false', ''),
('2010-09-12 19:50:04', 'i_am_over_18', 99, 'I am over 18', '2010-09-12 19:50:53', 64, 'i_am_over_18', 17, 1, 'select', 'false', 'active', 'false', '');

-- --------------------------------------------------------

--
-- Table structure for table `profile_widget_field_attend`
--

CREATE TABLE IF NOT EXISTS `profile_widget_field_attend` (
  `attend_id` mediumint(8) unsigned NOT NULL,
  `created` timestamp NOT NULL DEFAULT CURRENT_TIMESTAMP ON UPDATE CURRENT_TIMESTAMP,
  `id` int(10) unsigned NOT NULL AUTO_INCREMENT,
  `ikey` varchar(75) NOT NULL,
  `profile_widget_field_id` mediumint(8) unsigned NOT NULL,
  `searchable_id` int(11) unsigned NOT NULL,
  `status` enum('deleted','active') NOT NULL DEFAULT 'active',
  PRIMARY KEY (`id`),
  KEY `normal` (`profile_widget_field_id`,`searchable_id`),
  KEY `profile_widget_field_attend_searchable_fk` (`searchable_id`),
  KEY `profile_widget_field_attend_pwf_fk` (`profile_widget_field_id`),
  KEY `profile_widget_field_attend_fk` (`attend_id`)
) ENGINE=InnoDB  DEFAULT CHARSET=utf8 AUTO_INCREMENT=32 ;

--
-- Dumping data for table `profile_widget_field_attend`
--

INSERT INTO `profile_widget_field_attend` (`attend_id`, `created`, `id`, `ikey`, `profile_widget_field_id`, `searchable_id`, `status`) VALUES
(2, '2010-08-19 23:34:01', 7, '943f10b7abf00c6c77b7515a096e43224506', 19, 13, 'deleted'),
(1, '2010-08-19 23:34:01', 8, '452ebc4db96ec12d336565e85e37125a6387', 19, 13, 'deleted'),
(2, '2010-08-19 23:34:01', 9, '2d38b498e789c44636473f095a6070ac8418', 19, 13, 'deleted'),
(1, '2010-08-19 23:34:01', 10, '56f2adb3621e53ea278ae1abba795d502929', 19, 13, 'deleted'),
(2, '2010-08-19 23:34:01', 13, '4e9019139d9ad49f7983904b497d50b29388', 19, 13, 'deleted'),
(1, '2010-08-19 23:34:01', 14, '18ebf96a2f92ee2fb5a254536239cc388156', 19, 13, 'deleted'),
(2, '2010-08-19 23:34:01', 15, '4dff7cccfc092f41b8170fc6d7dc93c02619', 19, 13, 'deleted'),
(1, '2010-08-19 23:34:01', 16, 'bcbf5e0ae48ef7e5439863381d1a69bf8622', 19, 13, 'deleted'),
(3, '2010-08-19 23:34:01', 17, '5687de5a29d6095b8d56a85808fc455d5254', 19, 16, 'deleted'),
(3, '2010-08-19 23:34:01', 18, 'b69c2c4907736b5700f6e84f2e10ff17405', 19, 16, 'deleted'),
(3, '2010-08-19 23:34:01', 19, '59be40cae32a2fcca039b54e45e3d2356262', 19, 16, 'deleted'),
(3, '2010-08-19 23:34:01', 20, 'ab3520153191abb414e1c491d40b14e098', 19, 16, 'deleted'),
(3, '2010-08-19 23:34:01', 21, 'c6139be0f45d93bb7671acf9f47d96581699', 19, 16, 'deleted'),
(2, '2010-08-19 23:34:01', 22, 'cbc7e750893b46de5c2fae42514f7a158200', 19, 16, 'deleted'),
(3, '2010-08-19 23:34:01', 23, 'ff2550902505f531ce553d0189e412de5907', 19, 16, 'active'),
(2, '2010-08-19 23:34:01', 24, '702d3972319badbccea7c00d2539d9b14934', 19, 16, 'active'),
(2, '2010-08-19 23:34:01', 25, '229e1ddf18ce2aa67e5c4017917db89a6948', 19, 13, 'deleted'),
(1, '2010-08-19 23:34:01', 26, '4712b821fec95cf815a1298971bcd1d79937', 19, 13, 'deleted'),
(2, '2010-08-19 23:34:01', 27, '69832cf83177c1699fdfabe3a0afe31b8843', 19, 13, 'active'),
(1, '2010-08-19 23:34:01', 28, 'a369cd97773506d7ede7bdac8cd3dea14405', 19, 13, 'active'),
(2, '2010-08-19 23:34:01', 29, '93f7f8f29c7ebb85c2ef554ba83439da5495', 19, 212, 'active'),
(1, '2010-08-19 23:34:01', 30, '7b55e102496eec9b6c52065423a1ba7a4262', 19, 212, 'active'),
(1, '2010-08-19 23:34:01', 31, '2183396bdd7fc7aec44aa445ef8238f14823', 19, 228, 'active');

-- --------------------------------------------------------

--
-- Table structure for table `profile_widget_field_available_days`
--

CREATE TABLE IF NOT EXISTS `profile_widget_field_available_days` (
  `available_days_id` mediumint(8) unsigned NOT NULL,
  `created` timestamp NOT NULL DEFAULT CURRENT_TIMESTAMP ON UPDATE CURRENT_TIMESTAMP,
  `id` int(10) unsigned NOT NULL AUTO_INCREMENT,
  `ikey` varchar(75) NOT NULL,
  `profile_widget_field_id` mediumint(8) unsigned NOT NULL,
  `searchable_id` int(11) unsigned NOT NULL,
  `status` enum('deleted','active') NOT NULL DEFAULT 'active',
  PRIMARY KEY (`id`),
  KEY `profile_widget_field_available_days_searchable_fk` (`searchable_id`),
  KEY `profile_widget_field_available_days_pwf_fk` (`profile_widget_field_id`),
  KEY `profile_widget_field_available_days_fk` (`available_days_id`)
) ENGINE=InnoDB  DEFAULT CHARSET=utf8 AUTO_INCREMENT=18 ;

--
-- Dumping data for table `profile_widget_field_available_days`
--

INSERT INTO `profile_widget_field_available_days` (`available_days_id`, `created`, `id`, `ikey`, `profile_widget_field_id`, `searchable_id`, `status`) VALUES
(5, '2010-08-19 23:34:01', 1, 'a4777c4c248e64c7a7c1cad438de58271328', 71, 16, 'deleted'),
(2, '2010-08-19 23:34:01', 2, 'd2a86832d0f311486452f126614596892170', 71, 16, 'deleted'),
(8, '2010-08-19 23:34:01', 3, '82122cb57bbfca0b1ea2d011c6f2bd836866', 71, 229, 'active'),
(8, '2010-08-19 23:34:01', 4, '61baacbf39c49179110d43baa57b16bd7821', 71, 13, 'active'),
(8, '2010-08-19 23:34:01', 5, '182b11af25179575457a216f8516b4e68506', 71, 212, 'deleted'),
(8, '2010-08-19 23:34:01', 6, '077a303c1cecf96c03f9b56c3ec592209067', 71, 212, 'active'),
(2, '2010-08-19 23:34:01', 7, '5f87539190e7c25f7a9d1ac9d623a4cf9821', 71, 16, 'deleted'),
(2, '2010-08-19 23:34:01', 8, '5c193bbac8dd5f3cf88ffa6da86410d91903', 71, 16, 'deleted'),
(8, '2010-08-19 23:34:01', 9, 'e46d4b67bc1bfac52d7f984121729de350', 71, 16, 'deleted'),
(8, '2010-08-19 23:34:01', 10, 'afbffcefed8df63d74ff7cfcc944ce794538', 71, 16, 'deleted'),
(7, '2010-08-19 23:34:01', 11, 'fe70716fa47e1c408d8885faa50870202542', 71, 16, 'deleted'),
(7, '2010-08-19 23:34:01', 12, '676b4ed32cae07bae6a90ce13000d7b49096', 71, 16, 'deleted'),
(7, '2010-08-19 23:34:01', 13, 'ff86d3afde13949d0213d12dbb3d290d7857', 71, 16, 'deleted'),
(7, '2010-09-03 16:08:45', 14, '2d6268db6ad4c1beb2b49b046c07caf01998', 71, 16, 'deleted'),
(7, '2010-09-03 16:12:35', 15, '0b47034048fbb163796ddbcedfa54cdf', 71, 16, 'deleted'),
(7, '2010-09-03 16:12:35', 16, '7ffa4d9b0997c823bcb9386a18506690', 71, 16, 'active'),
(7, '2010-09-06 17:04:13', 17, 'b1cc9fbd23b335eef0a34d52aa94a153', 71, 213, 'active');

-- --------------------------------------------------------

--
-- Table structure for table `profile_widget_field_category`
--

CREATE TABLE IF NOT EXISTS `profile_widget_field_category` (
  `created` datetime NOT NULL,
  `category_id` mediumint(8) unsigned NOT NULL,
  `id` int(10) unsigned NOT NULL AUTO_INCREMENT,
  `ikey` varchar(75) NOT NULL,
  `profile_widget_field_id` mediumint(8) unsigned NOT NULL,
  `searchable_id` int(11) unsigned NOT NULL,
  `status` enum('deleted','active') NOT NULL DEFAULT 'active',
  PRIMARY KEY (`id`),
  KEY `normal` (`profile_widget_field_id`,`searchable_id`),
  KEY `profile_widget_field_category_searchable_fk` (`searchable_id`),
  KEY `profile_widget_field_category_pwf_fk` (`profile_widget_field_id`),
  KEY `profile_widget_field_category_fk` (`category_id`)
) ENGINE=InnoDB  DEFAULT CHARSET=utf8 AUTO_INCREMENT=33 ;

--
-- Dumping data for table `profile_widget_field_category`
--

INSERT INTO `profile_widget_field_category` (`created`, `category_id`, `id`, `ikey`, `profile_widget_field_id`, `searchable_id`, `status`) VALUES
('2010-05-20 11:52:54', 2, 24, '375af1d09ae0692da8f1b74c66f736256417', 96, 191, 'deleted'),
('2010-05-27 16:39:30', 1, 25, 'e65bf0b22d9fe5423f6fd07ac36939e66093', 96, 191, 'deleted'),
('2010-07-19 11:59:02', 2, 26, '27979bcbce662839949a785034d9f2be1212', 96, 188, 'active'),
('2010-07-19 12:08:32', 1, 27, 'e9ac0fd569bfecdff5e9e97d2a8766b47782', 96, 249, 'active'),
('2010-08-19 23:50:30', 3, 28, 'f0591b87d61e8dd2a663324221147fd4', 96, 13, 'active'),
('2010-08-20 12:54:56', 3, 29, '117262583dadf6a3103588bf0b460d31', 96, 16, 'active'),
('2010-08-22 12:43:03', 3, 30, 'b0bc47c95e4dcae226b980ec08bbefb4', 96, 270, 'active'),
('2010-08-22 13:22:06', 1, 31, '320561040138f69d195be8face3e8987', 96, 216, 'active'),
('2010-09-18 07:43:15', 1, 32, '63bd67217bbea3c74821e463d295a2a0', 96, 191, 'active');

-- --------------------------------------------------------

--
-- Table structure for table `profile_widget_field_city`
--

CREATE TABLE IF NOT EXISTS `profile_widget_field_city` (
  `city_id` mediumint(8) unsigned NOT NULL,
  `created` timestamp NOT NULL DEFAULT CURRENT_TIMESTAMP ON UPDATE CURRENT_TIMESTAMP,
  `id` int(10) unsigned NOT NULL AUTO_INCREMENT,
  `ikey` varchar(75) NOT NULL,
  `profile_widget_field_id` mediumint(8) unsigned NOT NULL,
  `searchable_id` int(11) unsigned NOT NULL,
  `status` enum('deleted','active') NOT NULL DEFAULT 'active',
  PRIMARY KEY (`id`),
  KEY `normal` (`profile_widget_field_id`,`searchable_id`),
  KEY `profile_widget_field_city_fk` (`city_id`),
  KEY `profile_widget_field_searchable_fk` (`searchable_id`),
  KEY `profile_widget_field_profile_widget_field_fk` (`profile_widget_field_id`)
) ENGINE=InnoDB  DEFAULT CHARSET=utf8 AUTO_INCREMENT=148 ;

--
-- Dumping data for table `profile_widget_field_city`
--

INSERT INTO `profile_widget_field_city` (`city_id`, `created`, `id`, `ikey`, `profile_widget_field_id`, `searchable_id`, `status`) VALUES
(717, '2010-08-19 23:34:01', 12, '7808b471478f0cfdb2b407be92c170eb6971', 12, 13, 'deleted'),
(728, '2010-08-19 23:34:01', 15, '3907fb00750c85df3b7d65a1587a4aa7155', 3, 13, 'deleted'),
(1, '2010-08-19 23:34:01', 16, '943f10b7abf00c6c77b7515a096e43229857', 19, 13, 'active'),
(2, '2010-08-19 23:34:01', 17, '452ebc4db96ec12d336565e85e37125a8823', 20, 13, 'active'),
(728, '2010-08-19 23:34:01', 18, '76c65def23053e0eea4fac87af8b07b24546', 3, 13, 'deleted'),
(699, '2010-08-19 23:34:01', 20, '9fdb62f932adf55af2c0e09e558619646260', 29, 13, 'deleted'),
(699, '2010-08-19 23:34:01', 21, '023b39a74b7b4acd060dedc0431c3dbc7664', 29, 13, 'deleted'),
(699, '2010-08-19 23:34:01', 22, '761067fbba1d6ef159173bfb8109abc29539', 29, 13, 'deleted'),
(699, '2010-08-19 23:34:01', 24, '0e46c9990c6daf3876b5166b2bc79fdc4705', 29, 13, 'deleted'),
(699, '2010-08-19 23:34:01', 25, '080f43a3371b1354a238d626779f41754904', 29, 13, 'deleted'),
(699, '2010-08-19 23:34:01', 26, 'ec5de3e8dc6bd121a79794021bf20cb1409', 29, 13, 'deleted'),
(728, '2010-08-19 23:34:01', 27, 'f379a3ed36544a264646efdfe79a92127329', 3, 13, 'deleted'),
(728, '2010-08-19 23:34:01', 28, '1751a9a215df522dcf207ba51b3276435421', 3, 13, 'deleted'),
(699, '2010-08-19 23:34:01', 29, 'ecc92a19f0de821519b715d10cbf7c625119', 29, 13, 'deleted'),
(699, '2010-08-19 23:34:01', 30, 'd4f700c81022c855e0041af836222bb49328', 29, 13, 'active'),
(728, '2010-08-19 23:34:01', 31, '39f3a91f7def5376b696f85ccde523821288', 3, 13, 'deleted'),
(728, '2010-08-19 23:34:01', 32, '8cf639fc4bb4f35a2bb4105e85ff99578451', 3, 13, 'deleted'),
(728, '2010-08-19 23:34:01', 33, '02e8ca2ad17d56e17e1fc2edcbee4d408394', 3, 13, 'deleted'),
(728, '2010-08-19 23:34:01', 34, 'fc815a0b7bc84dce6b9c6f8ca4c28ad56619', 3, 13, 'deleted'),
(728, '2010-08-19 23:34:01', 35, '7a16092a4fa489c835c716ea3815f7047912', 3, 13, 'deleted'),
(728, '2010-08-19 23:34:01', 36, 'd5b2bbd3e57d6c19003667a4474755899701', 3, 13, 'deleted'),
(728, '2010-08-19 23:34:01', 37, '0a716fe8c7745e51a3185fc8be6ca23a4772', 3, 13, 'deleted'),
(728, '2010-08-19 23:34:01', 38, 'ba2f0015122a5955f8b3a50240fb91b24757', 3, 13, 'deleted'),
(728, '2010-08-19 23:34:01', 39, '6c3cf77d52820cd0fe646d38bc2145ca9467', 3, 13, 'deleted'),
(728, '2010-08-19 23:34:01', 40, '6e6d5361da6fb4a2d24b4ef90f224f463066', 3, 13, 'deleted'),
(728, '2010-08-19 23:34:01', 41, 'ad7030d0d43a7f5903f38cc76af762a56927', 3, 13, 'deleted'),
(728, '2010-08-19 23:34:01', 42, '301c8eb1f76e106ec1bcf7a70ad25ffd5439', 3, 13, 'deleted'),
(728, '2010-08-19 23:34:01', 43, '7fc63ff01769c4fa7d9279e97e3078296415', 3, 13, 'deleted'),
(728, '2010-08-19 23:34:01', 44, '1c104b9c0accfca52ef21728eaf014535756', 3, 13, 'deleted'),
(728, '2010-08-19 23:34:01', 45, '9866b8a83d35abdd89ed76d565d71f759534', 3, 13, 'deleted'),
(671, '2010-08-19 23:34:01', 46, 'e594b22cf15b445f7476775aa508e9c3406', 3, 184, 'active'),
(847, '2010-08-19 23:34:01', 47, 'd34ff18d819ea9dfeda0f638eae589f03426', 3, 185, 'active'),
(753, '2010-08-19 23:34:01', 48, '85af7dbb0532ca29713840ae3711fa895911', 3, 186, 'active'),
(584, '2010-08-19 23:34:01', 49, 'd9728585d8065869cbc35e76c6da76589278', 3, 16, 'deleted'),
(785, '2010-08-19 23:34:01', 50, 'c81d8b0d1e76b9138571bd11609c61d78658', 12, 16, 'deleted'),
(785, '2010-08-19 23:34:01', 51, '3f971c6c068cb29660e997ac065f0a125457', 12, 16, 'deleted'),
(785, '2010-08-19 23:34:01', 52, '8293e8adf2c54b512338e028905376611308', 29, 16, 'deleted'),
(785, '2010-08-19 23:34:01', 53, 'eceb2f0d535b317fcf998f83b26f7e03171', 29, 16, 'deleted'),
(584, '2010-08-19 23:34:01', 54, '0de2fac8d04bf04bf15ecc50358c1d146929', 3, 16, 'deleted'),
(785, '2010-08-19 23:34:01', 55, '855c8ecc5e24207383eb52adcbe1b6b44133', 29, 16, 'deleted'),
(584, '2010-08-19 23:34:01', 56, 'c2e0ecbbda4036c405211e14f2a122919878', 3, 16, 'deleted'),
(584, '2010-08-19 23:34:01', 57, '3e59fb5e144e365dbdb4bad34e7a5be66995', 3, 16, 'deleted'),
(584, '2010-08-19 23:34:01', 58, 'a1344611f6526a97ecbadaab126713e45338', 3, 16, 'deleted'),
(584, '2010-08-19 23:34:01', 59, 'b09569398098951f698393031b8f8b845703', 3, 16, 'deleted'),
(728, '2010-08-19 23:34:01', 60, '7a6f205212a67e2e0f4ae495dcf0f1212504', 3, 13, 'deleted'),
(728, '2010-08-19 23:34:01', 61, '64bf8a075a0650df2878e53f0c4c7d465410', 3, 13, 'deleted'),
(728, '2010-08-19 23:34:01', 62, '2f3d1198da7594e33bdf68fe47c9d2f99540', 3, 13, 'deleted'),
(728, '2010-08-19 23:34:01', 63, 'cade52dff3208d60e03aa29e22beb2d51469', 3, 13, 'deleted'),
(728, '2010-08-19 23:34:01', 64, '5b301df1913611bfde663de71cf34d9c8722', 3, 13, 'deleted'),
(728, '2010-08-19 23:34:01', 65, '1598b0cfa5618cfb0b9d5fa12344dcfe9206', 3, 13, 'deleted'),
(728, '2010-08-19 23:34:01', 66, '98f89b92187ba4c33c59d68d5503a0b59866', 3, 13, 'deleted'),
(717, '2010-08-19 23:34:01', 67, '3e6a03229e9d489e164a6d81217fb2641712', 12, 13, 'active'),
(584, '2010-08-19 23:34:01', 68, 'd356fc20cf70bf07d2cfa27484cb6d958957', 3, 16, 'deleted'),
(785, '2010-08-19 23:34:01', 69, '3a8fee9d9c5bf924ebb1f9875ea1b8bb9653', 12, 16, 'deleted'),
(848, '2010-08-19 23:34:01', 70, '12666be6f19c03ae7d2b980467d67b8c1397', 3, 188, 'active'),
(584, '2010-08-19 23:34:01', 71, 'e18aa6c6ba53c4442db74fd73f620fe88023', 3, 16, 'deleted'),
(849, '2010-08-19 23:34:01', 72, 'e328d25c5145cbdd85910b98caeb00ec5925', 3, 197, 'active'),
(850, '2010-08-19 23:34:01', 73, '0c2dc191012bda5ebcf5dbc7097350055555', 3, 203, 'active'),
(753, '2010-08-19 23:34:01', 74, '14e14b50ef77e1172afab6bc741b125f2', 3, 207, 'deleted'),
(753, '2010-08-19 23:34:01', 75, '5d3b208f0925945efbaa6cf7566f83753341', 3, 207, 'active'),
(785, '2010-08-19 23:34:01', 76, '6aacf7241811c70eedce6d1335f809096698', 3, 209, 'active'),
(785, '2010-08-19 23:34:01', 77, '1beb57f909425b0414568d3a4350243e3470', 3, 211, 'deleted'),
(753, '2010-09-18 07:33:27', 78, '565a0ca1004779af3ef811f1b3013b347254', 3, 213, 'deleted'),
(557, '2010-08-19 23:34:01', 79, '10861a66be21a0b3156431ff4ede52725860', 3, 214, 'deleted'),
(717, '2010-08-19 23:34:01', 80, '14e6359393573f56cc1b282b651b3e6b7539', 3, 215, 'deleted'),
(584, '2010-08-19 23:34:01', 81, '009c95cd32001e2d6e609025ef349f02117', 3, 16, 'deleted'),
(688, '2010-08-19 23:34:01', 82, '3764402bc293d75b54390db7688ec3777964', 3, 16, 'deleted'),
(785, '2010-08-19 23:34:01', 83, '59eb563a11a556486d18a5d766426f1f9471', 3, 16, 'deleted'),
(749, '2010-08-19 23:34:01', 84, '44ad2a42e53b2dd9f6742274ac3a477e3465', 3, 218, 'deleted'),
(767, '2010-08-19 23:34:01', 85, 'a817db2aec9ea4c66b2a422edbef2cf08909', 3, 223, 'active'),
(749, '2010-08-19 23:34:01', 86, 'f8edf791b835c6d03a6d57d37f7ae3cc4151', 3, 218, 'active'),
(785, '2010-08-19 23:34:01', 87, '8a79d188ec09aaceb6a700fb0f48ad444027', 3, 16, 'deleted'),
(785, '2010-08-19 23:34:01', 88, '24eba9c471571dc6987834636f2604297684', 3, 16, 'deleted'),
(785, '2010-08-19 23:34:01', 89, '5175e0e9788c24e79bb6f79cddd2c54c6339', 3, 16, 'deleted'),
(785, '2010-08-19 23:34:01', 90, 'cb4e30682098c2ec2dacdbc295a2b2a28644', 12, 16, 'active'),
(785, '2010-08-19 23:34:01', 91, 'd705a7d31b21d8cf70fa9a56c51c40704203', 29, 16, 'active'),
(584, '2010-08-19 23:34:01', 92, '74b0b0269820b293f2de1a63fcfee07f5080', 3, 16, 'deleted'),
(584, '2010-08-19 23:34:01', 93, '4a64fcb5ed1872b38273ae026f323b012794', 3, 16, 'deleted'),
(584, '2010-08-19 23:34:01', 94, '243a639dd7f1480f981d7fbf07ac93008726', 3, 16, 'deleted'),
(851, '2010-08-19 23:34:01', 95, '9124b97078cebc05989dee3843cdab2b5254', 3, 212, 'deleted'),
(851, '2010-08-19 23:34:01', 96, '330b3feb3d8ef8e8f55c6886e2ae025989', 3, 212, 'deleted'),
(851, '2010-08-19 23:34:01', 97, '5dd859a0e2318c7df8a8bd62df16758c4681', 3, 212, 'deleted'),
(717, '2010-08-19 23:34:01', 98, 'a892f0ee227327a1a80f75a8d66a84d63141', 12, 212, 'active'),
(851, '2010-08-19 23:34:01', 99, 'e8987c0b6afc08dad0211a89d74e63af1659', 3, 212, 'deleted'),
(851, '2010-11-22 22:08:48', 100, 'd7dbe307a51125c048411ca315ab5b188871', 3, 212, 'deleted'),
(584, '2010-08-19 23:34:01', 101, '5ffcf4c86b36f60f74375cb0fb8171c99381', 3, 16, 'deleted'),
(852, '2010-08-19 23:34:01', 102, 'cb28c4d5d16ce5fc8ff6c2b29642928b292', 3, 228, 'active'),
(853, '2010-08-19 23:34:01', 103, 'e7232a984c0df3823c79c0956e803e5d3313', 3, 214, 'active'),
(753, '2010-08-19 23:34:01', 104, 'c94fda0fae57dfde3110a1bcb9ff18cd5689', 3, 215, 'active'),
(599, '2010-08-19 23:34:01', 105, '754bd4c711e8c5dd8787c8576da611788510', 3, 211, 'deleted'),
(599, '2010-08-19 23:34:01', 106, '7074664e2128c91c62803fc88e1463af5481', 3, 211, 'active'),
(584, '2010-08-19 23:34:01', 107, '52cb2d4c84ecc0cb51da97d8eaad56991875', 3, 16, 'deleted'),
(584, '2010-08-19 23:34:01', 108, '0abe8bf27fa32ab254545ffdc72277252929', 3, 16, 'deleted'),
(584, '2010-08-19 23:34:01', 109, '7acbef2cd672acba5b9a8de67378e0ef9021', 3, 16, 'deleted'),
(854, '2010-08-19 23:34:01', 112, 'b15ebdea590bf06289ce785f906973176319', 3, 240, 'active'),
(785, '2010-08-19 23:34:01', 113, 'e9b7ad10d929b0275138ba5af669b0824534', 3, 242, 'active'),
(584, '2010-08-19 23:34:01', 114, '87e08fe0953656f18993ef4c73c4a7313712', 3, 16, 'deleted'),
(584, '2010-08-19 23:34:01', 115, '2c8a0af22ff67c40d5e02d6828340d714958', 3, 16, 'deleted'),
(728, '2010-08-19 23:34:01', 116, 'ff0579bad64eb3b853ef8d1a0e34fbe93656', 3, 13, 'deleted'),
(584, '2010-08-19 23:34:01', 117, '1e74e0e645be3a2790157ca8be935c273404', 3, 16, 'deleted'),
(584, '2010-08-19 23:34:01', 118, '360b5b79938f9f002044d99d0dbd281f6051', 3, 16, 'deleted'),
(584, '2010-08-19 23:34:01', 119, '72e2254a0aa24daf3401ad2010961cf244', 3, 16, 'deleted'),
(584, '2010-08-19 23:34:01', 120, 'b64add76c238a67d29cca13bd5bf0a262065', 3, 16, 'deleted'),
(584, '2010-08-19 23:34:01', 121, '5bc8a5c4698249fdb6937cdbeb3f00cd194', 3, 16, 'deleted'),
(584, '2010-08-19 23:34:01', 122, '2e4210820bd238085c42a395cf1e92d44773', 3, 16, 'deleted'),
(584, '2010-08-19 23:34:01', 123, 'b81a1a6c15208952399ec8dd4111d32b3285', 3, 16, 'deleted'),
(785, '2010-08-19 23:34:01', 124, 'b2a035fb8dedffc6127cf9a3b52c35aa2103', 3, 16, 'deleted'),
(785, '2010-08-19 23:34:01', 125, '2159f34b4734f98c344db7479d8963a5663', 3, 16, 'deleted'),
(785, '2010-08-19 23:50:30', 126, '61bb597a4e1ee13583b8a7744e6155027003', 3, 13, 'deleted'),
(785, '2010-08-19 23:34:01', 127, '7bb252bbb086e431a7379fd3fa8be3343028', 3, 16, 'deleted'),
(785, '2010-08-19 23:34:01', 128, 'a5bbad365b15f53468db6502c58fda6b4132', 3, 16, 'deleted'),
(785, '2010-08-19 23:34:01', 129, 'cd51e84ef1a4f46217af953d5665fd501575', 3, 16, 'deleted'),
(785, '2010-08-20 12:54:56', 130, '229b3a2ab25b3a051ba6cd7673ee05b05478', 3, 16, 'deleted'),
(785, '2010-09-12 19:51:18', 131, 'd5ee352c330f1755569c0215e9e646ba', 3, 13, 'deleted'),
(785, '2010-09-03 16:03:42', 132, '1171ff6040e6aca05cea918821fa1d65', 3, 16, 'deleted'),
(785, '2010-08-22 12:43:03', 133, 'bd9cea275e9794ca5926dbabfca27fe7', 3, 270, 'active'),
(690, '2010-08-22 13:22:06', 134, '92333d35b9fcce8d907943d8cca0b805', 3, 216, 'active'),
(785, '2010-09-12 19:51:19', 135, 'b9e81f114352d2ac5302a74feeb498e7', 3, 13, 'active'),
(785, '2010-09-18 07:24:28', 136, '4addfa400a1db7bc4ea0809a76073eb0', 3, 16, 'active'),
(753, '2010-09-18 07:34:14', 137, 'f25f5503ad56d2731e57a731c25dad20', 3, 213, 'active'),
(666, '2010-10-19 12:57:07', 138, 'cfe852334bc2185fb75fb4c922e3ff25', 3, 275, 'active'),
(785, '2010-10-31 12:16:04', 139, '3e0cdca6672b5e38b3e6486eabc40b53', 3, 276, 'active'),
(785, '2010-11-01 12:26:12', 140, '82b78dc9d7a25f5d113eeba07acedc42', 3, 278, 'active'),
(753, '2010-11-01 12:33:57', 141, '9cc05753442a1239603ddaa079d0402f', 3, 279, 'active'),
(785, '2010-11-02 08:50:17', 142, '3f6ba48e4076de9fdfb4c8c9439a5b2e', 3, 280, 'active'),
(785, '2010-11-02 09:21:21', 143, '58baa6ef6b07976c5e8eb0488618ff46', 3, 281, 'active'),
(671, '2010-11-02 19:28:30', 144, '233711dcec90fedfe930c2f019291250', 3, 282, 'active'),
(785, '2010-11-10 15:19:58', 145, 'acf13de906da40da85693563c5891ca1', 3, 284, 'active'),
(750, '2010-11-12 11:40:17', 146, 'f97f7ebfb025d80252788f67fcee7de4', 3, 286, 'active'),
(851, '2010-11-22 22:15:29', 147, 'de043e02402d477a7f693dc09022e32f', 3, 212, 'active');

-- --------------------------------------------------------

--
-- Table structure for table `profile_widget_field_company`
--

CREATE TABLE IF NOT EXISTS `profile_widget_field_company` (
  `company_id` mediumint(8) unsigned NOT NULL,
  `created` timestamp NOT NULL DEFAULT CURRENT_TIMESTAMP ON UPDATE CURRENT_TIMESTAMP,
  `id` int(10) unsigned NOT NULL AUTO_INCREMENT,
  `ikey` varchar(75) NOT NULL,
  `profile_widget_field_id` mediumint(8) unsigned NOT NULL,
  `searchable_id` int(11) unsigned NOT NULL,
  `status` enum('deleted','active') NOT NULL DEFAULT 'active',
  PRIMARY KEY (`id`),
  KEY `normal` (`profile_widget_field_id`,`searchable_id`),
  KEY `profile_widget_field_company_searchable_fk` (`searchable_id`),
  KEY `profile_widget_field_company_pwf_fk` (`profile_widget_field_id`),
  KEY `profile_widget_field_company_fk` (`company_id`)
) ENGINE=InnoDB DEFAULT CHARSET=utf8 AUTO_INCREMENT=1 ;

--
-- Dumping data for table `profile_widget_field_company`
--


-- --------------------------------------------------------

--
-- Table structure for table `profile_widget_field_concentration`
--

CREATE TABLE IF NOT EXISTS `profile_widget_field_concentration` (
  `concentration_id` mediumint(8) unsigned NOT NULL,
  `created` timestamp NOT NULL DEFAULT CURRENT_TIMESTAMP ON UPDATE CURRENT_TIMESTAMP,
  `id` int(10) unsigned NOT NULL AUTO_INCREMENT,
  `ikey` varchar(75) NOT NULL,
  `profile_widget_field_id` mediumint(8) unsigned NOT NULL,
  `searchable_id` int(11) unsigned NOT NULL,
  `status` enum('deleted','active') NOT NULL DEFAULT 'active',
  PRIMARY KEY (`id`),
  KEY `normal` (`profile_widget_field_id`,`searchable_id`),
  KEY `profile_widget_field_concentration_searchable_fk` (`searchable_id`),
  KEY `profile_widget_field_concentration_pwf_fk` (`profile_widget_field_id`),
  KEY `profile_widget_field_concentration_fk` (`concentration_id`)
) ENGINE=InnoDB  DEFAULT CHARSET=utf8 AUTO_INCREMENT=31 ;

--
-- Dumping data for table `profile_widget_field_concentration`
--

INSERT INTO `profile_widget_field_concentration` (`concentration_id`, `created`, `id`, `ikey`, `profile_widget_field_id`, `searchable_id`, `status`) VALUES
(12, '2008-12-17 11:16:13', 13, '5687de5a29d6095b8d56a85808fc455d', 21, 16, 'deleted'),
(13, '2008-12-17 11:16:13', 14, '5687de5a29d6095b8d56a85808fc455d', 22, 16, 'deleted'),
(12, '2008-12-17 11:30:08', 15, 'b69c2c4907736b5700f6e84f2e10ff17', 21, 16, 'deleted'),
(13, '2008-12-17 11:30:08', 16, 'b69c2c4907736b5700f6e84f2e10ff17', 22, 16, 'deleted'),
(12, '2008-12-17 11:30:27', 17, '59be40cae32a2fcca039b54e45e3d235', 21, 16, 'deleted'),
(13, '2008-12-17 11:30:27', 18, '59be40cae32a2fcca039b54e45e3d235', 22, 16, 'deleted'),
(12, '2008-12-17 11:31:48', 19, 'ab3520153191abb414e1c491d40b14e0', 21, 16, 'deleted'),
(13, '2008-12-17 11:31:48', 20, 'ab3520153191abb414e1c491d40b14e0', 22, 16, 'deleted'),
(12, '2009-07-16 11:49:23', 21, 'c6139be0f45d93bb7671acf9f47d9658', 21, 16, 'deleted'),
(14, '2009-07-16 11:49:23', 22, 'cbc7e750893b46de5c2fae42514f7a15', 21, 16, 'deleted'),
(13, '2009-07-16 11:49:23', 23, 'c6139be0f45d93bb7671acf9f47d9658', 22, 16, 'deleted'),
(12, '2009-07-16 11:49:34', 24, 'ff2550902505f531ce553d0189e412de', 21, 16, 'active'),
(14, '2009-07-16 11:49:34', 25, '702d3972319badbccea7c00d2539d9b1', 21, 16, 'active'),
(13, '2009-07-16 11:49:34', 26, 'ff2550902505f531ce553d0189e412de', 22, 16, 'active'),
(15, '2009-07-25 17:48:38', 27, '69832cf83177c1699fdfabe3a0afe31b', 21, 13, 'active'),
(16, '2009-07-25 17:48:38', 28, 'a369cd97773506d7ede7bdac8cd3dea1', 21, 13, 'active'),
(17, '2009-09-10 17:57:52', 29, '2183396bdd7fc7aec44aa445ef8238f1', 21, 228, 'active'),
(18, '2009-09-10 17:57:52', 30, '2183396bdd7fc7aec44aa445ef8238f1', 22, 228, 'active');

-- --------------------------------------------------------

--
-- Table structure for table `profile_widget_field_country`
--

CREATE TABLE IF NOT EXISTS `profile_widget_field_country` (
  `country_id` mediumint(8) unsigned NOT NULL,
  `created` timestamp NOT NULL DEFAULT CURRENT_TIMESTAMP ON UPDATE CURRENT_TIMESTAMP,
  `id` int(10) unsigned NOT NULL AUTO_INCREMENT,
  `ikey` varchar(75) NOT NULL,
  `profile_widget_field_id` mediumint(8) unsigned NOT NULL,
  `searchable_id` int(11) unsigned NOT NULL,
  `status` enum('deleted','active') NOT NULL DEFAULT 'active',
  PRIMARY KEY (`id`),
  KEY `normal` (`profile_widget_field_id`,`searchable_id`),
  KEY `profile_widget_field_country_searchable_fk` (`searchable_id`),
  KEY `profile_widget_field_country_pwf_fk` (`profile_widget_field_id`),
  KEY `profile_widget_field_country_fk` (`country_id`)
) ENGINE=InnoDB  DEFAULT CHARSET=utf8 AUTO_INCREMENT=97 ;

--
-- Dumping data for table `profile_widget_field_country`
--

INSERT INTO `profile_widget_field_country` (`country_id`, `created`, `id`, `ikey`, `profile_widget_field_id`, `searchable_id`, `status`) VALUES
(229, '2010-08-19 23:34:01', 16, '7808b471478f0cfdb2b407be92c170eb5273', 14, 13, 'deleted'),
(229, '2010-08-19 23:34:01', 19, '3907fb00750c85df3b7d65a1587a4aa73019', 4, 13, 'deleted'),
(229, '2010-08-19 23:34:01', 20, '76c65def23053e0eea4fac87af8b07b29275', 4, 13, 'deleted'),
(229, '2010-08-19 23:34:01', 22, 'cec635e58838ff3c8907acbe1bda11917321', 31, 13, 'deleted'),
(229, '2010-08-19 23:34:01', 23, 'c0922ade21becf758819c686aaca845b8779', 31, 13, 'deleted'),
(229, '2010-08-19 23:34:01', 24, '4b4a96575767e162b8c6013ec6712d401935', 31, 13, 'deleted'),
(229, '2010-08-19 23:34:01', 25, '9fdb62f932adf55af2c0e09e558619643334', 31, 13, 'deleted'),
(229, '2010-08-19 23:34:01', 26, '023b39a74b7b4acd060dedc0431c3dbc866', 31, 13, 'deleted'),
(229, '2010-08-19 23:34:01', 27, '761067fbba1d6ef159173bfb8109abc24325', 31, 13, 'deleted'),
(229, '2010-08-19 23:34:01', 29, '0e46c9990c6daf3876b5166b2bc79fdc9030', 31, 13, 'deleted'),
(229, '2010-08-19 23:34:01', 30, '080f43a3371b1354a238d626779f41752175', 31, 13, 'deleted'),
(229, '2010-08-19 23:34:01', 31, 'ec5de3e8dc6bd121a79794021bf20cb13782', 31, 13, 'deleted'),
(229, '2010-08-19 23:34:01', 32, 'f379a3ed36544a264646efdfe79a92122386', 4, 13, 'deleted'),
(229, '2010-08-19 23:34:01', 33, '1751a9a215df522dcf207ba51b327643584', 4, 13, 'deleted'),
(229, '2010-08-19 23:34:01', 34, 'ecc92a19f0de821519b715d10cbf7c625761', 31, 13, 'deleted'),
(229, '2010-08-19 23:34:01', 35, 'd4f700c81022c855e0041af836222bb47054', 31, 13, 'active'),
(229, '2010-08-19 23:34:01', 36, '39f3a91f7def5376b696f85ccde523827986', 4, 13, 'deleted'),
(229, '2010-08-19 23:34:01', 37, '8cf639fc4bb4f35a2bb4105e85ff99578768', 4, 13, 'deleted'),
(229, '2010-08-19 23:34:01', 38, '02e8ca2ad17d56e17e1fc2edcbee4d409884', 4, 13, 'deleted'),
(229, '2010-08-19 23:34:01', 39, 'fc815a0b7bc84dce6b9c6f8ca4c28ad53116', 4, 13, 'deleted'),
(229, '2010-08-19 23:34:01', 40, '7a16092a4fa489c835c716ea3815f7045924', 4, 13, 'deleted'),
(229, '2010-08-19 23:34:01', 41, 'd5b2bbd3e57d6c19003667a447475589277', 4, 13, 'deleted'),
(229, '2010-08-19 23:34:01', 42, '0a716fe8c7745e51a3185fc8be6ca23a3608', 4, 13, 'deleted'),
(229, '2010-08-19 23:34:01', 43, 'ba2f0015122a5955f8b3a50240fb91b27208', 4, 13, 'deleted'),
(229, '2010-08-19 23:34:01', 44, '6c3cf77d52820cd0fe646d38bc2145ca5220', 4, 13, 'deleted'),
(229, '2010-08-19 23:34:01', 45, '6e6d5361da6fb4a2d24b4ef90f224f464476', 4, 13, 'deleted'),
(229, '2010-08-19 23:34:01', 46, 'ad7030d0d43a7f5903f38cc76af762a56717', 4, 13, 'deleted'),
(229, '2010-08-19 23:34:01', 47, '301c8eb1f76e106ec1bcf7a70ad25ffd162', 4, 13, 'deleted'),
(229, '2010-08-19 23:34:01', 48, '7fc63ff01769c4fa7d9279e97e307829654', 4, 13, 'deleted'),
(229, '2010-08-19 23:34:01', 49, '1c104b9c0accfca52ef21728eaf014532784', 4, 13, 'deleted'),
(229, '2010-08-19 23:34:01', 50, '9866b8a83d35abdd89ed76d565d71f751959', 4, 13, 'deleted'),
(229, '2010-08-19 23:34:01', 51, 'd9728585d8065869cbc35e76c6da76581442', 4, 16, 'deleted'),
(229, '2010-08-19 23:34:01', 52, 'c81d8b0d1e76b9138571bd11609c61d71333', 14, 16, 'deleted'),
(229, '2010-08-19 23:34:01', 53, '3f971c6c068cb29660e997ac065f0a122338', 14, 16, 'deleted'),
(229, '2010-08-19 23:34:01', 54, '8293e8adf2c54b512338e028905376617692', 31, 16, 'deleted'),
(229, '2010-08-19 23:34:01', 55, 'eceb2f0d535b317fcf998f83b26f7e031449', 31, 16, 'deleted'),
(229, '2010-08-19 23:34:01', 56, '0de2fac8d04bf04bf15ecc50358c1d144164', 4, 16, 'deleted'),
(229, '2010-08-19 23:34:01', 57, '855c8ecc5e24207383eb52adcbe1b6b46473', 31, 16, 'deleted'),
(229, '2010-08-19 23:34:01', 58, 'c2e0ecbbda4036c405211e14f2a122919875', 4, 16, 'deleted'),
(229, '2010-08-19 23:34:01', 59, '3e59fb5e144e365dbdb4bad34e7a5be69959', 4, 16, 'deleted'),
(229, '2010-08-19 23:34:01', 60, 'a1344611f6526a97ecbadaab126713e4171', 4, 16, 'deleted'),
(229, '2010-08-19 23:34:01', 61, 'b09569398098951f698393031b8f8b84975', 4, 16, 'deleted'),
(229, '2010-08-19 23:34:01', 62, '7a6f205212a67e2e0f4ae495dcf0f1214359', 4, 13, 'deleted'),
(229, '2010-08-19 23:34:01', 63, '64bf8a075a0650df2878e53f0c4c7d468873', 4, 13, 'deleted'),
(229, '2010-08-19 23:34:01', 64, '2f3d1198da7594e33bdf68fe47c9d2f91288', 4, 13, 'deleted'),
(229, '2010-08-19 23:34:01', 65, 'cade52dff3208d60e03aa29e22beb2d59817', 4, 13, 'deleted'),
(229, '2010-08-19 23:34:01', 66, '5b301df1913611bfde663de71cf34d9c5224', 4, 13, 'deleted'),
(229, '2010-08-19 23:34:01', 67, '1598b0cfa5618cfb0b9d5fa12344dcfe6670', 4, 13, 'deleted'),
(229, '2010-08-19 23:34:01', 68, '98f89b92187ba4c33c59d68d5503a0b57679', 4, 13, 'active'),
(229, '2010-08-19 23:34:01', 69, '3e6a03229e9d489e164a6d81217fb2648382', 14, 13, 'active'),
(229, '2010-08-19 23:34:01', 70, 'd356fc20cf70bf07d2cfa27484cb6d958877', 4, 16, 'deleted'),
(229, '2010-08-19 23:34:01', 71, '3a8fee9d9c5bf924ebb1f9875ea1b8bb9238', 14, 16, 'deleted'),
(229, '2010-08-19 23:34:01', 72, 'e18aa6c6ba53c4442db74fd73f620fe89559', 4, 16, 'deleted'),
(229, '2010-08-19 23:34:01', 73, 'a8273488b3553a7af5b5c8eb04ed21f584', 14, 194, 'deleted'),
(229, '2010-08-19 23:34:01', 74, 'e328d25c5145cbdd85910b98caeb00ec1741', 4, 197, 'active'),
(229, '2010-08-19 23:34:01', 75, '0c2dc191012bda5ebcf5dbc7097350058450', 4, 203, 'active'),
(229, '2010-08-19 23:34:01', 76, '14e14b50ef77e1172afab6bc741b125f7029', 4, 207, 'deleted'),
(229, '2010-08-19 23:34:01', 77, '5d3b208f0925945efbaa6cf7566f83759794', 4, 207, 'active'),
(229, '2010-08-19 23:34:01', 78, '4a33d2551a96ef774758957aec1344467887', 14, 194, 'active'),
(229, '2010-08-19 23:34:01', 79, '009c95cd32001e2d6e609025ef349f0252', 4, 16, 'deleted'),
(229, '2010-08-19 23:34:01', 80, '59eb563a11a556486d18a5d766426f1f6595', 4, 16, 'deleted'),
(229, '2010-08-19 23:34:01', 81, '8a79d188ec09aaceb6a700fb0f48ad442824', 4, 16, 'deleted'),
(229, '2010-08-19 23:34:01', 82, '24eba9c471571dc6987834636f2604294332', 4, 16, 'deleted'),
(229, '2010-08-19 23:34:01', 83, '5175e0e9788c24e79bb6f79cddd2c54c3187', 4, 16, 'deleted'),
(229, '2010-08-19 23:34:01', 84, 'cb4e30682098c2ec2dacdbc295a2b2a22939', 14, 16, 'active'),
(229, '2010-08-19 23:34:01', 85, 'd705a7d31b21d8cf70fa9a56c51c40705136', 31, 16, 'active'),
(229, '2010-08-19 23:34:01', 86, '74b0b0269820b293f2de1a63fcfee07f6861', 4, 16, 'deleted'),
(229, '2010-08-19 23:34:01', 87, '4a64fcb5ed1872b38273ae026f323b018900', 4, 16, 'deleted'),
(229, '2010-08-19 23:34:01', 88, '243a639dd7f1480f981d7fbf07ac93003919', 4, 16, 'deleted'),
(229, '2010-08-19 23:34:01', 89, '330b3feb3d8ef8e8f55c6886e2ae02592891', 4, 212, 'deleted'),
(229, '2010-08-19 23:34:01', 90, '5dd859a0e2318c7df8a8bd62df16758c2698', 4, 212, 'deleted'),
(229, '2010-08-19 23:34:01', 91, 'a892f0ee227327a1a80f75a8d66a84d64817', 14, 212, 'active'),
(229, '2010-08-19 23:34:01', 92, 'e8987c0b6afc08dad0211a89d74e63af5993', 4, 212, 'deleted'),
(229, '2010-08-19 23:34:01', 93, 'd7dbe307a51125c048411ca315ab5b185513', 4, 212, 'active'),
(229, '2010-08-19 23:34:01', 94, '5ffcf4c86b36f60f74375cb0fb8171c99588', 4, 16, 'active'),
(107, '2010-08-19 23:34:01', 95, 'cb28c4d5d16ce5fc8ff6c2b29642928b1400', 4, 228, 'active'),
(241, '2010-08-19 23:34:01', 96, 'e7232a984c0df3823c79c0956e803e5d8234', 4, 214, 'active');

-- --------------------------------------------------------

--
-- Table structure for table `profile_widget_field_current_status`
--

CREATE TABLE IF NOT EXISTS `profile_widget_field_current_status` (
  `current_status_id` mediumint(8) unsigned NOT NULL,
  `created` timestamp NOT NULL DEFAULT CURRENT_TIMESTAMP ON UPDATE CURRENT_TIMESTAMP,
  `id` int(10) unsigned NOT NULL AUTO_INCREMENT,
  `ikey` varchar(75) NOT NULL,
  `profile_widget_field_id` mediumint(8) unsigned NOT NULL,
  `searchable_id` int(11) unsigned NOT NULL,
  `status` enum('deleted','active') NOT NULL DEFAULT 'active',
  PRIMARY KEY (`id`),
  KEY `profile_widget_field_current_status_fk` (`searchable_id`),
  KEY `profile_widget_field_current_status_pwf_fk` (`profile_widget_field_id`),
  KEY `profile_widget_field_current_status_searchable_fk` (`current_status_id`)
) ENGINE=InnoDB  DEFAULT CHARSET=utf8 AUTO_INCREMENT=17 ;

--
-- Dumping data for table `profile_widget_field_current_status`
--

INSERT INTO `profile_widget_field_current_status` (`current_status_id`, `created`, `id`, `ikey`, `profile_widget_field_id`, `searchable_id`, `status`) VALUES
(1, '2010-05-16 18:18:54', 1, 'c66598181e5dda4e4c5c6e15d81dd824', 86, 191, 'deleted'),
(1, '2010-05-23 15:34:24', 2, 'c4a85672e35aeb5ef5a774cb80899cf1', 86, 16, 'deleted'),
(1, '2010-02-26 10:56:30', 3, 'bdf8aecde364494f39f380eef2d5bd76', 86, 248, 'active'),
(1, '2010-02-26 13:16:35', 4, '4a19842bc64a972eaa19e90f4f63a96f', 86, 212, 'active'),
(1, '2010-05-22 21:15:45', 5, '463f5edcea4eeff757a4857083d6673d', 86, 13, 'deleted'),
(1, '2010-05-16 16:40:01', 6, '31c7ac5a86ad3ef201e8ce4110c4014d', 86, 208, 'active'),
(1, '2010-05-16 17:29:30', 7, 'e6467f7c62417101184122ee4d1a05d5', 86, 249, 'active'),
(3, '2010-05-16 18:19:35', 8, '63044b0fdfa5f53d92ba356441d482f0', 86, 191, 'active'),
(1, '2010-05-22 21:16:32', 9, 'cc0d433c4901cc2d2c2dbdfbf22009ab', 86, 13, 'active'),
(1, '2010-05-22 21:16:32', 10, '9a079ce2d8275d1970659bb238229c20', 86, 13, 'active'),
(1, '2010-05-23 15:42:49', 11, '872d20c38f4dd19d6f0db16f48a81b4b', 86, 16, 'deleted'),
(1, '2010-05-23 15:42:49', 12, '3e27c03945a774ebabf8630ecaeda85e', 86, 16, 'deleted'),
(1, '2010-05-23 15:43:45', 13, '9bfd5f0a68a2fe37484587616e2f32b0', 86, 16, 'deleted'),
(1, '2010-09-06 16:43:11', 14, '92efc66d7fbc941f257c2bc7b2288477', 86, 16, 'deleted'),
(2, '2010-09-06 18:44:24', 15, '18a33e5fa87c320f6837428f5720e189', 86, 16, 'deleted'),
(1, '2010-09-06 18:44:24', 16, '93a3d29276db7f68fecde15b49aa88cb', 86, 16, 'active');

-- --------------------------------------------------------

--
-- Table structure for table `profile_widget_field_daterange`
--

CREATE TABLE IF NOT EXISTS `profile_widget_field_daterange` (
  `created` timestamp NOT NULL DEFAULT CURRENT_TIMESTAMP ON UPDATE CURRENT_TIMESTAMP,
  `id` int(10) unsigned NOT NULL AUTO_INCREMENT,
  `ikey` varchar(75) NOT NULL,
  `profile_widget_field_id` mediumint(8) unsigned NOT NULL,
  `searchable_id` int(11) unsigned NOT NULL,
  `valueA` datetime NOT NULL,
  `valueB` datetime NOT NULL,
  `current` enum('false','true') NOT NULL DEFAULT 'false',
  `status` enum('deleted','active') NOT NULL DEFAULT 'active',
  PRIMARY KEY (`id`),
  KEY `normal` (`profile_widget_field_id`,`searchable_id`),
  KEY `profile_widget_field_daterange_searchable_fk` (`searchable_id`),
  KEY `profile_widget_field_daterange_pwf_fk` (`profile_widget_field_id`)
) ENGINE=InnoDB  DEFAULT CHARSET=utf8 AUTO_INCREMENT=19 ;

--
-- Dumping data for table `profile_widget_field_daterange`
--

INSERT INTO `profile_widget_field_daterange` (`created`, `id`, `ikey`, `profile_widget_field_id`, `searchable_id`, `valueA`, `valueB`, `current`, `status`) VALUES
('2010-08-19 23:34:01', 7, '080f43a3371b1354a238d626779f41752664', 32, 13, '1993-04-00 00:00:00', '2004-03-00 00:00:00', 'false', 'deleted'),
('2010-08-19 23:34:01', 8, 'ec5de3e8dc6bd121a79794021bf20cb16888', 32, 13, '1993-04-00 00:00:00', '2004-03-00 00:00:00', 'true', 'deleted'),
('2010-08-19 23:34:01', 9, 'ecc92a19f0de821519b715d10cbf7c626448', 32, 13, '1993-04-00 00:00:00', '2004-03-00 00:00:00', 'false', 'deleted'),
('2010-08-19 23:34:01', 10, 'd4f700c81022c855e0041af836222bb41575', 32, 13, '2006-08-00 00:00:00', '2004-03-00 00:00:00', 'false', 'active'),
('2010-08-19 23:34:01', 11, 'eceb2f0d535b317fcf998f83b26f7e038528', 32, 16, '2004-07-00 00:00:00', '0000-00-00 00:00:00', 'true', 'deleted'),
('2010-08-19 23:34:01', 12, '855c8ecc5e24207383eb52adcbe1b6b47917', 32, 16, '2004-07-00 00:00:00', '0000-00-00 00:00:00', 'true', 'deleted'),
('2010-08-19 23:34:01', 13, 'd705a7d31b21d8cf70fa9a56c51c40704002', 32, 16, '2004-07-00 00:00:00', '0000-00-00 00:00:00', 'true', 'active'),
('2010-08-19 23:34:01', 14, '872ce0a8fe56e916b699e347102ed8586258', 81, 242, '2010-01-00 00:00:00', '2010-05-00 00:00:00', 'false', 'deleted'),
('2010-08-19 23:34:01', 15, '7a655ff7db6a8e63fae661399d92bd2d9285', 81, 242, '2010-01-00 00:00:00', '2010-05-00 00:00:00', 'true', 'deleted'),
('2010-08-19 23:34:01', 16, 'f91ae2ebe53ea611f45b9482b9e9c0987650', 81, 242, '2010-01-00 00:00:00', '2010-05-00 00:00:00', 'true', 'deleted'),
('2010-08-19 23:34:01', 17, '0a508003a3a09e4ea510b4ee1fea120c397', 81, 242, '2010-01-00 00:00:00', '2010-05-00 00:00:00', 'true', 'deleted'),
('2010-08-19 23:34:01', 18, 'f117a78e765d05ae8badd36b93c0df929032', 81, 242, '2010-01-00 00:00:00', '2010-05-00 00:00:00', 'true', 'deleted');

-- --------------------------------------------------------

--
-- Table structure for table `profile_widget_field_datetime`
--

CREATE TABLE IF NOT EXISTS `profile_widget_field_datetime` (
  `created` timestamp NOT NULL DEFAULT CURRENT_TIMESTAMP ON UPDATE CURRENT_TIMESTAMP,
  `id` int(10) unsigned NOT NULL AUTO_INCREMENT,
  `ikey` varchar(75) NOT NULL,
  `profile_widget_field_id` mediumint(8) unsigned NOT NULL,
  `searchable_id` int(11) unsigned NOT NULL,
  `value` datetime NOT NULL,
  `status` enum('deleted','active') NOT NULL DEFAULT 'active',
  PRIMARY KEY (`id`),
  KEY `normal` (`profile_widget_field_id`,`searchable_id`),
  KEY `profile_widget_field_datetime_searchable_fk` (`searchable_id`),
  KEY `profile_widget_field_datetime_pwf_fk` (`profile_widget_field_id`)
) ENGINE=InnoDB  DEFAULT CHARSET=utf8 AUTO_INCREMENT=108 ;

--
-- Dumping data for table `profile_widget_field_datetime`
--

INSERT INTO `profile_widget_field_datetime` (`created`, `id`, `ikey`, `profile_widget_field_id`, `searchable_id`, `value`, `status`) VALUES
('2010-08-19 23:34:01', 5, '3907fb00750c85df3b7d65a1587a4aa73972', 2, 13, '1982-06-02 00:00:00', 'deleted'),
('2010-08-19 23:34:01', 6, '76c65def23053e0eea4fac87af8b07b22762', 2, 13, '1982-06-02 00:00:00', 'deleted'),
('2010-08-19 23:34:01', 7, 'f379a3ed36544a264646efdfe79a92121892', 2, 13, '1982-06-03 00:00:00', 'deleted'),
('2010-08-19 23:34:01', 8, '1751a9a215df522dcf207ba51b3276431176', 2, 13, '1982-06-02 00:00:00', 'deleted'),
('2010-08-19 23:34:01', 10, '39f3a91f7def5376b696f85ccde52382201', 2, 13, '1982-06-02 00:00:00', 'deleted'),
('2010-08-19 23:34:01', 11, '8cf639fc4bb4f35a2bb4105e85ff99577476', 2, 13, '1982-06-02 00:00:00', 'deleted'),
('2010-08-19 23:34:01', 12, '02e8ca2ad17d56e17e1fc2edcbee4d406779', 2, 13, '1982-06-02 00:00:00', 'deleted'),
('2010-08-19 23:34:01', 13, 'fc815a0b7bc84dce6b9c6f8ca4c28ad51468', 2, 13, '1982-06-02 00:00:00', 'deleted'),
('2010-08-19 23:34:01', 14, '7a16092a4fa489c835c716ea3815f7046999', 2, 13, '1982-06-02 00:00:00', 'deleted'),
('2010-08-19 23:34:01', 15, 'd5b2bbd3e57d6c19003667a447475589594', 2, 13, '1982-06-02 00:00:00', 'deleted'),
('2010-08-19 23:34:01', 16, '0a716fe8c7745e51a3185fc8be6ca23a1972', 2, 13, '1982-06-02 00:00:00', 'deleted'),
('2010-08-19 23:34:01', 17, 'ba2f0015122a5955f8b3a50240fb91b28076', 2, 13, '1982-06-02 00:00:00', 'deleted'),
('2010-08-19 23:34:01', 18, '6c3cf77d52820cd0fe646d38bc2145ca4467', 2, 13, '1982-06-02 00:00:00', 'deleted'),
('2010-08-19 23:34:01', 19, '6e6d5361da6fb4a2d24b4ef90f224f468105', 2, 13, '1982-06-02 00:00:00', 'deleted'),
('2010-08-19 23:34:01', 20, 'ad7030d0d43a7f5903f38cc76af762a57124', 2, 13, '1982-06-02 00:00:00', 'deleted'),
('2010-08-19 23:34:01', 21, '301c8eb1f76e106ec1bcf7a70ad25ffd1308', 2, 13, '1982-06-02 00:00:00', 'deleted'),
('2010-08-19 23:34:01', 22, '7fc63ff01769c4fa7d9279e97e3078295163', 2, 13, '1982-06-02 00:00:00', 'deleted'),
('2010-08-19 23:34:01', 23, '1c104b9c0accfca52ef21728eaf014531896', 2, 13, '1982-06-02 00:00:00', 'deleted'),
('2010-08-19 23:34:01', 24, '9866b8a83d35abdd89ed76d565d71f753986', 2, 13, '1982-06-02 00:00:00', 'deleted'),
('2010-08-19 23:34:01', 25, 'e594b22cf15b445f7476775aa508e9c34245', 2, 184, '1980-07-10 00:00:00', 'active'),
('2010-08-19 23:34:01', 26, 'd34ff18d819ea9dfeda0f638eae589f09264', 2, 185, '1985-04-01 00:00:00', 'active'),
('2010-08-19 23:34:01', 27, '85af7dbb0532ca29713840ae3711fa893590', 2, 186, '1995-02-01 00:00:00', 'active'),
('2010-08-19 23:34:01', 28, 'd9728585d8065869cbc35e76c6da7658156', 2, 16, '1965-01-03 00:00:00', 'deleted'),
('2010-08-19 23:34:01', 29, '0de2fac8d04bf04bf15ecc50358c1d148', 2, 16, '1965-01-03 00:00:00', 'deleted'),
('2010-08-19 23:34:01', 30, '7cb8b70adaf4d4c5cfe8d5851a0cdfa29570', 37, 188, '1996-02-13 00:00:00', 'deleted'),
('2010-08-19 23:34:01', 31, '92590b82a839035c092beb21905cbd647828', 37, 188, '1996-02-13 00:00:00', 'deleted'),
('2010-08-19 23:34:01', 32, '2b52118d33087700bd25bb4ffadae91f432', 37, 188, '1996-02-13 00:00:00', 'deleted'),
('2010-08-19 23:34:01', 33, 'c880fef47467f024678e14541e76f52b8672', 2, 216, '1978-01-01 00:00:00', 'active'),
('2010-08-19 23:34:01', 34, '44ad2a42e53b2dd9f6742274ac3a477e2069', 2, 218, '1977-01-02 00:00:00', 'deleted'),
('2010-08-19 23:34:01', 35, 'a817db2aec9ea4c66b2a422edbef2cf04327', 2, 223, '1995-02-01 00:00:00', 'active'),
('2010-08-19 23:34:01', 36, 'f8edf791b835c6d03a6d57d37f7ae3cc5428', 2, 218, '1977-01-02 00:00:00', 'active'),
('2010-08-19 23:34:01', 37, '24eba9c471571dc6987834636f2604294160', 2, 16, '1965-01-03 00:00:00', 'deleted'),
('2010-08-19 23:34:01', 38, '5175e0e9788c24e79bb6f79cddd2c54c4517', 2, 16, '1965-01-03 00:00:00', 'deleted'),
('2010-08-19 23:34:01', 39, '27c6a5e1f7f2ce5bd993bdbbf6e66f8b102', 37, 210, '1996-08-28 00:00:00', 'deleted'),
('2010-08-19 23:34:01', 40, '5a440d1b5a24446aaf071005fc3ec2096959', 37, 191, '1996-01-01 00:00:00', 'deleted'),
('2010-08-19 23:34:01', 41, 'ca2f99154b9537f4ee5c2645ef60000b4489', 37, 191, '1996-01-01 00:00:00', 'deleted'),
('2010-08-19 23:34:01', 42, 'e6e929253f1c713e88f0193a4f03d31a1570', 37, 191, '1996-01-01 00:00:00', 'deleted'),
('2010-08-19 23:34:01', 43, '74b0b0269820b293f2de1a63fcfee07f4382', 2, 16, '1965-01-03 00:00:00', 'deleted'),
('2010-08-19 23:34:01', 44, '4a64fcb5ed1872b38273ae026f323b017202', 2, 16, '1965-01-03 00:00:00', 'deleted'),
('2010-08-19 23:34:01', 45, '243a639dd7f1480f981d7fbf07ac93002862', 2, 16, '1965-01-03 00:00:00', 'deleted'),
('2010-08-19 23:34:01', 46, '5ffcf4c86b36f60f74375cb0fb8171c92704', 2, 16, '1965-01-03 00:00:00', 'deleted'),
('2010-08-19 23:34:01', 47, 'cb28c4d5d16ce5fc8ff6c2b29642928b4932', 2, 228, '1986-12-26 00:00:00', 'active'),
('2010-08-19 23:34:01', 48, 'e7232a984c0df3823c79c0956e803e5d6551', 2, 214, '1920-01-01 00:00:00', 'active'),
('2010-08-19 23:34:01', 49, '7c4a8f3ecc6ae9097d63e691189c27a67960', 37, 191, '1996-01-01 00:00:00', 'deleted'),
('2010-08-19 23:34:01', 50, '57edb2e77048d9e2fa3eb5e4ddb24f65149', 37, 191, '1996-01-01 00:00:00', 'deleted'),
('2010-08-19 23:34:01', 51, '623fd84c953597c8c903b989e9b359cd6862', 37, 191, '1996-01-01 00:00:00', 'deleted'),
('2010-08-19 23:34:01', 52, '4b0826d30f40d92672726fb6a5a150e53865', 37, 191, '1996-01-01 00:00:00', 'deleted'),
('2010-08-19 23:34:01', 53, '563780145dc3e2a5ea3f572cefdef0768738', 37, 191, '1996-01-01 00:00:00', 'deleted'),
('2010-08-19 23:34:01', 54, '52cb2d4c84ecc0cb51da97d8eaad56992095', 2, 16, '1965-01-03 00:00:00', 'deleted'),
('2010-08-19 23:34:01', 55, '0abe8bf27fa32ab254545ffdc72277254259', 2, 16, '1965-01-03 00:00:00', 'deleted'),
('2010-08-19 23:34:01', 56, 'aa41380b2c670204369a3f20634d7be65010', 37, 191, '1996-01-01 00:00:00', 'deleted'),
('2010-08-19 23:34:01', 57, '7acbef2cd672acba5b9a8de67378e0ef2274', 2, 16, '1965-01-03 00:00:00', 'deleted'),
('2010-08-19 23:34:01', 59, 'c9eb5e6438c04b01e865dbb25b58deb54869', 37, 191, '1996-01-01 00:00:00', 'deleted'),
('2010-08-19 23:34:01', 60, '55576755bde1c749e96aca91e11db94c5332', 37, 191, '1996-01-01 00:00:00', 'deleted'),
('2010-08-19 23:34:01', 61, 'a92ca659710f6eff36acd8d6732959002055', 37, 210, '1996-08-28 00:00:00', 'active'),
('2010-08-19 23:34:01', 62, '872ce0a8fe56e916b699e347102ed8584276', 80, 242, '2010-01-02 00:00:00', 'deleted'),
('2010-08-19 23:34:01', 63, 'e27bbc0742efb4f1c596dcf4d504f0f25216', 80, 240, '2010-02-22 00:00:00', 'deleted'),
('2010-08-19 23:34:01', 64, 'fefa2e664da5b23aaca8da986a8f348c3252', 80, 240, '2010-02-22 00:00:00', 'deleted'),
('2010-08-19 23:34:01', 65, 'fa444a6c8177d48f920d0fdfd5426e1e613', 37, 241, '2006-01-01 00:00:00', 'deleted'),
('2010-08-19 23:34:01', 66, '8cc6d56a6bea70f3babda0cd13a608243308', 37, 241, '2006-01-01 00:00:00', 'deleted'),
('2010-08-19 23:34:01', 67, '754f99784807f27fb46f8aa9b40af45b4699', 37, 241, '2006-01-01 00:00:00', 'deleted'),
('2010-08-19 23:34:01', 68, '850a1c635ad72cef9bde946b8aa9a45b3574', 37, 241, '2006-01-01 00:00:00', 'active'),
('2010-08-19 23:34:01', 69, '76b9dfa4411b86c741599f35f6f51fe03773', 37, 191, '2006-01-01 00:00:00', 'deleted'),
('2010-08-19 23:34:01', 70, '5bcce5a21c3f0445bd62d5cd6cfd61c78141', 80, 240, '2010-02-22 00:00:00', 'active'),
('2010-08-19 23:34:01', 71, '87e08fe0953656f18993ef4c73c4a7319387', 2, 16, '1965-01-03 00:00:00', 'deleted'),
('2010-08-19 23:34:01', 72, 'b3537c9446454482cc7d4837f809fc8a2513', 2, 34, '1964-07-31 00:00:00', 'active'),
('2010-08-19 23:34:01', 73, '2c8a0af22ff67c40d5e02d6828340d714401', 2, 16, '1965-01-03 00:00:00', 'deleted'),
('2010-08-19 23:34:01', 74, '7a655ff7db6a8e63fae661399d92bd2d4465', 80, 242, '2010-01-02 00:00:00', 'deleted'),
('2010-08-19 23:34:01', 75, 'f91ae2ebe53ea611f45b9482b9e9c0989125', 80, 242, '2010-01-02 00:00:00', 'deleted'),
('2010-08-19 23:34:01', 76, '0a508003a3a09e4ea510b4ee1fea120c2232', 80, 242, '2010-01-02 00:00:00', 'deleted'),
('2010-08-19 23:34:01', 77, 'ea1956f2376dd3cef203bee974e6a05c3780', 37, 191, '2006-01-01 00:00:00', 'deleted'),
('2010-08-19 23:34:01', 78, 'ff0579bad64eb3b853ef8d1a0e34fbe92205', 2, 13, '1982-06-02 00:00:00', 'deleted'),
('2010-08-19 23:34:01', 79, '1c793977f4ed45738846014ab54004419685', 37, 191, '2006-01-01 00:00:00', 'deleted'),
('2010-08-19 23:34:01', 80, 'f117a78e765d05ae8badd36b93c0df921814', 80, 242, '2010-03-03 00:00:00', 'deleted'),
('2010-08-19 23:34:01', 81, '1e74e0e645be3a2790157ca8be935c2711', 2, 16, '1965-01-03 00:00:00', 'deleted'),
('2010-08-19 23:34:01', 82, 'b64add76c238a67d29cca13bd5bf0a264613', 2, 16, '1965-01-03 00:00:00', 'deleted'),
('2010-08-19 23:34:01', 83, '5bc8a5c4698249fdb6937cdbeb3f00cd3031', 2, 16, '1965-01-03 00:00:00', 'deleted'),
('2010-08-19 23:34:01', 84, 'b81a1a6c15208952399ec8dd4111d32b1317', 2, 16, '1965-01-03 00:00:00', 'deleted'),
('2010-08-19 23:34:01', 85, 'c92b47bb0a913c8dcbfe95eda7ef4bd17492', 37, 191, '2006-10-01 00:00:00', 'deleted'),
('2010-08-19 23:34:01', 86, 'fb4a1f2cd52b5c55f34ee9b66d1539133511', 37, 208, '2006-11-01 00:00:00', 'deleted'),
('2010-08-19 23:34:01', 87, 'b1a8b536f7f6a3b5f93b8ce637d5a1935076', 2, 16, '1992-01-03 00:00:00', 'deleted'),
('2010-08-19 23:34:01', 88, '51cc7f4d45e9cba44a0713a8943a1ae54849', 80, 242, '2010-01-01 00:00:00', 'active'),
('2010-08-19 23:34:01', 89, 'dc26e815ab62a2706074d6b6fcf30c2d9016', 37, 191, '2008-02-01 00:00:00', 'deleted'),
('2010-08-19 23:34:01', 90, '568b23244506c6baee52c5d80d5fc84f537', 37, 188, '2006-06-02 00:00:00', 'deleted'),
('2010-08-19 23:34:01', 91, '9405728b3997b525ac14b7061e72f8735633', 37, 188, '2008-06-03 00:00:00', 'deleted'),
('2010-08-19 23:34:01', 92, '6c50741d9bd61ae108dd679f7e568c776554', 2, 16, '1965-01-01 00:00:00', 'deleted'),
('2010-08-19 23:34:01', 93, '7b5d192ae3d1571d7fc82e2262e8819c5874', 80, 243, '2010-05-24 00:00:00', 'active'),
('2010-08-19 23:34:01', 94, '8e9c670904bc2fd5db963ce66bfa5ef69706', 2, 13, '1982-06-02 00:00:00', 'deleted'),
('2010-09-12 19:51:18', 95, '61bb597a4e1ee13583b8a7744e615502912', 2, 13, '1982-06-02 00:00:00', 'deleted'),
('2010-08-19 23:34:01', 96, '7bb252bbb086e431a7379fd3fa8be3345436', 2, 16, '1965-01-01 00:00:00', 'deleted'),
('2010-09-03 16:03:42', 97, '229b3a2ab25b3a051ba6cd7673ee05b04446', 2, 16, '2010-01-01 00:00:00', 'deleted'),
('2010-09-06 16:26:31', 98, '27979bcbce662839949a785034d9f2be5920', 37, 188, '2008-06-03 00:00:00', 'deleted'),
('2010-08-19 23:34:01', 99, 'e9ac0fd569bfecdff5e9e97d2a8766b46265', 37, 249, '2010-01-01 00:00:00', 'active'),
('2010-08-19 23:50:30', 100, 'd5b64add770ceb4a5d62f795b6ac653f', 37, 13, '2010-08-01 00:00:00', 'active'),
('2010-08-20 12:54:56', 101, '497ce3ea9fec6fd7161a4647363e103d', 37, 16, '2010-01-01 00:00:00', 'active'),
('2010-09-06 16:26:31', 102, '39bd258c4521a184d39b0ab82778b5b7', 37, 188, '2008-06-03 00:00:00', 'active'),
('2010-09-06 18:48:15', 103, '3ee3fc499f543067366def4ac6d63307', 37, 191, '2010-01-01 00:00:00', 'deleted'),
('2010-09-06 18:51:06', 104, 'a3dddf827a562828bd5b67dc75ebe757', 37, 191, '2010-01-01 00:00:00', 'deleted'),
('2010-09-18 07:42:27', 105, '8ef15681b1fd7df8b68e87cafd2bfee0', 37, 191, '2010-01-01 00:00:00', 'deleted'),
('2010-09-12 19:51:19', 106, 'cc0dc480b755068ee32546b8f2ff0f21', 2, 13, '1982-06-02 00:00:00', 'active'),
('2010-09-18 07:43:15', 107, 'aa1548dcd053f0c2b1b1d149a7348392', 37, 191, '2010-01-01 00:00:00', 'active');

-- --------------------------------------------------------

--
-- Table structure for table `profile_widget_field_degree`
--

CREATE TABLE IF NOT EXISTS `profile_widget_field_degree` (
  `created` timestamp NOT NULL DEFAULT CURRENT_TIMESTAMP ON UPDATE CURRENT_TIMESTAMP,
  `degree_id` mediumint(8) unsigned NOT NULL,
  `id` int(10) unsigned NOT NULL AUTO_INCREMENT,
  `ikey` varchar(75) NOT NULL,
  `profile_widget_field_id` mediumint(8) unsigned NOT NULL,
  `searchable_id` int(11) unsigned NOT NULL,
  `status` enum('deleted','active') NOT NULL DEFAULT 'active',
  PRIMARY KEY (`id`),
  KEY `normal` (`profile_widget_field_id`,`searchable_id`),
  KEY `profile_widget_field_degree_searchable_fk` (`searchable_id`),
  KEY `profile_widget_field_degree_pwf_fk` (`profile_widget_field_id`),
  KEY `profile_widget_field_degree_fk` (`degree_id`)
) ENGINE=InnoDB  DEFAULT CHARSET=utf8 AUTO_INCREMENT=32 ;

--
-- Dumping data for table `profile_widget_field_degree`
--

INSERT INTO `profile_widget_field_degree` (`created`, `degree_id`, `id`, `ikey`, `profile_widget_field_id`, `searchable_id`, `status`) VALUES
('2010-08-19 23:34:01', 6, 6, '943f10b7abf00c6c77b7515a096e43223564', 20, 13, 'deleted'),
('2010-08-19 23:34:01', 2, 7, '452ebc4db96ec12d336565e85e37125a9025', 20, 13, 'deleted'),
('2010-08-19 23:34:01', 6, 8, '2d38b498e789c44636473f095a6070ac4433', 20, 13, 'deleted'),
('2010-08-19 23:34:01', 2, 9, '56f2adb3621e53ea278ae1abba795d505092', 20, 13, 'deleted'),
('2010-08-19 23:34:01', 6, 12, '4e9019139d9ad49f7983904b497d50b22159', 20, 13, 'deleted'),
('2010-08-19 23:34:01', 2, 13, '18ebf96a2f92ee2fb5a254536239cc385518', 20, 13, 'deleted'),
('2010-08-19 23:34:01', 6, 14, '4dff7cccfc092f41b8170fc6d7dc93c01117', 20, 13, 'deleted'),
('2010-08-19 23:34:01', 2, 15, 'bcbf5e0ae48ef7e5439863381d1a69bf9025', 20, 13, 'deleted'),
('2010-08-19 23:34:01', 7, 16, '5687de5a29d6095b8d56a85808fc455d1780', 20, 16, 'deleted'),
('2010-08-19 23:34:01', 7, 17, 'b69c2c4907736b5700f6e84f2e10ff171822', 20, 16, 'deleted'),
('2010-08-19 23:34:01', 7, 18, '59be40cae32a2fcca039b54e45e3d2353769', 20, 16, 'deleted'),
('2010-08-19 23:34:01', 7, 19, 'ab3520153191abb414e1c491d40b14e03378', 20, 16, 'deleted'),
('2010-08-19 23:34:01', 7, 20, 'c6139be0f45d93bb7671acf9f47d96585582', 20, 16, 'deleted'),
('2010-08-19 23:34:01', 7, 21, 'cbc7e750893b46de5c2fae42514f7a157778', 20, 16, 'deleted'),
('2010-08-19 23:34:01', 7, 22, 'ff2550902505f531ce553d0189e412de2145', 20, 16, 'active'),
('2010-08-19 23:34:01', 7, 23, '702d3972319badbccea7c00d2539d9b17389', 20, 16, 'active'),
('2010-08-19 23:34:01', 6, 24, '229e1ddf18ce2aa67e5c4017917db89a512', 20, 13, 'deleted'),
('2010-08-19 23:34:01', 2, 25, '4712b821fec95cf815a1298971bcd1d7391', 20, 13, 'deleted'),
('2010-08-19 23:34:01', 6, 26, '69832cf83177c1699fdfabe3a0afe31b419', 20, 13, 'active'),
('2010-08-19 23:34:01', 2, 27, 'a369cd97773506d7ede7bdac8cd3dea1921', 20, 13, 'active'),
('2010-08-19 23:34:01', 3, 28, '93f7f8f29c7ebb85c2ef554ba83439da3347', 20, 212, 'active'),
('2010-08-19 23:34:01', 2, 29, '7b55e102496eec9b6c52065423a1ba7a3973', 20, 212, 'active'),
('2010-08-19 23:34:01', 1, 30, '2183396bdd7fc7aec44aa445ef8238f19822', 20, 228, 'active'),
('2010-08-19 23:34:01', 1, 31, 'fb8424d511da27e2be8db175fd212a877195', 20, 34, 'active');

-- --------------------------------------------------------

--
-- Table structure for table `profile_widget_field_fields`
--

CREATE TABLE IF NOT EXISTS `profile_widget_field_fields` (
  `fields_id` mediumint(8) unsigned NOT NULL,
  `created` timestamp NOT NULL DEFAULT CURRENT_TIMESTAMP ON UPDATE CURRENT_TIMESTAMP,
  `id` int(10) unsigned NOT NULL AUTO_INCREMENT,
  `ikey` varchar(75) NOT NULL,
  `profile_widget_field_id` mediumint(8) unsigned NOT NULL,
  `searchable_id` int(11) unsigned NOT NULL,
  `status` enum('deleted','active') NOT NULL DEFAULT 'active',
  PRIMARY KEY (`id`),
  KEY `profile_widget_field_fields_fk` (`profile_widget_field_id`),
  KEY `profile_widget_field_fields_searchable_fk` (`searchable_id`),
  KEY `profile_widget_field_fields_pwf_fk` (`fields_id`)
) ENGINE=InnoDB  DEFAULT CHARSET=utf8 AUTO_INCREMENT=22 ;

--
-- Dumping data for table `profile_widget_field_fields`
--

INSERT INTO `profile_widget_field_fields` (`fields_id`, `created`, `id`, `ikey`, `profile_widget_field_id`, `searchable_id`, `status`) VALUES
(1, '2010-08-19 23:34:01', 1, 'eeae1dd6f7b7c7cc9478a941d26546c86508', 85, 16, 'deleted'),
(1, '2010-08-19 23:34:01', 2, '8811fe803b9a86a787b62f7285c28155955', 85, 239, 'deleted'),
(1, '2010-08-19 23:34:01', 3, '1a99e1ced8a3c4e8c432f6710e130b4a5247', 85, 242, 'deleted'),
(1, '2010-09-06 18:49:35', 4, 'f79bae2630060cc27b3cf396086d90393374', 85, 243, 'deleted'),
(2, '2010-08-19 23:34:01', 5, 'a3eacb1ade13751c9ef9179b9a1d95bf1126', 85, 248, 'active'),
(1, '2010-08-19 23:34:01', 6, '5f5911592a55dd017ed12b932e21aa2f5507', 85, 16, 'deleted'),
(2, '2010-08-19 23:34:01', 7, '1a781c68d68d5ab5cc39a11a41ea15514158', 85, 212, 'active'),
(2, '2010-08-19 23:34:01', 8, '2a0b4b6aee90c13f7ff11e4c6e118fbc4271', 85, 242, 'deleted'),
(2, '2010-08-19 23:34:01', 9, '354461164f3c28281a1ee04ee79c54108878', 85, 242, 'active'),
(1, '2010-08-19 23:34:01', 10, '4e15a40a4f6201bdd660471e31e7684c1581', 85, 16, 'deleted'),
(1, '2010-08-19 23:34:01', 11, 'ce004f9f973c62700e6f26323360e5171267', 85, 191, 'deleted'),
(2, '2010-08-19 23:34:01', 12, '056461f6fbde8a27801c0afaca681fe31592', 85, 191, 'deleted'),
(1, '2010-09-06 18:36:42', 13, '4c75ee2b11b45e24b876596343210c0f4158', 85, 191, 'deleted'),
(1, '2010-08-19 23:34:01', 14, 'cd7542650462a73846531f72cbfcdfde6014', 85, 244, 'active'),
(1, '2010-08-19 23:34:01', 15, '24a9891957dd17ec02fc38c1ed30b9f87599', 85, 250, 'active'),
(2, '2010-08-19 23:34:01', 16, 'd439b50dc11f2200286ff84f7f7a2b179953', 85, 16, 'deleted'),
(2, '2010-09-03 16:05:27', 17, 'e874283672ebac302f4a8e2f243a76c76971', 85, 16, 'deleted'),
(1, '2010-08-19 23:34:01', 18, '54319284ecf0ca6025d5f2783942502b4993', 85, 13, 'deleted'),
(1, '2010-09-12 19:55:00', 19, 'c2cebc614e2172b88964efb6a4e7aab24053', 85, 188, 'deleted'),
(1, '2010-08-19 23:34:01', 20, '7152986ab5b430f592775e2ba68a46ad5286', 85, 240, 'active'),
(1, '2010-09-12 20:04:19', 21, '85dcd975d1ce2fc49971384df3a11ec5', 85, 188, 'active');

-- --------------------------------------------------------

--
-- Table structure for table `profile_widget_field_free_agent`
--

CREATE TABLE IF NOT EXISTS `profile_widget_field_free_agent` (
  `free_agent_id` mediumint(8) unsigned NOT NULL,
  `created` timestamp NOT NULL DEFAULT CURRENT_TIMESTAMP ON UPDATE CURRENT_TIMESTAMP,
  `id` int(10) unsigned NOT NULL AUTO_INCREMENT,
  `ikey` varchar(75) NOT NULL,
  `profile_widget_field_id` mediumint(8) unsigned NOT NULL,
  `searchable_id` int(11) unsigned NOT NULL,
  `status` enum('deleted','active') NOT NULL DEFAULT 'active',
  PRIMARY KEY (`id`),
  KEY `profile_widget_field_free_agent_searchable_fk` (`searchable_id`),
  KEY `profile_widget_field_free_agent_pwf_fk` (`profile_widget_field_id`),
  KEY `profile_widget_field_free_agent_fk` (`free_agent_id`)
) ENGINE=InnoDB  DEFAULT CHARSET=utf8 AUTO_INCREMENT=21 ;

--
-- Dumping data for table `profile_widget_field_free_agent`
--

INSERT INTO `profile_widget_field_free_agent` (`free_agent_id`, `created`, `id`, `ikey`, `profile_widget_field_id`, `searchable_id`, `status`) VALUES
(2, '2010-08-19 23:34:01', 1, '745d3414bf1d98ed1878a3ff51c91fb84271', 70, 16, 'deleted'),
(2, '2010-08-19 23:34:01', 2, 'e8bfc609ace107558865da9e1c2b542a5494', 70, 16, 'deleted'),
(1, '2010-08-19 23:34:01', 3, 'ec97564a62352a51f3260eb32a3605b54660', 70, 228, 'active'),
(1, '2010-08-19 23:34:01', 4, 'df71cc5f96032052c02cb215bf6a8a086818', 70, 214, 'active'),
(2, '2010-08-19 23:34:01', 5, 'a4777c4c248e64c7a7c1cad438de5827109', 70, 16, 'deleted'),
(2, '2010-08-19 23:34:01', 6, 'd2a86832d0f311486452f1266145968991', 70, 16, 'deleted'),
(3, '2010-08-19 23:34:01', 7, '82122cb57bbfca0b1ea2d011c6f2bd83128', 70, 229, 'active'),
(1, '2010-08-19 23:34:01', 8, '61baacbf39c49179110d43baa57b16bd365', 70, 13, 'active'),
(3, '2010-08-19 23:34:01', 9, '077a303c1cecf96c03f9b56c3ec592201439', 70, 212, 'active'),
(2, '2010-08-19 23:34:01', 10, '5f87539190e7c25f7a9d1ac9d623a4cf6101', 70, 16, 'deleted'),
(2, '2010-08-19 23:34:01', 11, '5c193bbac8dd5f3cf88ffa6da86410d96188', 70, 16, 'deleted'),
(2, '2010-08-19 23:34:01', 12, 'e46d4b67bc1bfac52d7f984121729de32637', 70, 16, 'deleted'),
(2, '2010-08-19 23:34:01', 13, 'afbffcefed8df63d74ff7cfcc944ce794620', 70, 16, 'deleted'),
(2, '2010-08-19 23:34:01', 14, 'fe70716fa47e1c408d8885faa50870205189', 70, 16, 'deleted'),
(3, '2010-08-19 23:34:01', 15, '676b4ed32cae07bae6a90ce13000d7b42085', 70, 16, 'deleted'),
(3, '2010-08-19 23:34:01', 16, 'ff86d3afde13949d0213d12dbb3d290d4858', 70, 16, 'deleted'),
(2, '2010-09-03 16:08:45', 17, '2d6268db6ad4c1beb2b49b046c07caf08035', 70, 16, 'deleted'),
(2, '2010-09-03 16:12:35', 18, 'e75f31932dcd6d6631cff95b3c820953', 70, 16, 'deleted'),
(2, '2010-09-03 16:12:35', 19, '94f13ccbb181f81c618fea2c64021e7b', 70, 16, 'active'),
(2, '2010-09-06 17:04:13', 20, '641c4b9de268e1398988095486ebe033', 70, 213, 'active');

-- --------------------------------------------------------

--
-- Table structure for table `profile_widget_field_gender`
--

CREATE TABLE IF NOT EXISTS `profile_widget_field_gender` (
  `created` timestamp NOT NULL DEFAULT CURRENT_TIMESTAMP ON UPDATE CURRENT_TIMESTAMP,
  `gender_id` mediumint(8) unsigned NOT NULL,
  `id` int(10) unsigned NOT NULL AUTO_INCREMENT,
  `ikey` varchar(75) NOT NULL,
  `profile_widget_field_id` mediumint(8) unsigned NOT NULL,
  `searchable_id` int(11) unsigned NOT NULL,
  `status` enum('deleted','active') NOT NULL DEFAULT 'active',
  PRIMARY KEY (`id`),
  KEY `normal` (`profile_widget_field_id`,`searchable_id`),
  KEY `profile_widget_field_gender_searchable_fk` (`searchable_id`),
  KEY `profile_widget_field_gender_pwf_fk` (`profile_widget_field_id`),
  KEY `profile_widget_field_gender_fk` (`gender_id`)
) ENGINE=InnoDB  DEFAULT CHARSET=utf8 AUTO_INCREMENT=145 ;

--
-- Dumping data for table `profile_widget_field_gender`
--

INSERT INTO `profile_widget_field_gender` (`created`, `gender_id`, `id`, `ikey`, `profile_widget_field_id`, `searchable_id`, `status`) VALUES
('2010-08-19 23:34:01', 1, 13, '3907fb00750c85df3b7d65a1587a4aa75602', 1, 13, 'deleted'),
('2010-08-19 23:34:01', 1, 14, '76c65def23053e0eea4fac87af8b07b23903', 1, 13, 'deleted'),
('2010-08-19 23:34:01', 1, 15, 'f379a3ed36544a264646efdfe79a92122712', 1, 13, 'deleted'),
('2010-08-19 23:34:01', 1, 16, '1751a9a215df522dcf207ba51b3276431849', 1, 13, 'deleted'),
('2010-08-19 23:34:01', 1, 17, '39f3a91f7def5376b696f85ccde523821107', 1, 13, 'deleted'),
('2010-08-19 23:34:01', 1, 18, '8cf639fc4bb4f35a2bb4105e85ff99579988', 1, 13, 'deleted'),
('2010-08-19 23:34:01', 1, 19, '02e8ca2ad17d56e17e1fc2edcbee4d406622', 1, 13, 'deleted'),
('2010-08-19 23:34:01', 1, 20, 'fc815a0b7bc84dce6b9c6f8ca4c28ad53145', 1, 13, 'deleted'),
('2010-08-19 23:34:01', 1, 21, '7a16092a4fa489c835c716ea3815f7045856', 1, 13, 'deleted'),
('2010-08-19 23:34:01', 1, 22, 'd5b2bbd3e57d6c19003667a4474755899846', 1, 13, 'deleted'),
('2010-08-19 23:34:01', 1, 23, '0a716fe8c7745e51a3185fc8be6ca23a1665', 1, 13, 'deleted'),
('2010-08-19 23:34:01', 1, 24, 'ba2f0015122a5955f8b3a50240fb91b28783', 1, 13, 'deleted'),
('2010-08-19 23:34:01', 1, 25, '6c3cf77d52820cd0fe646d38bc2145ca8925', 1, 13, 'deleted'),
('2010-08-19 23:34:01', 1, 26, '6e6d5361da6fb4a2d24b4ef90f224f468274', 1, 13, 'deleted'),
('2010-08-19 23:34:01', 1, 27, 'ad7030d0d43a7f5903f38cc76af762a54596', 1, 13, 'deleted'),
('2010-08-19 23:34:01', 1, 28, '301c8eb1f76e106ec1bcf7a70ad25ffd8158', 1, 13, 'deleted'),
('2010-08-19 23:34:01', 1, 29, '7fc63ff01769c4fa7d9279e97e3078297002', 1, 13, 'deleted'),
('2010-08-19 23:34:01', 1, 30, '1c104b9c0accfca52ef21728eaf01453535', 1, 13, 'deleted'),
('2010-08-19 23:34:01', 1, 31, '9866b8a83d35abdd89ed76d565d71f751668', 1, 13, 'deleted'),
('2010-08-19 23:34:01', 2, 32, 'e594b22cf15b445f7476775aa508e9c36734', 1, 184, 'active'),
('2010-08-19 23:34:01', 1, 33, 'd34ff18d819ea9dfeda0f638eae589f08670', 1, 185, 'active'),
('2010-08-19 23:34:01', 2, 34, '85af7dbb0532ca29713840ae3711fa893147', 1, 186, 'active'),
('2010-08-19 23:34:01', 1, 35, 'd9728585d8065869cbc35e76c6da76589725', 1, 16, 'deleted'),
('2010-08-19 23:34:01', 1, 36, '0de2fac8d04bf04bf15ecc50358c1d149186', 1, 16, 'deleted'),
('2010-08-19 23:34:01', 1, 37, 'c2e0ecbbda4036c405211e14f2a122916753', 1, 16, 'deleted'),
('2010-08-19 23:34:01', 1, 38, '3e59fb5e144e365dbdb4bad34e7a5be66209', 1, 16, 'deleted'),
('2010-08-19 23:34:01', 1, 39, 'a1344611f6526a97ecbadaab126713e4787', 1, 16, 'deleted'),
('2010-08-19 23:34:01', 1, 40, 'b09569398098951f698393031b8f8b845305', 1, 16, 'deleted'),
('2010-08-19 23:34:01', 1, 41, '7a6f205212a67e2e0f4ae495dcf0f1214164', 1, 13, 'deleted'),
('2010-08-19 23:34:01', 1, 42, '64bf8a075a0650df2878e53f0c4c7d464907', 1, 13, 'deleted'),
('2010-08-19 23:34:01', 1, 43, '2f3d1198da7594e33bdf68fe47c9d2f92043', 1, 13, 'deleted'),
('2010-08-19 23:34:01', 1, 44, 'cade52dff3208d60e03aa29e22beb2d55494', 1, 13, 'deleted'),
('2010-08-19 23:34:01', 1, 45, '5b301df1913611bfde663de71cf34d9c1340', 1, 13, 'deleted'),
('2010-08-19 23:34:01', 1, 46, '1598b0cfa5618cfb0b9d5fa12344dcfe218', 1, 13, 'deleted'),
('2010-08-19 23:34:01', 1, 47, '98f89b92187ba4c33c59d68d5503a0b57067', 1, 13, 'deleted'),
('2010-08-19 23:34:01', 1, 48, 'd356fc20cf70bf07d2cfa27484cb6d954683', 1, 16, 'deleted'),
('2010-08-19 23:34:01', 3, 49, '12666be6f19c03ae7d2b980467d67b8c2214', 1, 188, 'active'),
('2010-08-19 23:34:01', 1, 50, 'e18aa6c6ba53c4442db74fd73f620fe87019', 1, 16, 'deleted'),
('2010-08-19 23:34:01', 1, 51, 'e328d25c5145cbdd85910b98caeb00ec8457', 1, 197, 'active'),
('2010-08-19 23:34:01', 2, 52, '0c2dc191012bda5ebcf5dbc7097350051229', 1, 203, 'active'),
('2010-08-19 23:34:01', 2, 53, '14e14b50ef77e1172afab6bc741b125f770', 1, 207, 'deleted'),
('2010-08-19 23:34:01', 2, 54, '5d3b208f0925945efbaa6cf7566f8375162', 1, 207, 'active'),
('2010-08-19 23:34:01', 1, 55, '6aacf7241811c70eedce6d1335f809098498', 1, 209, 'active'),
('2010-08-19 23:34:01', 2, 56, '1beb57f909425b0414568d3a4350243e2008', 1, 211, 'deleted'),
('2010-09-18 07:33:27', 1, 57, '565a0ca1004779af3ef811f1b3013b344544', 1, 213, 'deleted'),
('2010-08-19 23:34:01', 1, 58, '10861a66be21a0b3156431ff4ede52726697', 1, 214, 'deleted'),
('2010-08-19 23:34:01', 2, 59, '14e6359393573f56cc1b282b651b3e6b9853', 1, 215, 'deleted'),
('2010-08-19 23:34:01', 1, 60, '009c95cd32001e2d6e609025ef349f029176', 1, 16, 'deleted'),
('2010-08-19 23:34:01', 2, 61, '3764402bc293d75b54390db7688ec3776321', 1, 16, 'deleted'),
('2010-08-19 23:34:01', 2, 62, 'db7ae5061038de96dc6bdfad6a1961f64076', 1, 16, 'deleted'),
('2010-08-19 23:34:01', 1, 63, '59eb563a11a556486d18a5d766426f1f1417', 1, 16, 'deleted'),
('2010-08-19 23:34:01', 1, 64, 'c880fef47467f024678e14541e76f52b4854', 1, 216, 'active'),
('2010-08-19 23:34:01', 2, 65, '44ad2a42e53b2dd9f6742274ac3a477e23', 1, 218, 'deleted'),
('2010-08-19 23:34:01', 2, 66, 'a817db2aec9ea4c66b2a422edbef2cf05551', 1, 223, 'active'),
('2010-08-19 23:34:01', 2, 67, 'f8edf791b835c6d03a6d57d37f7ae3cc7688', 1, 218, 'active'),
('2010-08-19 23:34:01', 1, 68, '8a79d188ec09aaceb6a700fb0f48ad441788', 1, 16, 'deleted'),
('2010-08-19 23:34:01', 1, 69, '24eba9c471571dc6987834636f2604295874', 1, 16, 'deleted'),
('2010-08-19 23:34:01', 1, 70, '5175e0e9788c24e79bb6f79cddd2c54c4008', 1, 16, 'deleted'),
('2010-08-19 23:34:01', 1, 71, 'a4ceccbe68c7092df69f2c0b02263a332415', 1, 212, 'deleted'),
('2010-08-19 23:34:01', 1, 72, '74b0b0269820b293f2de1a63fcfee07f51', 1, 16, 'deleted'),
('2010-08-19 23:34:01', 1, 73, '4a64fcb5ed1872b38273ae026f323b013008', 1, 16, 'deleted'),
('2010-08-19 23:34:01', 1, 74, '243a639dd7f1480f981d7fbf07ac93004887', 1, 16, 'deleted'),
('2010-08-19 23:34:01', 1, 75, '9124b97078cebc05989dee3843cdab2b5411', 1, 212, 'deleted'),
('2010-08-19 23:34:01', 1, 76, '330b3feb3d8ef8e8f55c6886e2ae02592396', 1, 212, 'deleted'),
('2010-08-19 23:34:01', 1, 77, '5dd859a0e2318c7df8a8bd62df16758c5746', 1, 212, 'deleted'),
('2010-08-19 23:34:01', 1, 78, 'e8987c0b6afc08dad0211a89d74e63af1543', 1, 212, 'deleted'),
('2010-11-22 22:08:48', 1, 79, 'd7dbe307a51125c048411ca315ab5b18474', 1, 212, 'deleted'),
('2010-08-19 23:34:01', 1, 80, '5ffcf4c86b36f60f74375cb0fb8171c97741', 1, 16, 'deleted'),
('2010-08-19 23:34:01', 1, 81, 'cb28c4d5d16ce5fc8ff6c2b29642928b7283', 1, 228, 'active'),
('2010-08-19 23:34:01', 1, 82, 'e7232a984c0df3823c79c0956e803e5d3196', 1, 214, 'active'),
('2010-08-19 23:34:01', 1, 83, 'c94fda0fae57dfde3110a1bcb9ff18cd4128', 1, 215, 'active'),
('2010-08-19 23:34:01', 2, 84, '754bd4c711e8c5dd8787c8576da611781051', 1, 211, 'deleted'),
('2010-08-19 23:34:01', 2, 85, '7074664e2128c91c62803fc88e1463af2869', 1, 211, 'active'),
('2010-08-19 23:34:01', 1, 86, '52cb2d4c84ecc0cb51da97d8eaad56991193', 1, 16, 'deleted'),
('2010-08-19 23:34:01', 1, 87, '0abe8bf27fa32ab254545ffdc72277257356', 1, 16, 'deleted'),
('2010-08-19 23:34:01', 1, 88, '7acbef2cd672acba5b9a8de67378e0ef3203', 1, 16, 'deleted'),
('2010-08-19 23:34:01', 1, 91, '66358afcdfd73d2acca18c9aea22f6e28807', 1, 229, 'active'),
('2010-08-19 23:34:01', 1, 92, 'b15ebdea590bf06289ce785f906973173647', 1, 240, 'active'),
('2010-08-19 23:34:01', 1, 93, 'bc162f44a82c31aa19111c7e24f89cf91812', 1, 241, 'active'),
('2010-08-19 23:34:01', 1, 94, '344d4fd0b98ba34a7f50beff65ed8d7b8116', 1, 239, 'active'),
('2010-08-19 23:34:01', 2, 95, 'e9b7ad10d929b0275138ba5af669b0825147', 1, 242, 'active'),
('2010-08-19 23:34:01', 1, 96, '87e08fe0953656f18993ef4c73c4a7311386', 1, 16, 'deleted'),
('2010-08-19 23:34:01', 2, 97, 'b3537c9446454482cc7d4837f809fc8a1490', 1, 34, 'active'),
('2010-08-19 23:34:01', 1, 98, '2c8a0af22ff67c40d5e02d6828340d713291', 1, 16, 'deleted'),
('2010-08-19 23:34:01', 1, 99, 'ff0579bad64eb3b853ef8d1a0e34fbe91983', 1, 13, 'deleted'),
('2010-08-19 23:34:01', 1, 100, '1e74e0e645be3a2790157ca8be935c2745', 1, 16, 'deleted'),
('2010-08-19 23:34:01', 1, 101, 'ae4e4804b8037d38fe29feeb48e8cb2a4272', 1, 254, 'active'),
('2010-08-19 23:34:01', 1, 102, '360b5b79938f9f002044d99d0dbd281f1226', 1, 16, 'deleted'),
('2010-08-19 23:34:01', 1, 103, '72e2254a0aa24daf3401ad2010961cf23314', 1, 16, 'deleted'),
('2010-08-19 23:34:01', 1, 104, 'b64add76c238a67d29cca13bd5bf0a262891', 1, 16, 'deleted'),
('2010-08-19 23:34:01', 1, 105, '5bc8a5c4698249fdb6937cdbeb3f00cd4511', 1, 16, 'deleted'),
('2010-08-19 23:34:01', 1, 106, '2e4210820bd238085c42a395cf1e92d43886', 1, 16, 'deleted'),
('2010-08-19 23:34:01', 1, 107, 'b81a1a6c15208952399ec8dd4111d32b5894', 1, 16, 'deleted'),
('2010-08-19 23:34:01', 1, 108, 'b1a8b536f7f6a3b5f93b8ce637d5a1937814', 1, 16, 'deleted'),
('2010-08-19 23:34:01', 1, 109, '8d750c850c812a3cebbdd8701677d66e1389', 1, 16, 'deleted'),
('2010-08-19 23:34:01', 1, 110, '6c50741d9bd61ae108dd679f7e568c773499', 1, 16, 'deleted'),
('2010-08-19 23:34:01', 1, 111, '6c805820e9f6e1e6b03d7419e404aa543332', 1, 16, 'deleted'),
('2010-08-19 23:34:01', 1, 112, '4622cf8671285cddf36deee43bdf8fec6159', 1, 16, 'deleted'),
('2010-08-19 23:34:01', 1, 113, '07afdcccea662b6bf743f86d05081685802', 1, 16, 'deleted'),
('2010-08-19 23:34:01', 1, 114, 'ef653a42feb9a6dd6ac34bb6ff3efd335532', 1, 16, 'deleted'),
('2010-08-19 23:34:01', 1, 115, '35278e980fb5f89f6d10c768314a65995253', 1, 16, 'deleted'),
('2010-08-19 23:34:01', 1, 116, 'b2a035fb8dedffc6127cf9a3b52c35aa9671', 1, 16, 'deleted'),
('2010-08-19 23:34:01', 1, 117, '2159f34b4734f98c344db7479d8963a52598', 1, 16, 'deleted'),
('2010-08-19 23:34:01', 1, 118, '6dcfd61eb8f23e9ded79e4344940856e3974', 1, 16, 'deleted'),
('2010-08-19 23:34:01', 1, 119, '8e9c670904bc2fd5db963ce66bfa5ef62078', 1, 13, 'deleted'),
('2010-08-19 23:50:30', 1, 120, '61bb597a4e1ee13583b8a7744e6155028464', 1, 13, 'deleted'),
('2010-08-19 23:34:01', 1, 121, '7bb252bbb086e431a7379fd3fa8be3346088', 1, 16, 'deleted'),
('2010-08-19 23:34:01', 1, 122, '828efbd538c72780c175d9984000f94c5049', 1, 16, 'deleted'),
('2010-08-19 23:34:01', 1, 123, 'a5bbad365b15f53468db6502c58fda6b6978', 1, 16, 'deleted'),
('2010-08-19 23:34:01', 1, 124, 'cd51e84ef1a4f46217af953d5665fd509747', 1, 16, 'deleted'),
('2010-08-20 12:54:56', 1, 125, '229b3a2ab25b3a051ba6cd7673ee05b07799', 1, 16, 'deleted'),
('2010-09-12 19:51:18', 1, 126, '1ad57b72dd5131dfd762e636be861ab9', 1, 13, 'deleted'),
('2010-09-03 16:03:42', 1, 127, '5f81b15974ef8e727a2821f1df7765d1', 1, 16, 'deleted'),
('2010-09-03 16:04:23', 1, 128, 'f7a19ad3bf252ac258b3aaa74192bf74', 1, 16, 'deleted'),
('2010-09-06 16:40:53', 1, 129, 'bda527c19e2c29d3d7420d0518286cd5', 1, 16, 'deleted'),
('2010-09-03 16:15:59', 1, 130, '2b85e80f50d945682a499dfc3a0a0249', 1, 271, 'active'),
('2010-09-18 07:23:40', 1, 131, '00140f058869b4ef3590e6ea08eb52a4', 1, 16, 'deleted'),
('2010-09-12 19:51:19', 1, 132, '78b907edc531a80a1e3437108b35b999', 1, 13, 'active'),
('2010-09-18 07:24:28', 1, 133, '0c2d6e096429f409e7e8e5b9b2dfffb2', 1, 16, 'active'),
('2010-09-18 07:34:14', 1, 134, 'afe5730ceb1f23c2dc8b591e060d994e', 1, 213, 'active'),
('2010-10-19 12:57:07', 1, 135, '22199db51b8cbfef0a7b905ca355806c', 1, 275, 'active'),
('2010-10-31 12:16:04', 1, 136, '4dff2235194c75ee08d0a82a9d4e070b', 1, 276, 'active'),
('2010-11-01 12:26:12', 1, 137, '3ff8ee61711c0a2544510a6970be0f85', 1, 278, 'active'),
('2010-11-01 12:33:57', 1, 138, '911eecc48dbfaafeba99e15caae679a7', 1, 279, 'active'),
('2010-11-02 08:50:17', 1, 139, '1fc96cab2aab0bcccb3905c93378c2d7', 1, 280, 'active'),
('2010-11-02 09:21:21', 1, 140, 'b097e8875e61a7ac0d8ed854e3977a0a', 1, 281, 'active'),
('2010-11-02 19:28:30', 1, 141, '8d23c7d9f35f369727d79ccdf6ae83b3', 1, 282, 'active'),
('2010-11-10 15:19:58', 1, 142, '7a91b391bd76bad13b35c0b30c9936b8', 1, 284, 'active'),
('2010-11-12 11:40:17', 1, 143, '85c5611458aee361392dbd6049f62964', 1, 286, 'active'),
('2010-11-22 22:15:29', 1, 144, '553905fd06f23591db63a94944fe83a8', 1, 212, 'active');

-- --------------------------------------------------------

--
-- Table structure for table `profile_widget_field_group_status`
--

CREATE TABLE IF NOT EXISTS `profile_widget_field_group_status` (
  `group_status_id` mediumint(8) unsigned NOT NULL,
  `created` timestamp NOT NULL DEFAULT CURRENT_TIMESTAMP ON UPDATE CURRENT_TIMESTAMP,
  `id` int(10) unsigned NOT NULL AUTO_INCREMENT,
  `ikey` varchar(75) NOT NULL,
  `profile_widget_field_id` mediumint(8) unsigned NOT NULL,
  `searchable_id` int(11) unsigned NOT NULL,
  `status` enum('deleted','active') NOT NULL DEFAULT 'active',
  PRIMARY KEY (`id`),
  KEY `profile_widget_field_group_status_fk` (`searchable_id`),
  KEY `profile_widget_field_group_status_pwf_fk` (`profile_widget_field_id`),
  KEY `profile_widget_field_group_status_searchable_fk` (`group_status_id`)
) ENGINE=InnoDB  DEFAULT CHARSET=utf8 AUTO_INCREMENT=3 ;

--
-- Dumping data for table `profile_widget_field_group_status`
--

INSERT INTO `profile_widget_field_group_status` (`group_status_id`, `created`, `id`, `ikey`, `profile_widget_field_id`, `searchable_id`, `status`) VALUES
(1, '2010-08-19 23:34:01', 1, '82c68c34d5c52aeec242ac0c7f0f1c569757', 95, 188, 'active'),
(1, '2010-08-19 23:34:01', 2, '2d0e9a198df040c40bc5a70cc8eaa1815389', 95, 191, 'active');

-- --------------------------------------------------------

--
-- Table structure for table `profile_widget_field_industry`
--

CREATE TABLE IF NOT EXISTS `profile_widget_field_industry` (
  `created` timestamp NOT NULL DEFAULT CURRENT_TIMESTAMP ON UPDATE CURRENT_TIMESTAMP,
  `id` int(10) unsigned NOT NULL AUTO_INCREMENT,
  `industry_id` mediumint(8) unsigned NOT NULL,
  `ikey` varchar(75) NOT NULL,
  `profile_widget_field_id` mediumint(8) unsigned NOT NULL,
  `searchable_id` int(11) unsigned NOT NULL,
  `status` enum('deleted','active') NOT NULL DEFAULT 'active',
  PRIMARY KEY (`id`),
  KEY `normal` (`profile_widget_field_id`,`searchable_id`),
  KEY `profile_widget_field_industry_searchable_fk` (`searchable_id`),
  KEY `profile_widget_field_industry_pwf_fk` (`profile_widget_field_id`),
  KEY `profile_widget_field_industry_fk` (`industry_id`)
) ENGINE=InnoDB  DEFAULT CHARSET=utf8 AUTO_INCREMENT=19 ;

--
-- Dumping data for table `profile_widget_field_industry`
--

INSERT INTO `profile_widget_field_industry` (`created`, `id`, `industry_id`, `ikey`, `profile_widget_field_id`, `searchable_id`, `status`) VALUES
('2010-08-19 23:34:01', 1, 45, 'cec635e58838ff3c8907acbe1bda11917670', 28, 13, 'deleted'),
('2010-08-19 23:34:01', 2, 45, 'c0922ade21becf758819c686aaca845b2187', 28, 13, 'deleted'),
('2010-08-19 23:34:01', 3, 45, '4b4a96575767e162b8c6013ec6712d407920', 28, 13, 'deleted'),
('2010-08-19 23:34:01', 4, 45, '9fdb62f932adf55af2c0e09e558619643042', 28, 13, 'deleted'),
('2010-08-19 23:34:01', 5, 45, '023b39a74b7b4acd060dedc0431c3dbc1447', 28, 13, 'deleted'),
('2010-08-19 23:34:01', 6, 45, '761067fbba1d6ef159173bfb8109abc28109', 28, 13, 'deleted'),
('2010-08-19 23:34:01', 8, 45, '0e46c9990c6daf3876b5166b2bc79fdc6208', 28, 13, 'deleted'),
('2010-08-19 23:34:01', 9, 45, '080f43a3371b1354a238d626779f41756711', 28, 13, 'deleted'),
('2010-08-19 23:34:01', 10, 45, 'ec5de3e8dc6bd121a79794021bf20cb14933', 28, 13, 'deleted'),
('2010-08-19 23:34:01', 11, 45, 'ecc92a19f0de821519b715d10cbf7c624529', 28, 13, 'deleted'),
('2010-08-19 23:34:01', 12, 45, 'd4f700c81022c855e0041af836222bb47845', 28, 13, 'active'),
('2010-08-19 23:34:01', 13, 26, '8293e8adf2c54b512338e028905376615643', 28, 16, 'deleted'),
('2010-08-19 23:34:01', 14, 26, 'eceb2f0d535b317fcf998f83b26f7e034676', 28, 16, 'deleted'),
('2010-08-19 23:34:01', 15, 26, '855c8ecc5e24207383eb52adcbe1b6b46454', 28, 16, 'deleted'),
('2010-08-19 23:34:01', 16, 26, 'd705a7d31b21d8cf70fa9a56c51c40708240', 28, 16, 'active'),
('2010-08-19 23:34:01', 17, 26, '57cd7fd20cf7dee2e2f11a68cbcfed771839', 28, 16, 'active'),
('2010-08-19 23:34:01', 18, 65, '7efe3524e2f6ab81ae3ff09884f4fb014474', 28, 34, 'active');

-- --------------------------------------------------------

--
-- Table structure for table `profile_widget_field_institute`
--

CREATE TABLE IF NOT EXISTS `profile_widget_field_institute` (
  `created` timestamp NOT NULL DEFAULT CURRENT_TIMESTAMP ON UPDATE CURRENT_TIMESTAMP,
  `id` int(10) unsigned NOT NULL AUTO_INCREMENT,
  `ikey` varchar(75) NOT NULL,
  `institute_id` mediumint(8) unsigned NOT NULL,
  `profile_widget_field_id` mediumint(8) unsigned NOT NULL,
  `searchable_id` int(11) unsigned NOT NULL,
  `status` enum('deleted','active') NOT NULL DEFAULT 'active',
  PRIMARY KEY (`id`),
  KEY `normal` (`profile_widget_field_id`,`searchable_id`),
  KEY `profile_widget_field_institute_searchable_fk` (`searchable_id`),
  KEY `profile_widget_field_institute_pwf_fk` (`profile_widget_field_id`),
  KEY `profile_widget_field_institute_fk` (`institute_id`)
) ENGINE=InnoDB  DEFAULT CHARSET=utf8 AUTO_INCREMENT=37 ;

--
-- Dumping data for table `profile_widget_field_institute`
--

INSERT INTO `profile_widget_field_institute` (`created`, `id`, `ikey`, `institute_id`, `profile_widget_field_id`, `searchable_id`, `status`) VALUES
('2010-08-19 23:34:01', 8, '943f10b7abf00c6c77b7515a096e43226853', 2268, 17, 13, 'deleted'),
('2010-08-19 23:34:01', 9, '452ebc4db96ec12d336565e85e37125a846', 2269, 17, 13, 'deleted'),
('2010-08-19 23:34:01', 10, '2d38b498e789c44636473f095a6070ac3666', 2268, 17, 13, 'deleted'),
('2010-08-19 23:34:01', 11, '56f2adb3621e53ea278ae1abba795d505794', 2269, 17, 13, 'deleted'),
('2010-08-19 23:34:01', 14, '4e9019139d9ad49f7983904b497d50b27972', 2268, 17, 13, 'deleted'),
('2010-08-19 23:34:01', 15, '18ebf96a2f92ee2fb5a254536239cc382480', 2269, 17, 13, 'deleted'),
('2010-08-19 23:34:01', 16, '4dff7cccfc092f41b8170fc6d7dc93c08480', 2268, 17, 13, 'deleted'),
('2010-08-19 23:34:01', 17, 'bcbf5e0ae48ef7e5439863381d1a69bf4964', 2269, 17, 13, 'deleted'),
('2010-08-19 23:34:01', 18, '5687de5a29d6095b8d56a85808fc455d9377', 2245, 17, 16, 'deleted'),
('2010-08-19 23:34:01', 19, 'b69c2c4907736b5700f6e84f2e10ff171994', 2270, 17, 16, 'deleted'),
('2010-08-19 23:34:01', 20, '2f53aebc7ecc7abd8db09d7d0ed45e8f1839', 2245, 17, 16, 'deleted'),
('2010-08-19 23:34:01', 21, '59be40cae32a2fcca039b54e45e3d2353210', 2270, 17, 16, 'deleted'),
('2010-08-19 23:34:01', 22, 'f2d37b5a8193391f6e7d2e3875701b45536', 2245, 17, 16, 'deleted'),
('2010-08-19 23:34:01', 23, 'ab3520153191abb414e1c491d40b14e03047', 2245, 17, 16, 'deleted'),
('2010-08-19 23:34:01', 24, '537b3ed7895b0422579f9bffc06719bd3627', 2271, 17, 204, 'active'),
('2010-08-19 23:34:01', 25, 'c6139be0f45d93bb7671acf9f47d96588993', 2245, 17, 16, 'deleted'),
('2010-08-19 23:34:01', 26, 'cbc7e750893b46de5c2fae42514f7a154088', 2272, 17, 16, 'deleted'),
('2010-08-19 23:34:01', 27, 'ff2550902505f531ce553d0189e412de3457', 2245, 17, 16, 'active'),
('2010-08-19 23:34:01', 28, '702d3972319badbccea7c00d2539d9b15022', 2272, 17, 16, 'active'),
('2010-08-19 23:34:01', 29, '2e469b7e48f3506bb0273170566258c04738', 2271, 17, 209, 'active'),
('2010-08-19 23:34:01', 30, '69832cf83177c1699fdfabe3a0afe31b8623', 1888, 17, 13, 'active'),
('2010-08-19 23:34:01', 31, 'a369cd97773506d7ede7bdac8cd3dea18902', 1974, 17, 13, 'active'),
('2010-08-19 23:34:01', 32, '87111aaf64f8ee3f0e91ab1dfaba38a68641', 2273, 17, 212, 'deleted'),
('2010-08-19 23:34:01', 33, '93f7f8f29c7ebb85c2ef554ba83439da6503', 2274, 17, 212, 'active'),
('2010-08-19 23:34:01', 34, '7b55e102496eec9b6c52065423a1ba7a6589', 2273, 17, 212, 'active'),
('2010-08-19 23:34:01', 35, '2183396bdd7fc7aec44aa445ef8238f13435', 2275, 17, 228, 'active'),
('2010-08-19 23:34:01', 36, 'fb8424d511da27e2be8db175fd212a877409', 1625, 17, 34, 'active');

-- --------------------------------------------------------

--
-- Table structure for table `profile_widget_field_i_am_over_18`
--

CREATE TABLE IF NOT EXISTS `profile_widget_field_i_am_over_18` (
  `i_am_over_18_id` mediumint(8) unsigned NOT NULL,
  `created` timestamp NOT NULL DEFAULT CURRENT_TIMESTAMP ON UPDATE CURRENT_TIMESTAMP,
  `id` int(10) unsigned NOT NULL AUTO_INCREMENT,
  `ikey` varchar(75) NOT NULL,
  `profile_widget_field_id` mediumint(8) unsigned NOT NULL,
  `searchable_id` int(11) unsigned NOT NULL,
  `status` enum('deleted','active') NOT NULL DEFAULT 'active',
  PRIMARY KEY (`id`),
  KEY `profile_widget_field_i_am_over_18_searchable_fk` (`searchable_id`),
  KEY `profile_widget_field_i_am_over_18_pwf_fk` (`profile_widget_field_id`),
  KEY `profile_widget_field_i_am_over_18_fk` (`i_am_over_18_id`)
) ENGINE=InnoDB  DEFAULT CHARSET=utf8 AUTO_INCREMENT=3 ;

--
-- Dumping data for table `profile_widget_field_i_am_over_18`
--

INSERT INTO `profile_widget_field_i_am_over_18` (`i_am_over_18_id`, `created`, `id`, `ikey`, `profile_widget_field_id`, `searchable_id`, `status`) VALUES
(1, '2010-09-12 19:51:19', 1, 'db0fcdc0847c7b059025e699960581c3', 99, 13, 'active'),
(1, '2010-11-10 15:19:58', 2, 'b48fc6287da3b322a98958437e23b1a1', 99, 284, 'active');

-- --------------------------------------------------------

--
-- Table structure for table `profile_widget_field_league`
--

CREATE TABLE IF NOT EXISTS `profile_widget_field_league` (
  `league_id` mediumint(8) unsigned NOT NULL,
  `created` timestamp NOT NULL DEFAULT CURRENT_TIMESTAMP ON UPDATE CURRENT_TIMESTAMP,
  `id` int(10) unsigned NOT NULL AUTO_INCREMENT,
  `ikey` varchar(75) NOT NULL,
  `profile_widget_field_id` mediumint(8) unsigned NOT NULL,
  `searchable_id` int(11) unsigned NOT NULL,
  `status` enum('deleted','active') NOT NULL DEFAULT 'active',
  PRIMARY KEY (`id`),
  KEY `profile_widget_field_league_searchable_fk` (`searchable_id`),
  KEY `profile_widget_field_league_pwf_fk` (`profile_widget_field_id`),
  KEY `profile_widget_field_league_fk` (`league_id`)
) ENGINE=InnoDB  DEFAULT CHARSET=utf8 AUTO_INCREMENT=45 ;

--
-- Dumping data for table `profile_widget_field_league`
--

INSERT INTO `profile_widget_field_league` (`league_id`, `created`, `id`, `ikey`, `profile_widget_field_id`, `searchable_id`, `status`) VALUES
(1, '2010-08-19 23:34:01', 1, 'df94bc15277c1167a4603c7ef89983186742', 72, 191, 'deleted'),
(1, '2010-08-19 23:34:01', 2, '84cca8bf8dbaafca077228e4461abeb51481', 72, 191, 'deleted'),
(1, '2010-08-19 23:34:01', 3, '90167947b2e0f6516efa204794e67abd7176', 72, 191, 'deleted'),
(1, '2010-08-19 23:34:01', 4, '152ceff181672d2e9d2309de9037a1941440', 72, 191, 'deleted'),
(5, '2010-08-19 23:34:01', 5, '76a42c6a6d955783e91b06ea6e3a33255669', 72, 191, 'deleted'),
(1, '2010-08-19 23:34:01', 6, '1a5046d484aa210f3b118933a4bf01924026', 72, 16, 'deleted'),
(1, '2010-08-19 23:34:01', 7, 'f1ac4f285bd2b7bc5457771eaf7e121f3124', 72, 16, 'deleted'),
(5, '2010-08-19 23:34:01', 8, '6018995472c570227b9f5555923f6db43542', 72, 16, 'deleted'),
(5, '2010-08-19 23:34:01', 9, '2a83b9deb2a05bbc473abdb5b72fbe238335', 72, 229, 'deleted'),
(5, '2010-08-19 23:34:01', 10, '6d4952d88e8a3e17694065a2bdec84431053', 72, 229, 'active'),
(1, '2010-08-19 23:34:01', 11, '4351a392f9f6ce8d5d4f896306543776256', 72, 229, 'active'),
(3, '2010-08-19 23:34:01', 12, '55b5f72b6e9d0c92e6910dba7846c1128123', 72, 210, 'active'),
(3, '2010-08-19 23:34:01', 13, 'd93fe1f3768af983ba1cbf421a6430b29846', 72, 34, 'active'),
(1, '2010-08-19 23:34:01', 14, '3bc6fdb1cc36e8e979efbe495f2b65694863', 72, 220, 'active'),
(1, '2010-08-19 23:34:01', 15, 'fea7ae8646f47befb9b934a9649835514777', 72, 16, 'deleted'),
(5, '2010-08-19 23:34:01', 16, '220bc8804837410378d7e83dbe5ee7609295', 72, 16, 'deleted'),
(4, '2010-08-19 23:34:01', 17, '8387169fd6b6d8d381a3b9066d5d32f52145', 72, 16, 'deleted'),
(1, '2010-08-19 23:34:01', 18, 'e0fd71c1cef48630e93ea5a53daaaa132839', 72, 208, 'active'),
(3, '2010-08-19 23:34:01', 19, '82ebd1f3017adf7cbf3ccd787ee704db7757', 72, 242, 'active'),
(1, '2010-08-19 23:34:01', 20, '483cecb3b1fdd5b6acca643ebea99371272', 72, 212, 'deleted'),
(1, '2010-08-19 23:34:01', 21, 'b773f669625b00c0266ab4cb5c2ca65f8087', 72, 212, 'active'),
(5, '2010-08-19 23:34:01', 22, '3bf5270291cf3152c7d9c219a966df139619', 72, 212, 'active'),
(1, '2010-09-03 16:09:11', 23, '0e085107f1e373028604fbb7ce3b086d3837', 72, 16, 'deleted'),
(5, '2010-09-03 16:09:11', 24, '7f60c8eb42f2fe806b171354a0beed38324', 72, 16, 'deleted'),
(1, '2010-08-19 23:34:01', 25, '1869199ac590e35e74fd7f219f20f2de111', 72, 244, 'active'),
(1, '2010-08-19 23:34:01', 26, '6519ea9f9912a91605d83f97ac69c8499580', 72, 191, 'deleted'),
(5, '2010-08-19 23:34:01', 27, '47580f4aa43d3ec8f707a6c35be86c547569', 72, 191, 'deleted'),
(2, '2010-08-19 23:34:01', 28, '43408874b3d7615c7ed31f8915b700749104', 72, 191, 'deleted'),
(1, '2010-08-19 23:34:01', 29, '04ff9ea35145361fce5b1e2a27be54c62816', 72, 191, 'deleted'),
(5, '2010-08-19 23:34:01', 30, 'bd6560e6aba9bea9b7dc8e57cef58e3d6763', 72, 191, 'deleted'),
(3, '2010-08-19 23:34:01', 31, 'daeb4cea09a86bee44de275878799a445371', 72, 249, 'active'),
(1, '2010-08-19 23:34:01', 32, '47eb048f9565eafc7801fa627e4ef1746565', 72, 191, 'deleted'),
(5, '2010-08-19 23:34:01', 33, '6dc97ac5baa13f914dde779e03e7ba8a6712', 72, 191, 'deleted'),
(2, '2010-08-19 23:34:01', 34, '69efb9b7e1ba9bec55ed2b3387b498873865', 72, 191, 'deleted'),
(1, '2010-09-06 16:19:42', 35, '36854867e4b88def81b0fb4f6538fcd89188', 72, 191, 'deleted'),
(5, '2010-09-06 16:19:42', 36, 'c40cad5f5a4c577fba17928bbbbac81d4346', 72, 191, 'deleted'),
(2, '2010-08-19 23:34:01', 37, '270873814294dc5b3d29c514b18612b34165', 72, 13, 'active'),
(1, '2010-09-06 16:43:24', 38, 'aab0629c4d88d8463a9a3b85f1735ff4', 72, 16, 'deleted'),
(2, '2010-09-06 16:43:24', 39, '3c1d45df7b7ccbdd71dfe8b8a4a90179', 72, 16, 'deleted'),
(6, '2010-09-06 16:43:24', 40, '0c696e9007b98d1181a2f67269509093', 72, 16, 'deleted'),
(1, '2010-09-06 16:19:42', 41, 'c9c4e5546828c6cbd28ca9b3dc5937cd', 72, 191, 'active'),
(1, '2010-09-06 16:43:24', 42, '0ca34f4f6e4a68010d30919fc917640f', 72, 16, 'active'),
(2, '2010-09-06 16:43:24', 43, 'c871e1151d4ad49ba4d53e9866842c66', 72, 16, 'active'),
(4, '2010-09-06 16:57:27', 44, 'aaa2d82f60bed020ef35793b02163f21', 72, 273, 'active');

-- --------------------------------------------------------

--
-- Table structure for table `profile_widget_field_level`
--

CREATE TABLE IF NOT EXISTS `profile_widget_field_level` (
  `created` timestamp NOT NULL DEFAULT CURRENT_TIMESTAMP ON UPDATE CURRENT_TIMESTAMP,
  `level_id` mediumint(8) unsigned NOT NULL,
  `id` int(10) unsigned NOT NULL AUTO_INCREMENT,
  `ikey` varchar(75) NOT NULL,
  `profile_widget_field_id` mediumint(8) unsigned NOT NULL,
  `searchable_id` int(11) unsigned NOT NULL,
  `status` enum('deleted','active') NOT NULL DEFAULT 'active',
  PRIMARY KEY (`id`),
  KEY `normal` (`profile_widget_field_id`,`searchable_id`),
  KEY `profile_widget_field_level_fk` (`level_id`),
  KEY `profile_widget_field_level_pwf_fk` (`profile_widget_field_id`),
  KEY `profile_widget_field_level_searchable_fk` (`searchable_id`)
) ENGINE=InnoDB  DEFAULT CHARSET=utf8 AUTO_INCREMENT=68 ;

--
-- Dumping data for table `profile_widget_field_level`
--

INSERT INTO `profile_widget_field_level` (`created`, `level_id`, `id`, `ikey`, `profile_widget_field_id`, `searchable_id`, `status`) VALUES
('2010-08-19 23:34:01', 1, 7, '1fed80d8c936b43176ffaa751c81680f7785', 36, 188, 'deleted'),
('2010-08-19 23:34:01', 1, 8, '7cb8b70adaf4d4c5cfe8d5851a0cdfa26433', 36, 188, 'deleted'),
('2010-08-19 23:34:01', 1, 9, '92590b82a839035c092beb21905cbd648808', 36, 188, 'deleted'),
('2010-08-19 23:34:01', 1, 10, '2b52118d33087700bd25bb4ffadae91f4745', 36, 188, 'deleted'),
('2010-08-19 23:34:01', 2, 11, 'bf88fbf357d35f3a608b62744f2114587297', 36, 16, 'deleted'),
('2010-08-19 23:34:01', 1, 13, '3d0670d8ce34eed08207befddb58ff852254', 36, 190, 'deleted'),
('2010-08-19 23:34:01', 5, 15, 'a7a50cfe5f510668dbca1d9db3b0f53f9376', 36, 191, 'deleted'),
('2010-08-19 23:34:01', 5, 16, '24faafe4ac423304bf306ff59fba1572123', 36, 16, 'deleted'),
('2010-08-19 23:34:01', 5, 18, 'a6a39113bd898acd8828c1aec66e0b912483', 36, 16, 'deleted'),
('2010-08-19 23:34:01', 5, 19, '55f6e61123e42562de5cd0bdb3808d7a2044', 36, 193, 'deleted'),
('2010-08-19 23:34:01', 5, 20, '9c363b2594a09124e5c1bb7e0c077dad2773', 36, 193, 'deleted'),
('2010-08-19 23:34:01', 5, 23, 'a3bd71fda4b6839a3678772f3a82ab2b7733', 36, 16, 'deleted'),
('2010-08-19 23:34:01', 1, 24, '2c063a8e1a716521cfe18e6f59f9c8cc348', 36, 194, 'deleted'),
('2010-08-19 23:34:01', 1, 25, '024be27d19668817f5f1ad5b2b5e04b58535', 36, 194, 'deleted'),
('2010-08-19 23:34:01', 5, 27, '0a802ff378de173d99a0882381ee9c611637', 36, 208, 'deleted'),
('2010-08-19 23:34:01', 5, 28, '624bfc1e16198a05299cd41140586d6f2575', 36, 208, 'deleted'),
('2010-08-19 23:34:01', 6, 31, '937eb13dcd86a35e5eea2e41b5a62e567966', 36, 210, 'deleted'),
('2010-08-19 23:34:01', 6, 32, 'b5f53f926ac109164103bdba5451d7012106', 36, 210, 'deleted'),
('2010-08-19 23:34:01', 6, 34, '3c3094fbca2e7a154141b79a40f9a5b26629', 36, 210, 'deleted'),
('2010-08-19 23:34:01', 6, 35, '5de80a2a0865645781959b56c5ffc8cb6830', 36, 210, 'deleted'),
('2010-08-19 23:34:01', 6, 36, 'c5ab6611aaac892bfd09062e8baef7ed4262', 36, 210, 'deleted'),
('2010-08-19 23:34:01', 5, 37, '5a440d1b5a24446aaf071005fc3ec209819', 36, 191, 'deleted'),
('2010-08-19 23:34:01', 5, 38, 'ca2f99154b9537f4ee5c2645ef60000b1310', 36, 191, 'deleted'),
('2010-08-19 23:34:01', 42, 39, '4b0826d30f40d92672726fb6a5a150e54090', 36, 191, 'deleted'),
('2010-08-19 23:34:01', 42, 40, '563780145dc3e2a5ea3f572cefdef0766520', 36, 191, 'deleted'),
('2010-08-19 23:34:01', 42, 41, 'aa41380b2c670204369a3f20634d7be6331', 36, 191, 'deleted'),
('2010-08-19 23:34:01', 42, 42, 'c9eb5e6438c04b01e865dbb25b58deb52094', 36, 191, 'deleted'),
('2010-08-19 23:34:01', 42, 43, '55576755bde1c749e96aca91e11db94c9476', 36, 191, 'deleted'),
('2010-08-19 23:34:01', 43, 44, '9444c3963622ae17f878cbec638ac0551100', 36, 208, 'deleted'),
('2010-08-19 23:34:01', 43, 45, 'cad7454b15dabc596137718c55a355847069', 36, 208, 'deleted'),
('2010-08-19 23:34:01', 44, 46, 'a92ca659710f6eff36acd8d6732959002049', 36, 210, 'active'),
('2010-08-19 23:34:01', 42, 47, 'fa444a6c8177d48f920d0fdfd5426e1e9036', 36, 241, 'deleted'),
('2010-08-19 23:34:01', 42, 48, '8cc6d56a6bea70f3babda0cd13a608249035', 36, 241, 'deleted'),
('2010-08-19 23:34:01', 43, 49, 'a35f9440cac4be2856688b8285eb36248068', 36, 240, 'deleted'),
('2010-08-19 23:34:01', 43, 50, '2be593328554276f45c109bbb1a109053236', 36, 240, 'deleted'),
('2010-08-19 23:34:01', 43, 51, 'dd96b0979e7e46188c90e9bbed252b401975', 36, 240, 'deleted'),
('2010-08-19 23:34:01', 43, 52, '11afc5215453dc3a4aacdb8e98fc5c81164', 36, 240, 'active'),
('2010-08-19 23:34:01', 42, 53, '754f99784807f27fb46f8aa9b40af45b4897', 36, 241, 'deleted'),
('2010-08-19 23:34:01', 42, 54, '850a1c635ad72cef9bde946b8aa9a45b3991', 36, 241, 'active'),
('2010-08-19 23:34:01', 42, 55, '76b9dfa4411b86c741599f35f6f51fe05266', 36, 191, 'deleted'),
('2010-08-19 23:34:01', 42, 56, 'ea1956f2376dd3cef203bee974e6a05c4355', 36, 191, 'deleted'),
('2010-08-19 23:34:01', 42, 57, '2924ec4b9d61ed8c6f1a42f21467a7225979', 36, 188, 'deleted'),
('2010-08-19 23:34:01', 42, 58, 'b65ee32ea93e160a505bf067952e5fdf6831', 36, 248, 'active'),
('2010-08-19 23:34:01', 45, 59, '4645085d09040ef86b0fb3a4d49000b06216', 36, 249, 'deleted'),
('2010-08-19 23:34:01', 42, 60, '9bdc8b183d9b0141df55264ad038f01a588', 36, 251, 'active'),
('2010-08-19 23:34:01', 42, 61, 'f8e93c5b4a1d135b68c674def662217c4290', 36, 252, 'active'),
('2010-08-19 23:34:01', 42, 62, '1c793977f4ed45738846014ab54004419686', 36, 191, 'deleted'),
('2010-08-19 23:34:01', 43, 63, '0ded489d48261c6ec5e4cc35e0dd7b5f5562', 36, 208, 'deleted'),
('2010-08-19 23:34:01', 43, 64, '7c4daa37aeace7b2b393d0ee9b63ab5c8750', 36, 255, 'active'),
('2010-08-19 23:34:01', 42, 65, 'db282777688255630ea15b2005f430577068', 36, 191, 'deleted'),
('2010-08-19 23:34:01', 42, 66, 'e65bf0b22d9fe5423f6fd07ac36939e69090', 36, 191, 'active'),
('2010-08-19 23:34:01', 2, 67, '27603f418737d3cfebbfd848ca021ce04244', 36, 267, 'active');

-- --------------------------------------------------------

--
-- Table structure for table `profile_widget_field_main_website`
--

CREATE TABLE IF NOT EXISTS `profile_widget_field_main_website` (
  `main_website_id` mediumint(8) unsigned NOT NULL,
  `created` timestamp NOT NULL DEFAULT CURRENT_TIMESTAMP ON UPDATE CURRENT_TIMESTAMP,
  `id` int(10) unsigned NOT NULL AUTO_INCREMENT,
  `ikey` varchar(75) NOT NULL,
  `profile_widget_field_id` mediumint(8) unsigned NOT NULL,
  `searchable_id` int(11) unsigned NOT NULL,
  `status` enum('deleted','active') NOT NULL DEFAULT 'active',
  PRIMARY KEY (`id`),
  KEY `profile_widget_field_main_website_searchable_fk` (`searchable_id`),
  KEY `profile_widget_field_main_website_pwf_fk` (`profile_widget_field_id`),
  KEY `profile_widget_field_main_website_fk` (`main_website_id`)
) ENGINE=InnoDB  DEFAULT CHARSET=utf8 AUTO_INCREMENT=54 ;

--
-- Dumping data for table `profile_widget_field_main_website`
--

INSERT INTO `profile_widget_field_main_website` (`main_website_id`, `created`, `id`, `ikey`, `profile_widget_field_id`, `searchable_id`, `status`) VALUES
(1, '2010-08-19 23:34:01', 1, '44e7000aebdcb808036f5f777eac6d893951', 77, 16, 'deleted'),
(1, '2010-08-19 23:34:01', 2, '41cc9acbc20cfc66d8a130584ad08da37024', 77, 16, 'deleted'),
(1, '2010-08-19 23:34:01', 3, '38711e9cfd849f4a10a4b301f56084643267', 77, 16, 'deleted'),
(1, '2010-08-19 23:34:01', 4, '731116d2026d48897978d98f77e71dd75261', 77, 16, 'deleted'),
(1, '2010-08-19 23:34:01', 5, 'e05be4dd5c08dd39b47a1374c41d38996503', 77, 191, 'deleted'),
(1, '2010-08-19 23:34:01', 6, '75b62d36354761217f4b2bc5d4e5cdd26735', 77, 229, 'active'),
(1, '2010-08-19 23:34:01', 7, 'dca54f1ac6471d0e5a9a0341c1fb95f84167', 77, 210, 'active'),
(1, '2010-08-19 23:34:01', 8, '5e737b554cced37f8873d70ec0a44f5f628', 77, 16, 'deleted'),
(1, '2010-08-19 23:34:01', 9, '9d7acb4101cff4e7ff8a6c90cc54b03e637', 77, 34, 'deleted'),
(1, '2010-08-19 23:34:01', 10, 'a49822af0826c3fc206b8c68456ebad61301', 77, 34, 'active'),
(1, '2010-08-19 23:34:01', 11, 'eeae1dd6f7b7c7cc9478a941d26546c84593', 77, 16, 'deleted'),
(1, '2010-08-19 23:34:01', 12, '8811fe803b9a86a787b62f7285c281559063', 77, 239, 'deleted'),
(1, '2010-08-19 23:34:01', 13, '1a99e1ced8a3c4e8c432f6710e130b4a1537', 77, 242, 'deleted'),
(1, '2010-09-06 18:49:35', 14, 'f79bae2630060cc27b3cf396086d9039497', 77, 243, 'deleted'),
(1, '2010-08-19 23:34:01', 15, 'a3eacb1ade13751c9ef9179b9a1d95bf7869', 77, 248, 'active'),
(1, '2010-08-19 23:34:01', 16, '5f5911592a55dd017ed12b932e21aa2f7858', 77, 16, 'deleted'),
(1, '2010-08-19 23:34:01', 17, '1a781c68d68d5ab5cc39a11a41ea15515681', 77, 212, 'active'),
(1, '2010-08-19 23:34:01', 18, '2a0b4b6aee90c13f7ff11e4c6e118fbc4833', 77, 242, 'deleted'),
(1, '2010-08-19 23:34:01', 19, '354461164f3c28281a1ee04ee79c54107121', 77, 242, 'active'),
(1, '2010-08-19 23:34:01', 20, '4e15a40a4f6201bdd660471e31e7684c1107', 77, 16, 'deleted'),
(1, '2010-08-19 23:34:01', 21, 'ce004f9f973c62700e6f26323360e5174169', 77, 191, 'deleted'),
(1, '2010-08-19 23:34:01', 22, '056461f6fbde8a27801c0afaca681fe37524', 77, 191, 'deleted'),
(1, '2010-09-06 18:36:42', 23, '4c75ee2b11b45e24b876596343210c0f5114', 77, 191, 'deleted'),
(1, '2010-08-19 23:34:01', 24, 'cd7542650462a73846531f72cbfcdfde2999', 77, 244, 'active'),
(1, '2010-08-19 23:34:01', 25, 'a3df343f595bb4981c40294e2af99b3e9652', 77, 240, 'deleted'),
(1, '2010-09-06 18:51:45', 26, 'ca1933d755ab66a01db811e23b95bdbe9264', 77, 239, 'deleted'),
(1, '2010-08-19 23:34:01', 27, '2c57dcf590b49912b0617a634b5f48347364', 77, 16, 'deleted'),
(1, '2010-08-19 23:34:01', 28, '1fc7080d28856a2d6a887f4d85b2b5069029', 77, 250, 'deleted'),
(1, '2010-08-19 23:34:01', 29, '24a9891957dd17ec02fc38c1ed30b9f83052', 77, 250, 'active'),
(1, '2010-08-19 23:34:01', 30, '22eaf631981d8aba2a74f26b6f298b568172', 77, 208, 'active'),
(1, '2010-08-19 23:34:01', 31, '498867c814504b5c7eb32711ef7ada751708', 77, 249, 'active'),
(1, '2010-08-19 23:34:01', 32, 'd439b50dc11f2200286ff84f7f7a2b174022', 77, 16, 'deleted'),
(1, '2010-09-03 16:05:27', 33, 'e874283672ebac302f4a8e2f243a76c74986', 77, 16, 'deleted'),
(1, '2010-08-19 23:34:01', 34, '54319284ecf0ca6025d5f2783942502b2862', 77, 13, 'deleted'),
(1, '2010-09-12 19:55:00', 35, 'c2cebc614e2172b88964efb6a4e7aab29352', 77, 188, 'deleted'),
(1, '2010-08-19 23:34:01', 36, '01d2dba901eefd9e0c31af00d82a6cc38175', 77, 13, 'active'),
(1, '2010-08-19 23:34:01', 37, '7152986ab5b430f592775e2ba68a46ad2821', 77, 240, 'active'),
(1, '2010-09-06 18:52:48', 38, 'a4686761061ef61e8a2096c95b94b8a7', 77, 16, 'deleted'),
(1, '2010-09-06 16:49:23', 39, '584227082319d50e937f34fbc74fe27e', 77, 256, 'active'),
(1, '2010-09-06 16:49:46', 40, '328de839a9523979c03e01ee7aa27fb2', 77, 268, 'active'),
(1, '2010-09-06 18:47:11', 41, 'a3f05b65e95b322150da49acf97fabc5', 77, 191, 'deleted'),
(1, '2010-09-06 18:50:41', 42, 'ff7a73fc5c210c55163f303c4d77beeb', 77, 191, 'deleted'),
(1, '2010-09-06 18:49:35', 43, '5634552aeb02a9f3b8332361f24436c6', 77, 243, 'active'),
(1, '2010-09-06 18:55:50', 44, '4df6b290121be465f65ebb484d12a9b9', 77, 191, 'deleted'),
(1, '2010-09-06 18:51:45', 45, '193ff6664c6627fefde2d0ca56f664be', 77, 239, 'active'),
(1, '2010-09-06 18:54:04', 46, '79fa66f29dafdf725c2e5e29a95c5274', 77, 16, 'deleted'),
(1, '2010-09-06 18:54:04', 47, '3c003840cbde4dd7132d8086c073addd', 77, 16, 'active'),
(1, '2010-09-06 19:02:17', 48, 'affb84b954692ccb02f57b4ae79144ca', 77, 191, 'deleted'),
(1, '2010-09-06 19:02:32', 49, 'd6fbcc61d36b31eff40b474ff1fe0058', 77, 191, 'deleted'),
(1, '2010-09-18 07:41:07', 50, 'f68312287f932ec692bdd46a25f36ea0', 77, 191, 'deleted'),
(1, '2010-09-12 20:04:19', 51, '3d7f6958bc25ebe6b41169b6231f9466', 77, 188, 'deleted'),
(1, '2010-09-12 20:04:19', 52, '531b9cfb7520110eb47b6bf87da86a78', 77, 188, 'active'),
(1, '2010-09-18 07:42:06', 53, 'df40aed40bdfd3a6943932ce18896930', 77, 191, 'active');

-- --------------------------------------------------------

--
-- Table structure for table `profile_widget_field_play_coed`
--

CREATE TABLE IF NOT EXISTS `profile_widget_field_play_coed` (
  `play_coed_id` mediumint(8) unsigned NOT NULL,
  `created` timestamp NOT NULL DEFAULT CURRENT_TIMESTAMP ON UPDATE CURRENT_TIMESTAMP,
  `id` int(10) unsigned NOT NULL AUTO_INCREMENT,
  `ikey` varchar(75) NOT NULL,
  `profile_widget_field_id` mediumint(8) unsigned NOT NULL,
  `searchable_id` int(11) unsigned NOT NULL,
  `status` enum('deleted','active') NOT NULL DEFAULT 'active',
  PRIMARY KEY (`id`),
  KEY `profile_widget_field_play_coed_searchable_fk` (`searchable_id`),
  KEY `profile_widget_field_play_coed_pwf_fk` (`profile_widget_field_id`),
  KEY `profile_widget_field_play_coed_fk` (`play_coed_id`)
) ENGINE=InnoDB  DEFAULT CHARSET=utf8 AUTO_INCREMENT=46 ;

--
-- Dumping data for table `profile_widget_field_play_coed`
--

INSERT INTO `profile_widget_field_play_coed` (`play_coed_id`, `created`, `id`, `ikey`, `profile_widget_field_id`, `searchable_id`, `status`) VALUES
(1, '2010-08-19 23:34:01', 1, '4daf690bd387f48ddda89736cabb470f9579', 58, 16, 'deleted'),
(1, '2010-08-19 23:34:01', 2, '9ef6e789c04c2e18dd8131950f29ec239434', 58, 16, 'deleted'),
(1, '2010-08-19 23:34:01', 3, '2e1d3e73393bf7008baf1fd55ea7f0048431', 58, 16, 'deleted'),
(1, '2010-08-19 23:34:01', 4, '75a33a918e82e3238c2fb470d118d62f3856', 58, 16, 'deleted'),
(1, '2010-08-19 23:34:01', 5, 'f36be91b50eaf944209ad10c8bbd92403985', 58, 16, 'deleted'),
(1, '2010-08-19 23:34:01', 6, '3bdd945965c76131a4817843af4bca4a8355', 58, 16, 'deleted'),
(1, '2010-08-19 23:34:01', 7, 'd5001fee4bd3abdc15c596a07316eed29823', 58, 16, 'deleted'),
(1, '2010-08-19 23:34:01', 8, 'cddf99abefa165cc53e2e22874ef37644050', 58, 16, 'deleted'),
(1, '2010-08-19 23:34:01', 9, '78d5f105a580e26e3aef8ef0076a767f780', 58, 16, 'deleted'),
(1, '2010-08-19 23:34:01', 10, 'ac83e92323ea31e7fe2875fb96e3fd301749', 58, 13, 'deleted'),
(1, '2010-08-19 23:34:01', 11, '35647225261e18174a0db8d879f8e4056405', 58, 212, 'deleted'),
(1, '2010-08-19 23:34:01', 12, 'a4add21019f6fb5becf78360cc99979e6777', 58, 212, 'deleted'),
(1, '2010-08-19 23:34:01', 13, '745d3414bf1d98ed1878a3ff51c91fb84672', 58, 16, 'deleted'),
(1, '2010-08-19 23:34:01', 14, 'e8bfc609ace107558865da9e1c2b542a3026', 58, 16, 'deleted'),
(1, '2010-08-19 23:34:01', 15, 'ec97564a62352a51f3260eb32a3605b51117', 58, 228, 'active'),
(1, '2010-08-19 23:34:01', 16, 'df71cc5f96032052c02cb215bf6a8a086504', 58, 214, 'active'),
(1, '2010-08-19 23:34:01', 17, 'a4777c4c248e64c7a7c1cad438de58279170', 58, 16, 'deleted'),
(1, '2010-08-19 23:34:01', 18, 'd2a86832d0f311486452f126614596896339', 58, 16, 'deleted'),
(1, '2010-08-19 23:34:01', 19, '82122cb57bbfca0b1ea2d011c6f2bd834187', 58, 229, 'active'),
(1, '2010-08-19 23:34:01', 20, '61baacbf39c49179110d43baa57b16bd1916', 58, 13, 'active'),
(1, '2010-08-19 23:34:01', 21, '8e6cd8c8c1003a25fb1c8d800a1af59c7019', 58, 212, 'deleted'),
(1, '2010-08-19 23:34:01', 22, '182b11af25179575457a216f8516b4e69347', 58, 212, 'deleted'),
(1, '2010-11-22 22:08:48', 23, '077a303c1cecf96c03f9b56c3ec592205679', 58, 212, 'deleted'),
(1, '2010-08-19 23:34:01', 24, '5f87539190e7c25f7a9d1ac9d623a4cf354', 58, 16, 'deleted'),
(1, '2010-08-19 23:34:01', 25, '5c193bbac8dd5f3cf88ffa6da86410d94730', 58, 16, 'deleted'),
(1, '2010-08-19 23:34:01', 26, 'e46d4b67bc1bfac52d7f984121729de32592', 58, 16, 'deleted'),
(1, '2010-08-19 23:34:01', 27, 'afbffcefed8df63d74ff7cfcc944ce798766', 58, 16, 'deleted'),
(1, '2010-08-19 23:34:01', 28, 'fe70716fa47e1c408d8885faa50870206056', 58, 16, 'deleted'),
(1, '2010-08-19 23:34:01', 29, '676b4ed32cae07bae6a90ce13000d7b43983', 58, 16, 'deleted'),
(1, '2010-08-19 23:34:01', 30, 'ff86d3afde13949d0213d12dbb3d290d1744', 58, 16, 'deleted'),
(1, '2010-09-03 16:08:45', 31, '2d6268db6ad4c1beb2b49b046c07caf06773', 58, 16, 'deleted'),
(1, '2010-09-03 16:12:35', 32, 'b5f242c7eac469f49fe153a8b202e912', 58, 16, 'deleted'),
(1, '2010-09-03 16:12:35', 33, '46fcb25c5a93ee8bacce50a65ff2b17c', 58, 16, 'active'),
(1, '2010-09-03 16:16:03', 34, '944cec55474254ba203dd456c5f30aea', 58, 271, 'active'),
(1, '2010-09-18 07:33:27', 35, '62de5bbf4b77a2c03fa4b2ee9437c95b', 58, 213, 'deleted'),
(1, '2010-09-18 07:34:14', 36, '4b437884c01f55fdfe21a9e90b6baa6d', 58, 213, 'active'),
(1, '2010-10-19 12:57:07', 37, '4b1b1fe0a9c1ed6625f4315dd4782315', 58, 275, 'active'),
(1, '2010-10-31 12:16:04', 38, 'f606f8f987995fd8b5c460a6db3fdd22', 58, 276, 'active'),
(1, '2010-11-01 12:26:12', 39, '0ff07b65be3901886443928eb8ca608a', 58, 278, 'active'),
(1, '2010-11-01 12:33:57', 40, 'fdb8926c163dcb8596f5eb940cb7557c', 58, 279, 'active'),
(1, '2010-11-02 08:50:17', 41, 'b9cc2787cf703ee768af5f762d65aabd', 58, 280, 'active'),
(1, '2010-11-02 09:21:21', 42, 'fd6352df946196d3a5e107132a581c2c', 58, 281, 'active'),
(1, '2010-11-02 19:28:30', 43, '2b9683ab1494c1fff0f459cb83290405', 58, 282, 'active'),
(1, '2010-11-12 11:40:17', 44, '16235d5311b333cf23854af63986fa66', 58, 286, 'active'),
(1, '2010-11-22 22:15:29', 45, '9651a29a86a73f71efb53866a80eac24', 58, 212, 'active');

-- --------------------------------------------------------

--
-- Table structure for table `profile_widget_field_position`
--

CREATE TABLE IF NOT EXISTS `profile_widget_field_position` (
  `created` datetime NOT NULL,
  `id` int(10) unsigned NOT NULL AUTO_INCREMENT,
  `ikey` varchar(75) NOT NULL,
  `position_id` mediumint(8) unsigned NOT NULL,
  `profile_widget_field_id` mediumint(8) unsigned NOT NULL,
  `searchable_id` int(11) unsigned NOT NULL,
  `status` enum('deleted','active') NOT NULL DEFAULT 'active',
  PRIMARY KEY (`id`),
  KEY `normal` (`profile_widget_field_id`,`searchable_id`),
  KEY `profile_widget_field_position_searchable_fk` (`searchable_id`),
  KEY `profile_widget_field_position_pwf_fk` (`profile_widget_field_id`),
  KEY `profile_widget_field_position_fk` (`position_id`)
) ENGINE=InnoDB  DEFAULT CHARSET=utf8 AUTO_INCREMENT=20 ;

--
-- Dumping data for table `profile_widget_field_position`
--

INSERT INTO `profile_widget_field_position` (`created`, `id`, `ikey`, `position_id`, `profile_widget_field_id`, `searchable_id`, `status`) VALUES
('2008-12-17 11:33:35', 14, '8293e8adf2c54b512338e028905376615123876', 44, 26, 16, 'deleted'),
('2009-02-03 08:31:22', 15, 'eceb2f0d535b317fcf998f83b26f7e0361947587', 44, 26, 16, 'deleted'),
('2009-02-13 06:46:29', 16, '855c8ecc5e24207383eb52adcbe1b6b456025312', 44, 26, 16, 'deleted'),
('2009-08-28 06:34:50', 17, 'd705a7d31b21d8cf70fa9a56c51c407094263800', 44, 26, 16, 'active'),
('2009-08-28 06:34:50', 18, '57cd7fd20cf7dee2e2f11a68cbcfed773263061', 45, 26, 16, 'active'),
('2009-09-15 14:47:10', 19, '7efe3524e2f6ab81ae3ff09884f4fb0133483904', 46, 26, 34, 'active');

-- --------------------------------------------------------

--
-- Table structure for table `profile_widget_field_position_i_play_2`
--

CREATE TABLE IF NOT EXISTS `profile_widget_field_position_i_play_2` (
  `position_i_play_2_id` mediumint(8) unsigned NOT NULL,
  `created` datetime NOT NULL DEFAULT '0000-00-00 00:00:00',
  `id` int(10) unsigned NOT NULL AUTO_INCREMENT,
  `ikey` varchar(75) NOT NULL,
  `profile_widget_field_id` mediumint(8) unsigned NOT NULL,
  `searchable_id` int(11) unsigned NOT NULL,
  `status` enum('deleted','active') NOT NULL DEFAULT 'active',
  PRIMARY KEY (`id`),
  KEY `profile_widget_field_position_i_play_2_searchable_fk` (`searchable_id`),
  KEY `profile_widget_field_position_i_play_2_pwf_fk` (`profile_widget_field_id`),
  KEY `profile_widget_field_position_i_play_2_fk` (`position_i_play_2_id`)
) ENGINE=InnoDB  DEFAULT CHARSET=utf8 AUTO_INCREMENT=2 ;

--
-- Dumping data for table `profile_widget_field_position_i_play_2`
--

INSERT INTO `profile_widget_field_position_i_play_2` (`position_i_play_2_id`, `created`, `id`, `ikey`, `profile_widget_field_id`, `searchable_id`, `status`) VALUES
(2, '2009-08-27 17:11:11', 1, '4daf690bd387f48ddda89736cabb470f5766340', 61, 16, 'active');

-- --------------------------------------------------------

--
-- Table structure for table `profile_widget_field_preferred_postions`
--

CREATE TABLE IF NOT EXISTS `profile_widget_field_preferred_postions` (
  `preferred_postions_id` mediumint(8) unsigned NOT NULL,
  `created` datetime NOT NULL DEFAULT '0000-00-00 00:00:00',
  `id` int(10) unsigned NOT NULL AUTO_INCREMENT,
  `ikey` varchar(75) NOT NULL,
  `profile_widget_field_id` mediumint(8) unsigned NOT NULL,
  `searchable_id` int(11) unsigned NOT NULL,
  `status` enum('deleted','active') NOT NULL DEFAULT 'active',
  PRIMARY KEY (`id`),
  KEY `profile_widget_field_preferred_postions_searchable_fk` (`searchable_id`),
  KEY `profile_widget_field_preferred_postions_pwf_fk` (`profile_widget_field_id`),
  KEY `profile_widget_field_preferred_postions_fk` (`preferred_postions_id`)
) ENGINE=InnoDB  DEFAULT CHARSET=utf8 AUTO_INCREMENT=44 ;

--
-- Dumping data for table `profile_widget_field_preferred_postions`
--

INSERT INTO `profile_widget_field_preferred_postions` (`preferred_postions_id`, `created`, `id`, `ikey`, `profile_widget_field_id`, `searchable_id`, `status`) VALUES
(2, '2009-08-28 06:20:14', 1, '2e1d3e73393bf7008baf1fd55ea7f0049829', 62, 16, 'deleted'),
(2, '2009-08-28 06:24:49', 2, '75a33a918e82e3238c2fb470d118d62f8516', 62, 16, 'deleted'),
(2, '2009-08-28 06:32:37', 3, 'f36be91b50eaf944209ad10c8bbd92403091', 62, 16, 'deleted'),
(2, '2009-08-30 13:33:15', 4, '3bdd945965c76131a4817843af4bca4a9904', 62, 16, 'deleted'),
(2, '2009-08-30 13:38:59', 5, 'd5001fee4bd3abdc15c596a07316eed2251', 62, 16, 'deleted'),
(2, '2009-08-30 14:40:27', 6, 'cddf99abefa165cc53e2e22874ef37641541', 62, 16, 'deleted'),
(2, '2009-08-30 14:47:01', 7, '78d5f105a580e26e3aef8ef0076a767f6952', 62, 16, 'deleted'),
(4, '2009-08-31 00:08:15', 8, 'ac83e92323ea31e7fe2875fb96e3fd30140', 62, 13, 'deleted'),
(4, '2009-08-31 10:08:37', 9, '35647225261e18174a0db8d879f8e4059838', 62, 212, 'deleted'),
(4, '2009-08-31 10:09:08', 10, 'a4add21019f6fb5becf78360cc99979e8773', 62, 212, 'deleted'),
(2, '2009-08-31 13:21:59', 11, '745d3414bf1d98ed1878a3ff51c91fb84352', 62, 16, 'deleted'),
(2, '2009-09-10 17:26:33', 12, 'e8bfc609ace107558865da9e1c2b542a5441', 62, 16, 'deleted'),
(2, '2009-09-10 18:01:53', 13, 'ec97564a62352a51f3260eb32a3605b54150', 62, 228, 'active'),
(1, '2009-09-12 17:57:19', 14, 'df71cc5f96032052c02cb215bf6a8a084425', 62, 214, 'active'),
(2, '2009-12-05 20:50:49', 15, 'a4777c4c248e64c7a7c1cad438de58279676', 62, 16, 'deleted'),
(4, '2009-12-29 16:51:40', 16, 'd2a86832d0f311486452f126614596895109', 62, 16, 'deleted'),
(8, '2010-01-16 10:48:57', 17, '82122cb57bbfca0b1ea2d011c6f2bd836513', 62, 229, 'active'),
(4, '2010-02-27 09:26:21', 18, '61baacbf39c49179110d43baa57b16bd7241', 62, 13, 'active'),
(4, '2010-02-27 16:28:24', 19, '8e6cd8c8c1003a25fb1c8d800a1af59c6664', 62, 212, 'deleted'),
(4, '2010-02-27 16:29:05', 20, '182b11af25179575457a216f8516b4e61599', 62, 212, 'deleted'),
(4, '2010-02-28 03:56:29', 21, '077a303c1cecf96c03f9b56c3ec592208002', 62, 212, 'deleted'),
(4, '2010-03-13 08:05:56', 22, '5f87539190e7c25f7a9d1ac9d623a4cf5214', 62, 16, 'deleted'),
(4, '2010-03-13 08:06:00', 23, '5c193bbac8dd5f3cf88ffa6da86410d92065', 62, 16, 'deleted'),
(4, '2010-03-14 13:19:50', 24, 'e46d4b67bc1bfac52d7f984121729de34681', 62, 16, 'deleted'),
(7, '2010-05-16 15:54:51', 25, 'afbffcefed8df63d74ff7cfcc944ce797212', 62, 16, 'deleted'),
(7, '2010-05-16 15:58:25', 26, 'fe70716fa47e1c408d8885faa50870202017', 62, 16, 'deleted'),
(7, '2010-05-17 16:51:21', 27, '676b4ed32cae07bae6a90ce13000d7b48447', 62, 16, 'deleted'),
(7, '2010-05-18 08:43:06', 28, 'ff86d3afde13949d0213d12dbb3d290d6187', 62, 16, 'deleted'),
(7, '2010-05-20 10:12:52', 29, '2d6268db6ad4c1beb2b49b046c07caf05594', 62, 16, 'deleted'),
(8, '2010-09-03 16:08:45', 30, '4290b401f078f65532fe4c7707859ece', 62, 16, 'deleted'),
(8, '2010-09-03 16:12:35', 31, 'b0ceba6106596c38e9089ad6394fde46', 62, 16, 'active'),
(8, '2010-09-03 16:16:06', 32, 'fd5cee50967feddb2724b51e522fc1f6', 62, 271, 'active'),
(1, '2010-09-06 17:04:13', 33, 'abdf42f125aecd77dd13dc402439a171', 62, 213, 'deleted'),
(1, '2010-09-18 07:34:14', 34, 'd680e5fca9e53223b9e4eb310fc01e75', 62, 213, 'active'),
(7, '2010-10-19 12:57:07', 35, 'c6e6b6ef6f265ea3a6f62a9c2133574b', 62, 275, 'active'),
(4, '2010-10-31 12:16:04', 36, '5c254709893d73b0b7ec62eb162b8c43', 62, 276, 'active'),
(1, '2010-11-01 12:26:12', 37, '2f0bcb7ded346f15c420b9036c98736e', 62, 278, 'active'),
(1, '2010-11-01 12:33:57', 38, '72b4305d2e04b941b012a4def71df255', 62, 279, 'active'),
(4, '2010-11-02 08:50:17', 39, '01ae9de090e68b34c42474a0f5318c9a', 62, 280, 'active'),
(4, '2010-11-02 09:21:21', 40, '7e80114f70f10f92f0483191429b189f', 62, 281, 'active'),
(1, '2010-11-02 19:28:30', 41, 'bceeb2ca3526a3a3c06940d2d4570860', 62, 282, 'active'),
(1, '2010-11-12 11:40:17', 42, 'b66687ed76edf7eaf25f26ae9b573bef', 62, 286, 'active'),
(4, '2010-11-22 22:15:29', 43, 'ea6c8b7d06cd14852ad3ee1f778c4598', 62, 212, 'active');

-- --------------------------------------------------------

--
-- Table structure for table `profile_widget_field_select_values`
--

CREATE TABLE IF NOT EXISTS `profile_widget_field_select_values` (
  `created` datetime NOT NULL DEFAULT '0000-00-00 00:00:00',
  `f` int(10) unsigned NOT NULL DEFAULT '0',
  `id` mediumint(8) unsigned NOT NULL AUTO_INCREMENT,
  `modified` timestamp NOT NULL DEFAULT CURRENT_TIMESTAMP ON UPDATE CURRENT_TIMESTAMP,
  `name` varchar(64) NOT NULL,
  `profile_widget_field_id` mediumint(8) unsigned NOT NULL,
  `status` enum('deleted','active') NOT NULL DEFAULT 'active',
  PRIMARY KEY (`id`),
  UNIQUE KEY `name` (`profile_widget_field_id`,`name`)
) ENGINE=InnoDB  DEFAULT CHARSET=utf8 AUTO_INCREMENT=4 ;

--
-- Dumping data for table `profile_widget_field_select_values`
--

INSERT INTO `profile_widget_field_select_values` (`created`, `f`, `id`, `modified`, `name`, `profile_widget_field_id`, `status`) VALUES
('0000-00-00 00:00:00', 0, 1, '0000-00-00 00:00:00', 'Undergrad', 66, 'active'),
('0000-00-00 00:00:00', 0, 2, '0000-00-00 00:00:00', 'Graduate', 66, 'active'),
('0000-00-00 00:00:00', 0, 3, '0000-00-00 00:00:00', 'Post-doc', 66, 'active');

-- --------------------------------------------------------

--
-- Table structure for table `profile_widget_field_skill_level`
--

CREATE TABLE IF NOT EXISTS `profile_widget_field_skill_level` (
  `skill_level_id` mediumint(8) unsigned NOT NULL,
  `created` datetime NOT NULL DEFAULT '0000-00-00 00:00:00',
  `id` int(10) unsigned NOT NULL AUTO_INCREMENT,
  `ikey` varchar(75) NOT NULL,
  `profile_widget_field_id` mediumint(8) unsigned NOT NULL,
  `searchable_id` int(11) unsigned NOT NULL,
  `status` enum('deleted','active') NOT NULL DEFAULT 'active',
  PRIMARY KEY (`id`),
  KEY `profile_widget_field_skill_level_searchable_fk` (`searchable_id`),
  KEY `profile_widget_field_skill_level_pwf_fk` (`profile_widget_field_id`),
  KEY `profile_widget_field_skill_level_fk` (`skill_level_id`)
) ENGINE=InnoDB  DEFAULT CHARSET=utf8 AUTO_INCREMENT=46 ;

--
-- Dumping data for table `profile_widget_field_skill_level`
--

INSERT INTO `profile_widget_field_skill_level` (`skill_level_id`, `created`, `id`, `ikey`, `profile_widget_field_id`, `searchable_id`, `status`) VALUES
(2, '2009-08-27 17:11:11', 1, '4daf690bd387f48ddda89736cabb470f9924', 57, 16, 'deleted'),
(2, '2009-08-28 06:17:04', 2, '9ef6e789c04c2e18dd8131950f29ec234862', 57, 16, 'deleted'),
(2, '2009-08-28 06:20:14', 3, '2e1d3e73393bf7008baf1fd55ea7f0044536', 57, 16, 'deleted'),
(2, '2009-08-28 06:24:49', 4, '75a33a918e82e3238c2fb470d118d62f8094', 57, 16, 'deleted'),
(2, '2009-08-28 06:32:37', 5, 'f36be91b50eaf944209ad10c8bbd92406863', 57, 16, 'deleted'),
(2, '2009-08-30 13:33:15', 6, '3bdd945965c76131a4817843af4bca4a35', 57, 16, 'deleted'),
(2, '2009-08-30 13:38:59', 7, 'd5001fee4bd3abdc15c596a07316eed29582', 57, 16, 'deleted'),
(2, '2009-08-30 14:40:27', 8, 'cddf99abefa165cc53e2e22874ef37647806', 57, 16, 'deleted'),
(2, '2009-08-30 14:47:01', 9, '78d5f105a580e26e3aef8ef0076a767f288', 57, 16, 'deleted'),
(4, '2009-08-31 00:08:15', 10, 'ac83e92323ea31e7fe2875fb96e3fd308017', 57, 13, 'deleted'),
(3, '2009-08-31 10:08:37', 11, '35647225261e18174a0db8d879f8e4059223', 57, 212, 'deleted'),
(3, '2009-08-31 10:09:08', 12, 'a4add21019f6fb5becf78360cc99979e2064', 57, 212, 'deleted'),
(2, '2009-08-31 13:21:59', 13, '745d3414bf1d98ed1878a3ff51c91fb82651', 57, 16, 'deleted'),
(2, '2009-09-10 17:26:33', 14, 'e8bfc609ace107558865da9e1c2b542a7063', 57, 16, 'deleted'),
(2, '2009-09-10 18:01:53', 15, 'ec97564a62352a51f3260eb32a3605b57362', 57, 228, 'active'),
(1, '2009-09-12 17:57:19', 16, 'df71cc5f96032052c02cb215bf6a8a085623', 57, 214, 'active'),
(2, '2009-12-05 20:50:49', 17, 'a4777c4c248e64c7a7c1cad438de58276027', 57, 16, 'deleted'),
(2, '2009-12-29 16:51:40', 18, 'd2a86832d0f311486452f126614596893268', 57, 16, 'deleted'),
(4, '2010-01-16 10:48:57', 19, '82122cb57bbfca0b1ea2d011c6f2bd838255', 57, 229, 'active'),
(4, '2010-02-27 09:26:21', 20, '61baacbf39c49179110d43baa57b16bd1474', 57, 13, 'active'),
(3, '2010-02-27 16:28:24', 21, '8e6cd8c8c1003a25fb1c8d800a1af59c2604', 57, 212, 'deleted'),
(3, '2010-02-27 16:29:05', 22, '182b11af25179575457a216f8516b4e68599', 57, 212, 'deleted'),
(3, '2010-02-28 03:56:29', 23, '077a303c1cecf96c03f9b56c3ec592205182', 57, 212, 'deleted'),
(2, '2010-03-13 08:05:56', 24, '5f87539190e7c25f7a9d1ac9d623a4cf113', 57, 16, 'deleted'),
(2, '2010-03-13 08:06:00', 25, '5c193bbac8dd5f3cf88ffa6da86410d95018', 57, 16, 'deleted'),
(2, '2010-03-14 13:19:50', 26, 'e46d4b67bc1bfac52d7f984121729de34753', 57, 16, 'deleted'),
(2, '2010-05-16 15:54:51', 27, 'afbffcefed8df63d74ff7cfcc944ce798711', 57, 16, 'deleted'),
(2, '2010-05-16 15:58:25', 28, 'fe70716fa47e1c408d8885faa50870209296', 57, 16, 'deleted'),
(2, '2010-05-17 16:51:21', 29, '676b4ed32cae07bae6a90ce13000d7b4349', 57, 16, 'deleted'),
(1, '2010-05-18 08:43:06', 30, 'ff86d3afde13949d0213d12dbb3d290d3851', 57, 16, 'deleted'),
(1, '2010-05-20 10:12:52', 31, '2d6268db6ad4c1beb2b49b046c07caf08212', 57, 16, 'deleted'),
(1, '2010-09-03 16:08:45', 32, 'e0028c30c8e4272700045d8a812ad985', 57, 16, 'deleted'),
(1, '2010-09-03 16:12:35', 33, '43707ed4185ab474ebaf6d72af05b248', 57, 16, 'active'),
(2, '2010-09-03 16:16:09', 34, '95fbffefc407b1ff27f8adbbad99c65d', 57, 271, 'active'),
(4, '2010-09-06 17:04:13', 35, 'd19bc657aaf76b3dccdb9e83380c919e', 57, 213, 'deleted'),
(4, '2010-09-18 07:34:14', 36, 'cfd5bb443185a5925661cf3e64ce972c', 57, 213, 'active'),
(2, '2010-10-19 12:57:07', 37, 'e6057ecd0e6cd00bf77f0f39f5511675', 57, 275, 'active'),
(4, '2010-10-31 12:16:04', 38, '8aa160419038822f6d957a132b3354fe', 57, 276, 'active'),
(1, '2010-11-01 12:26:12', 39, 'bc513b3381d8e92595a8d9c898857191', 57, 278, 'active'),
(2, '2010-11-01 12:33:57', 40, 'b46ea464d0b24172fcd5014fde6726bf', 57, 279, 'active'),
(4, '2010-11-02 08:50:18', 41, 'f22629273d082e0d51512e4a8e471325', 57, 280, 'active'),
(4, '2010-11-02 09:21:21', 42, '002597a4e5f529abadf1c28b394e91e6', 57, 281, 'active'),
(2, '2010-11-02 19:28:31', 43, '64d47ffeb6f8c38fd714ec5c1b3c320d', 57, 282, 'active'),
(1, '2010-11-12 11:40:18', 44, '695a12df1bb4e7b36f381c581716da4c', 57, 286, 'active'),
(3, '2010-11-22 22:15:29', 45, '195ef866d2187adba88541807f25bb31', 57, 212, 'active');

-- --------------------------------------------------------

--
-- Table structure for table `profile_widget_field_state`
--

CREATE TABLE IF NOT EXISTS `profile_widget_field_state` (
  `created` datetime NOT NULL,
  `id` int(10) unsigned NOT NULL AUTO_INCREMENT,
  `ikey` varchar(75) NOT NULL,
  `profile_widget_field_id` mediumint(8) unsigned NOT NULL,
  `searchable_id` int(11) unsigned NOT NULL,
  `state_id` mediumint(8) unsigned NOT NULL,
  `status` enum('deleted','active') DEFAULT 'active',
  PRIMARY KEY (`id`),
  KEY `normal` (`profile_widget_field_id`,`searchable_id`),
  KEY `profile_widget_field_state_searchable_fk` (`searchable_id`),
  KEY `profile_widget_field_state_pwf_fk` (`profile_widget_field_id`),
  KEY `profile_widget_field_state_fk` (`state_id`)
) ENGINE=InnoDB  DEFAULT CHARSET=utf8 AUTO_INCREMENT=105 ;

--
-- Dumping data for table `profile_widget_field_state`
--

INSERT INTO `profile_widget_field_state` (`created`, `id`, `ikey`, `profile_widget_field_id`, `searchable_id`, `state_id`, `status`) VALUES
('2008-11-24 08:07:30', 19, '7808b471478f0cfdb2b407be92c170eb9507', 13, 13, 5, 'deleted'),
('2008-11-26 13:55:38', 22, '3907fb00750c85df3b7d65a1587a4aa72902', 5, 13, 5, 'deleted'),
('2008-11-27 21:57:47', 23, '76c65def23053e0eea4fac87af8b07b25985', 5, 13, 5, 'deleted'),
('2008-11-28 10:20:22', 25, 'cec635e58838ff3c8907acbe1bda11911222', 30, 13, 5, 'deleted'),
('2008-11-28 10:22:29', 26, 'c0922ade21becf758819c686aaca845b8152', 30, 13, 5, 'deleted'),
('2008-11-28 10:27:00', 27, '4b4a96575767e162b8c6013ec6712d407097', 30, 13, 5, 'deleted'),
('2008-11-28 10:27:43', 28, '9fdb62f932adf55af2c0e09e558619641031', 30, 13, 5, 'deleted'),
('2008-12-01 08:40:41', 29, '023b39a74b7b4acd060dedc0431c3dbc3858', 30, 13, 5, 'deleted'),
('2008-12-01 08:45:37', 30, '761067fbba1d6ef159173bfb8109abc26199', 30, 13, 5, 'deleted'),
('2008-12-01 09:01:48', 32, '0e46c9990c6daf3876b5166b2bc79fdc9423', 30, 13, 5, 'deleted'),
('2008-12-01 09:03:15', 33, '080f43a3371b1354a238d626779f41758520', 30, 13, 5, 'deleted'),
('2008-12-01 09:20:22', 34, 'ec5de3e8dc6bd121a79794021bf20cb14328', 30, 13, 5, 'deleted'),
('2008-12-07 11:23:52', 35, 'f379a3ed36544a264646efdfe79a92126082', 5, 13, 5, 'deleted'),
('2008-12-07 11:24:01', 36, '1751a9a215df522dcf207ba51b3276437424', 5, 13, 5, 'deleted'),
('2008-12-09 09:00:18', 37, 'ecc92a19f0de821519b715d10cbf7c628875', 30, 13, 5, 'deleted'),
('2008-12-09 09:00:47', 38, 'd4f700c81022c855e0041af836222bb42106', 30, 13, 5, 'active'),
('2008-12-09 09:07:09', 39, '39f3a91f7def5376b696f85ccde523823902', 5, 13, 5, 'deleted'),
('2008-12-09 09:08:05', 40, '8cf639fc4bb4f35a2bb4105e85ff99573192', 5, 13, 5, 'deleted'),
('2008-12-09 09:09:18', 41, '02e8ca2ad17d56e17e1fc2edcbee4d404254', 5, 13, 5, 'deleted'),
('2008-12-09 09:12:00', 42, 'fc815a0b7bc84dce6b9c6f8ca4c28ad51693', 5, 13, 5, 'deleted'),
('2008-12-09 09:14:25', 43, '7a16092a4fa489c835c716ea3815f7045703', 5, 13, 5, 'deleted'),
('2008-12-09 09:15:05', 44, 'd5b2bbd3e57d6c19003667a4474755893435', 5, 13, 5, 'deleted'),
('2008-12-09 09:15:26', 45, '0a716fe8c7745e51a3185fc8be6ca23a67', 5, 13, 5, 'deleted'),
('2008-12-09 09:15:40', 46, 'ba2f0015122a5955f8b3a50240fb91b229', 5, 13, 5, 'deleted'),
('2008-12-09 09:18:53', 47, '6c3cf77d52820cd0fe646d38bc2145ca9943', 5, 13, 5, 'deleted'),
('2008-12-09 09:19:28', 48, '6e6d5361da6fb4a2d24b4ef90f224f469630', 5, 13, 5, 'deleted'),
('2008-12-09 09:20:03', 49, 'ad7030d0d43a7f5903f38cc76af762a58321', 5, 13, 5, 'deleted'),
('2008-12-09 09:20:30', 50, '301c8eb1f76e106ec1bcf7a70ad25ffd2716', 5, 13, 5, 'deleted'),
('2008-12-09 09:21:38', 51, '7fc63ff01769c4fa7d9279e97e3078298615', 5, 13, 5, 'deleted'),
('2008-12-09 09:21:58', 52, '1c104b9c0accfca52ef21728eaf014534930', 5, 13, 5, 'deleted'),
('2008-12-09 09:22:49', 53, '9866b8a83d35abdd89ed76d565d71f758804', 5, 13, 5, 'deleted'),
('2008-12-17 10:31:26', 54, 'd9728585d8065869cbc35e76c6da76589232', 5, 16, 14, 'deleted'),
('2008-12-17 10:39:21', 55, 'c81d8b0d1e76b9138571bd11609c61d79749', 13, 16, 5, 'deleted'),
('2008-12-17 10:45:15', 56, '3f971c6c068cb29660e997ac065f0a121051', 13, 16, 5, 'deleted'),
('2008-12-17 11:33:35', 57, '8293e8adf2c54b512338e028905376616002', 30, 16, 5, 'deleted'),
('2009-02-03 08:31:22', 58, 'eceb2f0d535b317fcf998f83b26f7e036859', 30, 16, 5, 'deleted'),
('2009-02-03 08:35:41', 59, '0de2fac8d04bf04bf15ecc50358c1d146290', 5, 16, 14, 'deleted'),
('2009-02-13 06:46:29', 60, '855c8ecc5e24207383eb52adcbe1b6b4872', 30, 16, 5, 'deleted'),
('2009-04-07 18:23:55', 61, 'c2e0ecbbda4036c405211e14f2a122915490', 5, 16, 14, 'deleted'),
('2009-04-07 19:58:35', 62, '3e59fb5e144e365dbdb4bad34e7a5be64833', 5, 16, 14, 'deleted'),
('2009-04-20 11:39:07', 63, 'a1344611f6526a97ecbadaab126713e47695', 5, 16, 14, 'deleted'),
('2009-04-20 11:41:37', 64, 'b09569398098951f698393031b8f8b843976', 5, 16, 14, 'deleted'),
('2009-04-27 09:31:28', 65, '7a6f205212a67e2e0f4ae495dcf0f1216795', 5, 13, 5, 'deleted'),
('2009-05-31 00:05:48', 66, '64bf8a075a0650df2878e53f0c4c7d462048', 5, 13, 5, 'deleted'),
('2009-05-31 10:18:00', 67, '2f3d1198da7594e33bdf68fe47c9d2f99852', 5, 13, 5, 'deleted'),
('2009-05-31 10:22:41', 68, 'cade52dff3208d60e03aa29e22beb2d53118', 5, 13, 5, 'deleted'),
('2009-05-31 10:22:55', 69, '5b301df1913611bfde663de71cf34d9c6033', 5, 13, 5, 'deleted'),
('2009-05-31 10:30:14', 70, '1598b0cfa5618cfb0b9d5fa12344dcfe813', 5, 13, 5, 'deleted'),
('2009-05-31 10:34:01', 71, '98f89b92187ba4c33c59d68d5503a0b55962', 5, 13, 5, 'active'),
('2009-05-31 10:34:23', 72, '3e6a03229e9d489e164a6d81217fb2647374', 13, 13, 5, 'active'),
('2009-05-31 10:34:48', 73, 'd356fc20cf70bf07d2cfa27484cb6d958983', 5, 16, 14, 'deleted'),
('2009-05-31 10:34:56', 74, '3a8fee9d9c5bf924ebb1f9875ea1b8bb2796', 13, 16, 5, 'deleted'),
('2009-06-11 17:18:01', 75, 'e18aa6c6ba53c4442db74fd73f620fe87026', 5, 16, 14, 'deleted'),
('2009-06-15 08:18:43', 76, 'e328d25c5145cbdd85910b98caeb00ec6747', 5, 197, 5, 'active'),
('2009-07-06 07:37:28', 77, '0c2dc191012bda5ebcf5dbc7097350052655', 5, 203, 8, 'active'),
('2009-07-16 11:53:05', 78, '14e14b50ef77e1172afab6bc741b125f3033', 5, 207, 5, 'deleted'),
('2009-07-16 11:57:01', 79, '5d3b208f0925945efbaa6cf7566f83757199', 5, 207, 5, 'active'),
('2009-07-25 17:53:27', 80, '1beb57f909425b0414568d3a4350243e6897', 5, 211, 5, 'deleted'),
('2009-07-25 18:04:43', 81, '565a0ca1004779af3ef811f1b3013b342889', 5, 213, 5, 'active'),
('2009-07-25 18:12:37', 82, '10861a66be21a0b3156431ff4ede52723752', 5, 214, 5, 'deleted'),
('2009-07-25 18:14:18', 83, '14e6359393573f56cc1b282b651b3e6b93', 5, 215, 5, 'deleted'),
('2009-07-25 18:45:07', 84, '009c95cd32001e2d6e609025ef349f029208', 5, 16, 14, 'deleted'),
('2009-07-25 18:49:07', 85, '59eb563a11a556486d18a5d766426f1f5765', 5, 16, 5, 'deleted'),
('2009-08-13 18:43:46', 86, 'a817db2aec9ea4c66b2a422edbef2cf01200', 5, 223, 48, 'active'),
('2009-08-13 20:07:54', 87, 'f8edf791b835c6d03a6d57d37f7ae3cc8704', 5, 218, 5, 'active'),
('2009-08-14 02:09:33', 88, '8a79d188ec09aaceb6a700fb0f48ad449922', 5, 16, 5, 'deleted'),
('2009-08-14 02:09:50', 89, '24eba9c471571dc6987834636f2604293498', 5, 16, 5, 'deleted'),
('2009-08-17 14:35:39', 90, '5175e0e9788c24e79bb6f79cddd2c54c7723', 5, 16, 5, 'deleted'),
('2009-08-17 14:36:01', 91, 'cb4e30682098c2ec2dacdbc295a2b2a28123', 13, 16, 5, 'active'),
('2009-08-28 06:34:50', 92, 'd705a7d31b21d8cf70fa9a56c51c40707445', 30, 16, 5, 'active'),
('2009-08-30 14:49:54', 93, '74b0b0269820b293f2de1a63fcfee07f2857', 5, 16, 5, 'deleted'),
('2009-08-30 14:51:32', 94, '4a64fcb5ed1872b38273ae026f323b011946', 5, 16, 5, 'deleted'),
('2009-08-30 14:52:10', 95, '243a639dd7f1480f981d7fbf07ac93001162', 5, 16, 5, 'deleted'),
('2009-08-31 09:38:03', 96, '330b3feb3d8ef8e8f55c6886e2ae02599969', 5, 212, 31, 'deleted'),
('2009-08-31 09:45:36', 97, '5dd859a0e2318c7df8a8bd62df16758c6365', 5, 212, 31, 'deleted'),
('2009-08-31 09:47:54', 98, 'a892f0ee227327a1a80f75a8d66a84d61914', 13, 212, 5, 'active'),
('2009-08-31 10:15:44', 99, 'e8987c0b6afc08dad0211a89d74e63af475', 5, 212, 31, 'deleted'),
('2009-08-31 10:15:55', 100, 'd7dbe307a51125c048411ca315ab5b186633', 5, 212, 31, 'active'),
('2009-08-31 13:22:24', 101, '5ffcf4c86b36f60f74375cb0fb8171c91741', 5, 16, 5, 'active'),
('2009-10-01 08:44:43', 102, 'c94fda0fae57dfde3110a1bcb9ff18cd8805', 5, 215, 5, 'active'),
('2009-10-03 16:08:51', 103, '754bd4c711e8c5dd8787c8576da611788802', 5, 211, 5, 'deleted'),
('2009-10-03 16:09:33', 104, '7074664e2128c91c62803fc88e1463af7597', 5, 211, 5, 'active');

-- --------------------------------------------------------

--
-- Table structure for table `profile_widget_field_test`
--

CREATE TABLE IF NOT EXISTS `profile_widget_field_test` (
  `test_id` mediumint(8) unsigned NOT NULL,
  `created` datetime NOT NULL DEFAULT '0000-00-00 00:00:00',
  `id` int(10) unsigned NOT NULL AUTO_INCREMENT,
  `ikey` varchar(75) NOT NULL,
  `profile_widget_field_id` mediumint(8) unsigned NOT NULL,
  `searchable_id` int(11) unsigned NOT NULL,
  `status` enum('deleted','active') NOT NULL DEFAULT 'active',
  PRIMARY KEY (`id`),
  KEY `profile_widget_field_test_searchable_fk` (`searchable_id`),
  KEY `profile_widget_field_test_pwf_fk` (`profile_widget_field_id`),
  KEY `profile_widget_field_test_fk` (`test_id`)
) ENGINE=InnoDB DEFAULT CHARSET=utf8 AUTO_INCREMENT=1 ;

--
-- Dumping data for table `profile_widget_field_test`
--


-- --------------------------------------------------------

--
-- Table structure for table `profile_widget_field_test_auto_complete`
--

CREATE TABLE IF NOT EXISTS `profile_widget_field_test_auto_complete` (
  `test_auto_complete_id` mediumint(8) unsigned NOT NULL,
  `created` datetime NOT NULL DEFAULT '0000-00-00 00:00:00',
  `id` int(10) unsigned NOT NULL AUTO_INCREMENT,
  `ikey` varchar(75) NOT NULL,
  `profile_widget_field_id` mediumint(8) unsigned NOT NULL,
  `searchable_id` int(11) unsigned NOT NULL,
  `status` enum('deleted','active') NOT NULL DEFAULT 'active',
  PRIMARY KEY (`id`),
  KEY `profile_widget_field_test_auto_complete_searchable_fk` (`searchable_id`),
  KEY `profile_widget_field_test_auto_complete_pwf_fk` (`profile_widget_field_id`),
  KEY `profile_widget_field_test_auto_complete_fk` (`test_auto_complete_id`)
) ENGINE=InnoDB DEFAULT CHARSET=utf8 AUTO_INCREMENT=1 ;

--
-- Dumping data for table `profile_widget_field_test_auto_complete`
--


-- --------------------------------------------------------

--
-- Table structure for table `profile_widget_field_test_select`
--

CREATE TABLE IF NOT EXISTS `profile_widget_field_test_select` (
  `test_select_id` mediumint(8) unsigned NOT NULL,
  `created` datetime NOT NULL DEFAULT '0000-00-00 00:00:00',
  `id` int(10) unsigned NOT NULL AUTO_INCREMENT,
  `ikey` varchar(75) NOT NULL,
  `profile_widget_field_id` mediumint(8) unsigned NOT NULL,
  `searchable_id` int(11) unsigned NOT NULL,
  `status` enum('deleted','active') NOT NULL DEFAULT 'active',
  PRIMARY KEY (`id`),
  KEY `profile_widget_field_test_select_searchable_fk` (`searchable_id`),
  KEY `profile_widget_field_test_select_pwf_fk` (`profile_widget_field_id`),
  KEY `profile_widget_field_test_select_fk` (`test_select_id`)
) ENGINE=InnoDB  DEFAULT CHARSET=utf8 AUTO_INCREMENT=2 ;

--
-- Dumping data for table `profile_widget_field_test_select`
--

INSERT INTO `profile_widget_field_test_select` (`test_select_id`, `created`, `id`, `ikey`, `profile_widget_field_id`, `searchable_id`, `status`) VALUES
(3, '2009-12-24 10:43:35', 1, '7bec91fa650f19d9a2b06beb124343651577', 76, 191, 'active');

-- --------------------------------------------------------

--
-- Table structure for table `profile_widget_field_text`
--

CREATE TABLE IF NOT EXISTS `profile_widget_field_text` (
  `created` datetime NOT NULL,
  `ikey` varchar(75) NOT NULL,
  `id` int(10) unsigned NOT NULL AUTO_INCREMENT,
  `profile_widget_field_id` mediumint(8) unsigned NOT NULL,
  `searchable_id` int(11) unsigned NOT NULL,
  `value` varchar(255) NOT NULL,
  `status` enum('deleted','active') NOT NULL DEFAULT 'active',
  PRIMARY KEY (`id`),
  KEY `normal` (`profile_widget_field_id`,`searchable_id`),
  KEY `profile_widget_field_text_searchable_fk` (`searchable_id`),
  KEY `profile_widget_field_text_pwf_fk` (`profile_widget_field_id`)
) ENGINE=InnoDB  DEFAULT CHARSET=utf8 AUTO_INCREMENT=708 ;

--
-- Dumping data for table `profile_widget_field_text`
--

INSERT INTO `profile_widget_field_text` (`created`, `ikey`, `id`, `profile_widget_field_id`, `searchable_id`, `value`, `status`) VALUES
('2008-11-24 08:07:30', '7808b471478f0cfdb2b407be92c170eb5095', 9, 8, 13, 'mattesnider@gmail.com', 'deleted'),
('2008-11-24 08:07:30', '7808b471478f0cfdb2b407be92c170eb745', 10, 9, 13, '9259982004', 'deleted'),
('2008-11-24 08:07:30', '7808b471478f0cfdb2b407be92c170eb8436', 11, 11, 13, '3351 Alma St.', 'deleted'),
('2008-11-24 08:07:30', '7808b471478f0cfdb2b407be92c170eb9950', 12, 15, 13, '94306', 'deleted'),
('2008-11-26 13:40:48', '3907fb00750c85df3b7d65a1587a4aa74442', 27, 33, 13, '/images/searchables/4d70c8a2643a9f6601696629634260bf.jpg', 'deleted'),
('2008-11-26 13:40:48', '3907fb00750c85df3b7d65a1587a4aa72359', 28, 34, 13, '/images/thumbs/4d70c8a2643a9f6601696629634260bf.jpg', 'deleted'),
('2008-11-27 14:35:58', '943f10b7abf00c6c77b7515a096e43228466', 42, 17, 13, 'Santa Barbara', 'active'),
('2008-11-27 14:35:58', '452ebc4db96ec12d336565e85e37125a5255', 44, 21, 13, 'Computer Engineering', 'active'),
('2008-11-27 18:32:47', '943f10b7abf00c6c77b7515a096e4322878', 55, 18, 13, '2006', 'deleted'),
('2008-11-27 18:32:47', '452ebc4db96ec12d336565e85e37125a8621', 56, 18, 13, '2004', 'deleted'),
('2008-11-27 21:58:17', '2d38b498e789c44636473f095a6070ac476', 57, 18, 13, '2007', 'deleted'),
('2008-11-27 21:58:17', '56f2adb3621e53ea278ae1abba795d506512', 58, 18, 13, '2004', 'deleted'),
('2008-11-27 22:04:30', '4e9019139d9ad49f7983904b497d50b21137', 61, 18, 13, '2006', 'deleted'),
('2008-11-27 22:04:30', '18ebf96a2f92ee2fb5a254536239cc386143', 62, 18, 13, '2004', 'deleted'),
('2008-11-27 22:08:08', '4dff7cccfc092f41b8170fc6d7dc93c07308', 63, 18, 13, '2006', 'deleted'),
('2008-11-27 22:08:08', 'bcbf5e0ae48ef7e5439863381d1a69bf8109', 64, 18, 13, '2004', 'deleted'),
('2008-11-28 10:19:00', '519edc8db508d1c088f793f2c3647e6f8624', 65, 24, 13, 'Mint Software', 'deleted'),
('2008-11-28 10:20:22', 'cec635e58838ff3c8907acbe1bda11918792', 66, 24, 13, 'Mint Software', 'deleted'),
('2008-11-28 10:22:29', 'c0922ade21becf758819c686aaca845b8087', 67, 24, 13, 'Mint Software', 'deleted'),
('2008-11-28 10:27:00', '4b4a96575767e162b8c6013ec6712d404060', 68, 24, 13, 'Mint Software', 'deleted'),
('2008-11-28 10:27:43', '9fdb62f932adf55af2c0e09e558619646040', 69, 24, 13, 'Mint Software', 'deleted'),
('2008-12-01 08:40:41', '023b39a74b7b4acd060dedc0431c3dbc8020', 70, 24, 13, 'Mint Software', 'deleted'),
('2008-12-01 08:45:37', '761067fbba1d6ef159173bfb8109abc21979', 71, 24, 13, 'Mint Software', 'deleted'),
('2008-12-01 09:01:48', '0e46c9990c6daf3876b5166b2bc79fdc5835', 73, 24, 13, 'Mint Software', 'deleted'),
('2008-12-01 09:03:15', '080f43a3371b1354a238d626779f41753237', 74, 24, 13, 'Mint Software', 'deleted'),
('2008-12-01 09:20:22', 'ec5de3e8dc6bd121a79794021bf20cb18679', 75, 24, 13, 'Mint Software', 'deleted'),
('2008-12-09 09:00:18', 'ecc92a19f0de821519b715d10cbf7c623685', 87, 24, 13, 'Mint Software', 'deleted'),
('2008-12-09 09:00:18', 'ecc92a19f0de821519b715d10cbf7c622388', 88, 25, 13, 'http://www.mint.com', 'deleted'),
('2008-12-09 09:00:47', 'd4f700c81022c855e0041af836222bb4886', 89, 24, 13, 'Mint Software', 'active'),
('2008-12-09 09:00:47', 'd4f700c81022c855e0041af836222bb47264', 90, 25, 13, 'http://www.mint.com', 'active'),
('2008-12-15 08:42:24', '0f65e949ea897df7d4a41e37319a8bb23664', 95, 33, 182, '/images/searchables/f0d6f2815791a23c7d6f84783a75bfc3.jpg', 'active'),
('2008-12-15 08:42:24', '0f65e949ea897df7d4a41e37319a8bb26528', 96, 34, 182, '/images/thumbs/f0d6f2815791a23c7d6f84783a75bfc3.jpg', 'active'),
('2008-12-15 08:46:24', '40262352ed6dc77f564704f1d9267ba51648', 97, 33, 184, '/images/searchables/6399c027926c27ca417d4a80b49a8c97.jpg', 'active'),
('2008-12-15 08:46:24', '40262352ed6dc77f564704f1d9267ba58653', 98, 34, 184, '/images/thumbs/6399c027926c27ca417d4a80b49a8c97.jpg', 'active'),
('2008-12-15 08:48:58', 'd240e3d38a8882ecad8633c8f9c78c9b8323', 99, 33, 185, '/images/searchables/2b77f902297ac89187a1e9d447c775e5.jpg', 'active'),
('2008-12-15 08:48:58', 'd240e3d38a8882ecad8633c8f9c78c9b5658', 100, 34, 185, '/images/thumbs/2b77f902297ac89187a1e9d447c775e5.jpg', 'active'),
('2008-12-15 08:50:55', '59c8004549652a8e0df44e0b19aea6643320', 101, 8, 186, 'wendygladstonecmln@gmail.com', 'active'),
('2008-12-15 08:51:05', 'c2d890039c3615ffe346e353e950850f9627', 102, 33, 186, '/images/searchables/fa57e5a71c624628bd6e07fe6dd66979.jpg', 'deleted'),
('2008-12-15 08:51:05', 'c2d890039c3615ffe346e353e950850f8174', 103, 34, 186, '/images/thumbs/fa57e5a71c624628bd6e07fe6dd66979.jpg', 'deleted'),
('2008-12-17 10:39:21', 'c81d8b0d1e76b9138571bd11609c61d71989', 104, 8, 16, 'msjaastad@comcast.net', 'deleted'),
('2008-12-17 10:39:21', 'c81d8b0d1e76b9138571bd11609c61d75422', 105, 9, 16, '650-678-9097', 'deleted'),
('2008-12-17 10:39:21', 'c81d8b0d1e76b9138571bd11609c61d71146', 106, 11, 16, '923 Mackenzie Drive', 'deleted'),
('2008-12-17 10:39:21', 'c81d8b0d1e76b9138571bd11609c61d79460', 107, 15, 16, '94087', 'deleted'),
('2008-12-17 10:45:15', '3f971c6c068cb29660e997ac065f0a123865', 108, 8, 16, 'msjaastad@comcast.net', 'deleted'),
('2008-12-17 10:45:15', '3f971c6c068cb29660e997ac065f0a12944', 109, 9, 16, '650-678-9097', 'deleted'),
('2008-12-17 10:45:15', '3f971c6c068cb29660e997ac065f0a123123', 110, 11, 16, '923 Mackenzie Drive', 'deleted'),
('2008-12-17 10:45:15', '3f971c6c068cb29660e997ac065f0a122783', 111, 15, 16, '94087', 'deleted'),
('2008-12-17 11:16:13', '5687de5a29d6095b8d56a85808fc455d4547', 112, 18, 16, '1998', 'deleted'),
('2008-12-17 11:30:08', 'b69c2c4907736b5700f6e84f2e10ff174386', 113, 18, 16, '1998', 'deleted'),
('2008-12-17 11:30:27', '59be40cae32a2fcca039b54e45e3d2358288', 114, 18, 16, '1992', 'deleted'),
('2008-12-17 11:31:48', 'ab3520153191abb414e1c491d40b14e08286', 115, 18, 16, '1998', 'deleted'),
('2008-12-17 11:33:35', '8293e8adf2c54b512338e028905376616563', 116, 24, 16, 'MDS Analytical Technologies', 'deleted'),
('2008-12-17 11:33:35', '8293e8adf2c54b512338e028905376617959', 117, 25, 16, 'http://www.siliconvalleysoccer.com/', 'deleted'),
('2008-12-17 11:34:10', '039d574f93b4409443a28138f6a6a3b9106', 118, 33, 16, '/images/searchables/4a3308fb74befd3f2b4604ed661623ba.jpg', 'deleted'),
('2008-12-17 11:34:10', '039d574f93b4409443a28138f6a6a3b96648', 119, 34, 16, '/images/thumbs/4a3308fb74befd3f2b4604ed661623ba.jpg', 'deleted'),
('2008-12-18 10:15:13', '125e4b2fba12d8acf37aac5156a21d682927', 120, 33, 13, '/images/searchables/89a910884f2b286eaeced74755e473c1.jpg', 'active'),
('2008-12-18 10:15:13', '125e4b2fba12d8acf37aac5156a21d684688', 121, 34, 13, '/images/thumbs/89a910884f2b286eaeced74755e473c1.jpg', 'active'),
('2008-12-22 13:09:14', 'fe950c58e7664403829747e25227d6bf4659', 122, 33, 16, '/images/searchables/75df0d4d04a2736486ab9f99106ff7e0.jpg', 'deleted'),
('2008-12-22 13:09:14', 'fe950c58e7664403829747e25227d6bf9232', 123, 34, 16, '/images/thumbs/75df0d4d04a2736486ab9f99106ff7e0.jpg', 'deleted'),
('2009-02-03 08:31:22', 'eceb2f0d535b317fcf998f83b26f7e032186', 124, 24, 16, 'MDS Analytical Technologies', 'deleted'),
('2009-02-03 08:31:22', 'eceb2f0d535b317fcf998f83b26f7e033232', 125, 25, 16, 'http://www.siliconvalleysoccer.com/', 'deleted'),
('2009-02-11 07:00:42', 'e4aa0036d06789e35148b069438eaa259602', 126, 35, 16, 'gfgdfgd', 'deleted'),
('2009-02-13 06:46:29', '855c8ecc5e24207383eb52adcbe1b6b48317', 127, 24, 16, 'MDS Analytical Technologies', 'deleted'),
('2009-02-13 06:46:29', '855c8ecc5e24207383eb52adcbe1b6b42778', 128, 25, 16, 'http://www.siliconvalleysoccer.com/', 'deleted'),
('2009-02-13 14:53:52', 'e03e728141e2da1f280a1636b8e783848935', 129, 35, 16, 'Mike Sjaastad', 'deleted'),
('2009-02-13 14:55:47', '1fed80d8c936b43176ffaa751c81680f6344', 130, 35, 188, 'Test Group 1', 'deleted'),
('2009-02-13 14:56:05', '7cb8b70adaf4d4c5cfe8d5851a0cdfa24914', 131, 35, 188, 'Test Group 1', 'deleted'),
('2009-02-15 15:54:02', '92590b82a839035c092beb21905cbd645538', 132, 35, 188, 'Chess CLub', 'deleted'),
('2009-02-15 15:54:27', '2b52118d33087700bd25bb4ffadae91f2948', 133, 35, 188, 'Chess Club', 'deleted'),
('2009-02-15 16:16:59', 'bf88fbf357d35f3a608b62744f2114588127', 134, 35, 16, 'Mike Sjaastad', 'deleted'),
('2009-04-02 10:27:30', '040c18d87d06d09e542d038b644c8d3a1792', 135, 40, 13, 'He''s Matt', 'active'),
('2009-04-07 18:23:55', 'c2e0ecbbda4036c405211e14f2a122914576', 136, 45, 16, 'hi there!', 'deleted'),
('2009-04-07 19:58:35', '3e59fb5e144e365dbdb4bad34e7a5be67506', 137, 45, 16, 'hi there!', 'active'),
('2009-04-09 17:07:42', '36f76254fae45bb24430679c6d5c21af3803', 138, 35, 189, 'Test group', 'active'),
('2009-04-09 17:08:39', '3d0670d8ce34eed08207befddb58ff856497', 139, 35, 190, 'Test group', 'deleted'),
('2009-04-09 17:08:46', 'd5c5d4246b39093386831ee7186ed6681078', 140, 35, 190, 'Test group', 'active'),
('2009-04-12 16:54:56', 'a7a50cfe5f510668dbca1d9db3b0f53f5896', 141, 35, 191, 'FA Azzurri', 'deleted'),
('2009-04-12 16:55:18', '24faafe4ac423304bf306ff59fba15726247', 142, 35, 16, 'Mike Sjaastad', 'deleted'),
('2009-04-12 16:56:20', 'cce4d8e74c40b6533f22c21b289575a63546', 143, 35, 192, 'test team', 'active'),
('2009-04-12 16:56:26', 'a6a39113bd898acd8828c1aec66e0b918987', 144, 35, 16, 'Mike Sjaastad', 'deleted'),
('2009-04-27 09:44:34', 'adffe21bb2e989538f04115db1d6509f4301', 145, 35, 13, 'test', 'deleted'),
('2009-05-30 16:18:46', '55f6e61123e42562de5cd0bdb3808d7a4542', 146, 35, 193, 'Testing new Team', 'deleted'),
('2009-05-30 16:18:54', '9c363b2594a09124e5c1bb7e0c077dad9808', 147, 35, 193, 'Testing new Team', 'deleted'),
('2009-05-31 10:34:23', '3e6a03229e9d489e164a6d81217fb2645417', 148, 8, 13, 'mattesnider@gmail.com', 'active'),
('2009-05-31 10:34:23', '3e6a03229e9d489e164a6d81217fb2647660', 149, 9, 13, '9259982004', 'deleted'),
('2009-05-31 10:34:23', '3e6a03229e9d489e164a6d81217fb2642051', 150, 11, 13, '3351 Alma St.', 'deleted'),
('2009-05-31 10:34:23', '3e6a03229e9d489e164a6d81217fb2647271', 151, 15, 13, '94306', 'active'),
('2009-05-31 10:34:56', '3a8fee9d9c5bf924ebb1f9875ea1b8bb203', 152, 8, 16, 'msjaastad@comcast.net', 'deleted'),
('2009-05-31 10:34:56', '3a8fee9d9c5bf924ebb1f9875ea1b8bb9199', 153, 9, 16, '650-678-9097', 'deleted'),
('2009-05-31 10:34:56', '3a8fee9d9c5bf924ebb1f9875ea1b8bb5388', 154, 11, 16, '923 Mackenzie Drive', 'deleted'),
('2009-05-31 10:34:56', '3a8fee9d9c5bf924ebb1f9875ea1b8bb9343', 155, 15, 16, '94087', 'deleted'),
('2009-06-11 16:38:33', 'c60a6e1f03686976ef252b52e62fe804551', 156, 35, 193, 'Testing new Team', 'active'),
('2009-06-11 16:41:12', '917db49add351c8169d6bab1e54c3f644726', 157, 35, 188, 'Chess Club', 'deleted'),
('2009-06-11 16:48:06', 'a3bd71fda4b6839a3678772f3a82ab2b1978', 158, 35, 16, 'Mike Sjaastad', 'deleted'),
('2009-06-11 17:19:25', '2c063a8e1a716521cfe18e6f59f9c8cc5709', 159, 35, 194, 'teat Pick up game', 'deleted'),
('2009-06-11 17:19:56', '024be27d19668817f5f1ad5b2b5e04b52614', 160, 35, 194, 'Test Pick up game', 'deleted'),
('2009-06-11 17:20:55', 'a8273488b3553a7af5b5c8eb04ed21f55941', 161, 15, 194, '94087', 'deleted'),
('2009-06-11 17:21:17', '79cc897e9ba5348b88f78f1ba4ace6041864', 162, 33, 194, '/images/searchables/blank_group.gif', 'deleted'),
('2009-06-11 17:21:17', '79cc897e9ba5348b88f78f1ba4ace6041496', 163, 34, 194, '/images/thumbs/blank_group_thumb.gif', 'deleted'),
('2009-06-11 17:21:33', '1bc088c99973f2c3f6a55b1a8f83713a1889', 164, 33, 194, '/images/searchables/b83898506f94eff9b26efff1d35840dc.jpg', 'deleted'),
('2009-06-11 17:21:33', '1bc088c99973f2c3f6a55b1a8f83713a4957', 165, 34, 194, '/images/thumbs/b83898506f94eff9b26efff1d35840dc.jpg', 'deleted'),
('2009-06-13 10:23:20', '912b7f1ae352a9409019a9104a29878f9117', 166, 33, 196, '/images/searchables/blank_user.gif', 'deleted'),
('2009-06-13 10:23:20', '912b7f1ae352a9409019a9104a29878f717', 167, 34, 196, '/images/thumbs/blank_user_thumb.gif', 'deleted'),
('2009-06-13 10:23:59', 'a4f1af6a606ee97111aeda3be916300b6231', 168, 33, 196, '/images/searchables/blank_user.gif', 'deleted'),
('2009-06-13 10:23:59', 'a4f1af6a606ee97111aeda3be916300b9004', 169, 34, 196, '/images/thumbs/blank_user_thumb.gif', 'deleted'),
('2009-06-15 08:19:08', '17f8b5dbe85e3ce41f5d477788fe68f26329', 170, 33, 197, '/images/searchables/blank_user.gif', 'deleted'),
('2009-06-15 08:19:08', '17f8b5dbe85e3ce41f5d477788fe68f24631', 171, 34, 197, '/images/thumbs/blank_user_thumb.gif', 'deleted'),
('2009-06-15 08:21:17', '0e219cb88c6b277b74c44ea4e1cdefc74168', 172, 33, 191, '/images/searchables/blank_group.gif', 'deleted'),
('2009-06-15 08:21:17', '0e219cb88c6b277b74c44ea4e1cdefc76946', 173, 34, 191, '/images/thumbs/blank_group_thumb.gif', 'deleted'),
('2009-06-15 08:23:27', '46495b1fd11e110d03dee2482b32d7d82229', 174, 33, 191, '/images/searchables/blank_group.gif', 'deleted'),
('2009-06-15 08:23:27', '46495b1fd11e110d03dee2482b32d7d8307', 175, 34, 191, '/images/thumbs/blank_group_thumb.gif', 'deleted'),
('2009-06-15 08:24:14', 'faf7153626df391a3c99b179635995084845', 176, 33, 197, '/images/searchables/blank_user.gif', 'deleted'),
('2009-06-15 08:24:14', 'faf7153626df391a3c99b179635995083305', 177, 34, 197, '/images/thumbs/blank_user_thumb.gif', 'deleted'),
('2009-06-22 08:22:05', '1b7a589d58f10e1773ba7c2b21f7d2b71992', 178, 33, 196, '/images/searchables/blank_user.gif', 'active'),
('2009-06-22 08:22:05', '1b7a589d58f10e1773ba7c2b21f7d2b741', 179, 34, 196, '/images/thumbs/blank_user_thumb.gif', 'active'),
('2009-06-27 15:02:10', '1175381b14d4c2b0d66f3489cc61cd904231', 180, 33, 199, '/images/searchables/blank_user.gif', 'active'),
('2009-06-27 15:02:10', '1175381b14d4c2b0d66f3489cc61cd901030', 181, 34, 199, '/images/thumbs/blank_user_thumb.gif', 'active'),
('2009-06-27 15:03:12', 'e4128f56a6b59847c0851e82065efc6b2458', 182, 35, 199, 'Robbin Parrot', 'active'),
('2009-06-27 15:06:04', '5f1940e5fb8bc2121d9eb10beffe76fc9199', 183, 35, 200, 'Pulcini', 'active'),
('2009-06-27 15:08:56', 'f848b772ad3145666128fb7c1a500eb28625', 184, 33, 193, '/images/searchables/blank_group.gif', 'active'),
('2009-06-27 15:08:56', 'f848b772ad3145666128fb7c1a500eb25526', 185, 34, 193, '/images/thumbs/blank_group_thumb.gif', 'active'),
('2009-06-27 15:11:52', 'e1305d194f27a948d68563965d226a501756', 186, 33, 191, '/images/searchables/blank_group.gif', 'deleted'),
('2009-06-27 15:11:52', 'e1305d194f27a948d68563965d226a502199', 187, 34, 191, '/images/thumbs/blank_group_thumb.gif', 'deleted'),
('2009-06-27 15:17:29', '4506abc08a4f6a08bac1dea08559f1895728', 188, 33, 200, '/images/searchables/blank_group.gif', 'deleted'),
('2009-06-27 15:17:29', '4506abc08a4f6a08bac1dea08559f1892045', 189, 34, 200, '/images/thumbs/blank_group_thumb.gif', 'deleted'),
('2009-07-03 12:21:08', 'b306abbbd08604732968799c8d28f84a3038', 190, 33, 197, '/images/searchables/blank_user.gif', 'deleted'),
('2009-07-03 12:21:08', 'b306abbbd08604732968799c8d28f84a9055', 191, 34, 197, '/images/thumbs/blank_user_thumb.gif', 'deleted'),
('2009-07-05 11:30:37', 'f1df92da877132316a791c32e158e0286165', 192, 33, 188, '/images/searchables/deb0361c9989eb288a52d05219fadb4d.jpg', 'deleted'),
('2009-07-05 11:30:37', 'f1df92da877132316a791c32e158e0283659', 193, 34, 188, '/images/thumbs/deb0361c9989eb288a52d05219fadb4d.jpg', 'deleted'),
('2009-07-06 07:08:42', '6b00a634aa58dbc3096e41ced964c55f9797', 194, 33, 197, '/images/searchables/298c4a5941155b8e037dca5496df0c13.jpg', 'active'),
('2009-07-06 07:08:42', '6b00a634aa58dbc3096e41ced964c55f8012', 195, 34, 197, '/images/thumbs/298c4a5941155b8e037dca5496df0c13.jpg', 'active'),
('2009-07-06 07:25:10', '039687ca3ad8f05c921034386432c3a3668', 196, 33, 186, '/images/searchables/blank_user.gif', 'deleted'),
('2009-07-06 07:25:10', '039687ca3ad8f05c921034386432c3a39301', 197, 34, 186, '/images/thumbs/blank_user_thumb.gif', 'deleted'),
('2009-07-06 07:25:15', 'aa27a0c907d7049edf666af97c4b2acc4506', 198, 33, 186, '/images/searchables/blank_user.gif', 'deleted'),
('2009-07-06 07:25:15', 'aa27a0c907d7049edf666af97c4b2acc4625', 199, 34, 186, '/images/thumbs/blank_user_thumb.gif', 'deleted'),
('2009-07-06 07:25:31', 'bc5ed6c4ff06eae9e403d1c770b246d19606', 200, 33, 186, '/images/searchables/3fbca472bff31fb7c41da389b25a52d2.jpg', 'active'),
('2009-07-06 07:25:31', 'bc5ed6c4ff06eae9e403d1c770b246d14157', 201, 34, 186, '/images/thumbs/3fbca472bff31fb7c41da389b25a52d2.jpg', 'active'),
('2009-07-06 07:36:37', 'f02e34505d2ebb0c0ea913b3437294131964', 202, 33, 203, '/images/searchables/0ace749b77d1cd995786290d5d938e43.jpg', 'active'),
('2009-07-06 07:36:37', 'f02e34505d2ebb0c0ea913b3437294137349', 203, 34, 203, '/images/thumbs/0ace749b77d1cd995786290d5d938e43.jpg', 'active'),
('2009-07-10 18:59:28', 'b46a6d439e688417b6b6dde46fdc762f857', 204, 33, 204, '/images/searchables/9a7ae64a3869dd507b89529b3dd34a67.jpg', 'deleted'),
('2009-07-10 18:59:28', 'b46a6d439e688417b6b6dde46fdc762f2234', 205, 34, 204, '/images/thumbs/9a7ae64a3869dd507b89529b3dd34a67.jpg', 'deleted'),
('2009-07-10 18:59:32', '1fbb08b0e561a1ad0201372fe5b109598599', 206, 33, 204, '/images/searchables/blank_user.gif', 'deleted'),
('2009-07-10 18:59:32', '1fbb08b0e561a1ad0201372fe5b109596297', 207, 34, 204, '/images/thumbs/blank_user_thumb.gif', 'deleted'),
('2009-07-10 19:00:08', '76825cabfb1c09764f0c2ee2da05d6b85686', 208, 33, 204, '/images/searchables/c3bda8f97a6cb2667f37cebd427f1324.jpg', 'active'),
('2009-07-10 19:00:08', '76825cabfb1c09764f0c2ee2da05d6b89538', 209, 34, 204, '/images/thumbs/c3bda8f97a6cb2667f37cebd427f1324.jpg', 'active'),
('2009-07-16 11:39:18', '09fe1321a5087f4d0b0c5874b06984d2636', 210, 33, 206, '/images/searchables/3af5eac0720263e2907fc3d3115978dc.jpg', 'active'),
('2009-07-16 11:39:18', '09fe1321a5087f4d0b0c5874b06984d24561', 211, 34, 206, '/images/thumbs/3af5eac0720263e2907fc3d3115978dc.jpg', 'active'),
('2009-07-16 11:42:20', '9547269cd0b7b66dcf51ad85a4c729b0898', 212, 33, 34, '/images/searchables/b06aacc9f2e70593358ace1fee0b7732.jpg', 'active'),
('2009-07-16 11:42:20', '9547269cd0b7b66dcf51ad85a4c729b0808', 213, 34, 34, '/images/thumbs/b06aacc9f2e70593358ace1fee0b7732.jpg', 'active'),
('2009-07-16 11:49:23', 'c6139be0f45d93bb7671acf9f47d96581345', 214, 18, 16, '1998', 'deleted'),
('2009-07-16 11:49:23', 'cbc7e750893b46de5c2fae42514f7a154299', 215, 18, 16, '1992', 'deleted'),
('2009-07-16 11:49:34', 'ff2550902505f531ce553d0189e412de7463', 216, 18, 16, '1998', 'active'),
('2009-07-16 11:49:34', '702d3972319badbccea7c00d2539d9b14419', 217, 18, 16, '1992', 'active'),
('2009-07-16 11:52:31', '5757890cc08be47e21d81fe7e88af9069702', 218, 33, 207, '/images/searchables/0dade1358ba770125380f6fd5f9f6098.jpg', 'active'),
('2009-07-16 11:52:31', '5757890cc08be47e21d81fe7e88af9065256', 219, 34, 207, '/images/thumbs/0dade1358ba770125380f6fd5f9f6098.jpg', 'active'),
('2009-07-16 12:04:56', '0a802ff378de173d99a0882381ee9c617175', 220, 35, 208, 'Pulcini', 'deleted'),
('2009-07-16 12:05:04', '624bfc1e16198a05299cd41140586d6f105', 221, 35, 208, 'Pulcini', 'deleted'),
('2009-07-16 12:05:29', 'a692e09126385c38e3ca0c16205304138999', 222, 8, 208, 'msjaastad@comcast.net', 'deleted'),
('2009-07-16 12:05:50', '27fd9c01f8fa5995abeea3de45c4529a4681', 223, 33, 208, '/images/searchables/479dd778856d0e73cffc6d75137adb8e.jpg', 'active'),
('2009-07-16 12:05:50', '27fd9c01f8fa5995abeea3de45c4529a6408', 224, 34, 208, '/images/thumbs/479dd778856d0e73cffc6d75137adb8e.jpg', 'active'),
('2009-07-16 12:07:34', '868dd5d0ec0e116afe417f9cdc855b0d7998', 225, 33, 200, '/images/searchables/ff0042f463f20f3d67e8ac0d5626479e.jpg', 'active'),
('2009-07-16 12:07:34', '868dd5d0ec0e116afe417f9cdc855b0d766', 226, 34, 200, '/images/thumbs/ff0042f463f20f3d67e8ac0d5626479e.jpg', 'active'),
('2009-07-16 12:09:21', '86e0611f71687455b11051f6f70e6b2e9833', 227, 35, 208, 'Pulcini', 'deleted'),
('2009-07-16 12:10:47', 'c13973ff5a924e5738dfa7d1294b20e06869', 228, 35, 194, 'Weekly Pick up game', 'active'),
('2009-07-16 13:25:03', 'c24481b8c4e90350679827e789590fe84849', 229, 33, 191, '/images/searchables/2bd10d09f25ed1d5bab3e93096e50713.jpg', 'deleted'),
('2009-07-16 13:25:03', 'c24481b8c4e90350679827e789590fe83634', 230, 34, 191, '/images/thumbs/2bd10d09f25ed1d5bab3e93096e50713.jpg', 'deleted'),
('2009-07-19 19:33:27', 'bb102fb6bded4a264bedd1f281b381513623', 231, 33, 194, '/images/searchables/d615fc828b34442e1d59fed86d80d60c.jpg', 'deleted'),
('2009-07-19 19:33:27', 'bb102fb6bded4a264bedd1f281b381517214', 232, 34, 194, '/images/thumbs/d615fc828b34442e1d59fed86d80d60c.jpg', 'deleted'),
('2009-07-20 07:13:26', '9846af02939cb1d1309d8a7e688707365201', 233, 33, 209, '/images/searchables/45cb8e1b0854a0ba02dcb1056ffa4442.jpg', 'active'),
('2009-07-20 07:13:26', '9846af02939cb1d1309d8a7e688707364363', 234, 34, 209, '/images/thumbs/45cb8e1b0854a0ba02dcb1056ffa4442.jpg', 'active'),
('2009-07-20 07:17:40', '937eb13dcd86a35e5eea2e41b5a62e566210', 235, 35, 210, 'Test Users Club', 'deleted'),
('2009-07-20 07:18:07', 'b5f53f926ac109164103bdba5451d7017963', 236, 35, 210, 'Test Users Club', 'deleted'),
('2009-07-22 23:16:22', '4a33d2551a96ef774758957aec1344461187', 237, 15, 194, '94087', 'active'),
('2009-07-22 23:27:00', '2e469b7e48f3506bb0273170566258c02042', 238, 18, 209, '2009', 'active'),
('2009-07-25 17:40:48', '229e1ddf18ce2aa67e5c4017917db89a6651', 239, 18, 13, '2006', 'deleted'),
('2009-07-25 17:40:48', '4712b821fec95cf815a1298971bcd1d77129', 240, 18, 13, '2004', 'deleted'),
('2009-07-25 17:48:38', '69832cf83177c1699fdfabe3a0afe31b5695', 241, 18, 13, '2006', 'active'),
('2009-07-25 17:48:38', 'a369cd97773506d7ede7bdac8cd3dea17084', 242, 18, 13, '2004', 'active'),
('2009-07-25 17:52:37', '4c09ccd7dfd4fcb79c527f01ab3423cf8336', 243, 33, 211, '/images/searchables/4ca6624b677cf7cb81f412b28805972b.jpg', 'deleted'),
('2009-07-25 17:52:37', '4c09ccd7dfd4fcb79c527f01ab3423cf430', 244, 34, 211, '/images/thumbs/4ca6624b677cf7cb81f412b28805972b.jpg', 'deleted'),
('2009-07-25 17:52:44', 'e97306e6aeb48e2d92ca22d8ef6a28517138', 245, 33, 211, '/images/searchables/blank_user.gif', 'deleted'),
('2009-07-25 17:52:44', 'e97306e6aeb48e2d92ca22d8ef6a28514404', 246, 34, 211, '/images/thumbs/blank_user_thumb.gif', 'deleted'),
('2009-07-25 17:52:53', 'b9a807e19aff5663a554348ceeca01a1604', 247, 33, 211, '/images/searchables/0bcad98ee2903291b22139b0b2df0dc5.jpg', 'active'),
('2009-07-25 17:52:53', 'b9a807e19aff5663a554348ceeca01a19808', 248, 34, 211, '/images/thumbs/0bcad98ee2903291b22139b0b2df0dc5.jpg', 'active'),
('2009-07-25 17:56:06', '1a9dbe05212a85d8c9fc135eeb23b4427228', 249, 33, 212, '/images/searchables/2b612aa594617db45b16e1b4c71148c6.jpg', 'active'),
('2009-07-25 17:56:06', '1a9dbe05212a85d8c9fc135eeb23b4426717', 250, 34, 212, '/images/thumbs/2b612aa594617db45b16e1b4c71148c6.jpg', 'active'),
('2009-07-25 18:04:56', '9a9eaf49acfc0d33f579767bbda327931902', 251, 33, 213, '/images/searchables/546c0faeb550ecc242f2d222912a4530.jpg', 'deleted'),
('2009-07-25 18:04:56', '9a9eaf49acfc0d33f579767bbda327939355', 252, 34, 213, '/images/thumbs/546c0faeb550ecc242f2d222912a4530.jpg', 'deleted'),
('2009-07-25 18:12:52', 'f4b0003156b399117d18b75794da0e8f1073', 253, 33, 214, '/images/searchables/010f618b2a9435dc8104a7cb1284a01c.jpg', 'deleted'),
('2009-07-25 18:12:52', 'f4b0003156b399117d18b75794da0e8f7299', 254, 34, 214, '/images/thumbs/010f618b2a9435dc8104a7cb1284a01c.jpg', 'deleted'),
('2009-07-25 18:14:00', '945f3b2ec3f41d3637951ffc65e4b6d73276', 255, 33, 215, '/images/searchables/fb6093e0a456441b884219fe788710f9.jpg', 'deleted'),
('2009-07-25 18:14:00', '945f3b2ec3f41d3637951ffc65e4b6d74480', 256, 34, 215, '/images/thumbs/fb6093e0a456441b884219fe788710f9.jpg', 'deleted'),
('2009-07-25 18:49:36', 'bac367ba3c1e8c557682fdecec3966b62575', 257, 35, 16, 'Mike Sjaastad', 'deleted'),
('2009-07-25 19:05:40', 'ddbdc221e2352147633e4a96b3fb39f19434', 258, 33, 210, '/images/searchables/098e1535e41477acdbd1e83aae6bd763.jpg', 'deleted'),
('2009-07-25 19:05:40', 'ddbdc221e2352147633e4a96b3fb39f19447', 259, 34, 210, '/images/thumbs/098e1535e41477acdbd1e83aae6bd763.jpg', 'deleted'),
('2009-07-25 19:06:48', '375718cb5e3da2f4d69e952c244091a98934', 260, 33, 210, '/images/searchables/334051efc7511a385bc6d9d5e842e98a.jpg', 'deleted'),
('2009-07-25 19:06:48', '375718cb5e3da2f4d69e952c244091a96331', 261, 34, 210, '/images/thumbs/334051efc7511a385bc6d9d5e842e98a.jpg', 'deleted'),
('2009-07-25 19:07:23', '3c3094fbca2e7a154141b79a40f9a5b24850', 262, 35, 210, 'Test Users Club', 'deleted'),
('2009-07-25 19:09:04', 'ffd4e1ef381c90d6d20bd4987c994ef95256', 263, 33, 210, '/images/searchables/aa9a12b83c21bcb4670194283739bc8d.jpg', 'deleted'),
('2009-07-25 19:09:04', 'ffd4e1ef381c90d6d20bd4987c994ef91731', 264, 34, 210, '/images/thumbs/aa9a12b83c21bcb4670194283739bc8d.jpg', 'deleted'),
('2009-07-25 19:09:13', '5de80a2a0865645781959b56c5ffc8cb2884', 265, 35, 210, 'Test Users Club', 'deleted'),
('2009-07-25 19:09:24', '59486cc982927af1b20976cd13b81b919226', 266, 8, 210, 'msjaastad@comcast.net', 'deleted'),
('2009-07-25 19:10:09', '08d3074c4fdc758e42a4002edcfc1b3d7483', 267, 33, 194, '/images/searchables/blank_group.gif', 'deleted'),
('2009-07-25 19:10:09', '08d3074c4fdc758e42a4002edcfc1b3d9735', 268, 34, 194, '/images/thumbs/blank_group_thumb.gif', 'deleted'),
('2009-07-25 19:10:38', 'd0d90d99c0f936b8e2195be99a145f876229', 269, 33, 194, '/images/searchables/4a140f5eb87816b5c03be60973231255.jpg', 'deleted'),
('2009-07-25 19:10:38', 'd0d90d99c0f936b8e2195be99a145f871938', 270, 34, 194, '/images/thumbs/4a140f5eb87816b5c03be60973231255.jpg', 'deleted'),
('2009-07-25 19:11:30', '89fb1fce6d58ceaeb6a277a5b65f93c91003', 271, 33, 194, '/images/searchables/ae1cfc7027592ea20056d32cc51e2392.jpg', 'deleted'),
('2009-07-25 19:11:30', '89fb1fce6d58ceaeb6a277a5b65f93c99199', 272, 34, 194, '/images/thumbs/ae1cfc7027592ea20056d32cc51e2392.jpg', 'deleted'),
('2009-07-25 19:13:38', '64919c61f8b96ba8874513a96fdf5eab2989', 273, 33, 194, '/images/searchables/395c50812a0467e4cb75988c0e241813.jpg', 'deleted'),
('2009-07-25 19:13:38', '64919c61f8b96ba8874513a96fdf5eab7346', 274, 34, 194, '/images/thumbs/395c50812a0467e4cb75988c0e241813.jpg', 'deleted'),
('2009-07-25 21:57:16', 'c026479f44ccfcc7eb8d8173d726a7907763', 275, 33, 194, '/images/searchables/7c4e6e1db0ffca907103b023ac0759dc.jpg', 'deleted'),
('2009-07-25 21:57:16', 'c026479f44ccfcc7eb8d8173d726a7906780', 276, 34, 194, '/images/thumbs/7c4e6e1db0ffca907103b023ac0759dc.jpg', 'deleted'),
('2009-07-25 22:01:43', '0b5426d28f787d26b7412eda60b8c9df612', 277, 33, 194, '/images/searchables/d9274ff1cee459f57bc964ab77706b37.jpg', 'deleted'),
('2009-07-25 22:01:43', '0b5426d28f787d26b7412eda60b8c9df2718', 278, 34, 194, '/images/thumbs/d9274ff1cee459f57bc964ab77706b37.jpg', 'deleted'),
('2009-07-25 22:17:33', 'd8f99e391a35a782a5a673b2852d5a411755', 281, 33, 194, '/images/searchables/95de4500bb6384d50a45879c811b967a.jpg', 'deleted'),
('2009-07-25 22:17:33', 'd8f99e391a35a782a5a673b2852d5a41618', 282, 34, 194, '/images/thumbs/95de4500bb6384d50a45879c811b967a.jpg', 'deleted'),
('2009-07-25 22:39:21', 'c6ee007deaacdaac34a45be9876608977825', 283, 33, 194, '/images/searchables/804a7bced6b54d55cc1177df88e264b0.jpg', 'deleted'),
('2009-07-25 22:39:21', 'c6ee007deaacdaac34a45be9876608977274', 284, 34, 194, '/images/thumbs/804a7bced6b54d55cc1177df88e264b0.jpg', 'deleted'),
('2009-07-25 22:40:53', '63078a45f42db1a10a886909b76cb28a2896', 285, 33, 194, '/images/searchables/c87c0b2fc05f8e7916bcfbcb9dea7276.jpg', 'deleted'),
('2009-07-25 22:40:53', '63078a45f42db1a10a886909b76cb28a2657', 286, 34, 194, '/images/thumbs/c87c0b2fc05f8e7916bcfbcb9dea7276.jpg', 'deleted'),
('2009-07-25 22:44:26', 'd6ba31cca86f79d3ba22fbb968ebe47f4597', 287, 33, 194, '/images/searchables/64f2b3d758e05ff0ca5fa49af5327d15.jpg', 'deleted'),
('2009-07-25 22:44:26', 'd6ba31cca86f79d3ba22fbb968ebe47f5012', 288, 34, 194, '/images/thumbs/64f2b3d758e05ff0ca5fa49af5327d15.jpg', 'deleted'),
('2009-07-26 13:16:15', '692a21889a0d4596934ecb9ba43ed9751272', 289, 33, 194, '/images/searchables/blank_group.gif', 'deleted'),
('2009-07-26 13:16:15', '692a21889a0d4596934ecb9ba43ed9751321', 290, 34, 194, '/images/thumbs/blank_group_thumb.gif', 'deleted'),
('2009-07-26 13:25:49', 'e216c510f25de0ccb45b6c34f28061a62787', 291, 33, 194, '/images/searchables/ab34be55dc6f38c957810b28369ed99e.jpg', 'active'),
('2009-07-26 13:25:49', 'e216c510f25de0ccb45b6c34f28061a69974', 292, 34, 194, '/images/thumbs/ab34be55dc6f38c957810b28369ed99e.jpg', 'active'),
('2009-07-26 13:27:02', '553d95ae8f15e300fb5dc5afa89790de1511', 293, 33, 191, '/images/searchables/280723e7b73807b84dabd5b57d134682.jpg', 'active'),
('2009-07-26 13:27:02', '553d95ae8f15e300fb5dc5afa89790de7631', 294, 34, 191, '/images/thumbs/280723e7b73807b84dabd5b57d134682.jpg', 'active'),
('2009-07-28 07:03:01', 'e0820b22208141d7440f9c83277984ff3623', 295, 33, 216, '/images/searchables/fcc350e7803a6ef171f232368a6604e6.jpg', 'deleted'),
('2009-07-28 07:03:01', 'e0820b22208141d7440f9c83277984ff5222', 296, 34, 216, '/images/thumbs/fcc350e7803a6ef171f232368a6604e6.jpg', 'deleted'),
('2009-07-28 18:15:24', '24bb2305aaed12c5a07049ecddfc386c5242', 297, 33, 218, '/images/searchables/a0d0f2869bf88db010137631c06e2eea.jpg', 'deleted'),
('2009-07-28 18:15:24', '24bb2305aaed12c5a07049ecddfc386c543', 298, 34, 218, '/images/thumbs/a0d0f2869bf88db010137631c06e2eea.jpg', 'deleted'),
('2009-07-28 18:16:44', 'ac79f7d72425ef2789a179521e9ec6356986', 299, 33, 218, '/images/searchables/blank_user.gif', 'deleted'),
('2009-07-28 18:16:44', 'ac79f7d72425ef2789a179521e9ec6353305', 300, 34, 218, '/images/thumbs/blank_user_thumb.gif', 'deleted'),
('2009-07-28 18:16:57', '0a117a845d65b6c97522c2930df734bc5563', 301, 33, 218, '/images/searchables/c3380d683f7b958e6124357d97700464.jpg', 'deleted'),
('2009-07-28 18:16:57', '0a117a845d65b6c97522c2930df734bc7901', 302, 34, 218, '/images/thumbs/c3380d683f7b958e6124357d97700464.jpg', 'deleted'),
('2009-07-29 08:21:32', 'c5ab6611aaac892bfd09062e8baef7ed2818', 303, 35, 210, 'Test Users Club', 'deleted'),
('2009-08-13 18:43:22', 'cae50951aae0eeefd1c9375add40ac54387', 304, 33, 223, '/images/searchables/56c4ed9fe572e80df5f3ea371b5b78de.jpg', 'active'),
('2009-08-13 18:43:22', 'cae50951aae0eeefd1c9375add40ac543478', 305, 34, 223, '/images/thumbs/56c4ed9fe572e80df5f3ea371b5b78de.jpg', 'active'),
('2009-08-13 20:06:56', '95f45f6e1d239b699d4510ac04ffac4b6231', 306, 33, 218, '/images/searchables/blank_user.gif', 'deleted'),
('2009-08-13 20:06:56', '95f45f6e1d239b699d4510ac04ffac4b722', 307, 34, 218, '/images/thumbs/blank_user_thumb.gif', 'deleted'),
('2009-08-13 20:07:06', '3052e549597b46ee31115e0d6685821d4914', 308, 33, 218, '/images/searchables/4911deae79e8d34b25ca61af94dc39d3.jpg', 'active'),
('2009-08-13 20:07:06', '3052e549597b46ee31115e0d6685821d2404', 309, 34, 218, '/images/thumbs/4911deae79e8d34b25ca61af94dc39d3.jpg', 'active'),
('2009-08-17 14:36:01', 'cb4e30682098c2ec2dacdbc295a2b2a27279', 310, 8, 16, 'msjaastad@comcast.net', 'deleted'),
('2009-08-17 14:36:01', 'cb4e30682098c2ec2dacdbc295a2b2a29183', 311, 9, 16, '650-678-9097', 'deleted'),
('2009-08-17 14:36:01', 'cb4e30682098c2ec2dacdbc295a2b2a24080', 312, 11, 16, '923 Mackenzie Drive', 'deleted'),
('2009-08-17 14:36:01', 'cb4e30682098c2ec2dacdbc295a2b2a22847', 313, 15, 16, '94087', 'active'),
('2009-08-20 06:36:20', '4d0229862cb3eff2fd15999395cf356c1998', 314, 33, 216, '/images/searchables/blank_user.gif', 'deleted'),
('2009-08-20 06:36:20', '4d0229862cb3eff2fd15999395cf356c1448', 315, 34, 216, '/images/thumbs/blank_user_thumb.gif', 'deleted'),
('2009-08-20 06:36:36', 'bcbbd0cad8eed99e476b3055e34a6a4d1245', 316, 33, 216, '/images/searchables/ec9a137efa538650acf7f4492a66de1a.jpg', 'deleted'),
('2009-08-20 06:36:36', 'bcbbd0cad8eed99e476b3055e34a6a4d1881', 317, 34, 216, '/images/thumbs/ec9a137efa538650acf7f4492a66de1a.jpg', 'deleted'),
('2009-08-25 08:46:03', 'c9c7a41e4a7036a6aa8fe5247c6ba3415668', 318, 33, 216, '/images/searchables/blank_user.gif', 'deleted'),
('2009-08-25 08:46:03', 'c9c7a41e4a7036a6aa8fe5247c6ba3412699', 319, 34, 216, '/images/thumbs/blank_user_thumb.gif', 'deleted'),
('2009-08-25 08:46:16', 'a2c4adc271dc715b79a047f8a77524b16490', 320, 33, 216, '/images/searchables/360eed43c531e6416e32a199292304b5.jpg', 'active'),
('2009-08-25 08:46:16', 'a2c4adc271dc715b79a047f8a77524b14356', 321, 34, 216, '/images/thumbs/360eed43c531e6416e32a199292304b5.jpg', 'active'),
('2009-08-25 10:12:17', 'ed6ef3f19355beb2b1439cf5cc4b729c2309', 322, 54, 13, '/images/profile/114a1ca92ad2d8f0b130b3b4ae44e5fc.jpg', 'deleted'),
('2009-08-25 10:13:32', '73ee1febd16d8bbecd8a69559e0bd3e28476', 323, 54, 13, '/images/profile/114a1ca92ad2d8f0b130b3b4ae44e5fc.jpg', 'active'),
('2009-08-25 10:13:32', '20a9800bde5943a9fef11591ffe252135455', 324, 54, 13, '/images/profile/19e861dff817dc75413c7241a1a90f37.jpg', 'active'),
('2009-08-25 18:52:42', '93612be8be7ab98ace1945e39a4643f11846', 325, 60, 16, '/images/profile/2d47f38797b3309fed789654b104fec6.jpg', 'deleted'),
('2009-08-25 18:53:07', '3bfa66e18d312f29de873053d70d48152864', 326, 60, 16, '/images/profile/2d47f38797b3309fed789654b104fec6.jpg', 'deleted'),
('2009-08-25 18:53:07', '88a30c7724ca787beee081fd7f6137f18783', 327, 60, 16, '/images/profile/e699b8db873e4b76027ac5b0beb0b031.jpg', 'deleted'),
('2009-08-25 19:56:34', '55886d783d724a45f846286e7cea3d295325', 328, 60, 34, '/images/profile/af11805586632cae2815e029fed8b004.jpg', 'deleted'),
('2009-08-26 12:24:50', '5021b394c88997611c0820ca93dfc7bc277', 329, 59, 16, '/images/profile/60fa9801caa4dd8c06a5f151ea3affcd.jpg', 'active'),
('2009-08-26 12:40:35', '27c6a5e1f7f2ce5bd993bdbbf6e66f8b5405', 330, 35, 210, 'Beta Test Users Club', 'deleted'),
('2009-08-26 12:40:51', '89568e1d1e0e11fa3a6a9a8928e697886196', 331, 8, 210, 'msjaastad@comcast.net', 'active'),
('2009-08-26 12:40:51', '89568e1d1e0e11fa3a6a9a8928e697884766', 332, 9, 210, '650-678-9097', 'active'),
('2009-08-26 12:42:22', '796e65cc5669bbd658b30e7a41a1e1395239', 333, 33, 210, '/images/searchables/e24cc3195c572627f351e4031c0eeaee.jpg', 'deleted'),
('2009-08-26 12:42:22', '796e65cc5669bbd658b30e7a41a1e1391900', 334, 34, 210, '/images/thumbs/ab7cdabeae571d6a6b77d5304bea926f.jpg', 'deleted'),
('2009-08-26 12:42:49', 'e4ecc16434ebae56289cdcb753478b7d3781', 335, 60, 210, '/images/profile/0276faa41e20cac608497b98e7e2e8a1.jpg', 'active'),
('2009-08-26 16:41:08', 'c6de02d9afb9d713b79539093333b1003206', 336, 33, 228, '/images/searchables/d1cc85b9f271c919bcaad5c6e70838cf.jpg', 'deleted'),
('2009-08-26 16:41:08', 'c6de02d9afb9d713b79539093333b1004685', 337, 34, 228, '/images/thumbs/d011e9785bea0d425c77bd13d92248a3.jpg', 'deleted'),
('2009-08-27 17:13:28', '5a440d1b5a24446aaf071005fc3ec2093810', 338, 35, 191, 'FA Azzurri', 'deleted'),
('2009-08-28 06:32:52', '7e08025e3219319e3300d8b212c741f14995', 339, 60, 16, '/images/profile/e699b8db873e4b76027ac5b0beb0b031.jpg', 'deleted'),
('2009-08-28 06:33:27', 'c432cf876403b2e60c0f2e1ff3a670493544', 340, 60, 16, '/images/profile/e699b8db873e4b76027ac5b0beb0b031.jpg', 'deleted'),
('2009-08-28 06:33:27', '4a9e48175dbc1c151f787ee86d1cbfd72736', 341, 60, 16, '/images/profile/842205322ac621cb6b79e590d4b17fda.jpg', 'deleted'),
('2009-08-28 06:34:50', 'd705a7d31b21d8cf70fa9a56c51c40703048', 342, 24, 16, 'MDS Analytical Technologies', 'active'),
('2009-08-28 06:34:50', '57cd7fd20cf7dee2e2f11a68cbcfed777033', 343, 24, 16, 'Vitra Bioscience', 'active'),
('2009-08-28 06:34:50', 'd705a7d31b21d8cf70fa9a56c51c40706019', 344, 25, 16, 'http://www.siliconvalleysoccer.com/', 'active'),
('2009-08-28 09:01:57', 'ca2f99154b9537f4ee5c2645ef60000b8998', 345, 35, 191, 'FA Azzurri', 'deleted'),
('2009-08-30 14:43:27', 'e6e929253f1c713e88f0193a4f03d31a6935', 346, 35, 191, 'FA Azzurri', 'deleted'),
('2009-08-30 14:44:22', 'f879af8ab046b1c083e513521e5e48a37679', 347, 8, 191, 'msjaastad@comcast.net', 'deleted'),
('2009-08-30 14:44:22', 'f879af8ab046b1c083e513521e5e48a37589', 348, 9, 191, '650-678-9097', 'deleted'),
('2009-08-31 09:47:54', 'a892f0ee227327a1a80f75a8d66a84d64912', 349, 8, 212, 'henitz@yahoo.com', 'active'),
('2009-08-31 09:47:54', 'a892f0ee227327a1a80f75a8d66a84d61790', 350, 9, 212, '4088296152', 'active'),
('2009-08-31 09:47:54', 'a892f0ee227327a1a80f75a8d66a84d64214', 351, 10, 212, '4088296152', 'active'),
('2009-08-31 09:47:54', 'a892f0ee227327a1a80f75a8d66a84d65702', 352, 15, 212, '94304', 'active'),
('2009-08-31 09:52:14', '36eb918b185cda0e25b0757c15c41b935866', 353, 24, 212, 'IBM', 'active'),
('2009-09-01 11:52:06', 'eb221aa39fccc79ab2efd0ebeae1d3e72227', 354, 33, 213, '/images/searchables/blank_user.gif', 'deleted'),
('2009-09-01 11:52:06', 'eb221aa39fccc79ab2efd0ebeae1d3e73533', 355, 34, 213, '/images/thumbs/blank_user_thumb.gif', 'deleted'),
('2009-09-01 11:54:00', 'd7204831ffdb069a6814349c84fd453a985', 356, 33, 213, '/images/searchables/de5b34e7e21cb9308ae47e5316c91168.jpg', 'active'),
('2009-09-01 11:54:00', 'd7204831ffdb069a6814349c84fd453a4326', 357, 34, 213, '/images/thumbs/3252e34887508c661366e536f00507e4.jpg', 'active'),
('2009-09-05 19:45:26', 'd6c7bc01a0ed3f4982afa3304933fe458674', 358, 33, 214, '/images/searchables/blank_user.gif', 'active'),
('2009-09-05 19:45:26', 'd6c7bc01a0ed3f4982afa3304933fe45396', 359, 34, 214, '/images/thumbs/blank_user_thumb.gif', 'active'),
('2009-09-10 17:56:23', '4a0470c87bc1eab09a548fdacebef7765952', 360, 8, 228, 'ventura.franc@gmail', 'active'),
('2009-09-10 17:57:52', '2183396bdd7fc7aec44aa445ef8238f18574', 361, 18, 228, '2009', 'active'),
('2009-09-10 18:00:00', 'f02a6f24508a43daa284189cb4645b1d5017', 362, 33, 228, '/images/searchables/44137d81dc077b72f45efd330248fba0.jpg', 'active'),
('2009-09-10 18:00:00', 'f02a6f24508a43daa284189cb4645b1d9361', 363, 34, 228, '/images/thumbs/915946ed5054561ae0edbac80c184d69.jpg', 'active'),
('2009-09-15 14:47:10', '7efe3524e2f6ab81ae3ff09884f4fb011757', 364, 24, 34, 'Pets Friend Animal Clinic', 'active'),
('2009-09-15 14:47:10', '7efe3524e2f6ab81ae3ff09884f4fb01698', 365, 25, 34, 'petsfriendsunnyvale.com', 'active'),
('2009-09-15 14:47:59', '1a290b4461b53d5e1aa4a01a7b820a248219', 366, 60, 34, '/images/profile/af11805586632cae2815e029fed8b004.jpg', 'deleted'),
('2009-09-15 14:49:00', 'ebc05b36b03a1446bc9f39b3f4f3e7049002', 367, 60, 34, '/images/profile/af11805586632cae2815e029fed8b004.jpg', 'active'),
('2009-09-15 14:49:00', '96b0be248b53b93be8c85bba5b1c518c356', 368, 60, 34, '/images/profile/d0c23b3938ecc9e593209d66c99d1f81.jpg', 'active'),
('2009-10-01 08:44:55', 'b1fbc4f4716420ef9fab18ee15a34cfa4771', 369, 33, 215, '/images/searchables/blank_user.gif', 'deleted'),
('2009-10-01 08:44:55', 'b1fbc4f4716420ef9fab18ee15a34cfa2786', 370, 34, 215, '/images/thumbs/blank_user_thumb.gif', 'deleted'),
('2009-10-01 08:45:36', '6690654698d6f5281035274308edc32e9616', 371, 33, 215, '/images/searchables/f9afb243fe0bf3781c3855922508c00b.jpg', 'active'),
('2009-10-01 08:45:36', '6690654698d6f5281035274308edc32e9723', 372, 34, 215, '/images/thumbs/d4bad79b71a4a2e01932123599216388.jpg', 'active'),
('2009-12-06 16:56:14', '7c4a8f3ecc6ae9097d63e691189c27a69769', 373, 35, 191, 'FA Azzurri', 'deleted'),
('2009-12-06 16:56:14', '7c4a8f3ecc6ae9097d63e691189c27a69676', 374, 73, 191, 'http://peninsulasoccerleague.org/sched.php?id=2', 'deleted'),
('2009-12-06 17:02:38', 'b4a8ddd390b76af6588638ed5bcda5759074', 375, 8, 229, 'paiman@siliconvalleysoccer.com', 'active'),
('2009-12-24 10:06:12', '57edb2e77048d9e2fa3eb5e4ddb24f656343', 376, 35, 191, 'FA Azzurri', 'deleted'),
('2009-12-24 10:06:12', '57edb2e77048d9e2fa3eb5e4ddb24f654491', 377, 73, 191, 'http://siliconvalleysoccer.com/league/Coed_Winter_2009/ByTeam.ph', 'deleted'),
('2009-12-24 10:06:25', '49add3f8bbe7b3c57289262ca6b0f2f63424', 378, 8, 191, 'msjaastad@comcast.net', 'deleted'),
('2009-12-24 10:06:25', '49add3f8bbe7b3c57289262ca6b0f2f63649', 379, 9, 191, '650-678-9097', 'deleted'),
('2009-12-24 10:13:11', '623fd84c953597c8c903b989e9b359cd7971', 380, 35, 191, 'FA Azzurri', 'deleted'),
('2009-12-24 10:13:11', '623fd84c953597c8c903b989e9b359cd8908', 381, 73, 191, 'http://siliconvalleysoccer.com/league/Coed_Winter_2009/ByTeam.ph', 'deleted'),
('2009-12-24 10:13:11', '623fd84c953597c8c903b989e9b359cd632', 382, 74, 191, 'Mike Sjaastad', 'deleted'),
('2009-12-24 10:17:27', '4b0826d30f40d92672726fb6a5a150e56429', 383, 35, 191, 'FA Azzurri', 'deleted'),
('2009-12-24 10:17:27', '4b0826d30f40d92672726fb6a5a150e5253', 384, 73, 191, 'http://siliconvalleysoccer.com/league/Coed_Winter_2009/ByTeam.ph', 'deleted'),
('2009-12-24 10:17:27', '4b0826d30f40d92672726fb6a5a150e51977', 385, 74, 191, 'Mike Sjaastad', 'deleted'),
('2009-12-27 15:42:01', '563780145dc3e2a5ea3f572cefdef0769123', 386, 35, 191, 'FA Azzurri', 'deleted'),
('2009-12-27 15:42:01', '563780145dc3e2a5ea3f572cefdef0769686', 387, 73, 191, 'http://siliconvalleysoccer.com/league/Coed_Winter_2009/ByTeam.php?team_id=139', 'deleted'),
('2009-12-27 15:42:01', '563780145dc3e2a5ea3f572cefdef0761064', 388, 74, 191, 'Mike Sjaastad', 'deleted'),
('2009-12-29 16:16:48', '38711e9cfd849f4a10a4b301f56084646259', 389, 78, 16, 'http://siliconvalleysoccer.com/', 'deleted'),
('2009-12-29 16:16:59', '731116d2026d48897978d98f77e71dd78106', 390, 78, 16, 'http://siliconvalleysoccer.com/', 'deleted'),
('2009-12-29 16:19:52', '9cfc52c4125d2f6faa91e6cb820526221752', 391, 78, 191, 'http://siliconvalleysoccer.com/', 'deleted'),
('2009-12-29 16:20:01', 'e05be4dd5c08dd39b47a1374c41d38994441', 392, 78, 191, 'http://siliconvalleysoccer.com/', 'active'),
('2009-12-29 16:29:47', 'aa41380b2c670204369a3f20634d7be66951', 393, 35, 191, 'FA Azzurri', 'deleted'),
('2009-12-29 16:29:47', 'aa41380b2c670204369a3f20634d7be61432', 394, 73, 191, 'http://siliconvalleysoccer.com/league/Coed_Winter_2009/ByTeam.php?team_id=139', 'deleted'),
('2009-12-29 16:29:47', 'aa41380b2c670204369a3f20634d7be66303', 395, 74, 191, 'Mike Sjaastad', 'deleted'),
('2009-12-29 16:52:03', '66bfae855328ff1a46644d9a4fcf7ad67223', 396, 8, 16, 'msjaastad@comcast.net', 'deleted'),
('2009-12-29 16:52:03', '66bfae855328ff1a46644d9a4fcf7ad67207', 397, 9, 16, '650-678-9097', 'deleted'),
('2009-12-29 16:52:03', '66bfae855328ff1a46644d9a4fcf7ad64363', 398, 10, 16, 'did not put tex', 'deleted'),
('2010-01-30 07:34:22', '9426543085bbb13352349856b098b12b197', 399, 33, 240, '/images/searchables/ddfee2497124e1b8155338b48ba7c9ec.jpg', 'deleted'),
('2010-01-30 07:34:22', '9426543085bbb13352349856b098b12b7892', 400, 34, 240, '/images/thumbs/2915e54dd68d4bb6fdb54fba71871126.jpg', 'deleted'),
('2010-01-30 10:26:27', 'c9eb5e6438c04b01e865dbb25b58deb58872', 401, 35, 191, 'FA Azzurri COED WeekNight D1', 'deleted'),
('2010-01-30 10:26:27', 'c9eb5e6438c04b01e865dbb25b58deb5684', 402, 73, 191, 'http://siliconvalleysoccer.com/league/Coed_Winter_2009/ByTeam.php?team_id=139', 'deleted'),
('2010-01-30 10:26:27', 'c9eb5e6438c04b01e865dbb25b58deb56802', 403, 74, 191, 'Mike Sjaastad', 'deleted'),
('2010-01-30 10:26:44', '55576755bde1c749e96aca91e11db94c1959', 404, 35, 191, 'FA Azzurri COED WeekNight D1', 'deleted'),
('2010-01-30 10:26:44', '55576755bde1c749e96aca91e11db94c9387', 405, 73, 191, 'http://siliconvalleysoccer.com/league/Coed_Winter_2009/ByTeam.php?team_id=139', 'deleted'),
('2010-01-30 10:26:44', '55576755bde1c749e96aca91e11db94c1061', 406, 74, 191, 'Mike Sjaastad', 'deleted'),
('2010-01-30 10:28:10', '9444c3963622ae17f878cbec638ac0557143', 407, 35, 208, 'Pulcini COED WeekNight D2', 'deleted'),
('2010-01-30 10:28:24', 'cad7454b15dabc596137718c55a355842531', 408, 35, 208, 'Pulcini COED WeekNight D2', 'deleted'),
('2010-01-30 10:28:24', 'cad7454b15dabc596137718c55a355841227', 409, 74, 208, 'Katie Bushnell', 'deleted'),
('2010-01-30 10:30:14', 'a92ca659710f6eff36acd8d6732959008542', 410, 35, 210, 'Cougars Sunday Womens Team D1', 'active'),
('2010-01-30 10:30:14', 'a92ca659710f6eff36acd8d6732959009029', 411, 74, 210, 'Mandy Pandy', 'active'),
('2010-01-30 10:32:16', 'f218103987f49ca4032b622df4b496279522', 412, 33, 210, '/images/searchables/blank_group.gif', 'deleted'),
('2010-01-30 10:32:16', 'f218103987f49ca4032b622df4b49627524', 413, 34, 210, '/images/thumbs/blank_group_thumb.gif', 'deleted'),
('2010-01-30 10:33:11', '8fdae6e1d82cb991e6d0b21d6d2984cd4052', 414, 33, 210, '/images/searchables/786b770aa951c21eaf387fd58a444aa8.jpg', 'active'),
('2010-01-30 10:33:11', '8fdae6e1d82cb991e6d0b21d6d2984cd8687', 415, 34, 210, '/images/thumbs/c27f5b8715a4495ffbed7d731e6aa001.jpg', 'active'),
('2010-01-30 10:46:39', '3bfdbabee8258fbcdfc60e2342ff3e9b1282', 416, 33, 239, '/images/searchables/581d026e20a09644f6414655aecc3768.jpg', 'active'),
('2010-01-30 10:46:39', '3bfdbabee8258fbcdfc60e2342ff3e9b346', 417, 34, 239, '/images/thumbs/3babcf19332702dabbeb7cfb12e8b364.jpg', 'active'),
('2010-01-30 10:48:53', '3c7207430ac97ee9e5726c502bc1e1187882', 418, 33, 242, '/images/searchables/dd52f6899003760d2a9b9306ede2a4af.jpg', 'deleted'),
('2010-01-30 10:48:53', '3c7207430ac97ee9e5726c502bc1e1188376', 419, 34, 242, '/images/thumbs/00a45279a84105f795d2bfc8c38e70b9.jpg', 'deleted'),
('2010-01-30 10:52:19', '64bfad1c7435fa6203abc8041c1881e28234', 420, 33, 242, '/images/searchables/blank_user.gif', 'deleted'),
('2010-01-30 10:52:19', '64bfad1c7435fa6203abc8041c1881e26043', 421, 34, 242, '/images/thumbs/blank_user_thumb.gif', 'deleted'),
('2010-01-30 10:52:41', '0f2bd7f697bad66880b36e6ff43f25d95511', 422, 33, 242, '/images/searchables/b92c6564af519141ef5234c4c4d21de7.jpg', 'deleted'),
('2010-01-30 10:52:41', '0f2bd7f697bad66880b36e6ff43f25d99428', 423, 34, 242, '/images/thumbs/56cf5f7db36b784d8e408928ad223b28.jpg', 'deleted'),
('2010-01-30 10:57:25', '9be25d6742127eecc280fc6d35d91ea9610', 424, 33, 241, '/images/searchables/bee48bb17fb2a263a53d1c74128f0bd1.jpg', 'active'),
('2010-01-30 10:57:25', '9be25d6742127eecc280fc6d35d91ea94760', 425, 34, 241, '/images/thumbs/a9e2343e9e8599dc360905ce4ac250b7.jpg', 'active'),
('2010-02-03 09:18:30', '872ce0a8fe56e916b699e347102ed8581970', 426, 79, 242, 'test', 'deleted'),
('2010-02-04 19:07:26', 'fefa2e664da5b23aaca8da986a8f348c5572', 427, 82, 240, '1500', 'deleted'),
('2010-02-04 20:31:19', 'ae020e3788c455dbd95b16533e4900411951', 428, 79, 241, 'test', 'deleted'),
('2010-02-04 20:31:19', 'ae020e3788c455dbd95b16533e4900413036', 429, 82, 241, '1200', 'deleted'),
('2010-02-04 20:38:47', 'a35f9440cac4be2856688b8285eb36249329', 430, 35, 240, 'testing', 'deleted'),
('2010-02-04 20:40:06', '2be593328554276f45c109bbb1a109057538', 431, 35, 240, 'Weeknight Coed - Palo ALto', 'deleted'),
('2010-02-04 20:42:17', 'dd96b0979e7e46188c90e9bbed252b409701', 432, 35, 240, 'Weeknight Coed - Palo Alto', 'deleted'),
('2010-02-04 20:42:21', '11afc5215453dc3a4aacdb8e98fc5c815893', 433, 35, 240, 'Weeknight Coed - Palo Alto', 'active'),
('2010-02-04 20:43:06', '754f99784807f27fb46f8aa9b40af45b364', 434, 35, 241, 'Weeknight Coed - San Jose', 'deleted'),
('2010-02-04 20:43:14', '850a1c635ad72cef9bde946b8aa9a45b4136', 435, 35, 241, 'Weeknight Coed - San Jose', 'active'),
('2010-02-05 14:41:49', '53214cefea0b1c1385375532c0d7f8139588', 436, 35, 239, 'Silicon Valley Soccer Association', 'deleted'),
('2010-02-05 15:00:14', '7e69149ca3440a6263af72688f24a8f65537', 437, 8, 191, 'msjaastad@comcast.net', 'active'),
('2010-02-05 15:00:14', '7e69149ca3440a6263af72688f24a8f68917', 438, 9, 191, '650-678-9097', 'deleted'),
('2010-02-05 15:01:20', '76b9dfa4411b86c741599f35f6f51fe07976', 439, 35, 191, 'FA Azzurri COED WeekNight D1', 'deleted'),
('2010-02-05 15:01:20', '76b9dfa4411b86c741599f35f6f51fe03129', 440, 73, 191, 'http://siliconvalleysoccer.com/league/Coed_Winter_2009/ByTeam.php?team_id=139', 'deleted'),
('2010-02-05 15:01:20', '76b9dfa4411b86c741599f35f6f51fe01718', 441, 74, 191, 'Mike Sjaastad', 'deleted'),
('2010-02-05 15:02:37', '06609cf23285e70f176b1e79d04d242c9200', 442, 79, 239, 'Home network page for SVSA', 'deleted'),
('2010-02-05 15:02:37', '06609cf23285e70f176b1e79d04d242c851', 443, 82, 239, '2000', 'deleted'),
('2010-02-05 15:02:37', '06609cf23285e70f176b1e79d04d242c6652', 444, 83, 239, 'winter', 'deleted'),
('2010-02-05 15:02:56', 'b36b4855ea64d3ffa55c308923963e44709', 445, 35, 239, 'Silicon Valley Soccer Association', 'active'),
('2010-02-05 15:05:30', '99be3098908c8c3384af1054f2dd80843586', 446, 79, 239, 'Silicon Valley Soccer Association', 'deleted'),
('2010-02-05 15:05:30', '99be3098908c8c3384af1054f2dd80845803', 447, 82, 239, '2000', 'deleted'),
('2010-02-05 15:05:30', '99be3098908c8c3384af1054f2dd80848258', 448, 83, 239, 'winter', 'deleted'),
('2010-02-05 15:07:13', '5bcce5a21c3f0445bd62d5cd6cfd61c73883', 449, 79, 240, 'Weeknight Coed - Palo Alto', 'active'),
('2010-02-05 15:07:13', '5bcce5a21c3f0445bd62d5cd6cfd61c74637', 450, 82, 240, '1500', 'active'),
('2010-02-05 15:10:58', '5e737b554cced37f8873d70ec0a44f5f1539', 451, 78, 16, 'http://siliconvalleysoccer.com/fields.php', 'active'),
('2010-02-05 16:13:55', '9cb6825ebd3cad615e83fbaee2923cb13783', 452, 79, 239, 'Silicon Valley Soccer Association', 'deleted'),
('2010-02-05 16:13:55', '9cb6825ebd3cad615e83fbaee2923cb14298', 453, 82, 239, '$2000', 'deleted'),
('2010-02-08 10:13:19', 'a5ad17646e8cec806d3892025716a09e142', 454, 33, 188, '/images/searchables/eff7d653662034991011fb03243d275f.jpg', 'active'),
('2010-02-08 10:13:19', 'a5ad17646e8cec806d3892025716a09e7813', 455, 34, 188, '/images/thumbs/09e1dc6b5c6d41ee112ee897ee2a6cff.jpg', 'active'),
('2010-02-08 12:36:45', '23afa120b2674e473a5fdb7b0f0b61738642', 456, 8, 16, 'msjaastad@comcast.net', 'deleted'),
('2010-02-08 12:36:45', '23afa120b2674e473a5fdb7b0f0b61739771', 457, 9, 16, '650-678-9097', 'deleted'),
('2010-02-08 12:40:36', '7a655ff7db6a8e63fae661399d92bd2d2932', 458, 79, 242, 'Sunday Womenss League', 'deleted'),
('2010-02-08 12:41:23', 'f91ae2ebe53ea611f45b9482b9e9c0985345', 459, 79, 242, 'Sunday Womens League', 'deleted'),
('2010-02-08 12:41:42', '0a508003a3a09e4ea510b4ee1fea120c7926', 460, 79, 242, 'Sunday Womens League', 'deleted'),
('2010-02-08 12:41:42', '0a508003a3a09e4ea510b4ee1fea120c3600', 461, 82, 242, '$1500', 'deleted'),
('2010-02-08 13:57:37', 'd48b2c2aaddc859c7d7f5ab91ab11fa94220', 462, 79, 241, 'test', 'active'),
('2010-02-08 13:57:37', 'd48b2c2aaddc859c7d7f5ab91ab11fa9298', 463, 82, 241, '1200', 'active'),
('2010-02-08 13:58:13', 'ea1956f2376dd3cef203bee974e6a05c8831', 464, 35, 191, 'FA Azzurri COED WeekNight D1', 'deleted'),
('2010-02-08 13:58:13', 'ea1956f2376dd3cef203bee974e6a05c3263', 465, 73, 191, 'http://siliconvalleysoccer.com/league/Coed_Winter_2009/ByTeam.php?team_id=139', 'deleted'),
('2010-02-08 13:58:13', 'ea1956f2376dd3cef203bee974e6a05c9819', 466, 74, 191, 'Mike Sjaastad', 'deleted'),
('2010-02-08 14:46:42', '2924ec4b9d61ed8c6f1a42f21467a7229309', 467, 35, 188, 'Chess Club', 'deleted'),
('2010-02-12 00:00:51', 'b65ee32ea93e160a505bf067952e5fdf7088', 468, 35, 248, 'Matt''s Test Team', 'active'),
('2010-02-13 09:33:48', '4645085d09040ef86b0fb3a4d49000b07514', 469, 35, 249, 'Women''s Team 2 Los Cougaros', 'deleted'),
('2010-02-15 15:00:38', '9bdc8b183d9b0141df55264ad038f01a6304', 470, 35, 251, 'test group', 'active'),
('2010-02-25 13:00:34', 'f8e93c5b4a1d135b68c674def662217c8978', 471, 35, 252, 'test group 2', 'active');
INSERT INTO `profile_widget_field_text` (`created`, `ikey`, `id`, `profile_widget_field_id`, `searchable_id`, `value`, `status`) VALUES
('2010-02-26 11:48:39', '1c793977f4ed45738846014ab54004415981', 472, 35, 191, 'FA Azzurri COED WeekNight D1', 'deleted'),
('2010-02-26 11:48:39', '1c793977f4ed45738846014ab54004412968', 473, 73, 191, 'http://siliconvalleysoccer.com/league/Coed_Spring_PA_2010/ByTeam.php?team_id=140', 'deleted'),
('2010-02-26 11:48:39', '1c793977f4ed45738846014ab54004416897', 474, 74, 191, 'Mike Sjaastad', 'deleted'),
('2010-02-26 13:19:28', 'f10e6ea054e273be7905d77f415b53b05583', 475, 33, 229, '/images/searchables/9a4d6d0c43576d4853d602ad26eecdfb.jpg', 'active'),
('2010-02-26 13:19:28', 'f10e6ea054e273be7905d77f415b53b07224', 476, 34, 229, '/images/thumbs/439f421296508c1e6efa4bacf1af6bf8.jpg', 'active'),
('2010-02-26 13:44:54', '0dc49f45c1c57b6a9b4b5b3e75f36f4f9370', 477, 8, 16, 'msjaastad@comcast.net', 'deleted'),
('2010-02-26 13:44:54', '0dc49f45c1c57b6a9b4b5b3e75f36f4f5178', 478, 9, 16, '650-678-9097', 'deleted'),
('2010-02-26 13:44:54', '0dc49f45c1c57b6a9b4b5b3e75f36f4f7780', 479, 10, 16, '650-678-9097', 'deleted'),
('2010-02-26 14:09:12', 'f117a78e765d05ae8badd36b93c0df923368', 480, 79, 242, 'Sunday Womens League', 'active'),
('2010-02-26 14:09:12', 'f117a78e765d05ae8badd36b93c0df923499', 481, 82, 242, '$1500', 'deleted'),
('2010-02-26 14:58:20', '5e2b6c13edd18384d32076d0fa6536447392', 482, 87, 191, 'Hey Everyone don''t forget the game tonight...', 'deleted'),
('2010-02-26 15:15:23', 'ee1944dcbdf612458733fcf454d8cb866463', 483, 87, 208, 'Season Starts the week of March 1!!!!!!!!', 'deleted'),
('2010-03-06 14:58:58', 'cb8a8ed1bb850672491359e68ebffbec138', 484, 33, 243, '/images/searchables/blank_user.gif', 'deleted'),
('2010-03-06 14:58:58', 'cb8a8ed1bb850672491359e68ebffbec1300', 485, 34, 243, '/images/thumbs/blank_user_thumb.gif', 'deleted'),
('2010-03-06 15:02:30', '1c1c1af87f3901c7169c736e7c5d0f206084', 486, 33, 243, '/images/searchables/2f8fb8301f4d8c57abab5806b5eeb39a.jpg', 'deleted'),
('2010-03-06 15:02:30', '1c1c1af87f3901c7169c736e7c5d0f206524', 487, 34, 243, '/images/thumbs/768671b3a79562273c79fcacce21ae7a.jpg', 'deleted'),
('2010-03-08 13:27:09', '16ef5b6f352c7102dd9dbf06f98aee974366', 488, 33, 243, '/images/searchables/06b0b9e1a940b08040258766194372a5.jpg', 'deleted'),
('2010-03-08 13:27:09', '16ef5b6f352c7102dd9dbf06f98aee972260', 489, 34, 243, '/images/thumbs/575ae49cd3e31b3ff1f5e53201ca2ebc.jpg', 'deleted'),
('2010-03-08 13:30:44', 'e04374a2e63040c1cf093e5568d424b28199', 490, 33, 244, '/images/searchables/b2f005ecba2bf51449f24ad3c0d0d59a.jpg', 'deleted'),
('2010-03-08 13:30:44', 'e04374a2e63040c1cf093e5568d424b24217', 491, 34, 244, '/images/thumbs/de41ced2111d28537e812df3a63f8ac6.jpg', 'deleted'),
('2010-03-08 13:49:29', '552bb28101f09f3e81a74430bb207a056486', 492, 33, 244, '/images/searchables/blank_user.gif', 'deleted'),
('2010-03-08 13:49:29', '552bb28101f09f3e81a74430bb207a059782', 493, 34, 244, '/images/thumbs/blank_user_thumb.gif', 'deleted'),
('2010-03-08 13:53:14', '9ae15bf7f97de2e30fe88662bec750689452', 494, 33, 244, '/images/searchables/e7ab7879181c87558cb6f1b94b97d14f.jpg', 'deleted'),
('2010-03-08 13:53:14', '9ae15bf7f97de2e30fe88662bec750687913', 495, 34, 244, '/images/thumbs/f72c4a221d81f79c63642ac496873ac9.jpg', 'deleted'),
('2010-03-08 15:09:24', '59b6bc9c7670342c447a39d3bb7dc6321209', 496, 33, 245, '/images/searchables/a5505993bdcbe53de790c706b2eb1612.jpg', 'deleted'),
('2010-03-08 15:09:24', '59b6bc9c7670342c447a39d3bb7dc6322306', 497, 34, 245, '/images/thumbs/84875e6ae19d75596a8424c6fe169875.jpg', 'deleted'),
('2010-03-08 15:16:39', '1a1c3ebb9ed40ddfe410d478008f26037900', 498, 33, 246, '/images/searchables/a1a3b819135489aa923eaeaee6426cbf.jpg', 'deleted'),
('2010-03-08 15:16:39', '1a1c3ebb9ed40ddfe410d478008f26032587', 499, 34, 246, '/images/thumbs/179815933a98633de64d4c1fa5ead6f9.jpg', 'deleted'),
('2010-03-09 09:39:48', 'aad672cafb542307db8e3a69ef94ba369233', 500, 33, 16, '/images/searchables/17467a98fd3b76d7da94f9b7c1e9c6cc.jpg', 'deleted'),
('2010-03-09 09:39:48', 'aad672cafb542307db8e3a69ef94ba368404', 501, 34, 16, '/images/thumbs/0e1f9ca587cf9bce6eb203f7de13910a.jpg', 'deleted'),
('2010-03-09 12:07:40', '646cb20ebae6cdfc5e2ad6cafca075cb4323', 502, 33, 16, '/images/searchables/874b084c4e0f7472c62a5350d579316d.jpg', 'active'),
('2010-03-09 12:07:40', '646cb20ebae6cdfc5e2ad6cafca075cb6402', 503, 34, 16, '/images/thumbs/53373ed1602696de02cc91396eb33c9f.jpg', 'active'),
('2010-03-09 13:59:58', '5015483fcb0e824501aba9c8e2dbf0469040', 504, 33, 250, '/images/searchables/4dc291a8dd1a6edcdd023e8676c57db3.jpg', 'deleted'),
('2010-03-09 13:59:58', '5015483fcb0e824501aba9c8e2dbf0465994', 505, 34, 250, '/images/thumbs/398270e73727124399d85498dadbc2a1.jpg', 'deleted'),
('2010-03-09 14:21:15', '0eda47c147c89d589843ff6f36f105c52852', 506, 33, 243, '/images/searchables/9f3d3c3aadd0269232fe54e26da7d023.jpg', 'deleted'),
('2010-03-09 14:21:15', '0eda47c147c89d589843ff6f36f105c56275', 507, 34, 243, '/images/thumbs/d0af166c7189cd55b0b041127247e03d.jpg', 'deleted'),
('2010-03-10 10:57:06', '8d7c23845f55500af44c3bf3edb790e22820', 508, 33, 244, '/images/searchables/657ce6ac389af43ecacda7602108fefc.jpg', 'active'),
('2010-03-10 10:57:06', '8d7c23845f55500af44c3bf3edb790e25272', 509, 34, 244, '/images/thumbs/9c63772a11d9bd910a0846c76f044849.jpg', 'active'),
('2010-03-10 10:58:11', '81c991befc26d594d95f4eec2cc5a6527904', 510, 33, 245, '/images/searchables/8338c7f6df7431c3c63bb6044e359d9e.jpg', 'active'),
('2010-03-10 10:58:11', '81c991befc26d594d95f4eec2cc5a6523704', 511, 34, 245, '/images/thumbs/227304a5ada1a5207e45ec3484fbdf22.jpg', 'active'),
('2010-03-10 10:59:03', 'de3d301084c5b9710fc155ab00b619bd4807', 512, 33, 246, '/images/searchables/45e05993a7fac2910ef36e39d2e30a6e.jpg', 'active'),
('2010-03-10 10:59:03', 'de3d301084c5b9710fc155ab00b619bd2921', 513, 34, 246, '/images/thumbs/3914c028f72d0d660f251b8475947913.jpg', 'active'),
('2010-03-10 11:00:20', '08f3272b679f3dc54e1d7ece4d3294b1186', 514, 33, 247, '/images/searchables/2106c514af3df2a207f5728f325aa43f.jpg', 'active'),
('2010-03-10 11:00:20', '08f3272b679f3dc54e1d7ece4d3294b12166', 515, 34, 247, '/images/thumbs/af6682d12aad25bac55db5ff908e2ea5.jpg', 'active'),
('2010-03-10 11:01:38', '99d44ab5db3255cc3d0ce91e97cb56ea271', 516, 33, 250, '/images/searchables/59b21ce50cdcf6c6d3819a558fd74be4.jpg', 'deleted'),
('2010-03-10 11:01:38', '99d44ab5db3255cc3d0ce91e97cb56ea4854', 517, 34, 250, '/images/thumbs/42be9264aef6f92e390c6d0142db9ba1.jpg', 'deleted'),
('2010-03-10 13:09:04', '3090d41b406144639bddc8be53c335f33461', 518, 33, 250, '/images/searchables/75052f16a05ae9097369601cd0f807c2.jpg', 'active'),
('2010-03-10 13:09:04', '3090d41b406144639bddc8be53c335f32742', 519, 34, 250, '/images/thumbs/399d71c02afb8d630989751359dd3580.jpg', 'active'),
('2010-03-10 16:18:31', '0ded489d48261c6ec5e4cc35e0dd7b5f3325', 520, 35, 208, 'Pulcini COED WeekNight D2', 'deleted'),
('2010-03-10 16:18:31', '0ded489d48261c6ec5e4cc35e0dd7b5f8400', 521, 73, 208, 'http://siliconvalleysoccer.com/league/Coed_Spring_PA_2010/ByTeam.php?team_id=139', 'deleted'),
('2010-03-10 16:18:31', '0ded489d48261c6ec5e4cc35e0dd7b5f2028', 522, 74, 208, 'Katie Bushnell', 'deleted'),
('2010-03-10 16:22:19', '8aab69b2bf5e690d8569a60e62d95f114935', 523, 8, 208, 'msjaastad@comcast.net', 'active'),
('2010-03-14 13:19:06', 'ce2fb338e620ad22d159b9eb793492848592', 524, 8, 16, 'msjaastad@comcast.net', 'deleted'),
('2010-03-14 13:19:06', 'ce2fb338e620ad22d159b9eb793492848158', 525, 9, 16, '650-678-9097', 'deleted'),
('2010-03-14 13:19:06', 'ce2fb338e620ad22d159b9eb793492845014', 526, 10, 16, '408 245-2166', 'deleted'),
('2010-04-11 16:06:00', '7a845ef26192ac9ab9a83de586494c64596', 527, 8, 254, 'jason@novaurora.com', 'active'),
('2010-04-12 16:31:22', '54e609fe39e300f775d99e41523284097934', 528, 88, 240, 'Weeknight Coed', 'deleted'),
('2010-04-12 16:35:05', '8566fcf6e4fa96127f2d0a54fa570c7f7887', 529, 88, 240, 'See Divisions below...', 'active'),
('2010-04-12 16:40:29', 'b5d551bff1ed72d235932a983db1b3f55634', 530, 88, 243, 'Palo Alto D1A', 'active'),
('2010-04-12 16:40:44', '2b97f9987350ac054a31d25fe5975f5d4506', 531, 79, 243, 'Weeknight Coed', 'active'),
('2010-04-12 16:44:48', 'eedc577e4ef5b5747aece26d694665dd5627', 532, 79, 239, 'COED, MEN''S, OVER 50 and others!', 'deleted'),
('2010-04-12 16:45:37', '3b56bddafd7949c8ceaf0e88e84e17eb4617', 533, 88, 239, 'Premier, 1A, 1B, 2a, FUN', 'active'),
('2010-04-12 16:46:48', 'af8ca2ba5294c5d94a2f00a0984aa1a66205', 534, 79, 239, 'COED, WOMEN, MEN''S, OVER 50 and others!', 'active'),
('2010-04-14 09:39:05', '7c4daa37aeace7b2b393d0ee9b63ab5c7176', 535, 35, 255, 'test', 'active'),
('2010-04-14 09:41:41', '42526e6b6e7bb83006b81f0d15d84a397263', 536, 88, 250, 'Womens Div. 2A', 'active'),
('2010-05-11 18:32:21', 'eb3e8c12af7ea7b4cc58609ba9308a0f4787', 537, 8, 16, 'msjaastad@comcast.net', 'deleted'),
('2010-05-11 18:32:21', 'eb3e8c12af7ea7b4cc58609ba9308a0f2147', 538, 9, 16, '650-678-9097', 'deleted'),
('2010-05-11 18:32:21', 'eb3e8c12af7ea7b4cc58609ba9308a0f6373', 539, 10, 16, '408 245-2166', 'deleted'),
('2010-05-11 18:33:02', 'c19f826a50c217400b4bb0b05b91e0d55424', 540, 8, 16, 'msjaastad@comcast.net', 'active'),
('2010-05-11 18:33:02', 'c19f826a50c217400b4bb0b05b91e0d58002', 541, 9, 16, '650-678-9097', 'deleted'),
('2010-05-11 18:33:02', 'c19f826a50c217400b4bb0b05b91e0d53739', 542, 10, 16, '408 245-2166', 'deleted'),
('2010-05-16 15:54:08', '73cb30f6aa86b9fb272234e462d4c05c4686', 543, 9, 16, '650-678-9097', 'deleted'),
('2010-05-16 15:54:08', '73cb30f6aa86b9fb272234e462d4c05c2214', 544, 10, 16, '408 245-2166', 'deleted'),
('2010-05-16 15:54:08', '73cb30f6aa86b9fb272234e462d4c05c7011', 545, 93, 16, 'msjaastad@comcast.net', 'deleted'),
('2010-05-16 16:35:26', '5aaf88e426856e9e3474635f58c5290f8414', 546, 9, 191, '650-678-9097', 'deleted'),
('2010-05-16 16:35:26', '5aaf88e426856e9e3474635f58c5290f1037', 547, 93, 191, 'msjaastad@comcast.net', 'deleted'),
('2010-05-16 16:37:02', 'c92b47bb0a913c8dcbfe95eda7ef4bd19939', 548, 35, 191, 'FA Azzurri COED WeekNight D1A', 'deleted'),
('2010-05-16 16:37:02', 'c92b47bb0a913c8dcbfe95eda7ef4bd16590', 549, 74, 191, 'Mike Sjaastad', 'deleted'),
('2010-05-16 16:37:43', '645facf9bc3eb42858f4ffdb8e78b88c3130', 550, 73, 191, 'http://siliconvalleysoccer.com/league/Coed_Spring_PA_2010/ByTeam.php?team_id=140', 'deleted'),
('2010-05-16 16:41:15', 'fb4a1f2cd52b5c55f34ee9b66d1539135880', 551, 35, 208, 'Pulcini COED WeekNight D2', 'deleted'),
('2010-05-16 16:41:15', 'fb4a1f2cd52b5c55f34ee9b66d15391311', 552, 73, 208, 'http://siliconvalleysoccer.com/league/Coed_Winter_2009/ByTeam.ph', 'deleted'),
('2010-05-16 16:41:15', 'fb4a1f2cd52b5c55f34ee9b66d1539132411', 553, 74, 208, 'Katie Bushnell', 'deleted'),
('2010-05-16 16:46:22', 'b1a8b536f7f6a3b5f93b8ce637d5a1932024', 554, 94, 16, 'Chicago', 'deleted'),
('2010-05-16 16:47:01', '38d47df34e2cd7c2e8bd0d51e2d78e4a2886', 555, 9, 16, '650-678-9097', 'deleted'),
('2010-05-16 16:47:01', '38d47df34e2cd7c2e8bd0d51e2d78e4a8359', 556, 10, 16, '408 245-2166', 'deleted'),
('2010-05-16 16:47:01', '38d47df34e2cd7c2e8bd0d51e2d78e4a3140', 557, 93, 16, 'msjaastad@comcast.net', 'deleted'),
('2010-05-16 16:56:37', 'cfa27d865066e5eb422af786915a7f5d622', 558, 35, 191, 'FA Azzurri COED WeekNight D1A', 'deleted'),
('2010-05-16 17:00:29', '574c5aa561aecd7cfd0f45737c3390f63688', 559, 35, 191, 'FA Azzurri COED WeekNight D1', 'deleted'),
('2010-05-16 17:01:01', '9e6ea831b321afdb62dd51b4b726bb6e6574', 560, 73, 191, 'http://siliconvalleysoccer.com/league/Coed_Spring_PA_2010/ByTeam.php?team_id=139', 'deleted'),
('2010-05-16 17:10:10', 'df2fe1e97cdf20ce36b186df74f39d171809', 561, 33, 240, '/images/searchables/ba37f14e4fb773003644d4fbe6bb1ea0.jpg', 'active'),
('2010-05-16 17:10:10', 'df2fe1e97cdf20ce36b186df74f39d179321', 562, 34, 240, '/images/thumbs/2537474f7d2467c5129dc4639acc9aac.jpg', 'active'),
('2010-05-16 17:14:33', 'a8250897a90038bd30274cfa15fb2da91179', 563, 33, 242, '/images/searchables/blank_user.gif', 'deleted'),
('2010-05-16 17:14:33', 'a8250897a90038bd30274cfa15fb2da97930', 564, 34, 242, '/images/thumbs/blank_user_thumb.gif', 'deleted'),
('2010-05-16 17:21:44', 'dcf5f3bc54008293eda0245718df2f086116', 565, 33, 242, '/images/searchables/015b02eea33ddacc31f28f2b6f05e950.jpg', 'deleted'),
('2010-05-16 17:21:44', 'dcf5f3bc54008293eda0245718df2f086791', 566, 34, 242, '/images/thumbs/1c31e56b3641576c4fae66daadf7751d.jpg', 'deleted'),
('2010-05-16 17:25:08', 'b55d2494309da84f916a313294bfe7815606', 567, 33, 242, '/images/searchables/blank_user.gif', 'deleted'),
('2010-05-16 17:25:08', 'b55d2494309da84f916a313294bfe7817655', 568, 34, 242, '/images/thumbs/blank_user_thumb.gif', 'deleted'),
('2010-05-16 17:25:26', '1d2e7c466753c5777f20f68eaee07f171461', 569, 33, 242, '/images/searchables/ff87e43dedafe24660a279added555c4.jpg', 'active'),
('2010-05-16 17:25:26', '1d2e7c466753c5777f20f68eaee07f174335', 570, 34, 242, '/images/thumbs/753fcfdc52e551f669e7ce579baf8a4c.jpg', 'active'),
('2010-05-16 17:27:46', '94330807d2d7c2baed2868f2db3a05a17292', 571, 35, 249, 'Los Cougaros', 'deleted'),
('2010-05-16 17:28:15', '214e8390695bd2b970acdf861b1067113457', 572, 33, 249, '/images/searchables/87eef72ae03cad26a3c8a91b47ca9669.jpg', 'active'),
('2010-05-16 17:28:15', '214e8390695bd2b970acdf861b1067115408', 573, 34, 249, '/images/thumbs/7cf3028a9055f0b9ba6794c3b5d24442.jpg', 'active'),
('2010-05-16 17:28:30', '24d952334bd81d91bbdc34b2b79be92c6669', 574, 35, 249, 'Los Cougaros', 'deleted'),
('2010-05-16 17:28:58', '496b81bac3030e3db57ad834e8e27a837124', 575, 87, 249, 'need more members, I can''t do this alone!', 'active'),
('2010-05-16 17:29:52', '1a221086852df93438a66c71526cc4e45611', 576, 93, 249, 'msjaastad@comcast.net', 'active'),
('2010-05-16 17:48:23', 'dc26e815ab62a2706074d6b6fcf30c2d6683', 577, 35, 191, 'FA Azzurri COED WeekNight D1A', 'deleted'),
('2010-05-16 17:48:23', 'dc26e815ab62a2706074d6b6fcf30c2d6582', 578, 74, 191, 'Mike Sjaastad', 'deleted'),
('2010-05-17 09:11:49', '421feefa45303a682cd6b038587a93a12862', 579, 35, 188, 'KISS', 'deleted'),
('2010-05-17 09:29:06', '9405728b3997b525ac14b7061e72f8734561', 580, 35, 188, 'new name', 'deleted'),
('2010-05-17 09:29:06', '9405728b3997b525ac14b7061e72f8734222', 581, 73, 188, 'http://www.mattsnider.com', 'deleted'),
('2010-05-17 09:29:06', '9405728b3997b525ac14b7061e72f8737425', 582, 74, 188, 'I am', 'deleted'),
('2010-05-17 11:52:20', '6c50741d9bd61ae108dd679f7e568c774460', 583, 94, 16, 'Chicago', 'deleted'),
('2010-05-17 11:54:35', '7b5d192ae3d1571d7fc82e2262e8819c26', 584, 82, 243, '$1585', 'active'),
('2010-05-17 11:59:04', 'db282777688255630ea15b2005f430576746', 585, 35, 191, 'FA Azzurri', 'deleted'),
('2010-05-17 16:24:25', '2b5645cfc82769493056f408fcd3dd673655', 586, 9, 16, '650-678-9097', 'deleted'),
('2010-05-17 16:24:25', '2b5645cfc82769493056f408fcd3dd678034', 587, 93, 16, 'msjaastad@comcast.net', 'deleted'),
('2010-05-17 16:42:18', 'a872437748f04325ec85a54b977064aa9207', 588, 98, 16, 'scientist', 'deleted'),
('2010-05-18 08:38:12', '1d4cd32d9b8448fbdd2c9f4026f587e31936', 589, 98, 16, 'slacker', 'deleted'),
('2010-05-18 08:44:04', '7c0330bc6a296f4d1a8e2466117be0ff2055', 590, 87, 191, 'Hey Everyone don''t forget the game tonight...', 'deleted'),
('2010-05-18 08:45:54', '9d1653fd11e14fa4b3b274f8ecc5cc1f4468', 591, 87, 191, 'Game Cancelled!!', 'deleted'),
('2010-05-18 12:12:38', 'cc9e0e58d745be6b3f2673e27ecdfd076176', 592, 35, 191, 'jjjjj', 'deleted'),
('2010-05-18 13:11:04', '02a423a060eb7d784d7d0c8977992a627477', 593, 74, 208, 'Katie Bushnell', 'active'),
('2010-05-20 10:06:36', 'b2a035fb8dedffc6127cf9a3b52c35aa8857', 594, 94, 16, 'Chicago', 'deleted'),
('2010-05-20 10:06:36', 'b2a035fb8dedffc6127cf9a3b52c35aa1855', 595, 98, 16, 'unemployed', 'deleted'),
('2010-05-20 11:31:59', '919d0bc6822f642ab5a76418e307ed252704', 596, 87, 208, 'Season Starts the week of May 21st!!!!!', 'active'),
('2010-05-20 11:32:55', '5df14df790dcb4900991832c34b9abaf7952', 597, 9, 208, '123-456-7890', 'active'),
('2010-05-20 11:32:55', '5df14df790dcb4900991832c34b9abaf1649', 598, 93, 208, 'katie@msn.com', 'active'),
('2010-05-20 11:52:54', '375af1d09ae0692da8f1b74c66f736254390', 599, 35, 191, 'FA Azzurri COED WeekNight D1A', 'deleted'),
('2010-05-22 21:15:37', '61bb597a4e1ee13583b8a7744e6155027003', 600, 94, 13, 'Pleasanton', 'deleted'),
('2010-05-22 21:15:37', '61bb597a4e1ee13583b8a7744e6155021844', 601, 98, 13, 'Terrorista', 'deleted'),
('2010-05-22 21:15:56', 'ab937a0308c0d66687cae33cb385ccd98209', 602, 9, 13, '9259982004', 'deleted'),
('2010-05-22 21:15:56', 'ab937a0308c0d66687cae33cb385ccd95517', 603, 11, 13, '3351 Alma St.', 'deleted'),
('2010-05-22 21:15:56', 'ab937a0308c0d66687cae33cb385ccd92959', 604, 93, 13, 'mattesnider@gmail.com', 'deleted'),
('2010-05-22 21:18:33', '38daba96a8873345957160d0bf5993c88240', 605, 9, 188, '9259982004', 'active'),
('2010-05-22 21:18:33', '38daba96a8873345957160d0bf5993c82326', 606, 11, 188, '1234 onetwothreefour st', 'active'),
('2010-05-22 21:18:48', '912e61539c9dcb6bc258f0ac19380bf26906', 607, 87, 188, 'The sky is falling', 'active'),
('2010-05-23 15:34:45', '7bb252bbb086e431a7379fd3fa8be3347554', 608, 94, 16, 'Chicago', 'deleted'),
('2010-05-23 15:34:45', '7bb252bbb086e431a7379fd3fa8be3347052', 609, 98, 16, 'scientist', 'deleted'),
('2010-05-23 15:41:17', '5d7199f7a70623a463810eb0f62ef4f72598', 610, 9, 16, '1111111111', 'deleted'),
('2010-05-23 15:41:17', '5d7199f7a70623a463810eb0f62ef4f71833', 611, 10, 16, '2222222222', 'deleted'),
('2010-05-23 15:41:17', '5d7199f7a70623a463810eb0f62ef4f71372', 612, 11, 16, '923 Mackenzie Drive', 'deleted'),
('2010-05-23 15:41:17', '5d7199f7a70623a463810eb0f62ef4f71359', 613, 93, 16, 'msjaastad@gmail.com', 'deleted'),
('2010-05-23 15:42:37', 'c08dde85278736fe8c475a35061867f22680', 614, 9, 16, '(650) 678-9097', 'deleted'),
('2010-05-23 15:42:37', 'c08dde85278736fe8c475a35061867f29324', 615, 10, 16, '(408) 245-2166', 'active'),
('2010-05-23 15:42:37', 'c08dde85278736fe8c475a35061867f28580', 616, 11, 16, '923 Mackenzie Drive', 'deleted'),
('2010-05-23 15:42:37', 'c08dde85278736fe8c475a35061867f24929', 617, 93, 16, 'msjaastad@comcast.net', 'deleted'),
('2010-05-23 15:42:56', 'a5bbad365b15f53468db6502c58fda6b8903', 618, 94, 16, 'Chicago', 'deleted'),
('2010-05-23 15:43:12', 'cd51e84ef1a4f46217af953d5665fd509732', 619, 94, 16, 'Chicago', 'deleted'),
('2010-05-27 16:24:43', '229b3a2ab25b3a051ba6cd7673ee05b01951', 620, 94, 16, 'Chicago', 'deleted'),
('2010-05-27 16:24:43', '229b3a2ab25b3a051ba6cd7673ee05b0557', 621, 98, 16, 'Diaper Changer', 'deleted'),
('2010-05-27 16:39:30', 'e65bf0b22d9fe5423f6fd07ac36939e66932', 622, 35, 191, 'FA Azzurri COED WeekNight D1A', 'deleted'),
('2010-05-27 16:39:30', 'e65bf0b22d9fe5423f6fd07ac36939e62992', 623, 74, 191, 'Mike Sjaastad', 'deleted'),
('2010-06-27 22:51:23', '042d64afbf6e0bc6e1a135d4888e0b5a4160', 624, 33, 256, '/images/searchables/0d221ddc116d6510b78978b25a5123c5.jpg', 'active'),
('2010-06-27 22:51:23', '042d64afbf6e0bc6e1a135d4888e0b5a1824', 625, 34, 256, '/images/thumbs/22b1538416774630bbf1c86ff8069842.jpg', 'active'),
('2010-07-15 17:49:58', '27603f418737d3cfebbfd848ca021ce06639', 626, 35, 267, 'BriteLine Medical Inc.', 'active'),
('2010-07-19 11:59:02', '27979bcbce662839949a785034d9f2be7725', 627, 35, 188, 'new name', 'deleted'),
('2010-07-19 11:59:02', '27979bcbce662839949a785034d9f2be8710', 628, 73, 188, 'http://www.mattsnider.com', 'deleted'),
('2010-07-19 11:59:02', '27979bcbce662839949a785034d9f2be375', 629, 74, 188, 'I am', 'deleted'),
('2010-07-19 12:08:32', 'e9ac0fd569bfecdff5e9e97d2a8766b45743', 630, 35, 249, 'Los Cougaros', 'active'),
('2010-07-19 12:08:32', 'e9ac0fd569bfecdff5e9e97d2a8766b47589', 631, 74, 249, 'Katie Bushnell', 'active'),
('2010-07-20 09:18:40', '3723922882f162fa429cd19563c8de79717', 632, 33, 267, '/images/searchables/d27165d2c05b8c1137c5f602f5009bbb.jpg', 'deleted'),
('2010-07-20 09:18:40', '3723922882f162fa429cd19563c8de79816', 633, 34, 267, '/images/thumbs/fc312eaff7e3bb2b52ffee0008b895a1.jpg', 'deleted'),
('2010-07-20 09:19:10', 'd0c64822dfa2b5c7e5212e6bf2a8fe251930', 634, 33, 267, '/images/searchables/blank_group.gif', 'active'),
('2010-07-20 09:19:10', 'd0c64822dfa2b5c7e5212e6bf2a8fe257200', 635, 34, 267, '/images/thumbs/blank_group_thumb.gif', 'active'),
('2010-08-19 23:50:30', 'ce9c87aa3ef7bcb49fd7c11478a36e55', 636, 11, 13, '3351 Alma St.', 'deleted'),
('2010-08-19 23:50:30', '05fa2b0011c23c25793f8bbcd67a62ec', 637, 74, 13, 'Who''s Your Daddy', 'active'),
('2010-08-19 23:50:30', 'fd32824885b78f76f7474ac9b27aa300', 638, 35, 13, 'test', 'active'),
('2010-08-20 12:54:56', '95985774802f51dd3ab229c9d44cba5c', 639, 11, 16, '923 Mackenzie Drive', 'deleted'),
('2010-08-20 12:54:56', '4df2a99b682fe48a81bc384d8c6194cf', 640, 74, 16, 'Mike Sjaastad', 'active'),
('2010-08-20 12:54:56', '6356bc585010d7a4dcb22fe6fd304dc6', 641, 35, 16, 'Mike Sjaastad', 'active'),
('2010-08-22 11:17:10', 'bd4b05d0ee91ed649d52ac3af36ab231', 642, 9, 13, '9259982004', 'active'),
('2010-08-22 11:17:10', '626dbe4387ae4b56af13b5eb178b0882', 643, 11, 13, '3351 Alma St.', 'active'),
('2010-08-22 11:17:10', '69c5c469906cca2d066140c5933edfa2', 644, 93, 13, 'mattesnider@gmail.com', 'active'),
('2010-08-22 12:43:03', 'c1cb2b2d4dfd1d91285f98a8231be067', 645, 11, 270, '877 duda street', 'active'),
('2010-08-22 13:22:06', '98925d72b8c29d721260ac137af7dbb5', 646, 11, 216, '123 4th place', 'active'),
('2010-08-26 15:50:31', 'a0dfcff3503c0212313198926762ad59', 647, 9, 16, '(650) 678-9097', 'deleted'),
('2010-08-26 15:50:31', 'de2f0d7afb62f58d71b63ade91a8b270', 648, 11, 16, '923 Mackenzie Drive', 'deleted'),
('2010-08-26 15:50:31', 'ed5ace017bf2850b31a59330373e225b', 649, 93, 16, 'msjaastad@comcast.net', 'deleted'),
('2010-09-03 16:07:55', '53df581584474f7207420dbd267b3aa0', 650, 9, 16, '(650) 678-909777', 'active'),
('2010-09-03 16:07:55', '531495747e7d63d2670cdd54e169dcf7', 651, 11, 16, '923 Mackenzie Drive', 'active'),
('2010-09-03 16:07:55', 'a60c9223405573114d3c51f3310d4dcd', 652, 93, 16, 'msjaastad@comcast.net', 'active'),
('2010-09-03 16:15:58', '146e35f0efd3ad597f5d4109dc735a68', 653, 11, 271, '123 4th place', 'active'),
('2010-09-06 16:11:47', '425855632520daf151324c2c1a05fe15', 654, 9, 191, '650-678-9097', 'active'),
('2010-09-06 16:11:47', '52990a7e2e0817345c11f0d9494d8cb8', 655, 11, 191, '123 4th place', 'active'),
('2010-09-06 16:11:47', '3265dff471f59a7e0dabfecf7532519e', 656, 93, 191, 'msjaastad@comcast.net', 'active'),
('2010-09-06 16:26:31', '8082f3d08115c2da275571d79ca5da2f', 657, 35, 188, 'new name', 'active'),
('2010-09-06 16:26:31', '6e9f430aa42ef2e9ebd5a11972ae5d71', 658, 73, 188, 'http://www.mattsnider.com', 'active'),
('2010-09-06 16:26:31', '5346d85248cba613b4cb1d62e6310750', 659, 74, 188, 'matt snider', 'active'),
('2010-09-06 16:29:41', 'c98d994d55b885c79d3068f2665b2d99', 660, 35, 191, 'FA Azzurri COED WeekNight D1A', 'deleted'),
('2010-09-06 16:29:41', '9211aac82d0f82ec5c3c30ce8ee59624', 661, 73, 191, 'http://www.osiristx.com/tech_omp.php', 'deleted'),
('2010-09-06 16:29:41', '4425667bd9012da10b86f49bd09d1394', 662, 74, 191, 'Mike Sjaastad', 'deleted'),
('2010-09-06 16:40:53', 'f00c76e7e60d66106bd87d7052d6fd36', 663, 98, 16, 'Biotech', 'deleted'),
('2010-09-06 18:37:31', 'fc523e3d58477a3888b0b3f45fbe897a', 664, 35, 191, 'FA Azzurri COED WeekNight D1A', 'deleted'),
('2010-09-06 18:37:31', 'bde90a0a9752a6c38ed30cfb3a8754e3', 665, 73, 191, 'http://www.osiristx.com/tech_omp.php', 'deleted'),
('2010-09-06 18:37:31', 'a1f267c317f7fd4a841c3a83f563bbc6', 666, 74, 191, 'Mike Sjaastad', 'deleted'),
('2010-09-06 18:48:15', 'c238adbb8238d30cd57662d15be1c136', 667, 35, 191, 'FA Azzurri COED WeekNight D1A', 'deleted'),
('2010-09-06 18:48:15', '538e3314820dd408569b8f6ecebc7951', 668, 73, 191, 'http://www.osiristx.com/tech_omp.php', 'deleted'),
('2010-09-06 18:48:15', '94a21faa542e7894052d4b90deec42ff', 669, 74, 191, 'Mike Sjaastad', 'deleted'),
('2010-09-06 18:50:24', 'e0a3a36b33d2eb8263aa08b72aa099fb', 670, 87, 191, 'put some news here...', 'deleted'),
('2010-09-06 18:51:07', '40ff0ff0030484a53455abd49e89bcf7', 671, 35, 191, 'FA Azzurri COED WeekNight D1A', 'deleted'),
('2010-09-06 18:51:07', '32cd7e7a4573ca04168d51d445e74c7d', 672, 73, 191, 'http://www.netflix.com', 'deleted'),
('2010-09-06 18:51:07', '9a77eb38ec104684fc10585b55527bf7', 673, 74, 191, 'Mike Sjaastad', 'deleted'),
('2010-09-12 19:51:19', '81d1a7dc71c4303158bc07023a987d64', 674, 94, 13, 'Pleasanton', 'active'),
('2010-09-12 19:51:19', '4bcf10de632e7d3124cd8deaf249f988', 675, 98, 13, 'Terrorista', 'active'),
('2010-09-18 07:24:29', 'ddd5e2f27ab02bd24533748150d7ce73', 676, 98, 16, 'Biotech', 'active'),
('2010-09-18 07:34:14', '21a307bd2d6e9a916287b24c0f9e192a', 677, 11, 213, '123 4th place', 'active'),
('2010-09-18 07:34:14', 'b3c0b6ff8950d9969f6766cd1c8e5d15', 678, 93, 213, '1234@opiuoiu.com', 'active'),
('2010-09-18 07:34:14', '543bba9953d84974da24b9d6fce33f28', 679, 9, 213, '1234567890', 'active'),
('2010-09-18 07:41:42', '2474d0b892a20d5d65107fcf0aca3636', 680, 87, 191, 'Group Admin can put some news here!!!!', 'deleted'),
('2010-09-18 07:43:15', 'fe594c067f0ef3af6c8895dfc2fab379', 681, 35, 191, 'FA Azzurri COED WeekNight D1A', 'active'),
('2010-09-18 07:43:15', '082b35c5e932942fb560e6987b2ceb0b', 682, 73, 191, 'http://siliconvalleysoccer.com/league/SVSA_Coed_Fall_2010/ByTeam.php?team_id=140', 'active'),
('2010-09-18 07:43:15', '1bc7ee6d1087421cc13c547a6cf9a06f', 683, 74, 191, 'Mike Sjaastad', 'active'),
('2010-10-19 12:57:07', 'ea1c4fc4f974af2ed92fb4ceaf5338f2', 684, 11, 275, '425 Encino Drive', 'active'),
('2010-10-19 12:57:07', '810ee00f4250f309d972bcdcd172425a', 685, 93, 275, 'mark@vysus.com', 'active'),
('2010-10-21 12:24:39', 'd90dc195bbde2c7ff97df2534dde6ca7', 686, 87, 191, 'New field location', 'active'),
('2010-10-31 12:16:04', '49bc107be9e101cdabf6b2889d2db385', 687, 11, 276, '1781 Karameos Ct.', 'active'),
('2010-10-31 12:16:04', '661b14b375e356cfd05eb582e742669e', 688, 93, 276, 'matt+8@test.com', 'active'),
('2010-11-01 12:26:12', '9ae1088e058fb594724195beb36d8659', 689, 11, 278, '123 4th place', 'active'),
('2010-11-01 12:26:12', 'a984cb27362ba8d39ee2551b94cd0bf9', 690, 93, 278, 'mattesnider100@gmail.com', 'active'),
('2010-11-01 12:33:57', '03f9bacdfe0020f3da12c9fb24308d5f', 691, 11, 279, '123 4th place', 'active'),
('2010-11-01 12:33:57', '3e5bc6066fc756458dc84c18ade6a150', 692, 93, 279, 'mattesnider101@gmail.com', 'active'),
('2010-11-02 08:50:17', '1af61530e9679dda3177f7cd596b08c9', 693, 11, 280, '1781 Karameos Ct.', 'active'),
('2010-11-02 08:50:17', '89123bd9d32b71034bd0635e3d2493de', 694, 93, 280, 'mattesnider+3@gmail.com', 'active'),
('2010-11-02 09:21:20', 'a9abdd3ba4ac0932384d4e9ea4febbdf', 695, 11, 281, '1781 Karameos Ct.', 'active'),
('2010-11-02 09:21:21', '85fea5c3dbbcb30aaff25af4b4ecc036', 696, 93, 281, 'mattesnider+4@gmail.com', 'active'),
('2010-11-02 19:28:30', 'e02b748aa742aed1f4a0d9209d0caa69', 697, 11, 282, '123', 'active'),
('2010-11-02 19:28:30', 'c7ff800adb172bc1b0056aad8a31b777', 698, 93, 282, '234234@jiom.com', 'active'),
('2010-11-10 15:08:39', '97ad8e9df7f7df16ba42c7c520dfa2c7', 699, 60, 16, '/images/profile/e699b8db873e4b76027ac5b0beb0b031.jpg', 'deleted'),
('2010-11-10 15:08:53', 'f11c90f9c490b05b2fedf12304a4ca29', 700, 60, 16, '/images/profile/e699b8db873e4b76027ac5b0beb0b031.jpg', 'deleted'),
('2010-11-10 15:09:12', 'bd4d9f7e69f00fd9523ecbe637aff878', 701, 60, 16, '/images/profile/2b874b3824e7799e1270fea034f41dad.jpg', 'deleted'),
('2010-11-10 15:10:07', 'fee1af2224ee64ce288fe373833fc77a', 702, 60, 16, '/images/profile/2f885d80e155cebd692ae65b9238adf0.jpg', 'active'),
('2010-11-10 15:20:45', 'b34fd6473e6c13f01282fa09ff390bb2', 703, 60, 284, '/images/profile/a3ba44eeacbb2b5a639314bf35a6860e.jpg', 'active'),
('2010-11-12 11:40:17', '3e9b91a99ed0ca2aa78cab8a25cb03c9', 704, 11, 286, '123 4th place', 'active'),
('2010-11-12 11:40:17', '229d37d5f5b2d391c2af17929a43a13a', 705, 93, 286, 'msjaastad@comcast.net', 'active'),
('2010-11-22 22:15:29', '6e420ef13eea2c735df8101c701da335', 706, 11, 212, 'pppqef', 'active'),
('2010-11-22 22:15:29', 'e0d11e21630dc89b2ac20ebfe307c80a', 707, 93, 212, 'qresh@YAHOO>COM', 'active');

-- --------------------------------------------------------

--
-- Table structure for table `profile_widget_field_textarea`
--

CREATE TABLE IF NOT EXISTS `profile_widget_field_textarea` (
  `created` datetime NOT NULL,
  `id` int(10) unsigned NOT NULL AUTO_INCREMENT,
  `ikey` varchar(75) NOT NULL,
  `profile_widget_field_id` mediumint(8) unsigned NOT NULL,
  `searchable_id` int(11) unsigned NOT NULL,
  `value` longtext NOT NULL,
  `status` enum('deleted','active') NOT NULL DEFAULT 'active',
  PRIMARY KEY (`id`),
  KEY `normal` (`profile_widget_field_id`,`searchable_id`),
  KEY `profile_widget_field_textarea_searchable_fk` (`searchable_id`),
  KEY `profile_widget_field_textarea_pwf_fk` (`profile_widget_field_id`)
) ENGINE=InnoDB  DEFAULT CHARSET=utf8 AUTO_INCREMENT=351 ;

--
-- Dumping data for table `profile_widget_field_textarea`
--

INSERT INTO `profile_widget_field_textarea` (`created`, `id`, `ikey`, `profile_widget_field_id`, `searchable_id`, `value`, `status`) VALUES
('2008-11-24 08:07:30', 11, '7808b471478f0cfdb2b407be92c170eb212', 16, 13, 'http://www.mattsnider.com\r\nmint.com\r\nwww.trippert.com\r\nhttp://www.gophernow.com\r\nhttp://www.supost.com', 'deleted'),
('2008-11-26 13:55:38', 16, '3907fb00750c85df3b7d65a1587a4aa79456', 6, 13, 'Web application developer. Currently the lead front-end architect for Mint.com and complete architect of Godster. I also run a JavaScript, CSS, and xHTML resource blog.', 'deleted'),
('2008-11-26 13:55:38', 17, '3907fb00750c85df3b7d65a1587a4aa76648', 7, 13, 'Video Games, JavaScript, Blogging, Backpacking, Bicycling, Anime & Manga, Reading, Women', 'deleted'),
('2008-11-27 21:57:47', 18, '76c65def23053e0eea4fac87af8b07b24873', 6, 13, 'Web application developer. Currently the lead front-end architect for Mint.com and complete architect of Godster. I also run a JavaScript, CSS, and xHTML resource blog.', 'deleted'),
('2008-11-27 21:57:47', 19, '76c65def23053e0eea4fac87af8b07b24418', 7, 13, 'Video Games, JavaScript, Blogging, Backpacking, Bicycling, Anime, Manga, Reading, Women', 'deleted'),
('2008-11-28 10:19:00', 20, '519edc8db508d1c088f793f2c3647e6f7473', 25, 13, 'http://www.mint.com', 'deleted'),
('2008-11-28 10:20:22', 21, 'cec635e58838ff3c8907acbe1bda11914112', 25, 13, 'http://www.mint.com', 'deleted'),
('2008-11-28 10:20:22', 22, 'cec635e58838ff3c8907acbe1bda11918137', 27, 13, 'Kicking ass and taking names.', 'deleted'),
('2008-11-28 10:22:29', 23, 'c0922ade21becf758819c686aaca845b8354', 25, 13, 'http://www.mint.com', 'deleted'),
('2008-11-28 10:22:29', 24, 'c0922ade21becf758819c686aaca845b7359', 27, 13, 'Kicking ass and taking names.', 'deleted'),
('2008-11-28 10:27:00', 25, '4b4a96575767e162b8c6013ec6712d401732', 25, 13, 'http://www.mint.com', 'deleted'),
('2008-11-28 10:27:00', 26, '4b4a96575767e162b8c6013ec6712d406581', 27, 13, 'Kicking ass and taking names.', 'deleted'),
('2008-11-28 10:27:43', 27, '9fdb62f932adf55af2c0e09e558619647709', 25, 13, 'http://www.mint.com', 'deleted'),
('2008-11-28 10:27:43', 28, '9fdb62f932adf55af2c0e09e558619648802', 27, 13, 'Kicking ass and taking names.', 'deleted'),
('2008-12-01 08:40:41', 29, '023b39a74b7b4acd060dedc0431c3dbc887', 25, 13, 'http://www.mint.com', 'deleted'),
('2008-12-01 08:40:41', 30, '023b39a74b7b4acd060dedc0431c3dbc8023', 27, 13, 'Kicking ass and taking names.', 'deleted'),
('2008-12-01 08:45:37', 31, '761067fbba1d6ef159173bfb8109abc27456', 25, 13, 'http://www.mint.com', 'deleted'),
('2008-12-01 08:45:37', 32, '761067fbba1d6ef159173bfb8109abc23214', 27, 13, 'Kicking ass and taking names.', 'deleted'),
('2008-12-01 09:01:48', 35, '0e46c9990c6daf3876b5166b2bc79fdc3698', 25, 13, 'http://www.mint.com', 'deleted'),
('2008-12-01 09:01:48', 36, '0e46c9990c6daf3876b5166b2bc79fdc8848', 27, 13, 'Kicking ass and taking names.', 'deleted'),
('2008-12-01 09:03:15', 37, '080f43a3371b1354a238d626779f41753151', 25, 13, 'http://www.mint.com', 'deleted'),
('2008-12-01 09:03:15', 38, '080f43a3371b1354a238d626779f41759207', 27, 13, 'Kicking ass and taking names.', 'deleted'),
('2008-12-01 09:20:22', 39, 'ec5de3e8dc6bd121a79794021bf20cb16584', 25, 13, 'http://www.mint.com', 'active'),
('2008-12-01 09:20:22', 40, 'ec5de3e8dc6bd121a79794021bf20cb15299', 27, 13, 'Kicking ass and taking names.', 'deleted'),
('2008-12-07 11:23:52', 41, 'f379a3ed36544a264646efdfe79a92126743', 6, 13, 'Web application developer. Currently the lead front-end architect for Mint.com and complete architect of Godster. I also run a JavaScript, CSS, and xHTML resource blog.', 'deleted'),
('2008-12-07 11:23:52', 42, 'f379a3ed36544a264646efdfe79a92127820', 7, 13, 'Video Games, JavaScript, Blogging, Backpacking, Bicycling, Anime, Manga, Reading, Women', 'deleted'),
('2008-12-07 11:24:01', 43, '1751a9a215df522dcf207ba51b3276438871', 6, 13, 'Web application developer. Currently the lead front-end architect for Mint.com and complete architect of Godster. I also run a JavaScript, CSS, and xHTML resource blog.', 'deleted'),
('2008-12-07 11:24:01', 44, '1751a9a215df522dcf207ba51b327643895', 7, 13, 'Video Games, JavaScript, Blogging, Backpacking, Bicycling, Anime, Manga, Reading, Women', 'deleted'),
('2008-12-09 09:00:18', 49, 'ecc92a19f0de821519b715d10cbf7c627858', 27, 13, 'Kicking ass and taking names.', 'deleted'),
('2008-12-09 09:00:47', 50, 'd4f700c81022c855e0041af836222bb46609', 27, 13, 'Kicking ass and taking names.', 'active'),
('2008-12-09 09:07:09', 51, '39f3a91f7def5376b696f85ccde523829468', 6, 13, 'Web application developer. Currently the lead front-end architect for Mint.com and complete architect of Godster. I also run a JavaScript, CSS, and xHTML resource blog.', 'deleted'),
('2008-12-09 09:07:09', 52, '39f3a91f7def5376b696f85ccde523827518', 7, 13, 'Video Games\r\nXbox\r\nFucking', 'deleted'),
('2008-12-09 09:08:05', 53, '8cf639fc4bb4f35a2bb4105e85ff99579183', 6, 13, 'Web application developer. Currently the lead front-end architect for Mint.com and complete architect of Godster. I also run a JavaScript, CSS, and xHTML resource blog.', 'deleted'),
('2008-12-09 09:08:05', 54, '8cf639fc4bb4f35a2bb4105e85ff99573362', 7, 13, 'Video Games\r\nXbox\r\nshitting\r\nFucking', 'deleted'),
('2008-12-09 09:09:18', 55, '02e8ca2ad17d56e17e1fc2edcbee4d409257', 6, 13, 'Web application developer. Currently the lead front-end architect for Mint.com and complete architect of Godster. I also run a JavaScript, CSS, and xHTML resource blog.', 'deleted'),
('2008-12-09 09:09:18', 56, '02e8ca2ad17d56e17e1fc2edcbee4d406205', 7, 13, 'Video Games\r\nXbox\r\nshitting\r\nFucking', 'deleted'),
('2008-12-09 09:12:00', 57, 'fc815a0b7bc84dce6b9c6f8ca4c28ad53251', 6, 13, 'Web application developer. Currently the lead front-end architect for Mint.com and complete architect of Godster. I also run a JavaScript, CSS, and xHTML resource blog.', 'deleted'),
('2008-12-09 09:14:25', 58, '7a16092a4fa489c835c716ea3815f7047640', 6, 13, 'Web application developer. Currently the lead front-end architect for Mint.com and complete architect of Godster. I also run a JavaScript, CSS, and xHTML resource blog.', 'deleted'),
('2008-12-09 09:15:05', 59, 'd5b2bbd3e57d6c19003667a4474755898449', 6, 13, 'Web application developer. Currently the lead front-end architect for Mint.com and complete architect of Godster. I also run a JavaScript, CSS, and xHTML resource blog.', 'deleted'),
('2008-12-09 09:15:05', 60, 'd5b2bbd3e57d6c19003667a4474755899323', 7, 13, ', t, e, s, t, , s, h, i, t, , ', 'deleted'),
('2008-12-09 09:15:26', 61, '0a716fe8c7745e51a3185fc8be6ca23a1272', 6, 13, 'Web application developer. Currently the lead front-end architect for Mint.com and complete architect of Godster. I also run a JavaScript, CSS, and xHTML resource blog.', 'deleted'),
('2008-12-09 09:15:26', 62, '0a716fe8c7745e51a3185fc8be6ca23a8389', 7, 13, ', t, e, s, t, , , , , s, h, i, t, ', 'deleted'),
('2008-12-09 09:15:40', 63, 'ba2f0015122a5955f8b3a50240fb91b28128', 6, 13, 'Web application developer. Currently the lead front-end architect for Mint.com and complete architect of Godster. I also run a JavaScript, CSS, and xHTML resource blog.', 'deleted'),
('2008-12-09 09:15:40', 64, 'ba2f0015122a5955f8b3a50240fb91b25476', 7, 13, ', t, e, s, t, , s, h, i, t, ', 'deleted'),
('2008-12-09 09:18:53', 65, '6c3cf77d52820cd0fe646d38bc2145ca2996', 6, 13, 'Web application developer. Currently the lead front-end architect for Mint.com and complete architect of Godster. I also run a JavaScript, CSS, and xHTML resource blog.', 'deleted'),
('2008-12-09 09:18:53', 66, '6c3cf77d52820cd0fe646d38bc2145ca8551', 7, 13, 'test, , shit', 'deleted'),
('2008-12-09 09:19:28', 67, '6e6d5361da6fb4a2d24b4ef90f224f463767', 6, 13, 'Web application developer. Currently the lead front-end architect for Mint.com and complete architect of Godster. I also run a JavaScript, CSS, and xHTML resource blog.', 'deleted'),
('2008-12-09 09:19:28', 68, '6e6d5361da6fb4a2d24b4ef90f224f463180', 7, 13, 'test, \nshit', 'deleted'),
('2008-12-09 09:20:03', 69, 'ad7030d0d43a7f5903f38cc76af762a54602', 6, 13, 'Web application developer. Currently the lead front-end architect for Mint.com and complete architect of Godster. I also run a JavaScript, CSS, and xHTML resource blog.', 'deleted'),
('2008-12-09 09:20:03', 70, 'ad7030d0d43a7f5903f38cc76af762a53467', 7, 13, 'test, shit', 'deleted'),
('2008-12-09 09:20:30', 71, '301c8eb1f76e106ec1bcf7a70ad25ffd3529', 6, 13, 'Web application developer. Currently the lead front-end architect for Mint.com and complete architect of Godster. I also run a JavaScript, CSS, and xHTML resource blog.', 'deleted'),
('2008-12-09 09:20:30', 72, '301c8eb1f76e106ec1bcf7a70ad25ffd7243', 7, 13, 'test,  shit, what, who, where,  wicki', 'deleted'),
('2008-12-09 09:21:38', 73, '7fc63ff01769c4fa7d9279e97e3078295629', 6, 13, 'Web application developer. Currently the lead front-end architect for Mint.com and complete architect of Godster. I also run a JavaScript, CSS, and xHTML resource blog.', 'deleted'),
('2008-12-09 09:21:38', 74, '7fc63ff01769c4fa7d9279e97e3078296416', 7, 13, 'test,   , shit,  , what,  who,  where,   wicki', 'deleted'),
('2008-12-09 09:21:58', 75, '1c104b9c0accfca52ef21728eaf014535192', 6, 13, 'Web application developer. Currently the lead front-end architect for Mint.com and complete architect of Godster. I also run a JavaScript, CSS, and xHTML resource blog.', 'deleted'),
('2008-12-09 09:21:58', 76, '1c104b9c0accfca52ef21728eaf014536713', 7, 13, 'test, , shit, , what, who, where, wicki', 'deleted'),
('2008-12-09 09:22:49', 77, '9866b8a83d35abdd89ed76d565d71f757989', 6, 13, 'Web application developer. Currently the lead front-end architect for Mint.com and complete architect of Godster. I also run a JavaScript, CSS, and xHTML resource blog.', 'deleted'),
('2008-12-09 09:22:49', 78, '9866b8a83d35abdd89ed76d565d71f759805', 7, 13, 'Video Games, JavaScript, Blogging, Backpacking, Bicycling, Anime, Manga, Reading, Women', 'deleted'),
('2008-12-15 08:45:16', 79, 'e594b22cf15b445f7476775aa508e9c35061', 6, 184, 'Professional Make-up Artist', 'active'),
('2008-12-15 08:47:44', 80, '1cf2bde29cc323599a0375d73c85e7d75887', 16, 185, 'www.piscatawaynj.org/', 'active'),
('2008-12-15 08:48:34', 81, 'd34ff18d819ea9dfeda0f638eae589f04254', 6, 185, 'Disciplined', 'active'),
('2008-12-15 08:50:46', 82, '85af7dbb0532ca29713840ae3711fa893607', 6, 186, 'Fashion Model', 'active'),
('2008-12-15 08:50:46', 83, '85af7dbb0532ca29713840ae3711fa895274', 7, 186, 'Pilates and cooking', 'active'),
('2008-12-17 10:31:26', 84, 'd9728585d8065869cbc35e76c6da76585548', 6, 16, 'I have 6 fingers on my left hand', 'deleted'),
('2008-12-17 10:31:26', 85, 'd9728585d8065869cbc35e76c6da76581921', 7, 16, 'Counting to 11', 'deleted'),
('2008-12-17 10:39:21', 86, 'c81d8b0d1e76b9138571bd11609c61d72956', 16, 16, 'http://rikasfriends.ning.com/', 'deleted'),
('2008-12-17 10:45:15', 87, '3f971c6c068cb29660e997ac065f0a129018', 16, 16, 'http://rikasfriends.ning.com/', 'deleted'),
('2008-12-17 11:33:35', 88, '8293e8adf2c54b512338e028905376616226', 27, 16, 'Busy job, too much menusha', 'deleted'),
('2009-02-03 08:31:22', 89, 'eceb2f0d535b317fcf998f83b26f7e034076', 27, 16, 'Busy job, too much email', 'deleted'),
('2009-02-03 08:35:41', 90, '0de2fac8d04bf04bf15ecc50358c1d141700', 6, 16, 'I have 6 fingers on my left hand', 'deleted'),
('2009-02-03 08:35:41', 91, '0de2fac8d04bf04bf15ecc50358c1d146273', 7, 16, 'Counting to 11, sometimes 12', 'deleted'),
('2009-02-13 06:46:29', 92, '855c8ecc5e24207383eb52adcbe1b6b46263', 27, 16, 'Busy job, too much email', 'deleted'),
('2009-02-15 16:16:59', 93, 'bf88fbf357d35f3a608b62744f2114582498', 38, 16, 'terterter', 'deleted'),
('2009-02-15 16:16:59', 94, 'bf88fbf357d35f3a608b62744f2114583699', 39, 16, 'erterterter', 'deleted'),
('2009-04-02 10:27:30', 95, '040c18d87d06d09e542d038b644c8d3a1000', 41, 13, 'Oh, there are so many things, where do I start...', 'active'),
('2009-04-07 18:23:55', 96, 'c2e0ecbbda4036c405211e14f2a122913902', 6, 16, 'I have 6 fingers on my left hand', 'deleted'),
('2009-04-07 18:23:55', 97, 'c2e0ecbbda4036c405211e14f2a122916509', 7, 16, 'Counting to 11, sometimes 12', 'deleted'),
('2009-04-07 19:58:35', 98, '3e59fb5e144e365dbdb4bad34e7a5be6843', 6, 16, 'I have 6 fingers on my left hand and 4 on my right so I''m normal in total', 'deleted'),
('2009-04-07 19:58:35', 99, '3e59fb5e144e365dbdb4bad34e7a5be64684', 7, 16, 'Counting to 11, sometimes 12', 'deleted'),
('2009-04-09 16:58:18', 100, '3ecc0fc05c805b2e6ec4ed368c35c53a892', 44, 16, 'bjncbnvbnb', 'deleted'),
('2009-04-09 17:08:46', 101, 'd5c5d4246b39093386831ee7186ed668407', 38, 190, 'rrrr', 'active'),
('2009-04-09 17:08:46', 102, 'd5c5d4246b39093386831ee7186ed6689357', 39, 190, 'rrrr', 'active'),
('2009-04-12 16:55:18', 103, '24faafe4ac423304bf306ff59fba15725570', 38, 16, 'This is my Division one team', 'deleted'),
('2009-04-12 16:55:18', 104, '24faafe4ac423304bf306ff59fba15729775', 39, 16, 'winning', 'deleted'),
('2009-04-12 16:56:26', 105, 'a6a39113bd898acd8828c1aec66e0b912170', 38, 16, 'This is my Division one team', 'deleted'),
('2009-04-12 16:56:26', 106, 'a6a39113bd898acd8828c1aec66e0b911523', 39, 16, 'winning', 'deleted'),
('2009-04-20 11:39:07', 107, 'a1344611f6526a97ecbadaab126713e41103', 6, 16, 'I have 6 fingers on my left hand and 4 on my right so I''m normal in total', 'deleted'),
('2009-04-20 11:39:07', 108, 'a1344611f6526a97ecbadaab126713e4944', 7, 16, 'Counting to 11, sometimes 12', 'deleted'),
('2009-04-20 11:39:07', 109, 'a1344611f6526a97ecbadaab126713e41412', 46, 16, 'FA Azzurri, Pulcini, SV Rovers', 'deleted'),
('2009-04-20 11:41:37', 110, 'b09569398098951f698393031b8f8b844229', 6, 16, 'I have 6 fingers on my left hand and 4 on my right so I''m normal in total', 'deleted'),
('2009-04-20 11:41:37', 111, 'b09569398098951f698393031b8f8b846907', 7, 16, 'Counting to 11, sometimes 12', 'deleted'),
('2009-04-20 11:41:37', 112, 'b09569398098951f698393031b8f8b841850', 46, 16, 'FA Azzurri, Pulcini, SV Rovers', 'deleted'),
('2009-04-27 09:31:28', 113, '7a6f205212a67e2e0f4ae495dcf0f1218527', 6, 13, 'Web application developer. Currently the lead front-end architect for Mint.com and complete architect of Godster. I also run a JavaScript, CSS, and xHTML resource blog.', 'deleted'),
('2009-04-27 09:31:28', 114, '7a6f205212a67e2e0f4ae495dcf0f1217085', 7, 13, 'Video Games, JavaScript, Blogging, Backpacking, Bicycling, Anime, Manga, Reading, Women', 'deleted'),
('2009-05-30 16:18:54', 115, '9c363b2594a09124e5c1bb7e0c077dad9847', 38, 193, 'werwerwere', 'deleted'),
('2009-05-30 16:18:54', 116, '9c363b2594a09124e5c1bb7e0c077dad7981', 39, 193, 'werwerwerwerwe', 'deleted'),
('2009-05-31 00:05:48', 117, '64bf8a075a0650df2878e53f0c4c7d46363', 6, 13, 'Web application developer. Currently the lead front-end architect for Mint.com and complete architect of Godster. I also run a JavaScript, CSS, and xHTML resource blog.', 'deleted'),
('2009-05-31 00:05:48', 118, '64bf8a075a0650df2878e53f0c4c7d467867', 7, 13, 'Video Games, JavaScript, Blogging, Backpacking, Bicycling, Anime, Manga, Reading, Women', 'deleted'),
('2009-05-31 10:18:00', 119, '2f3d1198da7594e33bdf68fe47c9d2f98250', 6, 13, 'Web application developer. Currently the lead front-end architect for Mint.com and complete architect of Godster. I also run a JavaScript, CSS, and xHTML resource blog.', 'deleted'),
('2009-05-31 10:18:00', 120, '2f3d1198da7594e33bdf68fe47c9d2f97650', 7, 13, 'Video Games, JavaScript, Blogging, Backpacking, Bicycling, Anime, Manga, Reading, Women', 'deleted'),
('2009-05-31 10:18:00', 121, '2f3d1198da7594e33bdf68fe47c9d2f93499', 46, 13, 'god''s team', 'deleted'),
('2009-05-31 10:22:41', 122, 'cade52dff3208d60e03aa29e22beb2d54546', 6, 13, 'Web application developer. Currently the lead front-end architect for Mint.com and complete architect of Godster. I also run a JavaScript, CSS, and xHTML resource blog.', 'deleted'),
('2009-05-31 10:22:41', 123, 'cade52dff3208d60e03aa29e22beb2d52232', 7, 13, 'Video Games, JavaScript, Blogging, Backpacking, Bicycling, Anime, Manga, Reading, Women', 'deleted'),
('2009-05-31 10:22:41', 124, 'cade52dff3208d60e03aa29e22beb2d57519', 46, 13, 'god''s team', 'deleted'),
('2009-05-31 10:22:55', 125, '5b301df1913611bfde663de71cf34d9c901', 6, 13, 'Web application developer. Currently the lead front-end architect for Mint.com and complete architect of Godster. I also run a JavaScript, CSS, and xHTML resource blog.', 'deleted'),
('2009-05-31 10:22:55', 126, '5b301df1913611bfde663de71cf34d9c1949', 7, 13, 'Video Games, JavaScript, Blogging, Backpacking, Bicycling, Anime, Manga, Reading, Women', 'deleted'),
('2009-05-31 10:22:55', 127, '5b301df1913611bfde663de71cf34d9c7038', 46, 13, 'god''s team', 'deleted'),
('2009-05-31 10:30:14', 128, '1598b0cfa5618cfb0b9d5fa12344dcfe9345', 6, 13, 'Web application developer. Currently the lead front-end architect for Mint.com and complete architect of Godster. I also run a JavaScript, CSS, and xHTML resource blog.', 'deleted'),
('2009-05-31 10:30:14', 129, '1598b0cfa5618cfb0b9d5fa12344dcfe5614', 7, 13, 'Video Games, JavaScript, Blogging, Backpacking, Bicycling, Anime, Manga, Reading, Women', 'deleted'),
('2009-05-31 10:30:14', 130, '1598b0cfa5618cfb0b9d5fa12344dcfe34', 46, 13, 'god''s team', 'deleted'),
('2009-05-31 10:34:01', 131, '98f89b92187ba4c33c59d68d5503a0b53327', 6, 13, 'Web application developer. Currently the lead front-end architect for Mint.com and complete architect of Godster. I also run a JavaScript, CSS, and xHTML resource blog.', 'deleted'),
('2009-05-31 10:34:01', 132, '98f89b92187ba4c33c59d68d5503a0b56531', 7, 13, 'Video Games, JavaScript, Blogging, Backpacking, Bicycling, Anime, Manga, Reading, Women', 'active'),
('2009-05-31 10:34:01', 133, '98f89b92187ba4c33c59d68d5503a0b52675', 46, 13, 'god''s team', 'deleted'),
('2009-05-31 10:34:23', 134, '3e6a03229e9d489e164a6d81217fb2643781', 16, 13, 'http://www.mattsnider.com, mint.com, www.trippert.com, http://www.gophernow.com, http://www.supost.com', 'deleted'),
('2009-05-31 10:34:48', 135, 'd356fc20cf70bf07d2cfa27484cb6d95880', 6, 16, 'I have 6 fingers on my left hand and 4 on my right so I''m normal in total', 'deleted'),
('2009-05-31 10:34:48', 136, 'd356fc20cf70bf07d2cfa27484cb6d953056', 7, 16, 'Counting to 11, sometimes 12', 'deleted'),
('2009-05-31 10:34:48', 137, 'd356fc20cf70bf07d2cfa27484cb6d952639', 46, 16, 'FA Azzurri, Pulcini, SV Rovers', 'deleted'),
('2009-05-31 10:34:56', 138, '3a8fee9d9c5bf924ebb1f9875ea1b8bb4027', 16, 16, 'http://rikasfriends.ning.com/', 'deleted'),
('2009-06-11 16:38:33', 139, 'c60a6e1f03686976ef252b52e62fe8042220', 38, 193, 'Test Team', 'active'),
('2009-06-11 16:48:06', 140, 'a3bd71fda4b6839a3678772f3a82ab2b9015', 38, 16, 'This is my Division one team', 'deleted'),
('2009-06-11 16:48:06', 141, 'a3bd71fda4b6839a3678772f3a82ab2b8419', 39, 16, 'winning', 'deleted'),
('2009-06-11 17:18:01', 142, 'e18aa6c6ba53c4442db74fd73f620fe85052', 6, 16, 'I have 6 fingers on my left hand and 4 on my right so I''m normal in total', 'deleted'),
('2009-06-11 17:18:01', 143, 'e18aa6c6ba53c4442db74fd73f620fe82', 7, 16, 'Counting to 11, sometimes 12', 'deleted'),
('2009-06-11 17:18:01', 144, 'e18aa6c6ba53c4442db74fd73f620fe84849', 46, 16, 'FA Azzurri, Pulcini, SV Rovers', 'deleted'),
('2009-06-11 17:19:56', 145, '024be27d19668817f5f1ad5b2b5e04b54244', 38, 194, 'Need to be able to modify the drop down list by administrator', 'deleted'),
('2009-06-11 17:20:55', 146, 'a8273488b3553a7af5b5c8eb04ed21f56669', 16, 194, 'put a gools map link here, zip code works for all  countries?', 'deleted'),
('2009-06-15 08:18:43', 147, 'e328d25c5145cbdd85910b98caeb00ec618', 6, 197, 'test', 'active'),
('2009-06-15 08:18:43', 148, 'e328d25c5145cbdd85910b98caeb00ec3077', 7, 197, 'test', 'active'),
('2009-06-15 08:18:43', 149, 'e328d25c5145cbdd85910b98caeb00ec3533', 46, 197, 'test', 'active'),
('2009-07-06 07:37:28', 150, '0c2dc191012bda5ebcf5dbc7097350058434', 6, 203, 'Fashion Model\r\n', 'active'),
('2009-07-16 11:53:05', 151, '14e14b50ef77e1172afab6bc741b125f1574', 6, 207, 'Super Model', 'deleted'),
('2009-07-16 11:53:05', 152, '14e14b50ef77e1172afab6bc741b125f2563', 7, 207, 'Fashion', 'deleted'),
('2009-07-16 11:53:05', 153, '14e14b50ef77e1172afab6bc741b125f8094', 46, 207, 'Pulcini', 'deleted'),
('2009-07-16 11:54:53', 154, '7a48a390b10feb2e3477e79babea49592784', 44, 207, 'blah blah', 'active'),
('2009-07-16 11:57:01', 155, '5d3b208f0925945efbaa6cf7566f83759635', 6, 207, 'Super Model', 'active'),
('2009-07-16 11:57:01', 156, '5d3b208f0925945efbaa6cf7566f83759823', 7, 207, 'Fashion, Pilates, and cooking', 'active'),
('2009-07-16 11:57:01', 157, '5d3b208f0925945efbaa6cf7566f8375215', 46, 207, 'Pulcini', 'active'),
('2009-07-16 12:09:21', 158, '86e0611f71687455b11051f6f70e6b2e1602', 38, 208, 'testing to teams', 'deleted'),
('2009-07-20 07:18:07', 159, 'b5f53f926ac109164103bdba5451d7017365', 38, 210, 'This is the list of test users and their passwords', 'deleted'),
('2009-07-22 23:15:47', 160, 'b9dae8c1bf506c4dbda693c988c48f932019', 44, 16, 'test widget test', 'deleted'),
('2009-07-22 23:27:23', 161, '9028368f66be0c000654eb62ac18b8a68000', 44, 209, 'Keeping this version of Miles', 'active'),
('2009-07-25 17:53:27', 162, '1beb57f909425b0414568d3a4350243e3943', 46, 211, 'Pulcini, Azzurri', 'deleted'),
('2009-07-25 18:43:32', 163, 'e7c84c6b57ff950bec13625f40768ddd5716', 44, 16, 'test widget test', 'deleted'),
('2009-07-25 18:43:32', 164, 'a341c2de7abba72fd29661b743cc9d8e6749', 44, 16, 'test firl', 'deleted'),
('2009-07-25 18:43:51', 165, '670b74c9aa2e07c9e973f043fd489b836600', 44, 16, 'test widget test', 'deleted'),
('2009-07-25 18:43:51', 166, '41eb5205e4d71e0747364bc38a58de242754', 44, 16, 'test widget test 2', 'deleted'),
('2009-07-25 18:43:51', 167, '1101e226e82cab83b0c266923de4cada3968', 44, 16, 'test widget test 3', 'deleted'),
('2009-07-25 18:45:07', 168, '009c95cd32001e2d6e609025ef349f021578', 6, 16, 'I have 6 fingers on my left hand and 4 on my right so I''m normal in total', 'deleted'),
('2009-07-25 18:45:07', 169, '009c95cd32001e2d6e609025ef349f025985', 7, 16, 'Counting to 11, sometimes 12', 'deleted'),
('2009-07-25 18:45:07', 170, '009c95cd32001e2d6e609025ef349f025191', 46, 16, 'FA Azzurri, Pulcini, SV Rovers', 'deleted'),
('2009-07-25 18:49:07', 171, '59eb563a11a556486d18a5d766426f1f8001', 6, 16, 'this is my replcemnt Bio info', 'deleted'),
('2009-07-25 18:49:07', 172, '59eb563a11a556486d18a5d766426f1f4431', 7, 16, 'soccer, tv, video games and wine', 'deleted'),
('2009-07-25 18:49:07', 173, '59eb563a11a556486d18a5d766426f1f8152', 46, 16, 'Pulcini, Azzuuri  (shoul thi sallow for a dropdown to pick from?  ', 'deleted'),
('2009-07-25 19:07:23', 174, '3c3094fbca2e7a154141b79a40f9a5b27470', 38, 210, 'This is the list of test users and their passwords', 'deleted'),
('2009-07-25 19:07:23', 175, '3c3094fbca2e7a154141b79a40f9a5b22892', 39, 210, 'flushing out bugs and making things work right', 'deleted'),
('2009-07-25 19:09:13', 176, '5de80a2a0865645781959b56c5ffc8cb2051', 38, 210, 'This is the list of test users and their passwords', 'deleted'),
('2009-07-25 19:09:13', 177, '5de80a2a0865645781959b56c5ffc8cb1577', 39, 210, 'flushing out bugs and making things work right', 'deleted'),
('2009-07-29 08:21:32', 178, 'c5ab6611aaac892bfd09062e8baef7ed1734', 38, 210, 'This is the list of test users and their passwords', 'deleted'),
('2009-07-29 08:21:32', 179, 'c5ab6611aaac892bfd09062e8baef7ed3936', 39, 210, 'flushing out bugs and making things work right', 'deleted'),
('2009-08-13 20:07:54', 180, 'f8edf791b835c6d03a6d57d37f7ae3cc4479', 6, 218, 'Stay at home Supemodel, and mother of two up and coming super models', 'active'),
('2009-08-13 20:07:54', 181, 'f8edf791b835c6d03a6d57d37f7ae3cc587', 7, 218, 'soccer', 'active'),
('2009-08-13 20:07:54', 182, 'f8edf791b835c6d03a6d57d37f7ae3cc9498', 46, 218, 'Pulcini, Azurri', 'active'),
('2009-08-14 02:09:33', 183, '8a79d188ec09aaceb6a700fb0f48ad445730', 6, 16, 'I an 6''10 and play golf professionally because basketball is too easy', 'deleted'),
('2009-08-14 02:09:33', 184, '8a79d188ec09aaceb6a700fb0f48ad44158', 7, 16, 'soccer, tv, video games and wine', 'deleted'),
('2009-08-14 02:09:33', 185, '8a79d188ec09aaceb6a700fb0f48ad443597', 46, 16, 'Pulcini, Azzuuri  (shoul thi sallow for a dropdown to pick from?  ', 'deleted'),
('2009-08-14 02:09:50', 186, '24eba9c471571dc6987834636f2604297512', 6, 16, 'I an 6''10 and play golf professionally because basketball is too easy', 'deleted'),
('2009-08-14 02:09:50', 187, '24eba9c471571dc6987834636f2604296772', 7, 16, 'soccer, tv, video games and wine', 'deleted'),
('2009-08-14 02:09:50', 188, '24eba9c471571dc6987834636f2604291322', 46, 16, 'Pulcini, Azzuuri  (shoul thi sallow for a dropdown to pick from?  ', 'deleted'),
('2009-08-14 02:10:39', 189, 'd7b68e6a5f212d3e167c234f02eb138e6292', 44, 16, 'test widget test', 'deleted'),
('2009-08-14 02:10:39', 190, '180b640511ead914961bc089a3bd89837494', 44, 16, 'test widget test 2', 'deleted'),
('2009-08-14 02:10:39', 191, 'a47af428bb2b9777ac50a72947f15e138597', 44, 16, 'test widget test 3', 'deleted'),
('2009-08-14 02:10:39', 192, '5c72ac6cc75167257d7c3eb878e37f05502', 44, 16, 'test widget field 4', 'deleted'),
('2009-08-17 14:35:39', 193, '5175e0e9788c24e79bb6f79cddd2c54c6718', 6, 16, 'I an 6''10 and play golf professionally because basketball is too easy', 'deleted'),
('2009-08-17 14:35:39', 194, '5175e0e9788c24e79bb6f79cddd2c54c2085', 7, 16, 'soccer, tv, video games and wine', 'deleted'),
('2009-08-17 14:35:39', 195, '5175e0e9788c24e79bb6f79cddd2c54c269', 46, 16, 'Pulcini, Azzuuri, Rovers, Old Eagles  (should this be a drop down of existing groups?)  ', 'deleted'),
('2009-08-17 14:36:01', 196, 'cb4e30682098c2ec2dacdbc295a2b2a25087', 16, 16, 'http://rikasfriends.ning.com/, www.petsfriendsunnyvale.com', 'deleted'),
('2009-08-25 17:06:24', 197, 'c432d00f0928552f17408b194248f3f24632', 44, 16, 'Midi, Stopper, Forward', 'deleted'),
('2009-08-25 17:06:24', 198, '6c19d16b3dc0e132930bb4f6b787e65a7898', 44, 16, 'test widget test 2', 'deleted'),
('2009-08-25 17:06:24', 199, '9092400972425f5051aa2f1613716fd35596', 44, 16, 'test widget test 3', 'deleted'),
('2009-08-25 17:06:24', 200, 'dd9d28aca69e0f6b31a866f795e316df4287', 44, 16, 'test widget field 4', 'deleted'),
('2009-08-26 12:24:50', 201, '5021b394c88997611c0820ca93dfc7bc4644', 44, 16, 'Midi, Defender, Keeper', 'deleted'),
('2009-08-26 12:40:35', 202, '27c6a5e1f7f2ce5bd993bdbbf6e66f8b358', 38, 210, 'This is the list of beta test users', 'deleted'),
('2009-08-26 12:40:35', 203, '27c6a5e1f7f2ce5bd993bdbbf6e66f8b7858', 39, 210, '"flushing out bugs and making things work right..."', 'active'),
('2009-08-27 17:11:11', 204, '4daf690bd387f48ddda89736cabb470f8217', 44, 16, 'Midi, Defender, Keeper', 'deleted'),
('2009-08-27 17:13:28', 205, '5a440d1b5a24446aaf071005fc3ec2097512', 38, 191, 'This is the Club Page for the FA Azzurri Team', 'deleted'),
('2009-08-28 06:17:04', 206, '9ef6e789c04c2e18dd8131950f29ec232908', 44, 16, 'Midi, Defender, Stopper, Keeper', 'deleted'),
('2009-08-28 06:20:14', 207, '2e1d3e73393bf7008baf1fd55ea7f0042005', 44, 16, 'Midi, Defender, Stopper, Keeper', 'deleted'),
('2009-08-28 06:24:49', 208, '75a33a918e82e3238c2fb470d118d62f1299', 44, 16, 'Midi, Defender, Stopper, Keeper', 'deleted'),
('2009-08-28 06:32:37', 209, 'f36be91b50eaf944209ad10c8bbd9240479', 44, 16, 'Midi, Defender, Stopper, Keeper', 'deleted'),
('2009-08-28 06:34:50', 210, 'd705a7d31b21d8cf70fa9a56c51c40708496', 27, 16, 'Busy job, too much email', 'active'),
('2009-08-28 06:34:50', 211, '57cd7fd20cf7dee2e2f11a68cbcfed771045', 27, 16, 'Start-up', 'active'),
('2009-08-28 09:01:57', 212, 'ca2f99154b9537f4ee5c2645ef60000b9737', 38, 191, 'This is the Club Page for the FA Azzurri Team', 'deleted'),
('2009-08-30 13:33:15', 213, '3bdd945965c76131a4817843af4bca4a5552', 44, 16, 'Midi, Defender, Stopper, Keeper', 'active'),
('2009-08-30 14:43:27', 214, 'e6e929253f1c713e88f0193a4f03d31a8547', 38, 191, 'This is the Club Page for the FA Azzurri Team', 'deleted'),
('2009-08-30 14:47:01', 215, '78d5f105a580e26e3aef8ef0076a767f6080', 68, 16, 'Any day/night of the week except Saturdays', 'deleted'),
('2009-08-30 14:49:54', 216, '74b0b0269820b293f2de1a63fcfee07f4761', 6, 16, 'I''m 6''10 and play golf beaseu basketball was too easy...', 'deleted'),
('2009-08-30 14:49:54', 217, '74b0b0269820b293f2de1a63fcfee07f5561', 46, 16, 'Azzurri, Pulcinci, Sorenesen''s Rovers', 'deleted'),
('2009-08-30 14:51:32', 218, '4a64fcb5ed1872b38273ae026f323b013525', 6, 16, 'I''m 6''10 and play golf beaseu basketball was too easy...', 'deleted'),
('2009-08-30 14:51:32', 219, '4a64fcb5ed1872b38273ae026f323b01942', 46, 16, 'Azzurri, Pulcinci, Sorensen''s Rovers', 'deleted'),
('2009-08-30 14:52:10', 220, '243a639dd7f1480f981d7fbf07ac93004134', 6, 16, 'I''m 6''10" tall and play golf beaseu basketball was too easy...', 'deleted'),
('2009-08-30 14:52:10', 221, '243a639dd7f1480f981d7fbf07ac93007844', 7, 16, 'Geeky model airplanes and helicopters.  Talking.', 'deleted'),
('2009-08-30 14:52:10', 222, '243a639dd7f1480f981d7fbf07ac93006820', 46, 16, 'Azzurri, Pulcinci, Sorensen''s Rovers', 'deleted'),
('2009-08-31 00:08:15', 223, 'ac83e92323ea31e7fe2875fb96e3fd30566', 68, 13, 'Tuesday, Wednesday', 'active'),
('2009-08-31 09:38:03', 224, '330b3feb3d8ef8e8f55c6886e2ae02592368', 46, 212, 'Azzuri, Pulcini', 'deleted'),
('2009-08-31 09:45:36', 225, '5dd859a0e2318c7df8a8bd62df16758c144', 6, 212, 'I like pizza', 'deleted'),
('2009-08-31 09:45:36', 226, '5dd859a0e2318c7df8a8bd62df16758c3614', 46, 212, 'Azzuri, Pulcini', 'deleted'),
('2009-08-31 10:08:37', 227, '35647225261e18174a0db8d879f8e4057637', 68, 212, 'm-f, 7-10:30', 'deleted'),
('2009-08-31 10:09:08', 228, 'a4add21019f6fb5becf78360cc99979e7346', 68, 212, 'm-f, 7-10:30', 'active'),
('2009-08-31 10:15:44', 229, 'e8987c0b6afc08dad0211a89d74e63af3818', 6, 212, 'I like pizza', 'deleted'),
('2009-08-31 10:15:44', 230, 'e8987c0b6afc08dad0211a89d74e63af7052', 7, 212, 'Soccer', 'deleted'),
('2009-08-31 10:15:44', 231, 'e8987c0b6afc08dad0211a89d74e63af3808', 46, 212, 'Azzuri, Pulcini', 'deleted'),
('2009-08-31 10:15:55', 232, 'd7dbe307a51125c048411ca315ab5b187884', 6, 212, 'I like pizza', 'active'),
('2009-08-31 10:15:55', 233, 'd7dbe307a51125c048411ca315ab5b187994', 7, 212, 'Soccer', 'active'),
('2009-08-31 10:15:55', 234, 'd7dbe307a51125c048411ca315ab5b186322', 46, 212, 'Azzuri, Pulcini', 'active'),
('2009-08-31 13:21:59', 235, '745d3414bf1d98ed1878a3ff51c91fb87624', 68, 16, 'Any day/night of the week except Saturdays', 'deleted'),
('2009-08-31 13:22:24', 236, '5ffcf4c86b36f60f74375cb0fb8171c99157', 6, 16, 'I''m 6''10" tall and play golf becasue basketball was too easy...', 'deleted'),
('2009-08-31 13:22:24', 237, '5ffcf4c86b36f60f74375cb0fb8171c92913', 7, 16, 'Geeky model airplanes and helicopters.  Talking.', 'deleted'),
('2009-08-31 13:22:24', 238, '5ffcf4c86b36f60f74375cb0fb8171c97091', 46, 16, 'Azzurri, Pulcinci, Sorensen''s Rovers', 'deleted'),
('2009-09-10 17:26:33', 239, 'e8bfc609ace107558865da9e1c2b542a6716', 68, 16, 'Any day/night of the week except Saturdays', 'deleted'),
('2009-09-10 17:55:57', 240, 'cb28c4d5d16ce5fc8ff6c2b29642928b2310', 46, 228, 'Pulcini, Azzurri, Bashers', 'active'),
('2009-09-10 18:01:53', 241, 'ec97564a62352a51f3260eb32a3605b51400', 68, 228, 'M-S... 00:11 - 23:45', 'active'),
('2009-09-12 17:57:19', 242, 'df71cc5f96032052c02cb215bf6a8a0871', 68, 214, 'monday 3:00, tuesday 4:00', 'active'),
('2009-09-12 18:01:01', 243, 'e7232a984c0df3823c79c0956e803e5d6152', 6, 214, 'i like soup', 'active'),
('2009-09-12 18:01:01', 244, 'e7232a984c0df3823c79c0956e803e5d551', 7, 214, 'soup', 'active'),
('2009-09-12 18:01:01', 245, 'e7232a984c0df3823c79c0956e803e5d4297', 46, 214, 'really good ones', 'active'),
('2009-10-03 16:08:51', 246, '754bd4c711e8c5dd8787c8576da611789830', 6, 211, 'I have gotten a few yellow cards in my day, I love to play against the boys, I can play a mean defense if I am on my game (thanks to a little help in the back....such as a young gent named Henitz) and I love this thing called futbol! ', 'deleted'),
('2009-10-03 16:08:51', 247, '754bd4c711e8c5dd8787c8576da611786264', 7, 211, 'Soccer, watching football (and I mean lots of it), hiking, biking, reading, Coors Light, ', 'deleted'),
('2009-10-03 16:08:51', 248, '754bd4c711e8c5dd8787c8576da611781830', 46, 211, 'Pulcini, Azzurri', 'deleted'),
('2009-10-03 16:09:33', 249, '7074664e2128c91c62803fc88e1463af357', 6, 211, 'I have gotten a few yellow cards in my day, I love to play against the boys, I can play a mean defense if I am on my game (thanks to a little help in the back....such as a young gent named Henitz) and I love this thing called futbol! ', 'active'),
('2009-10-03 16:09:33', 250, '7074664e2128c91c62803fc88e1463af6291', 7, 211, 'Soccer, watching football (and I mean lots of it), hiking, biking, reading, Coors Light, ', 'active'),
('2009-10-03 16:09:33', 251, '7074664e2128c91c62803fc88e1463af387', 46, 211, 'Pulcini, Azzurri', 'active'),
('2009-12-05 20:50:49', 252, 'a4777c4c248e64c7a7c1cad438de58273058', 68, 16, 'Any day/night of the week except Saturdays', 'active'),
('2009-12-06 16:45:23', 253, '74de26e2acb25a522d78339c0ba6aee14132', 46, 229, 'ioiijiuj', 'deleted'),
('2009-12-06 16:56:14', 254, '7c4a8f3ecc6ae9097d63e691189c27a61485', 38, 191, 'This is the Club Page for the FA Azzurri Team', 'deleted'),
('2009-12-24 10:06:12', 255, '57edb2e77048d9e2fa3eb5e4ddb24f655027', 38, 191, 'This is the Club Page for the FA Azzurri Team', 'deleted'),
('2009-12-24 10:06:25', 256, '49add3f8bbe7b3c57289262ca6b0f2f6684', 16, 191, 'http://siliconvalleysoccer.com/league/Coed_Winter_2009/ByTeam.php?team_id=139', 'deleted'),
('2009-12-24 10:13:11', 257, '623fd84c953597c8c903b989e9b359cd8336', 38, 191, 'This is the Club Page for the FA Azzurri Team', 'deleted'),
('2009-12-24 10:17:27', 258, '4b0826d30f40d92672726fb6a5a150e59631', 38, 191, 'This is the Club Page for the FA Azzurri Team', 'deleted'),
('2009-12-24 10:43:35', 259, '7bec91fa650f19d9a2b06beb124343653148', 75, 191, 'fwetgrf', 'active'),
('2009-12-27 15:42:01', 260, '563780145dc3e2a5ea3f572cefdef0766843', 38, 191, 'This is the Club Page for the FA Azzurri Team', 'deleted'),
('2009-12-29 16:13:51', 261, '52cb2d4c84ecc0cb51da97d8eaad56994772', 6, 16, 'I''m 6''10" tall and play golf becasue basketball was too easy...', 'deleted'),
('2009-12-29 16:13:51', 262, '52cb2d4c84ecc0cb51da97d8eaad56993332', 7, 16, 'Geeky model airplanes and helicopters.  Talking.', 'deleted'),
('2009-12-29 16:13:51', 263, '52cb2d4c84ecc0cb51da97d8eaad56992344', 46, 16, 'Azzurri, Pulcinci, Sorensen''s Rovers', 'deleted'),
('2009-12-29 16:13:52', 264, '0abe8bf27fa32ab254545ffdc72277251724', 6, 16, 'I''m 6''10" tall and play golf becasue basketball was too easy...', 'deleted'),
('2009-12-29 16:13:52', 265, '0abe8bf27fa32ab254545ffdc72277251588', 7, 16, 'Geeky model airplanes and helicopters.  Talking.', 'deleted'),
('2009-12-29 16:13:52', 266, '0abe8bf27fa32ab254545ffdc72277252767', 46, 16, 'Azzurri, Pulcinci, Sorensen''s Rovers', 'deleted'),
('2009-12-29 16:29:47', 267, 'aa41380b2c670204369a3f20634d7be69072', 38, 191, 'A friendly group the pries on being competitive adn friendly.  Except to cheap hacks who we hunt and destroy...', 'deleted'),
('2009-12-29 16:46:02', 268, '7acbef2cd672acba5b9a8de67378e0ef7061', 6, 16, 'I''m 6''10" tall and play golf becasue basketball was too easy...', 'deleted'),
('2009-12-29 16:46:02', 269, '7acbef2cd672acba5b9a8de67378e0ef8088', 7, 16, 'I tried to hid this for this implementation but editing doesn''t work for this field right now', 'deleted'),
('2009-12-29 16:46:02', 270, '7acbef2cd672acba5b9a8de67378e0ef9258', 46, 16, 'Azzurri, Pulcinci, Sorensen''s Rovers', 'deleted'),
('2009-12-29 16:52:03', 271, '66bfae855328ff1a46644d9a4fcf7ad62027', 16, 16, 'http://rikasfriends.ning.com/, www.petsfriendsunnyvale.com', 'deleted'),
('2010-01-16 10:49:22', 273, '66358afcdfd73d2acca18c9aea22f6e22360', 46, 229, 'TBD', 'active'),
('2010-01-30 07:36:49', 274, 'b15ebdea590bf06289ce785f906973175717', 6, 240, 'test', 'active'),
('2010-01-30 07:36:49', 275, 'b15ebdea590bf06289ce785f906973171508', 7, 240, 'test', 'active'),
('2010-01-30 07:36:49', 276, 'b15ebdea590bf06289ce785f90697317386', 46, 240, 'test', 'active'),
('2010-01-30 10:26:27', 277, 'c9eb5e6438c04b01e865dbb25b58deb57403', 38, 191, 'A friendly group the pries on being competitive adn friendly.  Except to cheap hacks who we hunt and destroy...', 'deleted'),
('2010-01-30 10:26:44', 278, '55576755bde1c749e96aca91e11db94c5860', 38, 191, 'A friendly group...', 'deleted'),
('2010-01-30 10:28:10', 279, '9444c3963622ae17f878cbec638ac0557093', 38, 208, 'testing to teams', 'deleted'),
('2010-01-30 10:28:24', 280, 'cad7454b15dabc596137718c55a355847883', 38, 208, 'testing to teams', 'deleted'),
('2010-01-30 10:30:14', 281, 'a92ca659710f6eff36acd8d6732959008137', 38, 210, 'This is the list of beta test users', 'active'),
('2010-02-05 15:00:14', 282, '7e69149ca3440a6263af72688f24a8f67038', 16, 191, 'http://siliconvalleysoccer.com/', 'deleted'),
('2010-02-05 15:01:20', 283, '76b9dfa4411b86c741599f35f6f51fe0777', 38, 191, 'A friendly group...', 'deleted'),
('2010-02-05 15:11:53', 284, '87e08fe0953656f18993ef4c73c4a7312768', 6, 16, 'I''m 6''10" tall and play golf becasue basketball was too easy...', 'deleted'),
('2010-02-05 15:11:53', 285, '87e08fe0953656f18993ef4c73c4a7311511', 7, 16, 'I tried to hide this for this implementation but editing doesn''t work for this field right now', 'active'),
('2010-02-05 15:11:53', 286, '87e08fe0953656f18993ef4c73c4a7319247', 46, 16, 'Azzurri, Pulcinci, Sorensen''s Rovers', 'deleted'),
('2010-02-08 12:36:10', 287, '2c8a0af22ff67c40d5e02d6828340d711708', 6, 16, 'I''m 6''10" tall and play golf because basketball was too easy...', 'deleted'),
('2010-02-08 12:36:10', 288, '2c8a0af22ff67c40d5e02d6828340d71796', 46, 16, 'Azzurri, Pulcinci, Sorensen''s Rovers', 'deleted'),
('2010-02-08 12:36:45', 289, '23afa120b2674e473a5fdb7b0f0b61738854', 16, 16, 'http://rikasfriends.ning.com/, www.petsfriendsunnyvale.com', 'deleted'),
('2010-02-08 13:58:13', 290, 'ea1956f2376dd3cef203bee974e6a05c1886', 38, 191, 'A friendly group...', 'deleted'),
('2010-02-26 11:45:36', 291, 'ff0579bad64eb3b853ef8d1a0e34fbe92866', 6, 13, 'Web application developer. Currently the lead front-end architect for Mint.com and complete architect of Godster. I also run a JavaScript, CSS, and xHTML resource blog.', 'deleted'),
('2010-02-26 11:45:36', 292, 'ff0579bad64eb3b853ef8d1a0e34fbe98672', 46, 13, 'god''s team', 'deleted'),
('2010-02-26 11:48:39', 293, '1c793977f4ed45738846014ab54004414765', 38, 191, 'A friendly group...', 'deleted'),
('2010-02-26 13:44:54', 294, '0dc49f45c1c57b6a9b4b5b3e75f36f4f7809', 16, 16, 'http://rikasfriends.ning.com/, www.petsfriendsunnyvale.com', 'deleted'),
('2010-03-10 16:18:31', 295, '0ded489d48261c6ec5e4cc35e0dd7b5f4748', 38, 208, 'testing to teams', 'deleted'),
('2010-03-14 13:18:15', 296, '1e74e0e645be3a2790157ca8be935c27315', 6, 16, 'I''m 6''10" tall and play golf because basketball was too easy...', 'deleted'),
('2010-03-14 13:18:15', 297, '1e74e0e645be3a2790157ca8be935c277326', 46, 16, 'Azzurri, Pulcinci', 'deleted'),
('2010-03-14 13:19:06', 298, 'ce2fb338e620ad22d159b9eb793492845689', 16, 16, 'http://rikasfriends.ning.com/, www.petsfriendsunnyvale.com', 'deleted'),
('2010-05-11 18:32:21', 299, 'eb3e8c12af7ea7b4cc58609ba9308a0f6466', 16, 16, 'http://rikasfriends.ning.com/, www.petsfriendsunnyvale.com/, ', 'deleted'),
('2010-05-11 18:33:02', 300, 'c19f826a50c217400b4bb0b05b91e0d55262', 16, 16, 'http://rikasfriends.ning.com/, http://petsfriendsunnyvale.com/, ', 'deleted'),
('2010-05-16 15:54:08', 301, '73cb30f6aa86b9fb272234e462d4c05c6914', 16, 16, 'http://rikasfriends.ning.com/, http://petsfriendsunnyvale.com/, ', 'deleted'),
('2010-05-16 16:03:39', 302, '360b5b79938f9f002044d99d0dbd281f8784', 6, 16, 'I''m 6''10" tall and play golf because basketball was too easy...', 'deleted'),
('2010-05-16 16:03:39', 303, '360b5b79938f9f002044d99d0dbd281f3178', 46, 16, 'Azzurri, Pulcinci', 'deleted'),
('2010-05-16 16:04:08', 304, '72e2254a0aa24daf3401ad2010961cf29536', 6, 16, 'I''m 6''10" tall and play golf because basketball was too easy...', 'deleted'),
('2010-05-16 16:04:08', 305, '72e2254a0aa24daf3401ad2010961cf28151', 46, 16, 'Azzurri, Pulcinci', 'deleted'),
('2010-05-16 16:05:09', 306, 'b64add76c238a67d29cca13bd5bf0a262144', 6, 16, 'I''m 6''10" tall and play golf because basketball was too easy...', 'deleted'),
('2010-05-16 16:05:09', 307, 'b64add76c238a67d29cca13bd5bf0a266266', 46, 16, 'Azzurri, Pulcinci', 'deleted'),
('2010-05-16 16:05:55', 308, '5bc8a5c4698249fdb6937cdbeb3f00cd4899', 6, 16, 'I''m 6''10" tall and play golf because basketball was too easy...', 'deleted'),
('2010-05-16 16:05:55', 309, '5bc8a5c4698249fdb6937cdbeb3f00cd5698', 46, 16, 'Azzurri, Pulcinci', 'deleted'),
('2010-05-16 16:08:15', 310, '2e4210820bd238085c42a395cf1e92d43793', 6, 16, 'I''m 6''10" tall and play golf because basketball was too easy...', 'deleted'),
('2010-05-16 16:08:15', 311, '2e4210820bd238085c42a395cf1e92d41869', 46, 16, 'Azzurri, Pulcinci', 'deleted'),
('2010-05-16 16:08:50', 312, 'b81a1a6c15208952399ec8dd4111d32b7967', 6, 16, 'I''m 6''10" tall and play golf because basketball was too easy...', 'deleted'),
('2010-05-16 16:08:50', 313, 'b81a1a6c15208952399ec8dd4111d32b4231', 46, 16, 'Azzurri, Pulcinci', 'deleted'),
('2010-05-16 16:35:26', 314, '5aaf88e426856e9e3474635f58c5290f7251', 16, 191, 'http://siliconvalleysoccer.com/', 'deleted'),
('2010-05-16 16:37:02', 315, 'c92b47bb0a913c8dcbfe95eda7ef4bd13564', 38, 191, 'A friendly Group', 'deleted'),
('2010-05-16 16:46:22', 316, 'b1a8b536f7f6a3b5f93b8ce637d5a1936066', 6, 16, 'test', 'deleted'),
('2010-05-16 16:46:22', 317, 'b1a8b536f7f6a3b5f93b8ce637d5a1939639', 46, 16, 'test', 'deleted'),
('2010-05-16 16:47:01', 318, '38d47df34e2cd7c2e8bd0d51e2d78e4a1', 16, 16, 'http://rikasfriends.ning.com/', 'deleted'),
('2010-05-16 17:48:23', 319, 'dc26e815ab62a2706074d6b6fcf30c2d1083', 38, 191, 'gjsjggxj', 'deleted'),
('2010-05-17 09:17:18', 320, 'efbd6e7b4a92ad3dce54ab64b6fbdb515410', 38, 188, 'test', 'deleted'),
('2010-05-17 09:29:06', 321, '9405728b3997b525ac14b7061e72f8733802', 38, 188, 'test', 'deleted'),
('2010-05-17 11:52:20', 322, '6c50741d9bd61ae108dd679f7e568c772780', 6, 16, 'nothing interesting', 'deleted'),
('2010-05-17 11:52:20', 323, '6c50741d9bd61ae108dd679f7e568c772494', 46, 16, 'Pulcini, Azzurri', 'deleted'),
('2010-05-17 16:24:25', 324, '2b5645cfc82769493056f408fcd3dd674129', 16, 16, 'http://rikasfriends.ning.com/', 'deleted'),
('2010-05-22 21:15:37', 325, '61bb597a4e1ee13583b8a7744e6155023166', 6, 13, 'I am awesome', 'deleted'),
('2010-05-22 21:15:37', 326, '61bb597a4e1ee13583b8a7744e6155023440', 46, 13, 'Clockwork Orange', 'deleted'),
('2010-05-22 21:15:56', 327, 'ab937a0308c0d66687cae33cb385ccd97704', 16, 13, 'http://www.mattsnider.com, mint.com, www.trippert.com, http://www.gophernow.com, http://www.supost.com', 'deleted'),
('2010-05-22 21:18:33', 328, '38daba96a8873345957160d0bf5993c88201', 16, 188, 'http://www.mattsnider.com', 'active'),
('2010-05-27 16:24:43', 329, '229b3a2ab25b3a051ba6cd7673ee05b07893', 6, 16, 'Green eggs and Ham', 'deleted'),
('2010-05-27 16:24:43', 330, '229b3a2ab25b3a051ba6cd7673ee05b04863', 46, 16, 'Yes I am', 'deleted'),
('2010-07-19 11:59:02', 331, '27979bcbce662839949a785034d9f2be635', 38, 188, 'test', 'deleted'),
('2010-08-22 11:17:10', 332, 'd74d7166988f9f1c4f54c448a08c4c6f', 16, 13, 'http://www.mattsnider.com, mint.com, www.trippert.com, http://www.gophernow.com, http://www.supost.com', 'active'),
('2010-09-03 16:07:38', 333, 'a8136ed1e7d22e1629c3ffb6ed84556e', 46, 16, 'azzurri, pulcini', 'deleted'),
('2010-09-03 16:16:01', 334, '90b9678d5c604ee85ecb1a748f931b3c', 46, 271, 'azzurri', 'active'),
('2010-09-06 16:26:31', 335, '32a675411c1fb4b645faef539d12abe4', 38, 188, 'this is a chess club', 'active'),
('2010-09-06 16:40:53', 336, 'a32df08c6d54ce1587f273c72f1f54de', 46, 16, 'Azzurri', 'deleted'),
('2010-09-06 18:37:31', 337, '46e08675333901c3918cdbb2766dadf7', 38, 191, 'fsdfsdf', 'deleted'),
('2010-09-06 18:37:31', 338, '2b61c135de0f68b22abd598b4f332c77', 39, 191, 'dsfsdf', 'deleted'),
('2010-09-12 19:51:19', 339, '075944fca014a505e0071a3460d6d60c', 6, 13, 'I am awesome', 'active'),
('2010-09-12 19:51:19', 340, '7b7278bc6a47e5c5c7543499d98971f4', 46, 13, 'Clockwork Orange', 'active'),
('2010-09-18 07:24:29', 341, '56d76e780b859ae0bc0a6f2cfcf3b3ec', 46, 16, 'Azzurri, pulcini', 'active'),
('2010-09-18 07:34:14', 342, '9b074dc00326c4edf69e2abd40af412d', 46, 213, 'azzurri', 'active'),
('2010-10-19 12:57:07', 343, '265eeee041c4502640882223c99fcf72', 46, 275, 'Pulcini', 'active'),
('2010-10-31 12:16:04', 344, 'cb4c0bc4391a5469b7989a508ace312f', 46, 276, 'clockwork orange', 'active'),
('2010-11-01 12:26:12', 345, 'fa5a96706cb0e424c881eb7036a34401', 46, 278, 'treterter, rtertert', 'active'),
('2010-11-01 12:33:57', 346, 'a90db483ffe0610524577440d24a3887', 46, 279, 'wewe', 'active'),
('2010-11-02 08:50:17', 347, '3e87c70259f02aaf956308032db87314', 46, 280, 'clockwork orange', 'active'),
('2010-11-02 09:21:21', 348, '9cbee769787f9814925c99c2e5b71e7e', 46, 281, 'clockwork orange', 'active'),
('2010-11-02 19:28:30', 349, '6b5f4708caa413627711d32e5aafa787', 46, 282, 'rtwretwert', 'active'),
('2010-11-10 15:19:58', 350, '4add0203de090e2b963af1351634d967', 46, 284, 'dfgdfg', 'active');

-- --------------------------------------------------------

--
-- Table structure for table `profile_widget_field_what_makes_matt_awesome`
--

CREATE TABLE IF NOT EXISTS `profile_widget_field_what_makes_matt_awesome` (
  `what_makes_matt_awesome_id` mediumint(8) unsigned NOT NULL,
  `created` datetime NOT NULL DEFAULT '0000-00-00 00:00:00',
  `id` int(10) unsigned NOT NULL AUTO_INCREMENT,
  `ikey` varchar(75) NOT NULL,
  `profile_widget_field_id` mediumint(8) unsigned NOT NULL,
  `searchable_id` int(11) unsigned NOT NULL,
  `status` enum('deleted','active') NOT NULL DEFAULT 'active',
  PRIMARY KEY (`id`),
  KEY `normal` (`profile_widget_field_id`,`searchable_id`),
  KEY `profile_widget_field_what_makes_matt_awesome_searchable_fk` (`searchable_id`),
  KEY `profile_widget_field_what_makes_matt_awesome_pwf_fk` (`profile_widget_field_id`),
  KEY `profile_widget_field_what_makes_matt_awesome_fk` (`what_makes_matt_awesome_id`)
) ENGINE=InnoDB  DEFAULT CHARSET=utf8 AUTO_INCREMENT=2 ;

--
-- Dumping data for table `profile_widget_field_what_makes_matt_awesome`
--

INSERT INTO `profile_widget_field_what_makes_matt_awesome` (`what_makes_matt_awesome_id`, `created`, `id`, `ikey`, `profile_widget_field_id`, `searchable_id`, `status`) VALUES
(5, '2009-04-02 10:27:30', 1, '040c18d87d06d09e542d038b644c8d3a8584', 42, 13, 'active');

-- --------------------------------------------------------

--
-- Table structure for table `profile_widget_field_will_sub`
--

CREATE TABLE IF NOT EXISTS `profile_widget_field_will_sub` (
  `will_sub_id` mediumint(8) unsigned NOT NULL,
  `created` timestamp NOT NULL DEFAULT CURRENT_TIMESTAMP ON UPDATE CURRENT_TIMESTAMP,
  `id` int(10) unsigned NOT NULL AUTO_INCREMENT,
  `ikey` varchar(75) NOT NULL,
  `profile_widget_field_id` mediumint(8) unsigned NOT NULL,
  `searchable_id` int(11) unsigned NOT NULL,
  `status` enum('deleted','active') NOT NULL DEFAULT 'active',
  PRIMARY KEY (`id`),
  KEY `profile_widget_field_will_sub_searchable_fk` (`searchable_id`),
  KEY `profile_widget_field_will_sub_pwf_fk` (`profile_widget_field_id`),
  KEY `profile_widget_field_will_sub_fk` (`will_sub_id`)
) ENGINE=InnoDB  DEFAULT CHARSET=utf8 AUTO_INCREMENT=17 ;

--
-- Dumping data for table `profile_widget_field_will_sub`
--

INSERT INTO `profile_widget_field_will_sub` (`will_sub_id`, `created`, `id`, `ikey`, `profile_widget_field_id`, `searchable_id`, `status`) VALUES
(1, '2010-08-19 23:38:14', 1, '35647225261e18174a0db8d879f8e4051018', 69, 212, 'deleted'),
(1, '2010-08-19 23:38:14', 2, 'a4add21019f6fb5becf78360cc99979e9336', 69, 212, 'deleted'),
(1, '2010-08-19 23:38:14', 3, '745d3414bf1d98ed1878a3ff51c91fb83628', 69, 16, 'deleted'),
(1, '2010-08-19 23:38:14', 4, 'e8bfc609ace107558865da9e1c2b542a129', 69, 16, 'deleted'),
(1, '2010-08-19 23:38:14', 5, 'ec97564a62352a51f3260eb32a3605b59760', 69, 228, 'active'),
(1, '2010-08-19 23:38:14', 6, 'df71cc5f96032052c02cb215bf6a8a088417', 69, 214, 'active'),
(1, '2010-08-19 23:38:14', 7, 'a4777c4c248e64c7a7c1cad438de58272805', 69, 16, 'deleted'),
(1, '2010-08-19 23:38:14', 8, 'd2a86832d0f311486452f126614596898772', 69, 16, 'deleted'),
(1, '2010-08-19 23:38:14', 9, '82122cb57bbfca0b1ea2d011c6f2bd835449', 69, 229, 'active'),
(1, '2010-08-19 23:38:14', 10, '61baacbf39c49179110d43baa57b16bd927', 69, 13, 'active'),
(1, '2010-08-19 23:38:14', 11, '8e6cd8c8c1003a25fb1c8d800a1af59c8284', 69, 212, 'deleted'),
(1, '2010-08-19 23:38:14', 12, '182b11af25179575457a216f8516b4e68644', 69, 212, 'deleted'),
(1, '2010-08-19 23:38:14', 13, '077a303c1cecf96c03f9b56c3ec592208366', 69, 212, 'active'),
(1, '2010-08-19 23:38:14', 14, '5f87539190e7c25f7a9d1ac9d623a4cf5900', 69, 16, 'deleted'),
(1, '2010-08-19 23:38:14', 15, '5c193bbac8dd5f3cf88ffa6da86410d94400', 69, 16, 'deleted'),
(1, '2010-08-19 23:38:14', 16, 'e46d4b67bc1bfac52d7f984121729de34300', 69, 16, 'active');

-- --------------------------------------------------------

--
-- Table structure for table `pwf_attend`
--

CREATE TABLE IF NOT EXISTS `pwf_attend` (
  `id` mediumint(8) unsigned NOT NULL AUTO_INCREMENT,
  `name` varchar(45) NOT NULL,
  `f` int(10) unsigned NOT NULL DEFAULT '0',
  `modified` datetime NOT NULL,
  `created` datetime NOT NULL,
  `status` enum('active','deleted') NOT NULL DEFAULT 'active',
  PRIMARY KEY (`id`)
) ENGINE=InnoDB  DEFAULT CHARSET=utf8 AUTO_INCREMENT=4 ;

--
-- Dumping data for table `pwf_attend`
--

INSERT INTO `pwf_attend` (`id`, `name`, `f`, `modified`, `created`, `status`) VALUES
(1, 'Undergrad', 0, '0000-00-00 00:00:00', '0000-00-00 00:00:00', 'active'),
(2, 'Graduate', 0, '0000-00-00 00:00:00', '0000-00-00 00:00:00', 'active'),
(3, 'Post-doc', 0, '0000-00-00 00:00:00', '0000-00-00 00:00:00', 'active');

-- --------------------------------------------------------

--
-- Table structure for table `pwf_available_days`
--

CREATE TABLE IF NOT EXISTS `pwf_available_days` (
  `created` datetime NOT NULL DEFAULT '0000-00-00 00:00:00',
  `f` int(10) unsigned NOT NULL DEFAULT '0',
  `id` mediumint(8) unsigned NOT NULL AUTO_INCREMENT,
  `modified` datetime NOT NULL DEFAULT '0000-00-00 00:00:00',
  `name` varchar(64) NOT NULL,
  `status` enum('deleted','active') NOT NULL DEFAULT 'active',
  PRIMARY KEY (`id`),
  UNIQUE KEY `name` (`name`)
) ENGINE=InnoDB  DEFAULT CHARSET=utf8 AUTO_INCREMENT=10 ;

--
-- Dumping data for table `pwf_available_days`
--

INSERT INTO `pwf_available_days` (`created`, `f`, `id`, `modified`, `name`, `status`) VALUES
('2009-12-05 20:49:11', 0, 1, '2009-12-05 20:49:11', 'Monday', 'active'),
('2009-12-05 20:49:19', 0, 2, '2009-12-05 20:49:19', 'Tuesday', 'active'),
('2009-12-05 20:49:27', 0, 3, '2009-12-05 20:49:27', 'Wednesday', 'active'),
('2009-12-05 20:49:36', 0, 4, '2009-12-05 20:49:36', 'Thursday', 'active'),
('2009-12-05 20:49:43', 0, 5, '2009-12-05 20:49:43', 'Friday', 'active'),
('2009-12-05 20:49:50', 0, 6, '2010-05-16 15:58:01', 'Weeknights only', 'active'),
('2009-12-05 20:50:00', 0, 7, '2010-05-16 15:57:36', 'Variable: Please contact me', 'active'),
('2009-12-05 20:54:23', 0, 8, '2010-05-16 15:57:36', 'Saturday', 'active'),
('2010-05-16 15:57:49', 0, 9, '2010-05-16 15:57:49', 'Sunday', 'active');

-- --------------------------------------------------------

--
-- Table structure for table `pwf_category`
--

CREATE TABLE IF NOT EXISTS `pwf_category` (
  `modified` timestamp NOT NULL DEFAULT CURRENT_TIMESTAMP ON UPDATE CURRENT_TIMESTAMP,
  `created` datetime NOT NULL DEFAULT '0000-00-00 00:00:00',
  `f` int(10) unsigned NOT NULL DEFAULT '0',
  `id` mediumint(8) unsigned NOT NULL AUTO_INCREMENT,
  `name` varchar(64) NOT NULL,
  `status` enum('deleted','active') NOT NULL DEFAULT 'active',
  PRIMARY KEY (`id`),
  UNIQUE KEY `name` (`name`)
) ENGINE=InnoDB  DEFAULT CHARSET=utf8 AUTO_INCREMENT=4 ;

--
-- Dumping data for table `pwf_category`
--

INSERT INTO `pwf_category` (`modified`, `created`, `f`, `id`, `name`, `status`) VALUES
('2010-05-17 10:31:39', '2010-05-17 09:42:57', 0, 1, 'Team', 'active'),
('2010-05-17 10:31:39', '2010-05-17 09:43:11', 0, 2, 'Group', 'active'),
('2010-07-19 11:56:10', '2010-07-19 11:56:10', 0, 3, 'Other', 'active');

-- --------------------------------------------------------

--
-- Table structure for table `pwf_city`
--

CREATE TABLE IF NOT EXISTS `pwf_city` (
  `id` mediumint(8) unsigned NOT NULL AUTO_INCREMENT,
  `created` datetime NOT NULL DEFAULT '0000-00-00 00:00:00',
  `name` varchar(64) NOT NULL,
  `f` int(10) unsigned NOT NULL DEFAULT '0',
  PRIMARY KEY (`id`),
  UNIQUE KEY `name` (`name`)
) ENGINE=InnoDB  DEFAULT CHARSET=utf8 AUTO_INCREMENT=856 ;

--
-- Dumping data for table `pwf_city`
--

INSERT INTO `pwf_city` (`id`, `created`, `name`, `f`) VALUES
(1, '0000-00-00 00:00:00', 'Abidjan', 0),
(2, '0000-00-00 00:00:00', 'Addis Ababa', 0),
(3, '0000-00-00 00:00:00', 'Ahmedabad', 0),
(530, '0000-00-00 00:00:00', 'Akron', 0),
(531, '0000-00-00 00:00:00', 'Alameda', 0),
(532, '0000-00-00 00:00:00', 'Albany', 0),
(533, '0000-00-00 00:00:00', 'Albuquerque', 0),
(534, '0000-00-00 00:00:00', 'Alexandria', 0),
(535, '0000-00-00 00:00:00', 'American Canyon', 0),
(536, '0000-00-00 00:00:00', 'Anaheim', 0),
(537, '0000-00-00 00:00:00', 'Anchorage', 0),
(538, '0000-00-00 00:00:00', 'Ankara', 0),
(539, '0000-00-00 00:00:00', 'Antioch', 0),
(540, '0000-00-00 00:00:00', 'Arlington', 0),
(541, '0000-00-00 00:00:00', 'Atherton', 0),
(542, '0000-00-00 00:00:00', 'Atlanta', 0),
(543, '0000-00-00 00:00:00', 'Aurora', 0),
(544, '0000-00-00 00:00:00', 'Austin', 0),
(545, '0000-00-00 00:00:00', 'Baghdad', 0),
(546, '0000-00-00 00:00:00', 'Bakersfield', 0),
(547, '0000-00-00 00:00:00', 'Baltimore', 0),
(548, '0000-00-00 00:00:00', 'Bandung', 0),
(549, '0000-00-00 00:00:00', 'Bangalore', 0),
(550, '0000-00-00 00:00:00', 'Bangkok', 0),
(551, '0000-00-00 00:00:00', 'Baton Rouge', 0),
(552, '0000-00-00 00:00:00', 'Beijing', 0),
(553, '0000-00-00 00:00:00', 'Belmont', 0),
(554, '0000-00-00 00:00:00', 'Belo Horizonte', 0),
(555, '0000-00-00 00:00:00', 'Belvedere', 0),
(556, '0000-00-00 00:00:00', 'Benicia', 0),
(557, '0000-00-00 00:00:00', 'Berkeley', 0),
(558, '0000-00-00 00:00:00', 'Berlin', 0),
(559, '0000-00-00 00:00:00', 'Birmingham', 0),
(560, '0000-00-00 00:00:00', 'Bogor', 0),
(561, '0000-00-00 00:00:00', 'Bogota', 0),
(562, '0000-00-00 00:00:00', 'Bombay', 0),
(563, '0000-00-00 00:00:00', 'Boston', 0),
(564, '0000-00-00 00:00:00', 'Brasilia', 0),
(565, '0000-00-00 00:00:00', 'Brentwood', 0),
(566, '0000-00-00 00:00:00', 'Brisbane', 0),
(567, '0000-00-00 00:00:00', 'Bucuresti', 0),
(568, '0000-00-00 00:00:00', 'Budapest', 0),
(569, '0000-00-00 00:00:00', 'Buenos Aires', 0),
(570, '0000-00-00 00:00:00', 'Buffalo', 0),
(571, '0000-00-00 00:00:00', 'Burlingame', 0),
(572, '0000-00-00 00:00:00', 'Cairo', 0),
(573, '0000-00-00 00:00:00', 'Calcutta', 0),
(574, '0000-00-00 00:00:00', 'Cali', 0),
(575, '0000-00-00 00:00:00', 'Calistoga', 0),
(576, '0000-00-00 00:00:00', 'Campbell', 0),
(577, '0000-00-00 00:00:00', 'Caracas', 0),
(578, '0000-00-00 00:00:00', 'Casablanca', 0),
(579, '0000-00-00 00:00:00', 'Chandler', 0),
(580, '0000-00-00 00:00:00', 'Changchun', 0),
(581, '0000-00-00 00:00:00', 'Charlotte', 0),
(582, '0000-00-00 00:00:00', 'Chengdu', 0),
(583, '0000-00-00 00:00:00', 'Chesapeake', 0),
(584, '0000-00-00 00:00:00', 'Chicago', 0),
(585, '0000-00-00 00:00:00', 'Chongqing', 0),
(586, '0000-00-00 00:00:00', 'Chula Vista', 0),
(587, '0000-00-00 00:00:00', 'Cincinnati', 0),
(588, '0000-00-00 00:00:00', 'Cirebon', 0),
(589, '0000-00-00 00:00:00', 'Clayton', 0),
(590, '0000-00-00 00:00:00', 'Cleveland', 0),
(591, '0000-00-00 00:00:00', 'Cloverdale', 0),
(592, '0000-00-00 00:00:00', 'Colma', 0),
(593, '0000-00-00 00:00:00', 'Colorado Springs', 0),
(594, '0000-00-00 00:00:00', 'Columbus', 0),
(595, '0000-00-00 00:00:00', 'Concord', 0),
(596, '0000-00-00 00:00:00', 'Corpus Christi', 0),
(597, '0000-00-00 00:00:00', 'Corte Madera', 0),
(598, '0000-00-00 00:00:00', 'Cotati', 0),
(599, '0000-00-00 00:00:00', 'Cupertino', 0),
(600, '0000-00-00 00:00:00', 'Dalian', 0),
(601, '0000-00-00 00:00:00', 'Dallas', 0),
(602, '0000-00-00 00:00:00', 'Daly City', 0),
(603, '0000-00-00 00:00:00', 'Danville', 0),
(604, '0000-00-00 00:00:00', 'Delhi', 0),
(605, '0000-00-00 00:00:00', 'Denver', 0),
(606, '0000-00-00 00:00:00', 'Detroit', 0),
(607, '0000-00-00 00:00:00', 'Dhaka', 0),
(608, '0000-00-00 00:00:00', 'Dixon', 0),
(609, '0000-00-00 00:00:00', 'Dublin', 0),
(610, '0000-00-00 00:00:00', 'Durham', 0),
(611, '0000-00-00 00:00:00', 'East Palo Alto', 0),
(612, '0000-00-00 00:00:00', 'El Cerrito', 0),
(613, '0000-00-00 00:00:00', 'El Paso', 0),
(614, '0000-00-00 00:00:00', 'Emeryville', 0),
(615, '0000-00-00 00:00:00', 'Fairfax', 0),
(616, '0000-00-00 00:00:00', 'Fairfield', 0),
(617, '0000-00-00 00:00:00', 'Faisalabad', 0),
(618, '0000-00-00 00:00:00', 'Fort Wayne', 0),
(619, '0000-00-00 00:00:00', 'Fort Worth', 0),
(620, '0000-00-00 00:00:00', 'Fortaleza', 0),
(621, '0000-00-00 00:00:00', 'Foster City', 0),
(622, '0000-00-00 00:00:00', 'Fremont', 0),
(623, '0000-00-00 00:00:00', 'Fresno', 0),
(624, '0000-00-00 00:00:00', 'Garland', 0),
(625, '0000-00-00 00:00:00', 'Gilroy', 0),
(626, '0000-00-00 00:00:00', 'Giza', 0),
(627, '0000-00-00 00:00:00', 'Glendale', 0),
(628, '0000-00-00 00:00:00', 'Greensboro', 0),
(629, '0000-00-00 00:00:00', 'Guangzhou', 0),
(630, '0000-00-00 00:00:00', 'Guayaquil', 0),
(631, '0000-00-00 00:00:00', 'Haerbin', 0),
(632, '0000-00-00 00:00:00', 'Half Moon Bay', 0),
(633, '0000-00-00 00:00:00', 'Havanna', 0),
(634, '0000-00-00 00:00:00', 'Hayward', 0),
(635, '0000-00-00 00:00:00', 'Healdsburg', 0),
(636, '0000-00-00 00:00:00', 'Henderson', 0),
(637, '0000-00-00 00:00:00', 'Hercules', 0),
(638, '0000-00-00 00:00:00', 'Hialeah', 0),
(639, '0000-00-00 00:00:00', 'Hillsborough', 0),
(640, '0000-00-00 00:00:00', 'Ho Chi Minh', 0),
(641, '0000-00-00 00:00:00', 'Hongkong', 0),
(642, '0000-00-00 00:00:00', 'Honolulu Cdp', 0),
(643, '0000-00-00 00:00:00', 'Houston', 0),
(644, '0000-00-00 00:00:00', 'Hyderabad', 0),
(645, '0000-00-00 00:00:00', 'Inchon', 0),
(646, '0000-00-00 00:00:00', 'Indianapolis', 0),
(647, '0000-00-00 00:00:00', 'Istanbul', 0),
(648, '0000-00-00 00:00:00', 'Izmir', 0),
(649, '0000-00-00 00:00:00', 'Jacksonville', 0),
(650, '0000-00-00 00:00:00', 'Jakarta', 0),
(651, '0000-00-00 00:00:00', 'Jersey', 0),
(652, '0000-00-00 00:00:00', 'Jinan', 0),
(653, '0000-00-00 00:00:00', 'Kanpur', 0),
(654, '0000-00-00 00:00:00', 'Kansas', 0),
(655, '0000-00-00 00:00:00', 'Karachi', 0),
(656, '0000-00-00 00:00:00', 'Kiev', 0),
(657, '0000-00-00 00:00:00', 'Kinshasa', 0),
(658, '0000-00-00 00:00:00', 'Lafayette', 0),
(659, '0000-00-00 00:00:00', 'Lahore', 0),
(660, '0000-00-00 00:00:00', 'Laredo', 0),
(661, '0000-00-00 00:00:00', 'Larkspur', 0),
(662, '0000-00-00 00:00:00', 'Las Vegas', 0),
(663, '0000-00-00 00:00:00', 'Lexington', 0),
(664, '0000-00-00 00:00:00', 'Lima', 0),
(665, '0000-00-00 00:00:00', 'Lincoln', 0),
(666, '0000-00-00 00:00:00', 'Livermore', 0),
(667, '0000-00-00 00:00:00', 'London', 0),
(668, '0000-00-00 00:00:00', 'Long Beach', 0),
(669, '0000-00-00 00:00:00', 'Los Altos', 0),
(670, '0000-00-00 00:00:00', 'Los Altos Hills', 0),
(671, '0000-00-00 00:00:00', 'Los Angeles', 0),
(672, '0000-00-00 00:00:00', 'Los Gatos', 0),
(673, '0000-00-00 00:00:00', 'Louisville', 0),
(674, '0000-00-00 00:00:00', 'Lubbock', 0),
(675, '0000-00-00 00:00:00', 'Madison', 0),
(676, '0000-00-00 00:00:00', 'Madras', 0),
(677, '0000-00-00 00:00:00', 'Madrid', 0),
(678, '0000-00-00 00:00:00', 'Malang', 0),
(679, '0000-00-00 00:00:00', 'Martinez', 0),
(680, '0000-00-00 00:00:00', 'Mashhad', 0),
(681, '0000-00-00 00:00:00', 'Medan', 0),
(682, '0000-00-00 00:00:00', 'Medelln', 0),
(683, '0000-00-00 00:00:00', 'Memphis', 0),
(684, '0000-00-00 00:00:00', 'Menlo Park', 0),
(685, '0000-00-00 00:00:00', 'Mesa', 0),
(686, '0000-00-00 00:00:00', 'Mexico', 0),
(687, '0000-00-00 00:00:00', 'Miami', 0),
(688, '0000-00-00 00:00:00', 'Mill Valley', 0),
(689, '0000-00-00 00:00:00', 'Millbrae', 0),
(690, '0000-00-00 00:00:00', 'Milpitas', 0),
(691, '0000-00-00 00:00:00', 'Milwaukee', 0),
(692, '0000-00-00 00:00:00', 'Minneapolis', 0),
(693, '0000-00-00 00:00:00', 'Modesto', 0),
(694, '0000-00-00 00:00:00', 'Monte Sereno', 0),
(695, '0000-00-00 00:00:00', 'Montgomery', 0),
(696, '0000-00-00 00:00:00', 'Moraga', 0),
(697, '0000-00-00 00:00:00', 'Morgan Hill', 0),
(698, '0000-00-00 00:00:00', 'Moscow', 0),
(699, '0000-00-00 00:00:00', 'Mountain View', 0),
(700, '0000-00-00 00:00:00', 'Nagoya', 0),
(701, '0000-00-00 00:00:00', 'Nanjing', 0),
(702, '0000-00-00 00:00:00', 'Napa', 0),
(703, '0000-00-00 00:00:00', 'Nashville', 0),
(704, '0000-00-00 00:00:00', 'New Orleans', 0),
(705, '0000-00-00 00:00:00', 'New York', 0),
(706, '0000-00-00 00:00:00', 'Newark', 0),
(707, '0000-00-00 00:00:00', 'Norfolk', 0),
(708, '0000-00-00 00:00:00', 'Novato', 0),
(709, '0000-00-00 00:00:00', 'Oakland', 0),
(710, '0000-00-00 00:00:00', 'Oakley', 0),
(711, '0000-00-00 00:00:00', 'Oklahoma', 0),
(712, '0000-00-00 00:00:00', 'Omaha', 0),
(713, '0000-00-00 00:00:00', 'Orinda', 0),
(714, '0000-00-00 00:00:00', 'Orlando', 0),
(715, '0000-00-00 00:00:00', 'Osaka', 0),
(716, '0000-00-00 00:00:00', 'Pacifica', 0),
(717, '0000-00-00 00:00:00', 'Palo Alto', 0),
(718, '0000-00-00 00:00:00', 'Paris', 0),
(719, '0000-00-00 00:00:00', 'Petaluma', 0),
(720, '0000-00-00 00:00:00', 'Philadelphia', 0),
(721, '0000-00-00 00:00:00', 'Phoenix', 0),
(722, '0000-00-00 00:00:00', 'Piedmont', 0),
(723, '0000-00-00 00:00:00', 'Pinole', 0),
(724, '0000-00-00 00:00:00', 'Pittsburg', 0),
(725, '0000-00-00 00:00:00', 'Pittsburgh', 0),
(726, '0000-00-00 00:00:00', 'Plano', 0),
(727, '0000-00-00 00:00:00', 'Pleasant Hill', 0),
(728, '0000-00-00 00:00:00', 'Pleasanton', 0),
(729, '0000-00-00 00:00:00', 'Portland', 0),
(730, '0000-00-00 00:00:00', 'Portola Valley', 0),
(731, '0000-00-00 00:00:00', 'Pusan', 0),
(732, '0000-00-00 00:00:00', 'Pyongyang', 0),
(733, '0000-00-00 00:00:00', 'Qingdao', 0),
(734, '0000-00-00 00:00:00', 'Quezon City', 0),
(735, '0000-00-00 00:00:00', 'Raleigh', 0),
(736, '0000-00-00 00:00:00', 'Redwood City', 0),
(737, '0000-00-00 00:00:00', 'Richmond', 0),
(738, '0000-00-00 00:00:00', 'Rio De Janeiro', 0),
(739, '0000-00-00 00:00:00', 'Rio Vista', 0),
(740, '0000-00-00 00:00:00', 'Riverside', 0),
(741, '0000-00-00 00:00:00', 'Rochester', 0),
(742, '0000-00-00 00:00:00', 'Rohnert Park', 0),
(743, '0000-00-00 00:00:00', 'Roma', 0),
(744, '0000-00-00 00:00:00', 'Ross', 0),
(745, '0000-00-00 00:00:00', 'Sacramento', 0),
(746, '0000-00-00 00:00:00', 'Salvador', 0),
(747, '0000-00-00 00:00:00', 'San Anselmo', 0),
(748, '0000-00-00 00:00:00', 'San Antonio', 0),
(749, '0000-00-00 00:00:00', 'San Bruno', 0),
(750, '0000-00-00 00:00:00', 'San Carlos', 0),
(751, '0000-00-00 00:00:00', 'San Diego', 0),
(752, '0000-00-00 00:00:00', 'San Francisco', 0),
(753, '0000-00-00 00:00:00', 'San Jose', 0),
(754, '0000-00-00 00:00:00', 'San Leandro', 0),
(755, '0000-00-00 00:00:00', 'San Mateo', 0),
(756, '0000-00-00 00:00:00', 'San Pablo', 0),
(757, '0000-00-00 00:00:00', 'San Rafael', 0),
(758, '0000-00-00 00:00:00', 'San Ramon', 0),
(759, '0000-00-00 00:00:00', 'Santa Ana', 0),
(760, '0000-00-00 00:00:00', 'Santa Clara', 0),
(761, '0000-00-00 00:00:00', 'Santa Rosa', 0),
(762, '0000-00-00 00:00:00', 'Santiago', 0),
(763, '0000-00-00 00:00:00', 'So Paulo', 0),
(764, '0000-00-00 00:00:00', 'Saratoga', 0),
(765, '0000-00-00 00:00:00', 'Sausalito', 0),
(766, '0000-00-00 00:00:00', 'Scottsdale', 0),
(767, '0000-00-00 00:00:00', 'Seattle', 0),
(768, '0000-00-00 00:00:00', 'Sebastopol', 0),
(769, '0000-00-00 00:00:00', 'Semarang', 0),
(770, '0000-00-00 00:00:00', 'Seoul', 0),
(771, '0000-00-00 00:00:00', 'Shanghai', 0),
(772, '0000-00-00 00:00:00', 'Shenyang', 0),
(773, '0000-00-00 00:00:00', 'Shreveport', 0),
(774, '0000-00-00 00:00:00', 'Singapore', 0),
(775, '0000-00-00 00:00:00', 'Sonoma', 0),
(776, '0000-00-00 00:00:00', 'South San Francisco', 0),
(777, '0000-00-00 00:00:00', 'St. Helena', 0),
(778, '0000-00-00 00:00:00', 'St. Louis', 0),
(779, '0000-00-00 00:00:00', 'St. Paul', 0),
(780, '0000-00-00 00:00:00', 'St. Petersburg', 0),
(781, '0000-00-00 00:00:00', 'Stanford', 0),
(782, '0000-00-00 00:00:00', 'Stockton', 0),
(783, '0000-00-00 00:00:00', 'Suisun City', 0),
(784, '0000-00-00 00:00:00', 'Sukabumi', 0),
(785, '0000-00-00 00:00:00', 'Sunnyvale', 0),
(786, '0000-00-00 00:00:00', 'Surabaya', 0),
(787, '0000-00-00 00:00:00', 'Sydney', 0),
(788, '0000-00-00 00:00:00', 'Tacoma', 0),
(789, '0000-00-00 00:00:00', 'Taegu', 0),
(790, '0000-00-00 00:00:00', 'Taipei', 0),
(791, '0000-00-00 00:00:00', 'Taiyuan', 0),
(792, '0000-00-00 00:00:00', 'Tampa', 0),
(793, '0000-00-00 00:00:00', 'Tashkent', 0),
(794, '0000-00-00 00:00:00', 'Tehran', 0),
(795, '0000-00-00 00:00:00', 'Tianjin', 0),
(796, '0000-00-00 00:00:00', 'Tiburon', 0),
(797, '0000-00-00 00:00:00', 'Tokyo', 0),
(798, '0000-00-00 00:00:00', 'Toledo', 0),
(799, '0000-00-00 00:00:00', 'Toronto', 0),
(800, '0000-00-00 00:00:00', 'Tucson', 0),
(801, '0000-00-00 00:00:00', 'Tulsa', 0),
(802, '0000-00-00 00:00:00', 'Union City', 0),
(803, '0000-00-00 00:00:00', 'Vacaville', 0),
(804, '0000-00-00 00:00:00', 'Vallejo', 0),
(805, '0000-00-00 00:00:00', 'Virginia Beach', 0),
(806, '0000-00-00 00:00:00', 'Walnut Creek', 0),
(807, '0000-00-00 00:00:00', 'Washington', 0),
(808, '0000-00-00 00:00:00', 'Wichita', 0),
(809, '0000-00-00 00:00:00', 'Windsor', 0),
(810, '0000-00-00 00:00:00', 'Woodside', 0),
(811, '0000-00-00 00:00:00', 'Wuhan', 0),
(812, '0000-00-00 00:00:00', 'Xian', 0),
(813, '0000-00-00 00:00:00', 'Yangon', 0),
(814, '0000-00-00 00:00:00', 'Yokohama', 0),
(815, '0000-00-00 00:00:00', 'Yonkers', 0),
(816, '0000-00-00 00:00:00', 'Yountville', 0),
(817, '0000-00-00 00:00:00', 'Zibo', 0),
(818, '0000-00-00 00:00:00', 'Big Rapids', 0),
(819, '0000-00-00 00:00:00', 'Thousand Oaks', 0),
(820, '0000-00-00 00:00:00', 'Manalapan', 0),
(821, '0000-00-00 00:00:00', 'Redmond', 0),
(822, '0000-00-00 00:00:00', 'Mars', 0),
(824, '2007-09-11 08:57:01', 'Burbank', 0),
(830, '2007-10-09 11:06:45', 'West Windsor', 0),
(831, '2007-10-09 11:10:39', 'Plainsboro', 0),
(832, '2007-10-09 11:12:49', 'Providence', 0),
(833, '2007-10-09 11:12:49', 'Princeton', 0),
(834, '2007-10-18 16:42:56', 'Ann Arbor', 0),
(835, '2007-10-21 12:22:35', 'Hamden', 0),
(836, '2007-10-21 12:49:17', 'Cambridge', 0),
(839, '2007-10-22 22:38:09', 'La Jolla', 0),
(840, '2007-10-22 22:45:54', 'Cold Spring Harbor', 0),
(842, '2007-12-04 21:52:50', 'Skyros Island', 0),
(844, '2008-11-22 17:51:37', 'test', 0),
(845, '2008-11-22 18:03:58', 'Hagerstown', 0),
(846, '2008-11-23 17:31:37', '-0-0 00:00:00', 0),
(847, '2008-12-15 08:48:34', 'Piscataway', 0),
(848, '2009-06-11 16:38:58', 'trtyerty', 0),
(849, '2009-06-15 08:18:43', 'Santa Cruz', 0),
(850, '2009-07-06 07:37:28', 'Washington D.C.', 0),
(851, '2009-08-31 09:37:20', 'Bergenfield', 0),
(852, '2009-09-10 17:55:57', 'Pordenone', 0),
(853, '2009-09-12 18:01:01', 'Burgerglob', 0),
(854, '2010-01-04 18:33:34', 'testing a network 1', 0),
(855, '2010-01-09 19:29:25', 'somewhere', 0);

-- --------------------------------------------------------

--
-- Table structure for table `pwf_company`
--

CREATE TABLE IF NOT EXISTS `pwf_company` (
  `id` mediumint(8) unsigned NOT NULL AUTO_INCREMENT,
  `name` varchar(60) NOT NULL,
  `f` int(10) unsigned NOT NULL DEFAULT '0',
  `ticker` varchar(6) DEFAULT NULL,
  `created` datetime NOT NULL,
  PRIMARY KEY (`id`),
  UNIQUE KEY `name` (`name`,`ticker`)
) ENGINE=InnoDB  DEFAULT CHARSET=utf8 AUTO_INCREMENT=3403 ;

--
-- Dumping data for table `pwf_company`
--

INSERT INTO `pwf_company` (`id`, `name`, `f`, `ticker`, `created`) VALUES
(1, '@Road, Inc.', 0, 'ARDI', '0000-00-00 00:00:00'),
(2, '1-800 Contacts, Inc.', 0, 'CTAC', '0000-00-00 00:00:00'),
(3, '1-800 FLOWERS.COM, Inc.', 0, 'FLWS', '0000-00-00 00:00:00'),
(4, '1st Constitution Bancorp (NJ)', 0, 'FCCY', '0000-00-00 00:00:00'),
(5, '1st Independence Financial Group, Inc.', 0, 'FIFG', '0000-00-00 00:00:00'),
(6, '1st Source Corporation', 0, 'SRCE', '0000-00-00 00:00:00'),
(8, '21st Century Holding Company', 0, 'TCHC', '0000-00-00 00:00:00'),
(10, '24/7 Real Media, Inc.', 0, 'TFSM', '0000-00-00 00:00:00'),
(11, '3Com Corporation', 0, 'COMS', '0000-00-00 00:00:00'),
(12, '3D Systems Corporation', 0, 'TDSC', '0000-00-00 00:00:00'),
(13, '51job, Inc.', 0, 'JOBS', '0000-00-00 00:00:00'),
(14, '8x8 Inc', 0, 'EGHT', '0000-00-00 00:00:00'),
(15, 'A Consulting Team, Inc. (The)', 0, 'TACX', '0000-00-00 00:00:00'),
(16, 'A. Schulman, Inc.', 0, 'SHLM', '0000-00-00 00:00:00'),
(17, 'A.C. Moore Arts & Crafts, Inc.', 0, 'ACMR', '0000-00-00 00:00:00'),
(18, 'A.D.A.M. Inc.', 0, 'ADAM', '0000-00-00 00:00:00'),
(19, 'A.S.V., Inc.', 0, 'ASVI', '0000-00-00 00:00:00'),
(20, 'AAON, Inc.', 0, 'AAON', '0000-00-00 00:00:00'),
(21, 'Aastrom Biosciences, Inc.', 0, 'ASTM', '0000-00-00 00:00:00'),
(22, 'AB Volvo', 0, 'VOLV', '0000-00-00 00:00:00'),
(23, 'Abatix Corp.', 0, 'ABIX', '0000-00-00 00:00:00'),
(24, 'ABAXIS, Inc.', 0, 'ABAX', '0000-00-00 00:00:00'),
(25, 'Aber Diamond Corporation', 0, 'ABER', '0000-00-00 00:00:00'),
(26, 'Abigail Adams National Bancorp, Inc.', 0, 'AANB', '0000-00-00 00:00:00'),
(27, 'Abington Community Bancorp, Inc.', 0, 'ABBC', '0000-00-00 00:00:00'),
(28, 'ABIOMED, Inc.', 0, 'ABMD', '0000-00-00 00:00:00'),
(29, 'Abraxis BioScience, Inc.', 0, 'ABBI', '0000-00-00 00:00:00'),
(30, 'ABX Air, Inc.', 0, 'ABXA', '0000-00-00 00:00:00'),
(31, 'Acacia Research Corporation', 0, 'ACTG', '0000-00-00 00:00:00'),
(33, 'ACADIA Pharmaceuticals Inc.', 0, 'ACAD', '0000-00-00 00:00:00'),
(34, 'Acambis plc', 0, 'ACAM', '0000-00-00 00:00:00'),
(35, 'Accelrys, Inc.', 0, 'ACCL', '0000-00-00 00:00:00'),
(36, 'Accentia Biopharmaceuticals, Inc.', 0, 'ABPI', '0000-00-00 00:00:00'),
(37, 'Access Integrated Technologies, Inc.', 0, 'AIXD', '0000-00-00 00:00:00'),
(38, 'Access National Corporation', 0, 'ANCX', '0000-00-00 00:00:00'),
(39, 'Accredited Home Lenders Holding Co.', 0, 'LEND', '0000-00-00 00:00:00'),
(40, 'ACE*COMM Corporation', 0, 'ACEC', '0000-00-00 00:00:00'),
(41, 'Acergy S.A.', 0, 'ACGY', '0000-00-00 00:00:00'),
(42, 'Aceto Corporation', 0, 'ACET', '0000-00-00 00:00:00'),
(43, 'Achillion Pharmaceuticals, Inc.', 0, 'ACHN', '0000-00-00 00:00:00'),
(44, 'ACME Communications, Inc.', 0, 'ACME', '0000-00-00 00:00:00'),
(45, 'Acme Packet, Inc.', 0, 'APKT', '0000-00-00 00:00:00'),
(46, 'Acorda Therapeutics, Inc.', 0, 'ACOR', '0000-00-00 00:00:00'),
(47, 'ACS Motion Control Ltd.', 0, 'ACSEF', '0000-00-00 00:00:00'),
(48, 'Actel Corporation', 0, 'ACTL', '0000-00-00 00:00:00'),
(49, 'Action Products International, Inc.', 0, 'APII', '0000-00-00 00:00:00'),
(50, 'Actions Semiconductor Co., Ltd.', 0, 'ACTS', '0000-00-00 00:00:00'),
(51, 'Active Power, Inc.', 0, 'ACPW', '0000-00-00 00:00:00'),
(52, 'ActivIdentity Corporation', 0, 'ACTI', '0000-00-00 00:00:00'),
(53, 'Activision, Inc.', 0, 'ATVI', '0000-00-00 00:00:00'),
(54, 'Actuate Corporation', 0, 'ACTU', '0000-00-00 00:00:00'),
(55, 'Acusphere, Inc.', 0, 'ACUS', '0000-00-00 00:00:00'),
(56, 'Acxiom Corporation', 0, 'ACXM', '0000-00-00 00:00:00'),
(57, 'ADA-ES, Inc.', 0, 'ADES', '0000-00-00 00:00:00'),
(58, 'Adams Respiratory Therapeutics, Inc.', 0, 'ARXT', '0000-00-00 00:00:00'),
(59, 'Adaptec, Inc.', 0, 'ADPT', '0000-00-00 00:00:00'),
(60, 'ADC Telecommunications, Inc.', 0, 'ADCT', '0000-00-00 00:00:00'),
(61, 'Adept Technology, Inc.', 0, 'ADEP', '0000-00-00 00:00:00'),
(62, 'Adeza Biomedical Corporation', 0, 'ADZA', '0000-00-00 00:00:00'),
(63, 'Adobe Systems Incorporated', 0, 'ADBE', '0000-00-00 00:00:00'),
(64, 'Adolor Corporation', 0, 'ADLR', '0000-00-00 00:00:00'),
(65, 'AdStar, Inc.', 0, 'ADST', '0000-00-00 00:00:00'),
(66, 'ADTRAN, Inc.', 0, 'ADTN', '0000-00-00 00:00:00'),
(67, 'Advanced Analogic Technologies, Inc.', 0, 'AATI', '0000-00-00 00:00:00'),
(68, 'Advanced Energy Industries, Inc.', 0, 'AEIS', '0000-00-00 00:00:00'),
(69, 'Advanced Environmental Recycling Technologies, Inc.', 0, 'AERT', '0000-00-00 00:00:00'),
(70, 'Advanced Life Sciences Holdings, Inc.', 0, 'ADLS', '0000-00-00 00:00:00'),
(71, 'Advanced Magnetics, Inc.', 0, 'AMAG', '0000-00-00 00:00:00'),
(72, 'Advancis Pharmaceutical Corporation', 0, 'AVNC', '0000-00-00 00:00:00'),
(73, 'ADVANTA Corp.', 0, 'ADVNA', '0000-00-00 00:00:00'),
(75, 'Advent Software, Inc.', 0, 'ADVS', '0000-00-00 00:00:00'),
(76, 'Advisory Board Company (The)', 0, 'ABCO', '0000-00-00 00:00:00'),
(77, 'Advocat, Inc.', 0, 'AVCA', '0000-00-00 00:00:00'),
(78, 'Aehr Test Systems', 0, 'AEHR', '0000-00-00 00:00:00'),
(79, 'AEP Industries Inc.', 0, 'AEPI', '0000-00-00 00:00:00'),
(80, 'Aeroflex Incorporated', 0, 'ARXX', '0000-00-00 00:00:00'),
(81, 'AEterna Zentaris, Inc.', 0, 'AEZS', '0000-00-00 00:00:00'),
(82, 'Aether Holdings, Inc.', 0, 'AETH', '0000-00-00 00:00:00'),
(83, 'Aetrium Incorporated', 0, 'ATRM', '0000-00-00 00:00:00'),
(84, 'AFC Enterprises, Inc.', 0, 'AFCE', '0000-00-00 00:00:00'),
(85, 'Affirmative Insurance Holdings, Inc.', 0, 'AFFM', '0000-00-00 00:00:00'),
(86, 'Affymetrix, Inc.', 0, 'AFFX', '0000-00-00 00:00:00'),
(87, 'Aftermarket Technology Corp.', 0, 'ATAC', '0000-00-00 00:00:00'),
(88, 'Agile Software Corporation', 0, 'AGIL', '0000-00-00 00:00:00'),
(89, 'Agilysys, Inc.', 0, 'AGYS', '0000-00-00 00:00:00'),
(90, 'Agnico-Eagle Mines Limited', 0, 'AEMLW', '0000-00-00 00:00:00'),
(91, 'AHPC Holdings, Inc.', 0, 'GLOV', '0000-00-00 00:00:00'),
(92, 'Air Methods Corporation', 0, 'AIRM', '0000-00-00 00:00:00'),
(93, 'Air T, Inc.', 0, 'AIRT', '0000-00-00 00:00:00'),
(94, 'Airspan Networks Inc.', 0, 'AIRN', '0000-00-00 00:00:00'),
(95, 'Aixtron Aktiengesellschaft', 0, 'AIXG', '0000-00-00 00:00:00'),
(96, 'Akamai Technologies, Inc.', 0, 'AKAM', '0000-00-00 00:00:00'),
(97, 'Aksys, Ltd.', 0, 'AKSY', '0000-00-00 00:00:00'),
(98, 'Aktieselskabet Dampskibsselskabet Torm', 0, 'TRMD', '0000-00-00 00:00:00'),
(99, 'Akzo Nobel N.V.', 0, 'AKZOY', '0000-00-00 00:00:00'),
(100, 'Alabama National BanCorporation', 0, 'ALAB', '0000-00-00 00:00:00'),
(101, 'Aladdin Knowledge Systems Limited', 0, 'ALDN', '0000-00-00 00:00:00'),
(102, 'Alanco Technologies Inc.', 0, 'ALAND', '0000-00-00 00:00:00'),
(103, 'Alaska Communications Systems Group, Inc.', 0, 'ALSK', '0000-00-00 00:00:00'),
(104, 'Albany Molecular Research, Inc.', 0, 'AMRI', '0000-00-00 00:00:00'),
(105, 'Alderwoods Group Inc', 0, 'AWGI', '0000-00-00 00:00:00'),
(107, 'Aldila, Inc.', 0, 'ALDA', '0000-00-00 00:00:00'),
(108, 'Alexander & Baldwin, Inc.', 0, 'ALEX', '0000-00-00 00:00:00'),
(109, 'Alexion Pharmaceuticals, Inc.', 0, 'ALXN', '0000-00-00 00:00:00'),
(110, 'Alexza Pharmaceuticals, Inc.', 0, 'ALXA', '0000-00-00 00:00:00'),
(111, 'Alfa Corporation', 0, 'ALFA', '0000-00-00 00:00:00'),
(112, 'Alfacell Corporation', 0, 'ACEL', '0000-00-00 00:00:00'),
(113, 'Alico, Inc.', 0, 'ALCO', '0000-00-00 00:00:00'),
(114, 'Align Technology, Inc.', 0, 'ALGN', '0000-00-00 00:00:00'),
(115, 'Alkermes, Inc.', 0, 'ALKS', '0000-00-00 00:00:00'),
(116, 'All American Semiconductor, Inc.', 0, 'SEMI', '0000-00-00 00:00:00'),
(117, 'Alliance Bankshares Corporation', 0, 'ABVA', '0000-00-00 00:00:00'),
(118, 'Alliance Fiber Optic Products, Inc.', 0, 'AFOP', '0000-00-00 00:00:00'),
(119, 'Alliance Financial Corporation', 0, 'ALNC', '0000-00-00 00:00:00'),
(120, 'Alliance Holdings GP, L.P.', 0, 'AHGP', '0000-00-00 00:00:00'),
(121, 'Alliance Resource Partners, L.P.', 0, 'ARLP', '0000-00-00 00:00:00'),
(122, 'Allied HealthCare International Inc.', 0, 'AHCI', '0000-00-00 00:00:00'),
(123, 'Allied Healthcare Products, Inc.', 0, 'AHPI', '0000-00-00 00:00:00'),
(124, 'Allied Motion Technologies, Inc.', 0, 'AMOT', '0000-00-00 00:00:00'),
(125, 'Allion Healthcare, Inc.', 0, 'ALLI', '0000-00-00 00:00:00'),
(126, 'Allos Therapeutics, Inc.', 0, 'ALTH', '0000-00-00 00:00:00'),
(127, 'Alloy, Inc.', 0, 'ALOY', '0000-00-00 00:00:00'),
(128, 'Allscripts Healthcare Solutions Inc', 0, 'MDRX', '0000-00-00 00:00:00'),
(129, 'Almost Family Inc', 0, 'AFAM', '0000-00-00 00:00:00'),
(130, 'Alnylam Pharmaceuticals, Inc.', 0, 'ALNY', '0000-00-00 00:00:00'),
(131, 'Alphatec Holdings, Inc.', 0, 'ATEC', '0000-00-00 00:00:00'),
(132, 'Altair Nanotechnologies Inc.', 0, 'ALTI', '0000-00-00 00:00:00'),
(133, 'Altera Corporation', 0, 'ALTR', '0000-00-00 00:00:00'),
(134, 'AltiGen Communications, Inc.', 0, 'ATGN', '0000-00-00 00:00:00'),
(135, 'Altiris, Inc.', 0, 'ATRS', '0000-00-00 00:00:00'),
(136, 'Alto Palermo S.A.', 0, 'APSA', '0000-00-00 00:00:00'),
(137, 'Altus Pharmaceuticals Inc.', 0, 'ALTU', '0000-00-00 00:00:00'),
(138, 'Alvarion Ltd.', 0, 'ALVR', '0000-00-00 00:00:00'),
(139, 'Amarin Corporation PLC', 0, 'AMRN', '0000-00-00 00:00:00'),
(140, 'Amazon.com, Inc.', 0, 'AMZN', '0000-00-00 00:00:00'),
(141, 'Ambassadors Group, Inc.', 0, 'EPAX', '0000-00-00 00:00:00'),
(142, 'Ambassadors International, Inc.', 0, 'AMIE', '0000-00-00 00:00:00'),
(143, 'AmCOMP Incorporated', 0, 'AMCP', '0000-00-00 00:00:00'),
(144, 'Amcor Limited', 0, 'AMCR', '0000-00-00 00:00:00'),
(146, 'Amcore Financial, Inc.', 0, 'AMFI', '0000-00-00 00:00:00'),
(147, 'Amedisys Inc', 0, 'AMED', '0000-00-00 00:00:00'),
(148, 'AMEN Properties Inc.', 0, 'AMEN', '0000-00-00 00:00:00'),
(149, 'Amerco', 0, 'UHAL', '0000-00-00 00:00:00'),
(150, 'Ameriana Bancorp', 0, 'ASBI', '0000-00-00 00:00:00'),
(151, 'America First Apartment Investors, Inc.', 0, 'APRO', '0000-00-00 00:00:00'),
(152, 'America First Tax Exempt Investors, L.P.', 0, 'ATAXZ', '0000-00-00 00:00:00'),
(153, 'America Movil, S.A. de C.V.', 0, 'AMOV', '0000-00-00 00:00:00'),
(154, 'America Service Group Inc.', 0, 'ASGR', '0000-00-00 00:00:00'),
(155, 'America''s Car-Mart, Inc.', 0, 'CRMT', '0000-00-00 00:00:00'),
(156, 'American Access Technologies, Inc.', 0, 'AATK', '0000-00-00 00:00:00'),
(157, 'American Bancorp of New Jersey, Inc.', 0, 'ABNJ', '0000-00-00 00:00:00'),
(158, 'American Bank Inc', 0, 'AMBK', '0000-00-00 00:00:00'),
(159, 'American Bio Medica Corp.', 0, 'ABMC', '0000-00-00 00:00:00'),
(160, 'American Capital Strategies, Ltd.', 0, 'ACAS', '0000-00-00 00:00:00'),
(161, 'American Claims Evaluation, Inc.', 0, 'AMCE', '0000-00-00 00:00:00'),
(162, 'American Commercial Lines Inc', 0, 'ACLI', '0000-00-00 00:00:00'),
(163, 'American Community Bancshares', 0, 'ACBA', '0000-00-00 00:00:00'),
(164, 'American Dental Partners, Inc.', 0, 'ADPI', '0000-00-00 00:00:00'),
(165, 'American Eagle Outfitters, Inc.', 0, 'AEOS', '0000-00-00 00:00:00'),
(166, 'American Ecology Corporation', 0, 'ECOL', '0000-00-00 00:00:00'),
(167, 'American Independence Corp.', 0, 'AMIC', '0000-00-00 00:00:00'),
(168, 'American Medical Alert Corp.', 0, 'AMAC', '0000-00-00 00:00:00'),
(169, 'American Medical Systems Holdings, Inc.', 0, 'AMMD', '0000-00-00 00:00:00'),
(170, 'American Mold Guard, Inc.', 0, 'AMGI', '0000-00-00 00:00:00'),
(171, 'American Mold Guard, Inc.', 0, 'AMGIW', '0000-00-00 00:00:00'),
(172, 'American Mold Guard, Inc.', 0, 'AMGIZ', '0000-00-00 00:00:00'),
(173, 'American National Bankshares, Inc.', 0, 'AMNB', '0000-00-00 00:00:00'),
(174, 'American National Insurance Company', 0, 'ANAT', '0000-00-00 00:00:00'),
(175, 'American Pacific Corporation', 0, 'APFC', '0000-00-00 00:00:00'),
(176, 'American Physicians Capital, Inc.', 0, 'ACAP', '0000-00-00 00:00:00'),
(177, 'American Physicians Service Group, Inc.', 0, 'AMPH', '0000-00-00 00:00:00'),
(178, 'American Power Conversion Corporation', 0, 'APCC', '0000-00-00 00:00:00'),
(179, 'American Railcar Industries, Inc.', 0, 'ARII', '0000-00-00 00:00:00'),
(180, 'American River Bankshares', 0, 'AMRB', '0000-00-00 00:00:00'),
(181, 'American Science and Engineering, Inc.', 0, 'ASEI', '0000-00-00 00:00:00'),
(182, 'American Software, Inc.', 0, 'AMSWA', '0000-00-00 00:00:00'),
(183, 'American Superconductor Corporation', 0, 'AMSC', '0000-00-00 00:00:00'),
(184, 'American Technology Corporation', 0, 'ATCO', '0000-00-00 00:00:00'),
(185, 'American Woodmark Corporation', 0, 'AMWD', '0000-00-00 00:00:00'),
(186, 'AmericanWest Bancorporation', 0, 'AWBC', '0000-00-00 00:00:00'),
(187, 'AmericasBank Corp.', 0, 'AMAB', '0000-00-00 00:00:00'),
(188, 'Amerigon Incorporated', 0, 'ARGN', '0000-00-00 00:00:00'),
(189, 'Ameris Bancorp', 0, 'ABCB', '0000-00-00 00:00:00'),
(190, 'AMERISAFE, Inc.', 0, 'AMSF', '0000-00-00 00:00:00'),
(191, 'AmeriServ Financial Inc.', 0, 'ASRV', '0000-00-00 00:00:00'),
(192, 'AmeriServ Financial Inc.', 0, 'ASRVP', '0000-00-00 00:00:00'),
(193, 'Ameristar Casinos, Inc.', 0, 'ASCA', '0000-00-00 00:00:00'),
(194, 'Ameritrans Capital Corporation', 0, 'AMTC', '0000-00-00 00:00:00'),
(195, 'Ameritrans Capital Corporation', 0, 'AMTCP', '0000-00-00 00:00:00'),
(196, 'Ameritrans Capital Corporation', 0, 'AMTCW', '0000-00-00 00:00:00'),
(197, 'Amerityre Corporation', 0, 'AMTY', '0000-00-00 00:00:00'),
(198, 'Ames National Corporation', 0, 'ATLO', '0000-00-00 00:00:00'),
(199, 'Amgen Inc.', 0, 'AMGN', '0000-00-00 00:00:00'),
(200, 'AMICAS, Inc.', 0, 'AMCS', '0000-00-00 00:00:00'),
(201, 'AMIS Holdings, Inc.', 0, 'AMIS', '0000-00-00 00:00:00'),
(202, 'Amkor Technology, Inc.', 0, 'AMKR', '0000-00-00 00:00:00'),
(203, 'Ampal-American Israel Corporation', 0, 'AMPL', '0000-00-00 00:00:00'),
(204, 'Ampex Corporation', 0, 'AMPX', '0000-00-00 00:00:00'),
(205, 'Amsurg Corp.', 0, 'AMSG', '0000-00-00 00:00:00'),
(206, 'Amtech Systems, Inc.', 0, 'ASYS', '0000-00-00 00:00:00'),
(207, 'Amylin Pharmaceuticals, Inc.', 0, 'AMLN', '0000-00-00 00:00:00'),
(208, 'ANADIGICS, Inc.', 0, 'ANAD', '0000-00-00 00:00:00'),
(209, 'Anadys Pharmaceuticals, Inc.', 0, 'ANDS', '0000-00-00 00:00:00'),
(210, 'Analogic Corporation', 0, 'ALOG', '0000-00-00 00:00:00'),
(211, 'Analysts International Corporation', 0, 'ANLY', '0000-00-00 00:00:00'),
(212, 'Analytical Surveys, Inc.', 0, 'ANLT', '0000-00-00 00:00:00'),
(213, 'Anaren, Inc.', 0, 'ANEN', '0000-00-00 00:00:00'),
(214, 'Anchor BanCorp Wisconsin Inc.', 0, 'ABCW', '0000-00-00 00:00:00'),
(215, 'Andersons, Inc. (The)', 0, 'ANDE', '0000-00-00 00:00:00'),
(216, 'Andrew Corporation', 0, 'ANDW', '0000-00-00 00:00:00'),
(217, 'Andrx Group', 0, 'ADRX', '0000-00-00 00:00:00'),
(218, 'Anesiva, Inc.', 0, 'ANSV', '0000-00-00 00:00:00'),
(219, 'Angeion Corporation', 0, 'ANGN', '0000-00-00 00:00:00'),
(220, 'AngioDynamics, Inc.', 0, 'ANGO', '0000-00-00 00:00:00'),
(221, 'Angiotech Pharmaceuticals, Inc.', 0, 'ANPI', '0000-00-00 00:00:00'),
(222, 'Anglo American plc', 0, 'AAUK', '0000-00-00 00:00:00'),
(223, 'Anika Therapeutics Inc.', 0, 'ANIK', '0000-00-00 00:00:00'),
(224, 'Annapolis Bancorp Inc.', 0, 'ANNB', '0000-00-00 00:00:00'),
(225, 'AnorMED Inc', 0, 'ANOR', '0000-00-00 00:00:00'),
(226, 'Ansoft Corporation', 0, 'ANST', '0000-00-00 00:00:00'),
(227, 'Answers Corporation', 0, 'ANSW', '0000-00-00 00:00:00'),
(228, 'Answerthink, Inc.', 0, 'ANSR', '0000-00-00 00:00:00'),
(229, 'ANSYS, Inc.', 0, 'ANSS', '0000-00-00 00:00:00'),
(230, 'Antigenics Inc.', 0, 'AGEN', '0000-00-00 00:00:00'),
(231, 'AP Pharma, Inc.', 0, 'APPA', '0000-00-00 00:00:00'),
(232, 'APA Enterprises, Inc.', 0, 'APAT', '0000-00-00 00:00:00'),
(233, 'APAC Customer Services, Inc.', 0, 'APAC', '0000-00-00 00:00:00'),
(234, 'APCO Argentina Inc.', 0, 'APAGF', '0000-00-00 00:00:00'),
(235, 'Apogee Enterprises, Inc.', 0, 'APOG', '0000-00-00 00:00:00'),
(236, 'Apollo Group, Inc.', 0, 'APOL', '0000-00-00 00:00:00'),
(237, 'Apollo Investment Corporation', 0, 'AINV', '0000-00-00 00:00:00'),
(238, 'Appalachian Bancshares, Inc. (GA)', 0, 'APAB', '0000-00-00 00:00:00'),
(239, 'Apple Computer, Inc.', 0, 'AAPL', '0000-00-00 00:00:00'),
(240, 'Applebee''s International, Inc.', 0, 'APPB', '0000-00-00 00:00:00'),
(241, 'Appliance Recycling Centers of America, Inc.', 0, 'ARCI', '0000-00-00 00:00:00'),
(242, 'Applied Digital Solutions, Inc.', 0, 'ADSX', '0000-00-00 00:00:00'),
(243, 'Applied Innovation Inc.', 0, 'AINN', '0000-00-00 00:00:00'),
(244, 'Applied Materials, Inc.', 0, 'AMAT', '0000-00-00 00:00:00'),
(245, 'Applied Micro Circuits Corporation', 0, 'AMCC', '0000-00-00 00:00:00'),
(246, 'Applied Signal Technology, Inc.', 0, 'APSG', '0000-00-00 00:00:00'),
(247, 'Applix, Inc.', 0, 'APLX', '0000-00-00 00:00:00'),
(248, 'APTIMUS INC', 0, 'APTM', '0000-00-00 00:00:00'),
(249, 'aQuantive, Inc.', 0, 'AQNT', '0000-00-00 00:00:00'),
(250, 'Aradigm Corporation', 0, 'ARDM', '0000-00-00 00:00:00'),
(251, 'Arbinet-thexchange, Inc.', 0, 'ARBX', '0000-00-00 00:00:00'),
(252, 'Arcadis NV', 0, 'ARCAF', '0000-00-00 00:00:00'),
(253, 'Arch Capital Group Ltd.', 0, 'ACGL', '0000-00-00 00:00:00'),
(254, 'Arctic Cat Inc.', 0, 'ACAT', '0000-00-00 00:00:00'),
(255, 'Arden Group, Inc.', 0, 'ARDNA', '0000-00-00 00:00:00'),
(256, 'Arena Pharmaceuticals, Inc.', 0, 'ARNA', '0000-00-00 00:00:00'),
(257, 'Ares Capital Corporation', 0, 'ARCC', '0000-00-00 00:00:00'),
(258, 'ARGON ST, Inc.', 0, 'STST', '0000-00-00 00:00:00'),
(259, 'Argonaut Group, Inc.', 0, 'AGII', '0000-00-00 00:00:00'),
(260, 'ARIAD Pharmaceuticals, Inc.', 0, 'ARIA', '0000-00-00 00:00:00'),
(261, 'Ariba, Inc.', 0, 'ARBA', '0000-00-00 00:00:00'),
(262, 'Aries Maritime Transport Limited', 0, 'RAMS', '0000-00-00 00:00:00'),
(263, 'Ark Restaurants Corp.', 0, 'ARKR', '0000-00-00 00:00:00'),
(264, 'Arkansas Best Corporation', 0, 'ABFS', '0000-00-00 00:00:00'),
(265, 'ARM Holdings, plc', 0, 'ARMHY', '0000-00-00 00:00:00'),
(266, 'Arotech Corporation', 0, 'ARTX', '0000-00-00 00:00:00'),
(267, 'ArQule, Inc.', 0, 'ARQL', '0000-00-00 00:00:00'),
(268, 'Array BioPharma Inc.', 0, 'ARRY', '0000-00-00 00:00:00'),
(269, 'Arris Group Inc', 0, 'ARRS', '0000-00-00 00:00:00'),
(270, 'Arrow Financial Corporation', 0, 'AROW', '0000-00-00 00:00:00'),
(271, 'Arrow International, Inc.', 0, 'ARRO', '0000-00-00 00:00:00'),
(272, 'Arrowhead Research Corporation', 0, 'ARWR', '0000-00-00 00:00:00'),
(273, 'Art Technology Group, Inc.', 0, 'ARTG', '0000-00-00 00:00:00'),
(274, 'Art''s-Way Manufacturing Co., Inc.', 0, 'ARTW', '0000-00-00 00:00:00'),
(275, 'Artesian Resources Corporation', 0, 'ARTNA', '0000-00-00 00:00:00'),
(276, 'ArthroCare Corporation', 0, 'ARTC', '0000-00-00 00:00:00'),
(277, 'ASAT Holdings Limited', 0, 'ASTT', '0000-00-00 00:00:00'),
(278, 'Ascent Solar Technologies, Inc.', 0, 'ASTI', '0000-00-00 00:00:00'),
(279, 'Ascent Solar Technologies, Inc.', 0, 'ASTIW', '0000-00-00 00:00:00'),
(280, 'Ascent Solar Technologies, Inc.', 0, 'ASTIZ', '0000-00-00 00:00:00'),
(281, 'ASE Test, Limited', 0, 'ASTSF', '0000-00-00 00:00:00'),
(282, 'Ashworth, Inc.', 0, 'ASHW', '0000-00-00 00:00:00'),
(283, 'AsiaInfo Holdings, Inc.', 0, 'ASIA', '0000-00-00 00:00:00'),
(284, 'ASM International N.V.', 0, 'ASMI', '0000-00-00 00:00:00'),
(285, 'ASML Holding N.V.', 0, 'ASML', '0000-00-00 00:00:00'),
(286, 'Aspect Medical Systems, Inc.', 0, 'ASPM', '0000-00-00 00:00:00'),
(287, 'Aspen Technology, Inc.', 0, 'AZPN', '0000-00-00 00:00:00'),
(288, 'Aspreva Pharmaceuticals Corporation', 0, 'ASPV', '0000-00-00 00:00:00'),
(289, 'Asset Acceptance Capital Corp.', 0, 'AACC', '0000-00-00 00:00:00'),
(290, 'Associated Banc-Corp', 0, 'ASBC', '0000-00-00 00:00:00'),
(291, 'Asta Funding, Inc.', 0, 'ASFI', '0000-00-00 00:00:00'),
(292, 'Astea International, Inc.', 0, 'ATEA', '0000-00-00 00:00:00'),
(293, 'Astec Industries, Inc.', 0, 'ASTE', '0000-00-00 00:00:00'),
(294, 'Asthmatx, Inc.', 0, 'AZMA', '0000-00-00 00:00:00'),
(295, 'Astro-Med, Inc.', 0, 'ALOT', '0000-00-00 00:00:00'),
(296, 'Astronics Corporation', 0, 'ATRO', '0000-00-00 00:00:00'),
(297, 'Asyst Technologies, Inc.', 0, 'ASYT', '0000-00-00 00:00:00'),
(298, 'Atari, Inc.', 0, 'ATAR', '0000-00-00 00:00:00'),
(299, 'AtheroGenics, Inc.', 0, 'AGIX', '0000-00-00 00:00:00'),
(300, 'Atheros Communications, Inc.', 0, 'ATHR', '0000-00-00 00:00:00'),
(301, 'Atlantic American Corporation', 0, 'AAME', '0000-00-00 00:00:00'),
(302, 'Atlantic BancGroup Inc', 0, 'ATBC', '0000-00-00 00:00:00'),
(303, 'Atlantic Coast Federal Corporation', 0, 'ACFC', '0000-00-00 00:00:00'),
(304, 'Atlantic Tele-Network, Inc.', 0, 'ATNI', '0000-00-00 00:00:00'),
(305, 'Atlantis Plastics, Inc.', 0, 'ATPL', '0000-00-00 00:00:00'),
(306, 'Atlas Air Worldwide Holdings', 0, 'AAWW', '0000-00-00 00:00:00'),
(307, 'Atlas America, Inc.', 0, 'ATLS', '0000-00-00 00:00:00'),
(308, 'Atlas South Sea Pearl Limited', 0, 'APCFY', '0000-00-00 00:00:00'),
(309, 'Atmel Corporation', 0, 'ATML', '0000-00-00 00:00:00'),
(310, 'ATMI Inc.', 0, 'ATMI', '0000-00-00 00:00:00'),
(311, 'ATP Oil & Gas Corporation', 0, 'ATPG', '0000-00-00 00:00:00'),
(312, 'AtriCure, Inc.', 0, 'ATRC', '0000-00-00 00:00:00'),
(313, 'ATRION Corporation', 0, 'ATRI', '0000-00-00 00:00:00'),
(314, 'ATS Medical, Inc.', 0, 'ATSI', '0000-00-00 00:00:00'),
(315, 'Attunity Ltd.', 0, 'ATTU', '0000-00-00 00:00:00'),
(316, 'Auburn National Bancorporation, Inc.', 0, 'AUBN', '0000-00-00 00:00:00'),
(317, 'Audible, Inc.', 0, 'ADBL', '0000-00-00 00:00:00'),
(318, 'AudioCodes Ltd.', 0, 'AUDC', '0000-00-00 00:00:00'),
(319, 'Audiovox Corporation', 0, 'VOXX', '0000-00-00 00:00:00'),
(320, 'Authentidate Holding Corp.', 0, 'ADAT', '0000-00-00 00:00:00'),
(321, 'Autobytel Inc.', 0, 'ABTL', '0000-00-00 00:00:00'),
(322, 'Autodesk, Inc.', 0, 'ADSK', '0000-00-00 00:00:00'),
(323, 'Auxilium Pharmaceuticals, Inc.', 0, 'AUXL', '0000-00-00 00:00:00'),
(324, 'Avalon Pharmaceuticals, Inc.', 0, 'AVRX', '0000-00-00 00:00:00'),
(325, 'Avanex Corporation', 0, 'AVNX', '0000-00-00 00:00:00'),
(326, 'AVANIR Pharmaceuticals', 0, 'AVNR', '0000-00-00 00:00:00'),
(327, 'Avant Immunotherapeutics, Inc.', 0, 'AVAN', '0000-00-00 00:00:00'),
(328, 'Avatar Holdings Inc.', 0, 'AVTR', '0000-00-00 00:00:00'),
(329, 'AVI BioPharma, Inc.', 0, 'AVII', '0000-00-00 00:00:00'),
(330, 'Avici Systems Inc.', 0, 'AVCI', '0000-00-00 00:00:00'),
(331, 'Avid Technology, Inc.', 0, 'AVID', '0000-00-00 00:00:00'),
(332, 'Avigen, Inc.', 0, 'AVGN', '0000-00-00 00:00:00'),
(333, 'Avistar Communications Corporation', 0, 'AVSR', '0000-00-00 00:00:00'),
(334, 'Aviza Technology, Inc.', 0, 'AVZA', '0000-00-00 00:00:00'),
(335, 'Avocent Corporation', 0, 'AVCT', '0000-00-00 00:00:00'),
(336, 'Aware, Inc.', 0, 'AWRE', '0000-00-00 00:00:00'),
(337, 'Axcan Pharma Inc.', 0, 'AXCA', '0000-00-00 00:00:00'),
(338, 'Axcelis Technologies, Inc.', 0, 'ACLS', '0000-00-00 00:00:00'),
(339, 'Axsys Technologies, Inc.', 0, 'AXYS', '0000-00-00 00:00:00'),
(340, 'AXT Inc', 0, 'AXTI', '0000-00-00 00:00:00'),
(341, 'B.O.S. Better Online Solutions', 0, 'BOSC', '0000-00-00 00:00:00'),
(342, 'BabyUniverse, Inc.', 0, 'POSH', '0000-00-00 00:00:00'),
(343, 'Back Yard Burgers, Inc.', 0, 'BYBI', '0000-00-00 00:00:00'),
(344, 'BackWeb Technologies Ltd.', 0, 'BWEB', '0000-00-00 00:00:00'),
(345, 'Baidu.com, Inc.', 0, 'BIDU', '0000-00-00 00:00:00'),
(346, 'Bakers Footwear Group, Inc.', 0, 'BKRS', '0000-00-00 00:00:00'),
(347, 'Baldwin & Lyons, Inc.', 0, 'BWINA', '0000-00-00 00:00:00'),
(348, 'Baldwin & Lyons, Inc.', 0, 'BWINB', '0000-00-00 00:00:00'),
(349, 'Ballard Power Systems, Inc.', 0, 'BLDP', '0000-00-00 00:00:00'),
(350, 'BancFirst Corporation', 0, 'BANF', '0000-00-00 00:00:00'),
(351, 'BancFirst Corporation', 0, 'BANFP', '0000-00-00 00:00:00'),
(352, 'Bancorp Rhode Island, Inc.', 0, 'BARI', '0000-00-00 00:00:00'),
(353, 'Bancshares of Florida, Inc.', 0, 'BOFL', '0000-00-00 00:00:00'),
(354, 'BancTrust Financial Group, Inc.', 0, 'BTFG', '0000-00-00 00:00:00'),
(355, 'Bank McKenney', 0, 'BOMK', '0000-00-00 00:00:00'),
(356, 'Bank Mutual Corporation', 0, 'BKMU', '0000-00-00 00:00:00'),
(357, 'Bank of Commerce Holdings (CA)', 0, 'BOCH', '0000-00-00 00:00:00'),
(358, 'Bank of Granite Corporation', 0, 'GRAN', '0000-00-00 00:00:00'),
(359, 'Bank of Marin', 0, 'BMRC', '0000-00-00 00:00:00'),
(360, 'Bank of Oak Ridge', 0, 'BKOR', '0000-00-00 00:00:00'),
(361, 'Bank of South Carolina Corp.', 0, 'BKSC', '0000-00-00 00:00:00'),
(362, 'Bank of the Carolinas Corporation', 0, 'BCAR', '0000-00-00 00:00:00'),
(363, 'Bank of the Ozarks', 0, 'OZRK', '0000-00-00 00:00:00'),
(364, 'Bank Of Virginia', 0, 'BOVA', '0000-00-00 00:00:00'),
(365, 'BankAtlantic Bancorp, Inc.', 0, 'BBXT', '0000-00-00 00:00:00'),
(366, 'BankFinancial Corporation', 0, 'BFIN', '0000-00-00 00:00:00'),
(367, 'Bankrate Inc', 0, 'RATE', '0000-00-00 00:00:00'),
(368, 'BankUnited Financial Corporation', 0, 'BKUNA', '0000-00-00 00:00:00'),
(369, 'Banner Corporation', 0, 'BANR', '0000-00-00 00:00:00'),
(370, 'Bare Escentuals, Inc.', 0, 'BARE', '0000-00-00 00:00:00'),
(371, 'Barrett Business Services, Inc.', 0, 'BBSI', '0000-00-00 00:00:00'),
(372, 'Barrier Therapeutics, Inc.', 0, 'BTRX', '0000-00-00 00:00:00'),
(373, 'Basin Water, Inc.', 0, 'BWTR', '0000-00-00 00:00:00'),
(374, 'Bassett Furniture Industries, Incorporated', 0, 'BSET', '0000-00-00 00:00:00'),
(375, 'Bay National Corporation (Maryland)', 0, 'BAYN', '0000-00-00 00:00:00'),
(376, 'BB&T Corporation', 0, 'MSDXP', '0000-00-00 00:00:00'),
(377, 'BCB Bancorp, Inc. (NJ)', 0, 'BCBP', '0000-00-00 00:00:00'),
(378, 'BCSB Bankcorp, Inc.', 0, 'BCSB', '0000-00-00 00:00:00'),
(379, 'BE Aerospace, Inc.', 0, 'BEAV', '0000-00-00 00:00:00'),
(380, 'BE Semiconductor Industries NV', 0, 'BESI', '0000-00-00 00:00:00'),
(381, 'BEA Systems, Inc.', 0, 'BEAS', '0000-00-00 00:00:00'),
(382, 'Beach First National Bancshares Inc', 0, 'BFNB', '0000-00-00 00:00:00'),
(383, 'Beacon Power Corporation', 0, 'BCON', '0000-00-00 00:00:00'),
(384, 'Beacon Roofing Supply, Inc.', 0, 'BECN', '0000-00-00 00:00:00'),
(385, 'Beasley Broadcast Group, Inc.', 0, 'BBGI', '0000-00-00 00:00:00'),
(386, 'bebe stores, inc.', 0, 'BEBE', '0000-00-00 00:00:00'),
(387, 'Bed Bath & Beyond Inc.', 0, 'BBBY', '0000-00-00 00:00:00'),
(388, 'Beijing Med-Pharm Corporation', 0, 'BJGP', '0000-00-00 00:00:00'),
(389, 'Bel Fuse Inc.', 0, 'BELFA', '0000-00-00 00:00:00'),
(390, 'Bel Fuse Inc.', 0, 'BELFB', '0000-00-00 00:00:00'),
(391, 'Bell Microproducts Inc.', 0, 'BELM', '0000-00-00 00:00:00'),
(392, 'Benihana Inc.', 0, 'BNHN', '0000-00-00 00:00:00'),
(393, 'Benihana Inc.', 0, 'BNHNA', '0000-00-00 00:00:00'),
(394, 'Benjamin Franklin Bancorp, Inc.', 0, 'BFBC', '0000-00-00 00:00:00'),
(395, 'Berkshire Bancorp, Inc.', 0, 'BERK', '0000-00-00 00:00:00'),
(396, 'Berkshire Hills Bancorp, Inc.', 0, 'BHLB', '0000-00-00 00:00:00'),
(397, 'Beverly Hills Bancorp Inc.', 0, 'BHBC', '0000-00-00 00:00:00'),
(398, 'Big 5 Sporting Goods Corporation', 0, 'BGFV', '0000-00-00 00:00:00'),
(399, 'Big Dog Holding, Inc.', 0, 'BDOG', '0000-00-00 00:00:00'),
(400, 'Bio-Imaging Technologies, Inc.', 0, 'BITI', '0000-00-00 00:00:00'),
(401, 'Bio-Reference Laboratories, Inc.', 0, 'BRLI', '0000-00-00 00:00:00'),
(402, 'Bioanalytical Systems, Inc.', 0, 'BASI', '0000-00-00 00:00:00'),
(403, 'BioCryst Pharmaceuticals, Inc.', 0, 'BCRX', '0000-00-00 00:00:00'),
(404, 'BioDelivery Sciences International, Inc.', 0, 'BDSI', '0000-00-00 00:00:00'),
(405, 'BioDelivery Sciences International, Inc.', 0, 'BDSIW', '0000-00-00 00:00:00'),
(406, 'Bioenvision, Inc.', 0, 'BIVN', '0000-00-00 00:00:00'),
(407, 'Biogen Idec Inc', 0, 'BIIB', '0000-00-00 00:00:00'),
(408, 'Bioject Medical Technologies Inc.', 0, 'BJCT', '0000-00-00 00:00:00'),
(409, 'BioLase Technology, Inc.', 0, 'BLTI', '0000-00-00 00:00:00'),
(410, 'BioMarin Pharmaceutical Inc.', 0, 'BMRN', '0000-00-00 00:00:00'),
(411, 'Biomet, Inc.', 0, 'BMET', '0000-00-00 00:00:00'),
(412, 'BioMimetic Therapeutics, Inc.', 0, 'BMTI', '0000-00-00 00:00:00'),
(413, 'Biomira Inc.', 0, 'BIOM', '0000-00-00 00:00:00'),
(414, 'BioProgress plc', 0, 'BPRG', '0000-00-00 00:00:00'),
(415, 'Biopure Corporation', 0, 'BPUR', '0000-00-00 00:00:00'),
(416, 'BioScrip, Inc.', 0, 'BIOS', '0000-00-00 00:00:00'),
(417, 'Biosite, Inc.', 0, 'BSTE', '0000-00-00 00:00:00'),
(418, 'BioSphere Medical, Inc.', 0, 'BSMD', '0000-00-00 00:00:00'),
(419, 'BioVeris Corporation', 0, 'BIOV', '0000-00-00 00:00:00'),
(420, 'Birner Dental Management Services, Inc.', 0, 'BDMS', '0000-00-00 00:00:00'),
(421, 'Bitstream Inc.', 0, 'BITS', '0000-00-00 00:00:00'),
(422, 'BJ''s Restaurants, Inc.', 0, 'BJRI', '0000-00-00 00:00:00'),
(423, 'Black Box Corporation', 0, 'BBOX', '0000-00-00 00:00:00'),
(424, 'Blackbaud, Inc.', 0, 'BLKB', '0000-00-00 00:00:00'),
(425, 'Blackboard Inc.', 0, 'BBBB', '0000-00-00 00:00:00'),
(426, 'BlackRock S&P 500 Protected Equity Fund, Inc. (The)', 0, 'PEFX', '0000-00-00 00:00:00'),
(427, 'BLDRS Asia 50 ADR Index Fund', 0, 'ADRA', '0000-00-00 00:00:00'),
(428, 'BLDRS Developed Markets 100 ADR Index Fund', 0, 'ADRD', '0000-00-00 00:00:00'),
(429, 'BLDRS Emerging Markets 50 ADR Index Fund', 0, 'ADRE', '0000-00-00 00:00:00'),
(430, 'BLDRS Europe 100 ADR Index Fund', 0, 'ADRU', '0000-00-00 00:00:00'),
(431, 'Blue Coat Systems Inc', 0, 'BCSI', '0000-00-00 00:00:00'),
(432, 'Blue Dolphin Energy Company', 0, 'BDCO', '0000-00-00 00:00:00'),
(433, 'Blue Holdings, Inc.', 0, 'BLUE', '0000-00-00 00:00:00'),
(434, 'Blue Nile, Inc.', 0, 'NILE', '0000-00-00 00:00:00'),
(435, 'Blue River Bancshares, Inc.', 0, 'BRBI', '0000-00-00 00:00:00'),
(436, 'Bluefly, Inc.', 0, 'BFLY', '0000-00-00 00:00:00'),
(437, 'BluePhoenix Solutions, Ltd.', 0, 'BPHX', '0000-00-00 00:00:00'),
(438, 'BNC Bancorp', 0, 'BNCN', '0000-00-00 00:00:00'),
(439, 'Bnccorp, Inc.', 0, 'BNCC', '0000-00-00 00:00:00'),
(440, 'Boardwalk Bancorp, Inc.', 0, 'BORD', '0000-00-00 00:00:00'),
(441, 'Boardwalk Bancorp, Inc.', 0, 'BORDW', '0000-00-00 00:00:00'),
(442, 'Bob Evans Farms, Inc.', 0, 'BOBE', '0000-00-00 00:00:00'),
(443, 'BOE Financial Services of Virginia Inc.', 0, 'BSXT', '0000-00-00 00:00:00'),
(444, 'BofI Holding, Inc.', 0, 'BOFI', '0000-00-00 00:00:00'),
(445, 'BOK Financial Corporation', 0, 'BOKF', '0000-00-00 00:00:00'),
(446, 'Bon-Ton Stores, Inc. (The)', 0, 'BONT', '0000-00-00 00:00:00'),
(447, 'Bonso Electronics International, Inc.', 0, 'BNSO', '0000-00-00 00:00:00'),
(448, 'Bookham, Inc.', 0, 'BKHM', '0000-00-00 00:00:00'),
(449, 'Books-A-Million, Inc.', 0, 'BAMM', '0000-00-00 00:00:00'),
(450, 'Borland Software Corporation', 0, 'BORL', '0000-00-00 00:00:00'),
(451, 'Boston Communications Group, Inc.', 0, 'BCGI', '0000-00-00 00:00:00'),
(452, 'Boston Life Sciences, Inc.', 0, 'BLSI', '0000-00-00 00:00:00'),
(453, 'Boston Private Financial Holdings, Inc.', 0, 'BPFH', '0000-00-00 00:00:00'),
(454, 'Bottomline Technologies, Inc.', 0, 'EPAY', '0000-00-00 00:00:00'),
(455, 'BreitBurn Energy Partners, L.P.', 0, 'BBEP', '0000-00-00 00:00:00'),
(456, 'Bridge Capital Holdings', 0, 'BBNK', '0000-00-00 00:00:00'),
(457, 'Bridgford Foods Corporation', 0, 'BRID', '0000-00-00 00:00:00'),
(458, 'Brigham Exploration Company', 0, 'BEXP', '0000-00-00 00:00:00'),
(459, 'Bright Horizons Family Solutions Inc.', 0, 'BFAM', '0000-00-00 00:00:00'),
(460, 'Brightpoint, Inc.', 0, 'CELL', '0000-00-00 00:00:00'),
(461, 'Britesmile, Inc.', 0, 'BSML', '0000-00-00 00:00:00'),
(462, 'Britton & Koontz Capital Corporation', 0, 'BKBK', '0000-00-00 00:00:00'),
(463, 'Broadcom Corporation', 0, 'BRCM', '0000-00-00 00:00:00'),
(464, 'Broadway Financial Corporation', 0, 'BYFC', '0000-00-00 00:00:00'),
(465, 'Broadwing Corporation', 0, 'BWNG', '0000-00-00 00:00:00'),
(466, 'Brocade Communications Systems, Inc.', 0, 'BRCD', '0000-00-00 00:00:00'),
(467, 'Bronco Drilling Company, Inc.', 0, 'BRNC', '0000-00-00 00:00:00'),
(468, 'Brooke Corporation', 0, 'BXXX', '0000-00-00 00:00:00'),
(469, 'Brookline Bancorp, Inc.', 0, 'BRKL', '0000-00-00 00:00:00'),
(470, 'Brooklyn Federal Bancorp, Inc.', 0, 'BFSB', '0000-00-00 00:00:00'),
(471, 'Brooks Automation, Inc.', 0, 'BRKS', '0000-00-00 00:00:00'),
(472, 'Bruker BioSciences Corporation', 0, 'BRKR', '0000-00-00 00:00:00'),
(473, 'Bryn Mawr Bank Corporation', 0, 'BMTC', '0000-00-00 00:00:00'),
(474, 'BSQUARE Corporation', 0, 'BSQR', '0000-00-00 00:00:00'),
(475, 'BTU International, Inc.', 0, 'BTUI', '0000-00-00 00:00:00'),
(476, 'BUCA, Inc.', 0, 'BUCA', '0000-00-00 00:00:00'),
(477, 'Bucyrus International, Inc.', 0, 'BUCY', '0000-00-00 00:00:00'),
(478, 'Buffalo Wild Wings, Inc.', 0, 'BWLD', '0000-00-00 00:00:00'),
(479, 'Builders FirstSource, Inc.', 0, 'BLDR', '0000-00-00 00:00:00'),
(480, 'Building Materials Holding Corporation', 0, 'BMHC', '0000-00-00 00:00:00'),
(481, 'Business Objects S.A.', 0, 'BOBJ', '0000-00-00 00:00:00'),
(482, 'C&F Financial Corporation', 0, 'CFFI', '0000-00-00 00:00:00'),
(483, 'C-COR Incorporated', 0, 'CCBL', '0000-00-00 00:00:00'),
(484, 'C.H. Robinson Worldwide, Inc.', 0, 'CHRW', '0000-00-00 00:00:00'),
(485, 'Cabot Microelectronics Corporation', 0, 'CCMP', '0000-00-00 00:00:00'),
(486, 'Cache, Inc.', 0, 'CACH', '0000-00-00 00:00:00'),
(487, 'Cadence Design Systems, Inc.', 0, 'CDNS', '0000-00-00 00:00:00'),
(488, 'Cadence Pharmaceuticals, Inc.', 0, 'CADX', '0000-00-00 00:00:00'),
(489, 'Cadiz, Inc.', 0, 'CDZI', '0000-00-00 00:00:00'),
(490, 'Cadmus Communications Corporation', 0, 'CDMS', '0000-00-00 00:00:00'),
(491, 'Cal-Maine Foods, Inc.', 0, 'CALM', '0000-00-00 00:00:00'),
(492, 'Calamos Asset Management, Inc.', 0, 'CLMS', '0000-00-00 00:00:00'),
(493, 'CalAmp Corp.', 0, 'CAMP', '0000-00-00 00:00:00'),
(494, 'Calavo Growers, Inc.', 0, 'CVGW', '0000-00-00 00:00:00'),
(495, 'California Coastal Communities Inc', 0, 'CALC', '0000-00-00 00:00:00'),
(496, 'California First National Bancorp', 0, 'CFNB', '0000-00-00 00:00:00'),
(497, 'California Micro Devices Corporation', 0, 'CAMD', '0000-00-00 00:00:00'),
(498, 'California Pizza Kitchen, Inc.', 0, 'CPKI', '0000-00-00 00:00:00'),
(499, 'Caliper Life Sciences Inc', 0, 'CALP', '0000-00-00 00:00:00'),
(500, 'Caliper Life Sciences Inc', 0, 'CALPW', '0000-00-00 00:00:00'),
(501, 'Callidus Software, Inc.', 0, 'CALD', '0000-00-00 00:00:00'),
(502, 'CallWave, Inc.', 0, 'CALL', '0000-00-00 00:00:00'),
(503, 'Calumet Specialty Products Partners, L.P.', 0, 'CLMT', '0000-00-00 00:00:00'),
(504, 'CAM Commerce Solutions, Inc.', 0, 'CADA', '0000-00-00 00:00:00'),
(505, 'Cambridge Display Technology, Inc.', 0, 'OLED', '0000-00-00 00:00:00'),
(506, 'Camco Financial Corporation', 0, 'CAFI', '0000-00-00 00:00:00'),
(507, 'Camtek Ltd.', 0, 'CAMT', '0000-00-00 00:00:00'),
(508, 'Candela Corporation', 0, 'CLZR', '0000-00-00 00:00:00'),
(509, 'Cape Fear Bank Corporation', 0, 'CAPE', '0000-00-00 00:00:00'),
(510, 'Capital Bank Corporation', 0, 'CBKN', '0000-00-00 00:00:00'),
(511, 'Capital City Bank Group', 0, 'CCBG', '0000-00-00 00:00:00'),
(512, 'Capital Corp of the West', 0, 'CCOW', '0000-00-00 00:00:00'),
(513, 'Capital Crossing Bank', 0, 'CAPX', '0000-00-00 00:00:00'),
(514, 'Capital Crossing Preferred Corporation', 0, 'CCPCN', '0000-00-00 00:00:00'),
(515, 'Capital Crossing Preferred Corporation', 0, 'CCPCO', '0000-00-00 00:00:00'),
(516, 'Capital Crossing Preferred Corporation', 0, 'CCPCP', '0000-00-00 00:00:00'),
(517, 'Capital One Financial Corporation', 0, 'CBSAN', '0000-00-00 00:00:00'),
(518, 'Capital Southwest Corporation', 0, 'CSWC', '0000-00-00 00:00:00'),
(519, 'CapitalSouth Bancorp', 0, 'CAPB', '0000-00-00 00:00:00'),
(520, 'Capitol Federal Financial', 0, 'CFFN', '0000-00-00 00:00:00'),
(521, 'Capstone Turbine Corporation', 0, 'CPST', '0000-00-00 00:00:00'),
(522, 'Captaris Inc.', 0, 'CAPA', '0000-00-00 00:00:00'),
(523, 'Caraustar Industries, Inc.', 0, 'CSAR', '0000-00-00 00:00:00'),
(524, 'Cardiac Science Corporation', 0, 'CSCX', '0000-00-00 00:00:00'),
(525, 'Cardica, Inc.', 0, 'CRDC', '0000-00-00 00:00:00'),
(526, 'Cardinal Financial Corporation', 0, 'CFNL', '0000-00-00 00:00:00'),
(527, 'Cardinal State Bank', 0, 'CSNC', '0000-00-00 00:00:00'),
(528, 'CardioDynamics International Corporation', 0, 'CDIC', '0000-00-00 00:00:00'),
(529, 'Cardiome Pharma Corporation', 0, 'CRME', '0000-00-00 00:00:00'),
(530, 'Career Education Corporation', 0, 'CECO', '0000-00-00 00:00:00'),
(531, 'Caribou Coffee Company, Inc.', 0, 'CBOU', '0000-00-00 00:00:00'),
(532, 'Carmike Cinemas, Inc.', 0, 'CKEC', '0000-00-00 00:00:00'),
(533, 'Carolina Bank Holdings Inc.', 0, 'CLBH', '0000-00-00 00:00:00'),
(534, 'Carolina National Corporation', 0, 'CNCP', '0000-00-00 00:00:00'),
(535, 'Carolina Trust Bank', 0, 'CART', '0000-00-00 00:00:00'),
(536, 'Carreker Corporation', 0, 'CANI', '0000-00-00 00:00:00'),
(537, 'Carrier Access Corporation', 0, 'CACS', '0000-00-00 00:00:00'),
(538, 'Carrington Laboratories, Inc.', 0, 'CARN', '0000-00-00 00:00:00'),
(539, 'Carrizo Oil & Gas, Inc.', 0, 'CRZO', '0000-00-00 00:00:00'),
(540, 'Carrollton Bancorp', 0, 'CRRB', '0000-00-00 00:00:00'),
(541, 'CAS Medical Systems, Inc.', 0, 'CASM', '0000-00-00 00:00:00'),
(542, 'Cascade Bancorp', 0, 'CACB', '0000-00-00 00:00:00'),
(543, 'Cascade Financial Corp.', 0, 'CASB', '0000-00-00 00:00:00'),
(544, 'Cascade Microtech, Inc.', 0, 'CSCD', '0000-00-00 00:00:00'),
(545, 'Casella Waste Systems, Inc.', 0, 'CWST', '0000-00-00 00:00:00'),
(546, 'Casey''s General Stores, Inc.', 0, 'CASY', '0000-00-00 00:00:00'),
(547, 'Cash Systems Inc', 0, 'CKNN', '0000-00-00 00:00:00'),
(548, 'Cass Information Systems, Inc', 0, 'CASS', '0000-00-00 00:00:00'),
(549, 'Castelle', 0, 'CSTL', '0000-00-00 00:00:00'),
(550, 'Casual Male Retail Group, Inc.', 0, 'CMRG', '0000-00-00 00:00:00'),
(551, 'Catalyst Pharmaceutical Partners, Inc.', 0, 'CPRX', '0000-00-00 00:00:00'),
(552, 'Catalyst Semiconductor, Inc.', 0, 'CATS', '0000-00-00 00:00:00'),
(553, 'Catalytica Energy Systems, Inc.', 0, 'CESI', '0000-00-00 00:00:00'),
(554, 'Catapult Communicatons Corporation', 0, 'CATT', '0000-00-00 00:00:00'),
(555, 'Cathay General Bancorp', 0, 'CATY', '0000-00-00 00:00:00'),
(556, 'Catuity Inc.', 0, 'CTTY', '0000-00-00 00:00:00'),
(557, 'Cavco Industries, Inc.', 0, 'CVCO', '0000-00-00 00:00:00'),
(558, 'Cbeyond, Inc.', 0, 'CBEY', '0000-00-00 00:00:00'),
(559, 'CBRL Group Inc.', 0, 'CBRL', '0000-00-00 00:00:00'),
(560, 'CCF Holding Company', 0, 'CCFH', '0000-00-00 00:00:00'),
(561, 'CDC Corporation', 0, 'CHINA', '0000-00-00 00:00:00'),
(562, 'CDW Corporation', 0, 'CDWC', '0000-00-00 00:00:00'),
(563, 'CECO Environmental Corp.', 0, 'CECE', '0000-00-00 00:00:00'),
(564, 'Celadon Group, Inc.', 0, 'CLDN', '0000-00-00 00:00:00'),
(565, 'Celebrate Express, Inc.', 0, 'BDAY', '0000-00-00 00:00:00'),
(566, 'Celgene Corporation', 0, 'CELG', '0000-00-00 00:00:00'),
(567, 'Cell Genesys, Inc.', 0, 'CEGE', '0000-00-00 00:00:00'),
(568, 'Cell Therapeutics, Inc.', 0, 'CTIC', '0000-00-00 00:00:00'),
(569, 'Centennial Bank Holdings, Inc.', 0, 'CBHI', '0000-00-00 00:00:00'),
(570, 'Centennial Communications Corporation', 0, 'CYCL', '0000-00-00 00:00:00'),
(571, 'Center Bancorp, Inc.', 0, 'CNBC', '0000-00-00 00:00:00'),
(572, 'Center Financial Corporation', 0, 'CLFC', '0000-00-00 00:00:00'),
(573, 'Centerstate Banks of Florida, Inc.', 0, 'CSFL', '0000-00-00 00:00:00'),
(574, 'Centillium Communications, Inc.', 0, 'CTLM', '0000-00-00 00:00:00'),
(575, 'Central Bancorp, Inc', 0, 'CEBK', '0000-00-00 00:00:00'),
(576, 'Central European Distribution Corporation', 0, 'CEDC', '0000-00-00 00:00:00'),
(577, 'Central European Media Enterprises Ltd.', 0, 'CETV', '0000-00-00 00:00:00'),
(578, 'Central Federal Corporation', 0, 'CFBK', '0000-00-00 00:00:00'),
(579, 'Central Freight Lines, Inc.', 0, 'CENF', '0000-00-00 00:00:00'),
(580, 'Central Garden & Pet Company', 0, 'CENT', '0000-00-00 00:00:00'),
(581, 'Central Jersey Bancorp', 0, 'CJBK', '0000-00-00 00:00:00'),
(582, 'Central Valley Community Bancorp', 0, 'CVCY', '0000-00-00 00:00:00'),
(583, 'Central Virginia Bankshares, Inc.', 0, 'CVBK', '0000-00-00 00:00:00'),
(584, 'Century Aluminum Company', 0, 'CENX', '0000-00-00 00:00:00'),
(585, 'Century BanCorp, Inc.', 0, 'CNBKA', '0000-00-00 00:00:00'),
(586, 'Century Casinos, Inc.', 0, 'CNTY', '0000-00-00 00:00:00'),
(587, 'Century Realty Trust', 0, 'CRLTS', '0000-00-00 00:00:00'),
(588, 'Cephalon, Inc.', 0, 'CEPH', '0000-00-00 00:00:00'),
(589, 'CEPHEID', 0, 'CPHD', '0000-00-00 00:00:00'),
(590, 'Ceradyne, Inc.', 0, 'CRDN', '0000-00-00 00:00:00'),
(591, 'Ceragon Networks Ltd.', 0, 'CRNT', '0000-00-00 00:00:00'),
(592, 'Cerner Corporation', 0, 'CERN', '0000-00-00 00:00:00'),
(593, 'Cerus Corporation', 0, 'CERS', '0000-00-00 00:00:00'),
(594, 'CEVA, Inc.', 0, 'CEVA', '0000-00-00 00:00:00'),
(595, 'CFS Bancorp, Inc.', 0, 'CITZ', '0000-00-00 00:00:00'),
(596, 'Champion Industries, Inc.', 0, 'CHMP', '0000-00-00 00:00:00'),
(597, 'Champps Entertainment, Inc', 0, 'CMPP', '0000-00-00 00:00:00'),
(598, 'Channell Commercial Corporation', 0, 'CHNL', '0000-00-00 00:00:00'),
(599, 'Chaparral Steel Company', 0, 'CHAP', '0000-00-00 00:00:00'),
(600, 'Charles & Colvard Ltd', 0, 'CTHR', '0000-00-00 00:00:00'),
(601, 'Charles Schwab Corporation (The)', 0, 'SCHW', '0000-00-00 00:00:00'),
(602, 'Charlotte Russe Holding, Inc.', 0, 'CHIC', '0000-00-00 00:00:00'),
(603, 'Charming Shoppes, Inc.', 0, 'CHRS', '0000-00-00 00:00:00'),
(604, 'Chart Industries, Inc.', 0, 'GTLS', '0000-00-00 00:00:00'),
(605, 'Charter Communications, Inc.', 0, 'CHTR', '0000-00-00 00:00:00'),
(606, 'Charter Financial Corp.', 0, 'CHFN', '0000-00-00 00:00:00'),
(607, 'Chartered Semiconductor Manufacturing Ltd.', 0, 'CHRT', '0000-00-00 00:00:00'),
(608, 'Chattem, Inc.', 0, 'CHTT', '0000-00-00 00:00:00'),
(609, 'Check Point Software Technologies Ltd.', 0, 'CHKP', '0000-00-00 00:00:00'),
(610, 'CheckFree Corporation', 0, 'CKFR', '0000-00-00 00:00:00'),
(611, 'Cheesecake Factory Incorporated (The)', 0, 'CAKE', '0000-00-00 00:00:00'),
(612, 'Chelsea Therapeutics International, Ltd.', 0, 'CHTP', '0000-00-00 00:00:00'),
(613, 'Chemgenex Pharmaceuticals Ltd', 0, 'CXSP', '0000-00-00 00:00:00'),
(614, 'Chemical Financial Corporation', 0, 'CHFC', '0000-00-00 00:00:00'),
(615, 'Cherokee Inc.', 0, 'CHKE', '0000-00-00 00:00:00'),
(616, 'Cherokee International Corporation', 0, 'CHRK', '0000-00-00 00:00:00'),
(617, 'Cheviot Financial Corp', 0, 'CHEV', '0000-00-00 00:00:00'),
(618, 'Chicopee Bancorp, Inc.', 0, 'CBNK', '0000-00-00 00:00:00'),
(619, 'Children''s Place Retail Stores, Inc. (The)', 0, 'PLCE', '0000-00-00 00:00:00'),
(620, 'China Automotive Systems, Inc.', 0, 'CAAS', '0000-00-00 00:00:00'),
(621, 'China BAK Battery, Inc.', 0, 'CBAK', '0000-00-00 00:00:00'),
(622, 'China Finance Online Co. Limited', 0, 'JRJC', '0000-00-00 00:00:00'),
(623, 'China Grentech Corporation Limited', 0, 'GRRF', '0000-00-00 00:00:00'),
(624, 'China Medical Technologies, Inc.', 0, 'CMED', '0000-00-00 00:00:00'),
(625, 'China Natural Resources, Inc.', 0, 'CHNR', '0000-00-00 00:00:00'),
(626, 'China TechFaith Wireless Communication Technology Limited', 0, 'CNTF', '0000-00-00 00:00:00'),
(627, 'China Technology Development Group Corporation', 0, 'CTDC', '0000-00-00 00:00:00'),
(628, 'Chindex International, Inc.', 0, 'CHDX', '0000-00-00 00:00:00'),
(629, 'ChipMOS TECHNOLOGIES (Bermuda) LTD.', 0, 'IMOS', '0000-00-00 00:00:00'),
(630, 'Cholestech Corporation', 0, 'CTEC', '0000-00-00 00:00:00'),
(631, 'Chordiant Software, Inc.', 0, 'CHRD', '0000-00-00 00:00:00'),
(632, 'CHS Inc', 0, 'CHSCP', '0000-00-00 00:00:00'),
(633, 'Churchill Downs, Incorporated', 0, 'CHDN', '0000-00-00 00:00:00'),
(634, 'CIENA Corporation', 0, 'CIEN', '0000-00-00 00:00:00'),
(635, 'Cimatron, Limited', 0, 'CIMT', '0000-00-00 00:00:00'),
(636, 'Cincinnati Financial Corporation', 0, 'CINF', '0000-00-00 00:00:00'),
(637, 'Cintas Corporation', 0, 'CTAS', '0000-00-00 00:00:00'),
(638, 'Ciphergen Biosystems, Inc.', 0, 'CIPH', '0000-00-00 00:00:00'),
(639, 'Ciprico Inc.', 0, 'CPCI', '0000-00-00 00:00:00'),
(640, 'Cirrus Logic, Inc.', 0, 'CRUS', '0000-00-00 00:00:00'),
(641, 'Cisco Systems, Inc.', 0, 'CSCO', '0000-00-00 00:00:00'),
(642, 'Citi Trends, Inc.', 0, 'CTRN', '0000-00-00 00:00:00'),
(643, 'Citigroup Inc.', 0, 'PLJC', '0000-00-00 00:00:00'),
(644, 'Citigroup Inc.', 0, 'SFSU', '0000-00-00 00:00:00'),
(645, 'Citizens & Northern Corp', 0, 'CZNC', '0000-00-00 00:00:00'),
(646, 'Citizens Banking Corporation', 0, 'CBCF', '0000-00-00 00:00:00'),
(647, 'Citizens Financial Corporation', 0, 'CNFL', '0000-00-00 00:00:00'),
(648, 'Citizens First Bancorp, Inc.', 0, 'CTZN', '0000-00-00 00:00:00'),
(649, 'Citizens South Banking Corporation', 0, 'CSBC', '0000-00-00 00:00:00'),
(650, 'Citrix Systems, Inc.', 0, 'CTXS', '0000-00-00 00:00:00'),
(651, 'City Bank', 0, 'CTBK', '0000-00-00 00:00:00'),
(652, 'City Holding Company', 0, 'CHCO', '0000-00-00 00:00:00'),
(653, 'City Telecom (H.K.) Limited', 0, 'CTEL', '0000-00-00 00:00:00'),
(654, 'Civitas BankGroup, Inc. (TN)', 0, 'CVBG', '0000-00-00 00:00:00'),
(655, 'CKX, Inc.', 0, 'CKXE', '0000-00-00 00:00:00'),
(656, 'Clarient, Inc.', 0, 'CLRT', '0000-00-00 00:00:00'),
(657, 'Clayton Holdings, Inc.', 0, 'CLAY', '0000-00-00 00:00:00'),
(658, 'Clayton Williams Energy, Inc.', 0, 'CWEI', '0000-00-00 00:00:00'),
(659, 'Clean Harbors, Inc.', 0, 'CLHB', '0000-00-00 00:00:00'),
(660, 'Cleveland BioLabs, Inc.', 0, 'CBLI', '0000-00-00 00:00:00'),
(661, 'ClickSoftware Technologies Ltd.', 0, 'CKSW', '0000-00-00 00:00:00'),
(662, 'Clifton Savings Bancorp, Inc.', 0, 'CSBK', '0000-00-00 00:00:00'),
(663, 'Clinical Data, Inc.', 0, 'CLDA', '0000-00-00 00:00:00'),
(664, 'CMGI, Inc.', 0, 'CMGI', '0000-00-00 00:00:00'),
(665, 'CNB Financial Corporation', 0, 'CCNE', '0000-00-00 00:00:00'),
(666, 'CNET Networks, Inc.', 0, 'CNET', '0000-00-00 00:00:00'),
(667, 'CNS, Inc.', 0, 'CNXS', '0000-00-00 00:00:00'),
(668, 'CoActive Marketing Group Inc', 0, 'CMKG', '0000-00-00 00:00:00'),
(669, 'Coast Financial Holdings, Inc.', 0, 'CFHI', '0000-00-00 00:00:00'),
(670, 'Coastal Financial Corporation', 0, 'CFCP', '0000-00-00 00:00:00'),
(671, 'CoBiz, Inc.', 0, 'COBZ', '0000-00-00 00:00:00'),
(672, 'Cobra Electronics Corporation', 0, 'COBR', '0000-00-00 00:00:00'),
(673, 'Coca-Cola Bottling Co. Consolidated', 0, 'COKE', '0000-00-00 00:00:00'),
(674, 'Codorus Valley Bancorp, Inc', 0, 'CVLY', '0000-00-00 00:00:00'),
(675, 'Cogent Communications Group, Inc.', 0, 'CCOI', '0000-00-00 00:00:00'),
(676, 'Cogent, Inc.', 0, 'COGT', '0000-00-00 00:00:00'),
(677, 'Cognex Corporation', 0, 'CGNX', '0000-00-00 00:00:00'),
(678, 'Cognizant Technology Solutions Corporation', 0, 'CTSH', '0000-00-00 00:00:00'),
(679, 'Cognos Incorporated', 0, 'COGN', '0000-00-00 00:00:00'),
(680, 'Coherent, Inc.', 0, 'COHR', '0000-00-00 00:00:00'),
(681, 'Cohesant Technologies Inc.', 0, 'COHT', '0000-00-00 00:00:00'),
(682, 'Cohu, Inc.', 0, 'COHU', '0000-00-00 00:00:00'),
(683, 'Coinstar, Inc.', 0, 'CSTR', '0000-00-00 00:00:00'),
(684, 'Coldwater Creek, Inc.', 0, 'CWTR', '0000-00-00 00:00:00'),
(685, 'Coley Pharmaceutical Group, Inc.', 0, 'COLY', '0000-00-00 00:00:00'),
(686, 'CollaGenex Pharmaceuticals, Inc.', 0, 'CGPI', '0000-00-00 00:00:00'),
(687, 'Collectors Universe, Inc.', 0, 'CLCT', '0000-00-00 00:00:00'),
(688, 'Colonial Bankshares, Inc.', 0, 'COBK', '0000-00-00 00:00:00'),
(689, 'Colony Bankcorp, Inc.', 0, 'CBAN', '0000-00-00 00:00:00'),
(690, 'Color Kinetics Incorporated', 0, 'CLRK', '0000-00-00 00:00:00'),
(691, 'Columbia  Bancorp', 0, 'CBBO', '0000-00-00 00:00:00'),
(692, 'Columbia Banking System, Inc.', 0, 'COLB', '0000-00-00 00:00:00'),
(693, 'Columbia Laboratories, Inc.', 0, 'CBRX', '0000-00-00 00:00:00'),
(694, 'Columbia Sportswear Company', 0, 'COLM', '0000-00-00 00:00:00'),
(695, 'Columbus McKinnon Corporation', 0, 'CMCO', '0000-00-00 00:00:00'),
(696, 'COMARCO, Inc.', 0, 'CMRO', '0000-00-00 00:00:00'),
(697, 'CombinatoRx, Incorporated', 0, 'CRXX', '0000-00-00 00:00:00'),
(698, 'Comcast Corporation', 0, 'CMCSA', '0000-00-00 00:00:00'),
(699, 'Comcast Corporation', 0, 'CMCSK', '0000-00-00 00:00:00'),
(700, 'Comm Bancorp, Inc.', 0, 'CCBP', '0000-00-00 00:00:00'),
(701, 'Commerce Bancshares, Inc.', 0, 'CBSH', '0000-00-00 00:00:00'),
(702, 'COMMERCEFIRST BANCORP INC', 0, 'CMFB', '0000-00-00 00:00:00'),
(703, 'Commercial Bankshares, Inc.', 0, 'CLBK', '0000-00-00 00:00:00'),
(704, 'Commercial National Financial Corporation', 0, 'CNAF', '0000-00-00 00:00:00'),
(705, 'Commercial Vehicle Group, Inc.', 0, 'CVGI', '0000-00-00 00:00:00'),
(706, 'Commonwealth Bankshares, Inc.', 0, 'CWBS', '0000-00-00 00:00:00'),
(707, 'Commonwealth Bankshares, Inc.', 0, 'CWBSP', '0000-00-00 00:00:00'),
(708, 'Commonwealth Biotechnologies, Inc.', 0, 'CBTE', '0000-00-00 00:00:00'),
(709, 'Commonwealth Telephone Enterprises, Inc.', 0, 'CTCO', '0000-00-00 00:00:00'),
(710, 'Commtouch Software Ltd.', 0, 'CTCH', '0000-00-00 00:00:00'),
(711, 'Community Bancorp', 0, 'CBON', '0000-00-00 00:00:00'),
(712, 'Community Bancshares, Inc. (DE)', 0, 'COMB', '0000-00-00 00:00:00'),
(713, 'Community Bank Shares of Indiana, Inc.', 0, 'CBIN', '0000-00-00 00:00:00'),
(714, 'Community Banks, Inc.', 0, 'CMTY', '0000-00-00 00:00:00'),
(715, 'Community Capital Bancshares, Inc.', 0, 'ALBY', '0000-00-00 00:00:00'),
(716, 'Community Capital Corporation', 0, 'CPBK', '0000-00-00 00:00:00'),
(717, 'Community Central Bank Corp.', 0, 'CCBD', '0000-00-00 00:00:00'),
(718, 'Community Financial Corp.', 0, 'CFFC', '0000-00-00 00:00:00'),
(719, 'Community National Bank of the Lakeway Area', 0, 'CNLA', '0000-00-00 00:00:00'),
(720, 'Community Partners Bancorp', 0, 'CPBC', '0000-00-00 00:00:00'),
(721, 'Community Shores Bank Corp.', 0, 'CSHB', '0000-00-00 00:00:00'),
(722, 'Community Trust Bancorp, Inc.', 0, 'CTBI', '0000-00-00 00:00:00'),
(723, 'Community Trust Bancorp, Inc.', 0, 'CTBIP', '0000-00-00 00:00:00'),
(724, 'Community Valley Bancorp', 0, 'CVLL', '0000-00-00 00:00:00'),
(725, 'Community West Bancshares', 0, 'CWBC', '0000-00-00 00:00:00'),
(726, 'CommVault Systems, Inc.', 0, 'CVLT', '0000-00-00 00:00:00'),
(727, 'Compass Bancshares, Inc.', 0, 'CBSS', '0000-00-00 00:00:00'),
(728, 'Compass Diversified Trust', 0, 'CODI', '0000-00-00 00:00:00'),
(729, 'CompuCredit Corporation', 0, 'CCRT', '0000-00-00 00:00:00'),
(730, 'CompuDyne Corporation', 0, 'CDCY', '0000-00-00 00:00:00'),
(731, 'Compugen Ltd.', 0, 'CGEN', '0000-00-00 00:00:00'),
(732, 'Computer Horizons Corp.', 0, 'CHRZ', '0000-00-00 00:00:00'),
(733, 'Computer Programs and Systems, Inc.', 0, 'CPSI', '0000-00-00 00:00:00'),
(734, 'Computer Task Group, Incorporated', 0, 'CTGX', '0000-00-00 00:00:00'),
(735, 'Compuware Corporation', 0, 'CPWR', '0000-00-00 00:00:00'),
(736, 'Comstock Homebuilding Companies, Inc.', 0, 'CHCI', '0000-00-00 00:00:00'),
(737, 'COMSYS IT Partners, Inc.', 0, 'CITP', '0000-00-00 00:00:00'),
(738, 'Comtech Group, Inc.', 0, 'COGO', '0000-00-00 00:00:00'),
(739, 'Comtech Telecommunications Corp.', 0, 'CMTL', '0000-00-00 00:00:00'),
(740, 'Comverse Technology, Inc.', 0, 'CMVT', '0000-00-00 00:00:00'),
(741, 'Conceptus, Inc.', 0, 'CPTS', '0000-00-00 00:00:00'),
(742, 'Concord Camera Corp.', 0, 'LENS', '0000-00-00 00:00:00'),
(743, 'Concur Technologies, Inc.', 0, 'CNQR', '0000-00-00 00:00:00'),
(744, 'Concurrent Computer Corporation', 0, 'CCUR', '0000-00-00 00:00:00'),
(745, 'Conexant Systems, Inc.', 0, 'CNXT', '0000-00-00 00:00:00'),
(746, 'CONMED Corporation', 0, 'CNMD', '0000-00-00 00:00:00'),
(747, 'Conn''s, Inc.', 0, 'CONN', '0000-00-00 00:00:00'),
(748, 'Connecticut Bank and Trust Company (The)', 0, 'CTBC', '0000-00-00 00:00:00'),
(749, 'Connecticut Water Service, Inc.', 0, 'CTWS', '0000-00-00 00:00:00'),
(750, 'Connetics Corporation', 0, 'CNCT', '0000-00-00 00:00:00'),
(751, 'Conolog Corporation', 0, 'CNLG', '0000-00-00 00:00:00'),
(752, 'Conor Medsystems, Inc.', 0, 'CONR', '0000-00-00 00:00:00');
INSERT INTO `pwf_company` (`id`, `name`, `f`, `ticker`, `created`) VALUES
(753, 'Consolidated Communications Holdings, Inc.', 0, 'CNSL', '0000-00-00 00:00:00'),
(754, 'Consolidated Mercantile Inc', 0, 'CSLMF', '0000-00-00 00:00:00'),
(755, 'Consolidated Water Co. Ltd.', 0, 'CWCO', '0000-00-00 00:00:00'),
(756, 'Constar International Inc.', 0, 'CNST', '0000-00-00 00:00:00'),
(757, 'Consulier Engineering, Inc.', 0, 'CSLR', '0000-00-00 00:00:00'),
(758, 'Consumer Portfolio Services, Inc.', 0, 'CPSS', '0000-00-00 00:00:00'),
(759, 'Convera Corporation', 0, 'CNVR', '0000-00-00 00:00:00'),
(760, 'Cooperative Bankshares, Inc.', 0, 'COOP', '0000-00-00 00:00:00'),
(761, 'Copano Energy, L.L.C.', 0, 'CPNO', '0000-00-00 00:00:00'),
(762, 'Copart, Inc.', 0, 'CPRT', '0000-00-00 00:00:00'),
(763, 'Corautus Genetics, Inc.', 0, 'VEGF', '0000-00-00 00:00:00'),
(764, 'Corcept Therapeutics Incorporated', 0, 'CORT', '0000-00-00 00:00:00'),
(765, 'Core-Mark Holding Company, Inc.', 0, 'CORE', '0000-00-00 00:00:00'),
(766, 'Corel Corporation', 0, 'CREL', '0000-00-00 00:00:00'),
(767, 'Corgi International Limited', 0, 'CRGI', '0000-00-00 00:00:00'),
(768, 'Corillian Corporation', 0, 'CORI', '0000-00-00 00:00:00'),
(769, 'Corinthian Colleges, Inc.', 0, 'COCO', '0000-00-00 00:00:00'),
(770, 'Corporate Executive Board Company (The)', 0, 'EXBD', '0000-00-00 00:00:00'),
(771, 'CORUS Bankshares, Inc.', 0, 'CORS', '0000-00-00 00:00:00'),
(772, 'CorVel Corp.', 0, 'CRVL', '0000-00-00 00:00:00'),
(773, 'Cosi, Inc.', 0, 'COSI', '0000-00-00 00:00:00'),
(774, 'Cost Plus, Inc.', 0, 'CPWM', '0000-00-00 00:00:00'),
(775, 'Cost-U-Less, Inc.', 0, 'CULS', '0000-00-00 00:00:00'),
(776, 'CoStar Group, Inc.', 0, 'CSGP', '0000-00-00 00:00:00'),
(777, 'Costco Wholesale Corporation', 0, 'COST', '0000-00-00 00:00:00'),
(778, 'CoTherix, Inc.', 0, 'CTRX', '0000-00-00 00:00:00'),
(779, 'Courier Corporation', 0, 'CRRC', '0000-00-00 00:00:00'),
(780, 'Covansys Corporation', 0, 'CVNS', '0000-00-00 00:00:00'),
(781, 'Covenant Transport, Inc.', 0, 'CVTI', '0000-00-00 00:00:00'),
(782, 'Cowen Group, Inc.', 0, 'COWN', '0000-00-00 00:00:00'),
(783, 'Cowlitz Bancorporation', 0, 'CWLZ', '0000-00-00 00:00:00'),
(784, 'CPAC, Inc.', 0, 'CPAK', '0000-00-00 00:00:00'),
(785, 'CPI International, Inc.', 0, 'CPII', '0000-00-00 00:00:00'),
(786, 'CRA International,Inc.', 0, 'CRAI', '0000-00-00 00:00:00'),
(787, 'Craftmade International, Inc.', 0, 'CRFT', '0000-00-00 00:00:00'),
(788, 'Cray Inc', 0, 'CRAY', '0000-00-00 00:00:00'),
(789, 'Creative Technology Ltd.', 0, 'CREAF', '0000-00-00 00:00:00'),
(790, 'Credence Systems Corporation', 0, 'CMOS', '0000-00-00 00:00:00'),
(791, 'Credit Acceptance Corporation', 0, 'CACC', '0000-00-00 00:00:00'),
(792, 'Credo Petroleum Corporation', 0, 'CRED', '0000-00-00 00:00:00'),
(793, 'Cree, Inc.', 0, 'CREE', '0000-00-00 00:00:00'),
(794, 'Crescent Banking Company', 0, 'CSNT', '0000-00-00 00:00:00'),
(795, 'Crescent Financial Corporation', 0, 'CRFN', '0000-00-00 00:00:00'),
(796, 'Cresud S.A.C.I.F. y A.', 0, 'CRESY', '0000-00-00 00:00:00'),
(797, 'Critical Therapeutics, Inc.', 0, 'CRTX', '0000-00-00 00:00:00'),
(798, 'CRM Holdings, Ltd.', 0, 'CRMH', '0000-00-00 00:00:00'),
(799, 'Crocs, Inc.', 0, 'CROX', '0000-00-00 00:00:00'),
(800, 'Cronos Group (The)', 0, 'CRNS', '0000-00-00 00:00:00'),
(801, 'Cross Country Healthcare, Inc.', 0, 'CCRN', '0000-00-00 00:00:00'),
(802, 'Crosstex Energy, Inc.', 0, 'XTXI', '0000-00-00 00:00:00'),
(803, 'Crosstex Energy, L.P.', 0, 'XTEX', '0000-00-00 00:00:00'),
(804, 'Crown Media Holdings, Inc.', 0, 'CRWN', '0000-00-00 00:00:00'),
(805, 'Crucell NV', 0, 'CRXL', '0000-00-00 00:00:00'),
(806, 'CryoCor, Inc.', 0, 'CRYO', '0000-00-00 00:00:00'),
(807, 'Cryptologic, Inc.', 0, 'CRYP', '0000-00-00 00:00:00'),
(808, 'CSG Systems International, Inc.', 0, 'CSGS', '0000-00-00 00:00:00'),
(809, 'CSP Inc.', 0, 'CSPI', '0000-00-00 00:00:00'),
(810, 'CT Communications, Inc.', 0, 'CTCI', '0000-00-00 00:00:00'),
(811, 'CTC Media, Inc.', 0, 'CTCM', '0000-00-00 00:00:00'),
(812, 'CTI Industries Corporation', 0, 'CTIB', '0000-00-00 00:00:00'),
(813, 'Ctrip.com International, Ltd.', 0, 'CTRP', '0000-00-00 00:00:00'),
(814, 'Cubist Pharmaceuticals, Inc.', 0, 'CBST', '0000-00-00 00:00:00'),
(815, 'Cumulus Media Inc.', 0, 'CMLS', '0000-00-00 00:00:00'),
(816, 'CuraGen Corporation', 0, 'CRGN', '0000-00-00 00:00:00'),
(817, 'Curis, Inc.', 0, 'CRIS', '0000-00-00 00:00:00'),
(818, 'Cutera, Inc.', 0, 'CUTR', '0000-00-00 00:00:00'),
(819, 'Cutter & Buck Inc.', 0, 'CBUK', '0000-00-00 00:00:00'),
(820, 'CV Therapeutics, Inc.', 0, 'CVTX', '0000-00-00 00:00:00'),
(821, 'CVB Financial Corporation', 0, 'CVBF', '0000-00-00 00:00:00'),
(822, 'Cyanotech Corporation', 0, 'CYAN', '0000-00-00 00:00:00'),
(823, 'Cyberonics, Inc.', 0, 'CYBX', '0000-00-00 00:00:00'),
(824, 'CyberOptics Corporation', 0, 'CYBE', '0000-00-00 00:00:00'),
(825, 'CyberSource Corporation', 0, 'CYBS', '0000-00-00 00:00:00'),
(826, 'Cyclacel Pharmaceuticals, Inc.', 0, 'CYCC', '0000-00-00 00:00:00'),
(827, 'Cyclacel Pharmaceuticals, Inc.', 0, 'CYCCP', '0000-00-00 00:00:00'),
(828, 'Cygne Designs, Inc', 0, 'CYDS', '0000-00-00 00:00:00'),
(829, 'Cymer, Inc.', 0, 'CYMI', '0000-00-00 00:00:00'),
(830, 'Cynosure, Inc.', 0, 'CYNO', '0000-00-00 00:00:00'),
(831, 'Cypress Bioscience, Inc.', 0, 'CYPB', '0000-00-00 00:00:00'),
(832, 'Cytogen Corporation', 0, 'CYTO', '0000-00-00 00:00:00'),
(833, 'Cytokinetics, Incorporated', 0, 'CYTK', '0000-00-00 00:00:00'),
(834, 'Cytori Therapeutics Inc', 0, 'CYTX', '0000-00-00 00:00:00'),
(835, 'CytRx Corporation', 0, 'CYTR', '0000-00-00 00:00:00'),
(836, 'Cytyc Corporation', 0, 'CYTC', '0000-00-00 00:00:00'),
(837, 'D&E Communications, Inc.', 0, 'DECC', '0000-00-00 00:00:00'),
(838, 'Dade Behring Holdings, Inc', 0, 'DADE', '0000-00-00 00:00:00'),
(839, 'DAG Media, Inc.', 0, 'DAGM', '0000-00-00 00:00:00'),
(840, 'Dai''ei, Inc.', 0, 'DAIEY', '0000-00-00 00:00:00'),
(841, 'Daily Journal Corp. (S.C.)', 0, 'DJCO', '0000-00-00 00:00:00'),
(842, 'Daktronics, Inc.', 0, 'DAKT', '0000-00-00 00:00:00'),
(843, 'Danka Business Systems PLC', 0, 'DANKY', '0000-00-00 00:00:00'),
(844, 'Dassault Systemes, S.A.', 0, 'DASTY', '0000-00-00 00:00:00'),
(845, 'Data I/O Corporation', 0, 'DAIO', '0000-00-00 00:00:00'),
(846, 'Datalink Corporation', 0, 'DTLK', '0000-00-00 00:00:00'),
(847, 'Dataram Corporation', 0, 'DRAM', '0000-00-00 00:00:00'),
(848, 'Datascope Corp.', 0, 'DSCP', '0000-00-00 00:00:00'),
(849, 'DataTrak International, Inc.', 0, 'DATA', '0000-00-00 00:00:00'),
(850, 'Datawatch Corporation', 0, 'DWCH', '0000-00-00 00:00:00'),
(851, 'Dawson Geophysical Company', 0, 'DWSN', '0000-00-00 00:00:00'),
(852, 'DayStar Technologies, Inc.', 0, 'DSTI', '0000-00-00 00:00:00'),
(853, 'DayStar Technologies, Inc.', 0, 'DSTIZ', '0000-00-00 00:00:00'),
(854, 'DCAP Group Inc', 0, 'DCAP', '0000-00-00 00:00:00'),
(855, 'DDi Corp.', 0, 'DDIC', '0000-00-00 00:00:00'),
(856, 'DealerTrack Holdings, Inc.', 0, 'TRAK', '0000-00-00 00:00:00'),
(857, 'Dearborn Bancorp, Inc.', 0, 'DEAR', '0000-00-00 00:00:00'),
(858, 'Deb Shops, Inc.', 0, 'DEBS', '0000-00-00 00:00:00'),
(859, 'Deckers Outdoor Corporation', 0, 'DECK', '0000-00-00 00:00:00'),
(860, 'deCODE genetics, Inc.', 0, 'DCGN', '0000-00-00 00:00:00'),
(861, 'Dectron International, Inc.', 0, 'DECT', '0000-00-00 00:00:00'),
(862, 'Delcath Systems, Inc.', 0, 'DCTH', '0000-00-00 00:00:00'),
(863, 'dELIA*s Inc.', 0, 'DLIA', '0000-00-00 00:00:00'),
(864, 'Dell Inc.', 0, 'DELL', '0000-00-00 00:00:00'),
(865, 'DelphaxTechnologies Inc.', 0, 'DLPX', '0000-00-00 00:00:00'),
(866, 'Delta Galil Industries Ltd.', 0, 'DELT', '0000-00-00 00:00:00'),
(867, 'Delta Natural Gas Company, Inc.', 0, 'DGAS', '0000-00-00 00:00:00'),
(868, 'Delta Petroleum Corporation', 0, 'DPTR', '0000-00-00 00:00:00'),
(869, 'deltathree Inc', 0, 'DDDC', '0000-00-00 00:00:00'),
(870, 'Dendreon Corporation', 0, 'DNDN', '0000-00-00 00:00:00'),
(871, 'Dendrite International, Inc.', 0, 'DRTE', '0000-00-00 00:00:00'),
(872, 'Denny''s Corporation', 0, 'DENN', '0000-00-00 00:00:00'),
(873, 'DENTSPLY International Inc.', 0, 'XRAY', '0000-00-00 00:00:00'),
(874, 'DepoMed, Inc.', 0, 'DEPO', '0000-00-00 00:00:00'),
(875, 'Descartes Systems Group Inc. (The)', 0, 'DSGX', '0000-00-00 00:00:00'),
(876, 'Desert Community Bank', 0, 'DCBK', '0000-00-00 00:00:00'),
(877, 'Design Within Reach, Inc.', 0, 'DWRI', '0000-00-00 00:00:00'),
(878, 'Deswell Industries, Inc.', 0, 'DSWL', '0000-00-00 00:00:00'),
(879, 'Devcon International Corp.', 0, 'DEVC', '0000-00-00 00:00:00'),
(880, 'DexCom, Inc.', 0, 'DXCM', '0000-00-00 00:00:00'),
(881, 'DG FastChannel, Inc.', 0, 'DGIT', '0000-00-00 00:00:00'),
(882, 'DGSE Companies, Inc.', 0, 'DGSE', '0000-00-00 00:00:00'),
(883, 'Dialog Semiconductor Plc', 0, 'DLGS', '0000-00-00 00:00:00'),
(884, 'Dialysis Corporation of America', 0, 'DCAI', '0000-00-00 00:00:00'),
(885, 'Diamond Foods, Inc.', 0, 'DMND', '0000-00-00 00:00:00'),
(886, 'Diamond Hill Investment Group, Inc.', 0, 'DHIL', '0000-00-00 00:00:00'),
(887, 'Diamond Management & Technology Consultants, Inc.', 0, 'DTPI', '0000-00-00 00:00:00'),
(888, 'Diedrich Coffee', 0, 'DDRX', '0000-00-00 00:00:00'),
(889, 'Digene Corporation', 0, 'DIGE', '0000-00-00 00:00:00'),
(890, 'Digi International Inc.', 0, 'DGII', '0000-00-00 00:00:00'),
(891, 'Digimarc Corporation', 0, 'DMRC', '0000-00-00 00:00:00'),
(892, 'Digirad Corporation', 0, 'DRAD', '0000-00-00 00:00:00'),
(893, 'Digital Insight Corporation', 0, 'DGIN', '0000-00-00 00:00:00'),
(894, 'Digital Music Group, Inc.', 0, 'DMGI', '0000-00-00 00:00:00'),
(895, 'Digital Recorders, Inc.', 0, 'TBUS', '0000-00-00 00:00:00'),
(896, 'Digital River, Inc.', 0, 'DRIV', '0000-00-00 00:00:00'),
(897, 'Digitas, Inc.', 0, 'DTAS', '0000-00-00 00:00:00'),
(898, 'Dime Community Bancshares, Inc.', 0, 'DCOM', '0000-00-00 00:00:00'),
(899, 'Diodes Incorporated', 0, 'DIOD', '0000-00-00 00:00:00'),
(900, 'Dionex Corporation', 0, 'DNEX', '0000-00-00 00:00:00'),
(901, 'Direct General Corporation', 0, 'DRCT', '0000-00-00 00:00:00'),
(902, 'Directed Electronics, Inc.', 0, 'DEIX', '0000-00-00 00:00:00'),
(903, 'Discovery Holding Co', 0, 'DISCA', '0000-00-00 00:00:00'),
(904, 'Discovery Holding Co', 0, 'DISCB', '0000-00-00 00:00:00'),
(905, 'Discovery Laboratories, Inc.', 0, 'DSCO', '0000-00-00 00:00:00'),
(906, 'Distributed Energy Systems Corporation', 0, 'DESC', '0000-00-00 00:00:00'),
(907, 'Ditech Networks, Inc.', 0, 'DITC', '0000-00-00 00:00:00'),
(908, 'Diversa Corporation', 0, 'DVSA', '0000-00-00 00:00:00'),
(909, 'DivX, Inc.', 0, 'DIVX', '0000-00-00 00:00:00'),
(910, 'Dixie Group, Inc. (The)', 0, 'DXYN', '0000-00-00 00:00:00'),
(911, 'Dobson Communications Corporation', 0, 'DCEL', '0000-00-00 00:00:00'),
(912, 'DocuCorp International, Inc.', 0, 'DOCC', '0000-00-00 00:00:00'),
(913, 'Document Sciences Corporation', 0, 'DOCX', '0000-00-00 00:00:00'),
(914, 'Dollar Financial Corp.', 0, 'DLLR', '0000-00-00 00:00:00'),
(915, 'Dollar Tree Stores, Inc.', 0, 'DLTR', '0000-00-00 00:00:00'),
(916, 'Dominion Homes Inc.', 0, 'DHOM', '0000-00-00 00:00:00'),
(917, 'Donegal Group, Inc.', 0, 'DGICA', '0000-00-00 00:00:00'),
(918, 'Donegal Group, Inc.', 0, 'DGICB', '0000-00-00 00:00:00'),
(919, 'Dorchester Minerals, L.P.', 0, 'DMLP', '0000-00-00 00:00:00'),
(920, 'Dorel Industries, Inc.', 0, 'DIIB', '0000-00-00 00:00:00'),
(921, 'Dorman Products, Inc.', 0, 'DORM', '0000-00-00 00:00:00'),
(922, 'Dot Hill Systems Corporation', 0, 'HILL', '0000-00-00 00:00:00'),
(923, 'Double Eagle Petroleum Company', 0, 'DBLE', '0000-00-00 00:00:00'),
(924, 'Dover Saddlery, Inc.', 0, 'DOVR', '0000-00-00 00:00:00'),
(925, 'Draxis Health Inc.', 0, 'DRAX', '0000-00-00 00:00:00'),
(926, 'DRDGOLD Limited', 0, 'DROOY', '0000-00-00 00:00:00'),
(927, 'Dress Barn, Inc. (The)', 0, 'DBRN', '0000-00-00 00:00:00'),
(928, 'drugstore.com, inc.', 0, 'DSCM', '0000-00-00 00:00:00'),
(929, 'DryShips Inc.', 0, 'DRYS', '0000-00-00 00:00:00'),
(930, 'DSP Group, Inc.', 0, 'DSPG', '0000-00-00 00:00:00'),
(931, 'DTS, Inc.', 0, 'DTSI', '0000-00-00 00:00:00'),
(932, 'Duckwall-Alco Stores, Inc.', 0, 'DUCK', '0000-00-00 00:00:00'),
(933, 'Dura Automotive Systems, Inc.', 0, 'DRRA', '0000-00-00 00:00:00'),
(934, 'Dura Automotive Systems, Inc.', 0, 'DRRAP', '0000-00-00 00:00:00'),
(935, 'Durect Corporation', 0, 'DRRX', '0000-00-00 00:00:00'),
(936, 'DUSA Pharmaceuticals, Inc.', 0, 'DUSA', '0000-00-00 00:00:00'),
(937, 'DXP Enterprises, Inc.', 0, 'DXPE', '0000-00-00 00:00:00'),
(938, 'Dyax Corp.', 0, 'DYAX', '0000-00-00 00:00:00'),
(939, 'Dynacq Healthcare, Inc.', 0, 'DYII', '0000-00-00 00:00:00'),
(940, 'Dynamex, Inc.', 0, 'DDMX', '0000-00-00 00:00:00'),
(941, 'Dynamic Materials Corporation', 0, 'BOOM', '0000-00-00 00:00:00'),
(942, 'Dynamics Research Corporation', 0, 'DRCO', '0000-00-00 00:00:00'),
(943, 'Dynatronics Corporation', 0, 'DYNT', '0000-00-00 00:00:00'),
(944, 'Dynavax Technologies Corporation', 0, 'DVAX', '0000-00-00 00:00:00'),
(945, 'E Com Ventures, Inc.', 0, 'ECMV', '0000-00-00 00:00:00'),
(946, 'e-Future Information Technology Inc.', 0, 'EFUT', '0000-00-00 00:00:00'),
(947, 'E-Z-EM, Inc.', 0, 'EZEM', '0000-00-00 00:00:00'),
(948, 'Eagle Bancorp, Inc.', 0, 'EGBN', '0000-00-00 00:00:00'),
(949, 'Eagle Bulk Shipping Inc.', 0, 'EGLE', '0000-00-00 00:00:00'),
(950, 'Eagle Rock Energy Partners, L.P.', 0, 'EROC', '0000-00-00 00:00:00'),
(951, 'Eagle Test Systems, Inc.', 0, 'EGLT', '0000-00-00 00:00:00'),
(952, 'EarthLink, Inc.', 0, 'ELNK', '0000-00-00 00:00:00'),
(953, 'East Penn Financial Corporation', 0, 'EPEN', '0000-00-00 00:00:00'),
(954, 'East West Bancorp, Inc.', 0, 'EWBC', '0000-00-00 00:00:00'),
(955, 'Eastern Insurance Holdings, Inc.', 0, 'EIHI', '0000-00-00 00:00:00'),
(956, 'Eastern Virginia Bankshares, Inc.', 0, 'EVBS', '0000-00-00 00:00:00'),
(957, 'EasyLink Services Corporation', 0, 'EASY', '0000-00-00 00:00:00'),
(958, 'eBay Inc.', 0, 'EBAY', '0000-00-00 00:00:00'),
(959, 'Ebix Inc', 0, 'EBIX', '0000-00-00 00:00:00'),
(960, 'ECB Bancorp Inc', 0, 'ECBE', '0000-00-00 00:00:00'),
(961, 'Echelon Corporation', 0, 'ELON', '0000-00-00 00:00:00'),
(962, 'EchoStar Communications Corporation', 0, 'DISH', '0000-00-00 00:00:00'),
(963, 'ECI Telecom Ltd.', 0, 'ECIL', '0000-00-00 00:00:00'),
(964, 'Eclipsys Corporation', 0, 'ECLP', '0000-00-00 00:00:00'),
(965, 'eCollege.com', 0, 'ECLG', '0000-00-00 00:00:00'),
(966, 'ECtel Ltd.', 0, 'ECTX', '0000-00-00 00:00:00'),
(967, 'EDAP TMS S.A.', 0, 'EDAP', '0000-00-00 00:00:00'),
(968, 'Eddie Bauer Holdings, Inc.', 0, 'EBHI', '0000-00-00 00:00:00'),
(969, 'EDEN Bioscience Corporation', 0, 'EDEN', '0000-00-00 00:00:00'),
(970, 'EDGAR Online, Inc.', 0, 'EDGR', '0000-00-00 00:00:00'),
(971, 'Edge Petroleum Corporation', 0, 'EPEX', '0000-00-00 00:00:00'),
(972, 'Edgewater Technology, Inc.', 0, 'EDGW', '0000-00-00 00:00:00'),
(973, 'eDiets.com, Inc.', 0, 'DIET', '0000-00-00 00:00:00'),
(974, 'Educate, Inc.', 0, 'EEEE', '0000-00-00 00:00:00'),
(975, 'Educational Development Corporation', 0, 'EDUC', '0000-00-00 00:00:00'),
(976, 'EFJ Inc', 0, 'EFJI', '0000-00-00 00:00:00'),
(977, 'EGL, Inc.', 0, 'EAGL', '0000-00-00 00:00:00'),
(978, 'eHealth, Inc.', 0, 'EHTH', '0000-00-00 00:00:00'),
(979, 'Elbit Medical Imaging Ltd.', 0, 'EMITF', '0000-00-00 00:00:00'),
(980, 'Elbit Systems Ltd.', 0, 'ESLT', '0000-00-00 00:00:00'),
(981, 'Electro Energy Inc.', 0, 'EEEI', '0000-00-00 00:00:00'),
(982, 'Electro Rent Corporation', 0, 'ELRC', '0000-00-00 00:00:00'),
(983, 'Electro Scientific Industries, Inc.', 0, 'ESIO', '0000-00-00 00:00:00'),
(984, 'Electro-Optical Sciences, Inc', 0, 'MELA', '0000-00-00 00:00:00'),
(985, 'Electro-Sensors, Inc.', 0, 'ELSE', '0000-00-00 00:00:00'),
(986, 'Electroglas, Inc.', 0, 'EGLS', '0000-00-00 00:00:00'),
(987, 'Electronic Arts Inc.', 0, 'ERTS', '0000-00-00 00:00:00'),
(988, 'Electronic Clearing House, Inc.', 0, 'ECHO', '0000-00-00 00:00:00'),
(989, 'Electronics for Imaging, Inc.', 0, 'EFII', '0000-00-00 00:00:00'),
(990, 'Elizabeth Arden, Inc.', 0, 'RDEN', '0000-00-00 00:00:00'),
(991, 'Elmira Savings Bank, FSB (The)', 0, 'ESBK', '0000-00-00 00:00:00'),
(992, 'eLong, Inc.', 0, 'LONG', '0000-00-00 00:00:00'),
(993, 'eLoyalty Corporation', 0, 'ELOY', '0000-00-00 00:00:00'),
(994, 'Elron Electronic Industries Ltd.', 0, 'ELRN', '0000-00-00 00:00:00'),
(995, 'Eltek Ltd.', 0, 'ELTK', '0000-00-00 00:00:00'),
(996, 'Emageon Inc.', 0, 'EMAG', '0000-00-00 00:00:00'),
(997, 'EMAK Worldwide, Inc.', 0, 'EMAK', '0000-00-00 00:00:00'),
(998, 'Embarcadero Technologies, Inc.', 0, 'EMBT', '0000-00-00 00:00:00'),
(999, 'Embrex, Inc.', 0, 'EMBX', '0000-00-00 00:00:00'),
(1000, 'EMC Insurance Group, Inc.', 0, 'EMCI', '0000-00-00 00:00:00'),
(1001, 'EMCORE Corporation', 0, 'EMKR', '0000-00-00 00:00:00'),
(1002, 'Emdeon Corporation', 0, 'HLTH', '0000-00-00 00:00:00'),
(1003, 'eMerge Interactive, Inc.', 0, 'EMRG', '0000-00-00 00:00:00'),
(1004, 'Emisphere Technologies, Inc.', 0, 'EMIS', '0000-00-00 00:00:00'),
(1005, 'Emmis Communications Corporation', 0, 'EMMS', '0000-00-00 00:00:00'),
(1006, 'Emmis Communications Corporation', 0, 'EMMSP', '0000-00-00 00:00:00'),
(1007, 'Empire Resorts, Inc.', 0, 'NYNY', '0000-00-00 00:00:00'),
(1008, 'EMS Technologies, Inc.', 0, 'ELMG', '0000-00-00 00:00:00'),
(1009, 'En Pointe Technologies, Inc.', 0, 'ENPT', '0000-00-00 00:00:00'),
(1010, 'Encore Capital Group Inc', 0, 'ECPG', '0000-00-00 00:00:00'),
(1011, 'Encore Medical Corporation', 0, 'ENMC', '0000-00-00 00:00:00'),
(1012, 'Encore Wire Corporation', 0, 'WIRE', '0000-00-00 00:00:00'),
(1013, 'Encorium Group, Inc.', 0, 'ENCO', '0000-00-00 00:00:00'),
(1014, 'Encysive Pharmaceuticals Inc', 0, 'ENCY', '0000-00-00 00:00:00'),
(1015, 'Endo Pharmaceuticals Holdings Inc.', 0, 'ENDP', '0000-00-00 00:00:00'),
(1016, 'Endologix  Inc', 0, 'ELGX', '0000-00-00 00:00:00'),
(1017, 'Endwave Corporation', 0, 'ENWV', '0000-00-00 00:00:00'),
(1018, 'Energy Conversion Devices, Inc.', 0, 'ENER', '0000-00-00 00:00:00'),
(1019, 'Energy West, Inc.', 0, 'EWST', '0000-00-00 00:00:00'),
(1020, 'EnergySouth, Inc.', 0, 'ENSI', '0000-00-00 00:00:00'),
(1021, 'Enpath Medical, Inc.', 0, 'NPTH', '0000-00-00 00:00:00'),
(1022, 'Enstar Group Inc', 0, 'ESGR', '0000-00-00 00:00:00'),
(1023, 'Entegris, Inc.', 0, 'ENTG', '0000-00-00 00:00:00'),
(1024, 'Enterprise Bancorp Inc', 0, 'EBTC', '0000-00-00 00:00:00'),
(1025, 'Enterprise Financial Services Corporation', 0, 'EFSC', '0000-00-00 00:00:00'),
(1026, 'EntreMed, Inc.', 0, 'ENMD', '0000-00-00 00:00:00'),
(1027, 'Entrust, Inc.', 0, 'ENTU', '0000-00-00 00:00:00'),
(1028, 'Envoy Communications Group, Inc.', 0, 'ECGI', '0000-00-00 00:00:00'),
(1029, 'Enzon Pharmaceuticals, Inc.', 0, 'ENZN', '0000-00-00 00:00:00'),
(1030, 'eOn Communications Corporation', 0, 'EONC', '0000-00-00 00:00:00'),
(1031, 'EP MedSystems, Inc.', 0, 'EPMD', '0000-00-00 00:00:00'),
(1032, 'Epic Bancorp', 0, 'EPIK', '0000-00-00 00:00:00'),
(1033, 'EpiCept Corporation', 0, 'EPCT', '0000-00-00 00:00:00'),
(1034, 'Epicor Software Corporation', 0, 'EPIC', '0000-00-00 00:00:00'),
(1035, 'EPIQ Systems, Inc.', 0, 'EPIQ', '0000-00-00 00:00:00'),
(1036, 'EPIX Pharmaceuticals, Inc.', 0, 'EPIX', '0000-00-00 00:00:00'),
(1037, 'ePlus Inc.', 0, 'PLUS', '0000-00-00 00:00:00'),
(1038, 'Epoch Holding Corporation', 0, 'EPHC', '0000-00-00 00:00:00'),
(1039, 'Equinix, Inc.', 0, 'EQIX', '0000-00-00 00:00:00'),
(1040, 'eResearch Technology Inc.', 0, 'ERES', '0000-00-00 00:00:00'),
(1041, 'Erie Indemnity Company', 0, 'ERIE', '0000-00-00 00:00:00'),
(1042, 'ESB Financial Corporation', 0, 'ESBF', '0000-00-00 00:00:00'),
(1043, 'Escala Group, Inc.', 0, 'ESCL', '0000-00-00 00:00:00'),
(1044, 'Escalade, Incorporated', 0, 'ESCA', '0000-00-00 00:00:00'),
(1045, 'Escalon Medical Corp.', 0, 'ESMC', '0000-00-00 00:00:00'),
(1046, 'Eschelon Telecom, Inc.', 0, 'ESCH', '0000-00-00 00:00:00'),
(1047, 'eSpeed, Inc.', 0, 'ESPD', '0000-00-00 00:00:00'),
(1048, 'ESS Technology, Inc', 0, 'ESST', '0000-00-00 00:00:00'),
(1049, 'Essex Corp', 0, 'KEYW', '0000-00-00 00:00:00'),
(1050, 'etrials Worldwide, Inc.', 0, 'ETWC', '0000-00-00 00:00:00'),
(1051, 'etrials Worldwide, Inc.', 0, 'ETWCU', '0000-00-00 00:00:00'),
(1052, 'etrials Worldwide, Inc.', 0, 'ETWCW', '0000-00-00 00:00:00'),
(1053, 'Euro Tech Holdings Company Limited', 0, 'CLWT', '0000-00-00 00:00:00'),
(1054, 'EuroBancshares, Inc.', 0, 'EUBK', '0000-00-00 00:00:00'),
(1055, 'Euronet Worldwide, Inc.', 0, 'EEFT', '0000-00-00 00:00:00'),
(1056, 'EuroTrust A/S', 0, 'EURO', '0000-00-00 00:00:00'),
(1057, 'Euroweb International Corp.', 0, 'EWEB', '0000-00-00 00:00:00'),
(1058, 'EV Energy Partners, L.P.', 0, 'EVEP', '0000-00-00 00:00:00'),
(1059, 'ev3 Inc.', 0, 'EVVV', '0000-00-00 00:00:00'),
(1060, 'Evans & Sutherland Computer Corporation', 0, 'ESCC', '0000-00-00 00:00:00'),
(1061, 'Evans Bancorp, Inc.', 0, 'EVBN', '0000-00-00 00:00:00'),
(1062, 'EVCI Career Colleges Holding Corp.', 0, 'EVCI', '0000-00-00 00:00:00'),
(1063, 'Evergreen Solar, Inc.', 0, 'ESLR', '0000-00-00 00:00:00'),
(1064, 'Everlast Worldwide Inc.', 0, 'EVST', '0000-00-00 00:00:00'),
(1065, 'Evolving Systems, Inc.', 0, 'EVOL', '0000-00-00 00:00:00'),
(1066, 'EXACT Sciences Corporation', 0, 'EXAS', '0000-00-00 00:00:00'),
(1067, 'Exactech, Inc.', 0, 'EXAC', '0000-00-00 00:00:00'),
(1068, 'Exar Corporation', 0, 'EXAR', '0000-00-00 00:00:00'),
(1069, 'Excel Technology, Inc.', 0, 'XLTC', '0000-00-00 00:00:00'),
(1070, 'Exchange National Bancshares, Inc.', 0, 'EXJF', '0000-00-00 00:00:00'),
(1071, 'Exelixis, Inc.', 0, 'EXEL', '0000-00-00 00:00:00'),
(1072, 'EXFO Electro-Optical Engineering', 0, 'EXFO', '0000-00-00 00:00:00'),
(1073, 'Exide Technologies', 0, 'XIDE', '0000-00-00 00:00:00'),
(1074, 'Exide Technologies', 0, 'XIDEW', '0000-00-00 00:00:00'),
(1075, 'ExlService Holdings, Inc.', 0, 'EXLS', '0000-00-00 00:00:00'),
(1076, 'Expedia, Inc.', 0, 'EXPE', '0000-00-00 00:00:00'),
(1077, 'Expedia, Inc.', 0, 'EXPEW', '0000-00-00 00:00:00'),
(1078, 'Expedia, Inc.', 0, 'EXPEZ', '0000-00-00 00:00:00'),
(1079, 'Expeditors International of Washington, Inc.', 0, 'EXPD', '0000-00-00 00:00:00'),
(1080, 'Exponent, Inc.', 0, 'EXPO', '0000-00-00 00:00:00'),
(1081, 'Express Scripts, Inc.', 0, 'ESRX', '0000-00-00 00:00:00'),
(1082, 'Extreme Networks, Inc.', 0, 'EXTR', '0000-00-00 00:00:00'),
(1083, 'EZCORP, Inc.', 0, 'EZPW', '0000-00-00 00:00:00'),
(1084, 'F5 Networks, Inc.', 0, 'FFIV', '0000-00-00 00:00:00'),
(1085, 'Factory Card & Party Outlet Corporation', 0, 'FCPO', '0000-00-00 00:00:00'),
(1086, 'FalconStor Software, Inc.', 0, 'FALC', '0000-00-00 00:00:00'),
(1087, 'Familymeds Group, Inc.', 0, 'FMRX', '0000-00-00 00:00:00'),
(1088, 'Famous Dave''s of America, Inc.', 0, 'DAVE', '0000-00-00 00:00:00'),
(1089, 'Farmer Brothers Company', 0, 'FARM', '0000-00-00 00:00:00'),
(1090, 'Farmers Capital Bank Corporation', 0, 'FFKT', '0000-00-00 00:00:00'),
(1091, 'FARO Technologies, Inc.', 0, 'FARO', '0000-00-00 00:00:00'),
(1092, 'Fastenal Company', 0, 'FAST', '0000-00-00 00:00:00'),
(1093, 'Fauquier Bankshares, Inc.', 0, 'FBSS', '0000-00-00 00:00:00'),
(1094, 'Favrille, Inc.', 0, 'FVRL', '0000-00-00 00:00:00'),
(1095, 'FedFirst Financial Corporation', 0, 'FFCO', '0000-00-00 00:00:00'),
(1096, 'FEI Company', 0, 'FEIC', '0000-00-00 00:00:00'),
(1097, 'FFD Financial Corporation', 0, 'FFDF', '0000-00-00 00:00:00'),
(1098, 'Fibernet Telecom Group, Inc.', 0, 'FTGX', '0000-00-00 00:00:00'),
(1099, 'Fiberstars, Inc.', 0, 'FBST', '0000-00-00 00:00:00'),
(1100, 'FiberTower Corporation', 0, 'FTWR', '0000-00-00 00:00:00'),
(1101, 'Fidelity Bancorp, Inc.', 0, 'FSBI', '0000-00-00 00:00:00'),
(1102, 'Fidelity Bankshares, Inc.', 0, 'FFFL', '0000-00-00 00:00:00'),
(1103, 'Fidelity Nasdaq Composite Index Tracking Stock', 0, 'ONEQ', '0000-00-00 00:00:00'),
(1104, 'Fidelity Southern Corporation', 0, 'LION', '0000-00-00 00:00:00'),
(1105, 'Fieldstone Investment Corporation', 0, 'FICC', '0000-00-00 00:00:00'),
(1106, 'Fifth Third Bancorp', 0, 'FITB', '0000-00-00 00:00:00'),
(1107, 'Financial Institutions, Inc.', 0, 'FISI', '0000-00-00 00:00:00'),
(1108, 'Finisar Corporation', 0, 'FNSR', '0000-00-00 00:00:00'),
(1109, 'Finish Line, Inc. (The)', 0, 'FINL', '0000-00-00 00:00:00'),
(1110, 'Finlay Enterprises, Inc.', 0, 'FNLY', '0000-00-00 00:00:00'),
(1111, 'First Advantage Corporation', 0, 'FADV', '0000-00-00 00:00:00'),
(1112, 'First Albany Companies, Inc.', 0, 'FACT', '0000-00-00 00:00:00'),
(1113, 'First Aviation Services, Inc.', 0, 'FAVS', '0000-00-00 00:00:00'),
(1114, 'First Bancorp', 0, 'FBNC', '0000-00-00 00:00:00'),
(1115, 'First Bancorp of Indiana, Inc.', 0, 'FBEI', '0000-00-00 00:00:00'),
(1116, 'First Bancshares, Inc.', 0, 'FBSI', '0000-00-00 00:00:00'),
(1117, 'First Bancshares, Inc. (The) (MS)', 0, 'FBMS', '0000-00-00 00:00:00'),
(1118, 'First BancTrust Corporation', 0, 'FBTC', '0000-00-00 00:00:00'),
(1119, 'First Banks, Inc.', 0, 'FBNKM', '0000-00-00 00:00:00'),
(1120, 'First Busey Corporation', 0, 'BUSE', '0000-00-00 00:00:00'),
(1121, 'First Business Financial Services, Inc.', 0, 'FBIZ', '0000-00-00 00:00:00'),
(1122, 'First Capital, Inc.', 0, 'FCAP', '0000-00-00 00:00:00'),
(1123, 'First Cash Financial Services, Inc.', 0, 'FCFS', '0000-00-00 00:00:00'),
(1124, 'First Charter Corporation', 0, 'FCTR', '0000-00-00 00:00:00'),
(1125, 'First Citizens Banc Corp.', 0, 'FCZA', '0000-00-00 00:00:00'),
(1126, 'First Citizens BancShares, Inc.', 0, 'FCNCA', '0000-00-00 00:00:00'),
(1127, 'First Clover Leaf Financial Corp.', 0, 'FCLF', '0000-00-00 00:00:00'),
(1128, 'First Community Bancorp', 0, 'FCBP', '0000-00-00 00:00:00'),
(1129, 'First Community Bancshares, Inc.', 0, 'FCBC', '0000-00-00 00:00:00'),
(1130, 'First Community Bank Corporation of America', 0, 'FCFL', '0000-00-00 00:00:00'),
(1131, 'First Community Corporation', 0, 'FCCO', '0000-00-00 00:00:00'),
(1132, 'First Consulting Group, Inc.', 0, 'FCGI', '0000-00-00 00:00:00'),
(1133, 'First Defiance Financial Corp.', 0, 'FDEF', '0000-00-00 00:00:00'),
(1134, 'First Federal Banc of the Southwest, Inc.', 0, 'FFSW', '0000-00-00 00:00:00'),
(1135, 'First Federal Bancshares of Arkansas, Inc.', 0, 'FFBH', '0000-00-00 00:00:00'),
(1136, 'First Federal Bancshares, Inc.', 0, 'FFBI', '0000-00-00 00:00:00'),
(1137, 'First Federal Bankshares, Inc.', 0, 'FFSX', '0000-00-00 00:00:00'),
(1138, 'First Federal of Northern Michigan Bancorp, Inc.', 0, 'FFNM', '0000-00-00 00:00:00'),
(1139, 'First Financial Bancorp.', 0, 'FFBC', '0000-00-00 00:00:00'),
(1140, 'First Financial Bankshares, Inc.', 0, 'FFIN', '0000-00-00 00:00:00'),
(1141, 'First Financial Corporation Indiana', 0, 'THFF', '0000-00-00 00:00:00'),
(1142, 'First Financial Holdings, Inc.', 0, 'FFCH', '0000-00-00 00:00:00'),
(1143, 'First Financial Service Corporation', 0, 'FFKY', '0000-00-00 00:00:00'),
(1144, 'First Franklin Corporation', 0, 'FFHS', '0000-00-00 00:00:00'),
(1145, 'First Indiana Corporation', 0, 'FINB', '0000-00-00 00:00:00'),
(1146, 'First Keystone Financial, Inc.', 0, 'FKFS', '0000-00-00 00:00:00'),
(1147, 'First M & F Corporation', 0, 'FMFC', '0000-00-00 00:00:00'),
(1148, 'First Mariner Bancorp', 0, 'FMAR', '0000-00-00 00:00:00'),
(1149, 'First Merchants Corporation', 0, 'FRME', '0000-00-00 00:00:00'),
(1150, 'First Merchants Corporation', 0, 'FRMEP', '0000-00-00 00:00:00'),
(1151, 'First Midwest Bancorp, Inc.', 0, 'FMBI', '0000-00-00 00:00:00'),
(1152, 'First Mutual Bancshares, Inc.', 0, 'FMSB', '0000-00-00 00:00:00'),
(1153, 'First National Bancshares Inc (SC)', 0, 'FNSC', '0000-00-00 00:00:00'),
(1154, 'First National Lincoln Corporation', 0, 'FNLC', '0000-00-00 00:00:00'),
(1155, 'First Niagara Financial Group Inc.', 0, 'FNFG', '0000-00-00 00:00:00'),
(1156, 'First Niles Financial, Inc.', 0, 'FNFI', '0000-00-00 00:00:00'),
(1157, 'First of Long Island Corporation (The)', 0, 'FLIC', '0000-00-00 00:00:00'),
(1158, 'First PacTrust Bancorp, Inc.', 0, 'FPTB', '0000-00-00 00:00:00'),
(1159, 'First Place Financial Corp.', 0, 'FPFC', '0000-00-00 00:00:00'),
(1160, 'First Regional Bancorp', 0, 'FRGB', '0000-00-00 00:00:00'),
(1161, 'First Republic Preferred Capital Corporation', 0, 'FRCCO', '0000-00-00 00:00:00'),
(1162, 'First Republic Preferred Capital Corporation', 0, 'FRCCP', '0000-00-00 00:00:00'),
(1163, 'First Security Group, Inc.', 0, 'FSGI', '0000-00-00 00:00:00'),
(1164, 'First South Bancorp Inc', 0, 'FSBK', '0000-00-00 00:00:00'),
(1165, 'First State Bancorporation', 0, 'FSNM', '0000-00-00 00:00:00'),
(1166, 'First State Financial Corporation', 0, 'FSTF', '0000-00-00 00:00:00'),
(1167, 'First Trust NASDAQ-100 Equal Weighted Index Fund', 0, 'QQEW', '0000-00-00 00:00:00'),
(1168, 'First Trust NASDAQ-100-Technology Sector Index Fund', 0, 'QTEC', '0000-00-00 00:00:00'),
(1169, 'First United Corporation', 0, 'FUNC', '0000-00-00 00:00:00'),
(1170, 'Firstbank Corporation', 0, 'FBMI', '0000-00-00 00:00:00'),
(1171, 'FirstBank NW Corp.', 0, 'FBNW', '0000-00-00 00:00:00'),
(1172, 'FirstCity Financial Corporation', 0, 'FCFC', '0000-00-00 00:00:00'),
(1173, 'FirstMerit Corporation', 0, 'FMER', '0000-00-00 00:00:00'),
(1174, 'FirstService Corporation', 0, 'FSRV', '0000-00-00 00:00:00'),
(1175, 'Firstwave Technologies Inc.', 0, 'FSTW', '0000-00-00 00:00:00'),
(1176, 'Fiserv, Inc.', 0, 'FISV', '0000-00-00 00:00:00'),
(1177, 'Fisher Communications, Inc.', 0, 'FSCI', '0000-00-00 00:00:00'),
(1178, 'FLAG Financial Corporation', 0, 'FLAG', '0000-00-00 00:00:00'),
(1179, 'Flamel Technologies S.A.', 0, 'FLML', '0000-00-00 00:00:00'),
(1180, 'Flanders Corporation', 0, 'FLDR', '0000-00-00 00:00:00'),
(1181, 'Flexsteel Industries, Inc.', 0, 'FLXS', '0000-00-00 00:00:00'),
(1182, 'Flextronics International Ltd.', 0, 'FLEX', '0000-00-00 00:00:00'),
(1183, 'FLIR Systems, Inc.', 0, 'FLIR', '0000-00-00 00:00:00'),
(1184, 'Flow International Corporation', 0, 'FLOW', '0000-00-00 00:00:00'),
(1185, 'Flushing Financial Corporation', 0, 'FFIC', '0000-00-00 00:00:00'),
(1186, 'FMS Financial Corporation', 0, 'FMCO', '0000-00-00 00:00:00'),
(1187, 'FNB Corporation', 0, 'FNBP', '0000-00-00 00:00:00'),
(1188, 'FNB Financial Services Corporation', 0, 'FNBF', '0000-00-00 00:00:00'),
(1189, 'FNB United Corp.', 0, 'FNBN', '0000-00-00 00:00:00'),
(1190, 'FOCUS Enhancements, Inc.', 0, 'FCSE', '0000-00-00 00:00:00'),
(1191, 'Focus Media Holding Limited', 0, 'FMCN', '0000-00-00 00:00:00'),
(1192, 'Fonar Corporation', 0, 'FONR', '0000-00-00 00:00:00'),
(1193, 'Food Technology Service, Inc.', 0, 'VIFL', '0000-00-00 00:00:00'),
(1194, 'Forbes Medi-Tech Inc.', 0, 'FMTI', '0000-00-00 00:00:00'),
(1195, 'Forgent Networks Inc', 0, 'FORG', '0000-00-00 00:00:00'),
(1196, 'FormFactor, Inc.', 0, 'FORM', '0000-00-00 00:00:00'),
(1197, 'Formula Systems (1985) Ltd.', 0, 'FORTY', '0000-00-00 00:00:00'),
(1198, 'Forrester Research, Inc.', 0, 'FORR', '0000-00-00 00:00:00'),
(1199, 'FortuNet, Inc.', 0, 'FNET', '0000-00-00 00:00:00'),
(1200, 'Forward Air Corporation', 0, 'FWRD', '0000-00-00 00:00:00'),
(1201, 'Forward Industries, Inc.', 0, 'FORD', '0000-00-00 00:00:00'),
(1202, 'Fossil, Inc.', 0, 'FOSL', '0000-00-00 00:00:00'),
(1203, 'Foster Wheeler Ltd.', 0, 'FWLT', '0000-00-00 00:00:00'),
(1204, 'Foster Wheeler Ltd.', 0, 'FWLTW', '0000-00-00 00:00:00'),
(1205, 'Foster Wheeler Ltd.', 0, 'FWLTZ', '0000-00-00 00:00:00'),
(1206, 'Foundry Networks, Inc.', 0, 'FDRY', '0000-00-00 00:00:00'),
(1207, 'Fox Chase Bancorp, Inc.', 0, 'FXCB', '0000-00-00 00:00:00'),
(1208, 'FoxHollow Technologies, Inc.', 0, 'FOXH', '0000-00-00 00:00:00'),
(1209, 'FPB Bancorp, Inc.', 0, 'FPBI', '0000-00-00 00:00:00'),
(1210, 'FPIC Insurance Group, Inc.', 0, 'FPIC', '0000-00-00 00:00:00'),
(1211, 'Franklin Bank Corp.', 0, 'FBTX', '0000-00-00 00:00:00'),
(1212, 'Franklin Credit Management Corp', 0, 'FCMC', '0000-00-00 00:00:00'),
(1213, 'Franklin Electric Co., Inc.', 0, 'FELE', '0000-00-00 00:00:00'),
(1214, 'Fred''s, Inc.', 0, 'FRED', '0000-00-00 00:00:00'),
(1215, 'FreeSeas Inc.', 0, 'FREE', '0000-00-00 00:00:00'),
(1216, 'FreeSeas Inc.', 0, 'FREEW', '0000-00-00 00:00:00'),
(1217, 'FreeSeas Inc.', 0, 'FREEZ', '0000-00-00 00:00:00'),
(1218, 'FreightCar America, Inc.', 0, 'RAIL', '0000-00-00 00:00:00'),
(1219, 'Frequency Electronics, Inc.', 0, 'FEIM', '0000-00-00 00:00:00'),
(1220, 'Frontier Airlines Holdings, Inc.', 0, 'FRNT', '0000-00-00 00:00:00'),
(1221, 'Frontier Financial Corporation', 0, 'FTBK', '0000-00-00 00:00:00'),
(1222, 'Frozen Food Express Industries, Inc.', 0, 'FFEX', '0000-00-00 00:00:00'),
(1223, 'FSI International, Inc.', 0, 'FSII', '0000-00-00 00:00:00'),
(1224, 'Fuel Systems Solutions, Inc.', 0, 'FSYS', '0000-00-00 00:00:00'),
(1225, 'Fuel Tech, Inc.', 0, 'FTEK', '0000-00-00 00:00:00'),
(1226, 'FuelCell Energy, Inc.', 0, 'FCEL', '0000-00-00 00:00:00'),
(1227, 'FUJIFILM Holdings Corporation', 0, 'FUJIY', '0000-00-00 00:00:00'),
(1228, 'Fulton Financial Corporation', 0, 'FULT', '0000-00-00 00:00:00'),
(1229, 'Fundtech Ltd.', 0, 'FNDT', '0000-00-00 00:00:00'),
(1230, 'Futuremedia Public Limited Company', 0, 'FMDAY', '0000-00-00 00:00:00'),
(1231, 'FX Energy, Inc.', 0, 'FXEN', '0000-00-00 00:00:00'),
(1232, 'G&K Services, Inc.', 0, 'GKSR', '0000-00-00 00:00:00'),
(1233, 'G-III Apparel Group, LTD.', 0, 'GIII', '0000-00-00 00:00:00'),
(1234, 'G. Willi-Food International,  Ltd.', 0, 'WILC', '0000-00-00 00:00:00'),
(1235, 'Gaiam, Inc.', 0, 'GAIA', '0000-00-00 00:00:00'),
(1236, 'Gallery of History, Inc.', 0, 'HIST', '0000-00-00 00:00:00'),
(1237, 'GameTech International, Inc.', 0, 'GMTC', '0000-00-00 00:00:00'),
(1238, 'Gaming Partners International Corporation', 0, 'GPIC', '0000-00-00 00:00:00'),
(1239, 'Gander Mountain Company', 0, 'GMTN', '0000-00-00 00:00:00'),
(1240, 'Garmin Ltd.', 0, 'GRMN', '0000-00-00 00:00:00'),
(1241, 'Gateway Financial Holdings, Inc.', 0, 'GBTS', '0000-00-00 00:00:00'),
(1242, 'GB&T Bancshares', 0, 'GBTB', '0000-00-00 00:00:00'),
(1243, 'Gehl Company', 0, 'GEHL', '0000-00-00 00:00:00'),
(1244, 'Gemplus International S.A.', 0, 'GEMP', '0000-00-00 00:00:00'),
(1245, 'Gemstar-TV Guide International Inc.', 0, 'GMST', '0000-00-00 00:00:00'),
(1246, 'Gen-Probe Incorporated', 0, 'GPRO', '0000-00-00 00:00:00'),
(1247, 'Genaera Corporation', 0, 'GENR', '0000-00-00 00:00:00'),
(1248, 'Genco Shipping & Trading Limited', 0, 'GSTL', '0000-00-00 00:00:00'),
(1249, 'Gene Logic Inc.', 0, 'GLGC', '0000-00-00 00:00:00'),
(1250, 'Genelabs Technologies, Inc.', 0, 'GNLB', '0000-00-00 00:00:00'),
(1251, 'General Communication, Inc.', 0, 'GNCMA', '0000-00-00 00:00:00'),
(1252, 'Generex Biotechnology Corporation', 0, 'GNBT', '0000-00-00 00:00:00'),
(1253, 'Genesis HealthCare Corporation', 0, 'GHCI', '0000-00-00 00:00:00'),
(1254, 'Genesis Microchip Inc.', 0, 'GNSS', '0000-00-00 00:00:00'),
(1255, 'Genesys S.A.', 0, 'GNSY', '0000-00-00 00:00:00'),
(1256, 'GENETIC TECHNOLOGIES LTD', 0, 'GENE', '0000-00-00 00:00:00'),
(1257, 'Genitope Corporation', 0, 'GTOP', '0000-00-00 00:00:00'),
(1258, 'Genlyte Group Incorporated (The)', 0, 'GLYT', '0000-00-00 00:00:00'),
(1259, 'Genomic Health, Inc.', 0, 'GHDX', '0000-00-00 00:00:00'),
(1260, 'Genta Incorporated', 0, 'GNTA', '0000-00-00 00:00:00'),
(1261, 'GenTek, Inc.', 0, 'GETI', '0000-00-00 00:00:00'),
(1262, 'Gentex Corporation', 0, 'GNTX', '0000-00-00 00:00:00'),
(1263, 'Gentium SpA', 0, 'GENT', '0000-00-00 00:00:00'),
(1264, 'Gentiva Health Services, Inc.', 0, 'GTIV', '0000-00-00 00:00:00'),
(1265, 'GenVec, Inc.', 0, 'GNVC', '0000-00-00 00:00:00'),
(1266, 'Genzyme Corporation', 0, 'GENZ', '0000-00-00 00:00:00'),
(1267, 'GeoEye, Inc.', 0, 'GEOY', '0000-00-00 00:00:00'),
(1268, 'GeoMet, Inc.', 0, 'GMET', '0000-00-00 00:00:00'),
(1269, 'GeoPharma, Inc.', 0, 'GORX', '0000-00-00 00:00:00'),
(1270, 'GeoResources, Inc.', 0, 'GEOI', '0000-00-00 00:00:00'),
(1271, 'German American Bancorp, Inc.', 0, 'GABC', '0000-00-00 00:00:00'),
(1272, 'Geron Corporation', 0, 'GERN', '0000-00-00 00:00:00'),
(1273, 'Gevity HR, Inc.', 0, 'GVHR', '0000-00-00 00:00:00'),
(1274, 'GFI Group Inc.', 0, 'GFIG', '0000-00-00 00:00:00'),
(1275, 'Gibraltar Industries, Inc.', 0, 'ROCK', '0000-00-00 00:00:00'),
(1276, 'Giga-tronics Incorporated', 0, 'GIGA', '0000-00-00 00:00:00'),
(1277, 'Gigabeam Corporation', 0, 'GGBM', '0000-00-00 00:00:00'),
(1278, 'Gigabeam Corporation', 0, 'GGBMW', '0000-00-00 00:00:00'),
(1279, 'Gigabeam Corporation', 0, 'GGBMZ', '0000-00-00 00:00:00'),
(1280, 'GigaMedia Limited', 0, 'GIGM', '0000-00-00 00:00:00'),
(1281, 'Gilat Satellite Networks Ltd.', 0, 'GILT', '0000-00-00 00:00:00'),
(1282, 'Gilead Sciences, Inc.', 0, 'GILD', '0000-00-00 00:00:00'),
(1283, 'Given Imaging Ltd.', 0, 'GIVN', '0000-00-00 00:00:00'),
(1284, 'Glacier Bancorp, Inc.', 0, 'GBCI', '0000-00-00 00:00:00'),
(1285, 'Gladstone Capital Corporation', 0, 'GLAD', '0000-00-00 00:00:00'),
(1286, 'Gladstone Commercial Corporation', 0, 'GOOD', '0000-00-00 00:00:00'),
(1287, 'Gladstone Commercial Corporation', 0, 'GOODO', '0000-00-00 00:00:00'),
(1288, 'Gladstone Commercial Corporation', 0, 'GOODP', '0000-00-00 00:00:00'),
(1289, 'Gladstone Investment Corporation', 0, 'GAIN', '0000-00-00 00:00:00'),
(1290, 'Glen Burnie Bancorp', 0, 'GLBZ', '0000-00-00 00:00:00'),
(1291, 'Glenayre Technologies, Inc.', 0, 'GEMS', '0000-00-00 00:00:00'),
(1292, 'Global Crossing Ltd.', 0, 'GLBC', '0000-00-00 00:00:00'),
(1293, 'Global Imaging Systems, Inc.', 0, 'GISX', '0000-00-00 00:00:00'),
(1294, 'Global Industries, Ltd.', 0, 'GLBL', '0000-00-00 00:00:00'),
(1295, 'Global Payment Technologies, Inc.', 0, 'GPTX', '0000-00-00 00:00:00'),
(1296, 'Global Sources Ltd.', 0, 'GSOL', '0000-00-00 00:00:00'),
(1297, 'Global Traffic Network, Inc.', 0, 'GNET', '0000-00-00 00:00:00'),
(1298, 'Globecomm Systems Inc.', 0, 'GCOM', '0000-00-00 00:00:00'),
(1299, 'Gmarket Inc.', 0, 'GMKT', '0000-00-00 00:00:00'),
(1300, 'GMX Resources, Inc.', 0, 'GMXR', '0000-00-00 00:00:00'),
(1301, 'GMX Resources, Inc.', 0, 'GMXRP', '0000-00-00 00:00:00'),
(1302, 'GoAmerica, Inc.', 0, 'GOAM', '0000-00-00 00:00:00'),
(1303, 'Golar LNG Limited', 0, 'GLNG', '0000-00-00 00:00:00'),
(1304, 'Gold Kist Inc.', 0, 'GKIS', '0000-00-00 00:00:00'),
(1305, 'Golden Enterprises, Inc.', 0, 'GLDC', '0000-00-00 00:00:00'),
(1306, 'Golden Telecom, Inc.', 0, 'GLDN', '0000-00-00 00:00:00'),
(1307, 'Goldleaf Financial Solutions, Inc.', 0, 'GFSI', '0000-00-00 00:00:00'),
(1308, 'Golf Galaxy, Inc.', 0, 'GGXY', '0000-00-00 00:00:00'),
(1309, 'Golfsmith International Holdings, Inc.', 0, 'GOLF', '0000-00-00 00:00:00'),
(1310, 'Good Times Restaurants Inc.', 0, 'GTIM', '0000-00-00 00:00:00'),
(1311, 'Google Inc.', 0, 'GOOG', '0000-00-00 00:00:00'),
(1312, 'GPC Biotech AG', 0, 'GPCB', '0000-00-00 00:00:00'),
(1313, 'Grand Toys International, Inc.', 0, 'GRIN', '0000-00-00 00:00:00'),
(1314, 'Granite City Food & Brewery Ltd.', 0, 'GCFB', '0000-00-00 00:00:00'),
(1315, 'Gravity Co., Ltd.', 0, 'GRVY', '0000-00-00 00:00:00'),
(1316, 'Great Pee Dee Bancorp, Inc.', 0, 'PEDE', '0000-00-00 00:00:00'),
(1317, 'Great Southern Bancorp, Inc.', 0, 'GSBC', '0000-00-00 00:00:00'),
(1318, 'Great Southern Bancorp, Inc.', 0, 'GSBCP', '0000-00-00 00:00:00'),
(1319, 'Great Wolf Resorts, Inc.', 0, 'WOLF', '0000-00-00 00:00:00'),
(1320, 'Greater Atlantic Financial Corporation', 0, 'GAFC', '0000-00-00 00:00:00'),
(1321, 'Greater Bay Bancorp', 0, 'GBBK', '0000-00-00 00:00:00'),
(1322, 'Greater Community Bancorp', 0, 'GFLS', '0000-00-00 00:00:00'),
(1323, 'Greater Community Bancorp', 0, 'GFLSO', '0000-00-00 00:00:00'),
(1324, 'Greater Delaware Valley Savings Bank', 0, 'ALLB', '0000-00-00 00:00:00'),
(1325, 'Green Mountain Coffee Roasters, Inc.', 0, 'GMCR', '0000-00-00 00:00:00'),
(1326, 'Green Plains Renewable Energy, Inc.', 0, 'GPRE', '0000-00-00 00:00:00'),
(1327, 'Greene County Bancorp, Inc.', 0, 'GCBC', '0000-00-00 00:00:00'),
(1328, 'Greene County Bancshares, Inc.', 0, 'GCBS', '0000-00-00 00:00:00'),
(1329, 'Greenfield Online, Inc.', 0, 'SRVY', '0000-00-00 00:00:00'),
(1330, 'Greenville First Bancshares Inc.', 0, 'GVBK', '0000-00-00 00:00:00'),
(1331, 'Griffin Land & Nurseries, Inc.', 0, 'GRIF', '0000-00-00 00:00:00'),
(1332, 'Grill Concepts Inc.', 0, 'GRIL', '0000-00-00 00:00:00'),
(1333, 'Grupo Financiero Galicia S.A.', 0, 'GGAL', '0000-00-00 00:00:00'),
(1334, 'GS Financial Corp.', 0, 'GSLA', '0000-00-00 00:00:00'),
(1335, 'GSI Commerce, Inc.', 0, 'GSIC', '0000-00-00 00:00:00'),
(1336, 'GSI Group, Inc.', 0, 'GSIG', '0000-00-00 00:00:00'),
(1337, 'GTC Biotherapeutics Inc', 0, 'GTCB', '0000-00-00 00:00:00'),
(1338, 'GTSI Corp.', 0, 'GTSI', '0000-00-00 00:00:00'),
(1339, 'GTx, Inc.', 0, 'GTXI', '0000-00-00 00:00:00'),
(1340, 'Guaranty Federal Bancshares, Inc.', 0, 'GFED', '0000-00-00 00:00:00'),
(1341, 'Guitar Center, Inc.', 0, 'GTRC', '0000-00-00 00:00:00'),
(1342, 'Gulf Island Fabrication, Inc.', 0, 'GIFI', '0000-00-00 00:00:00'),
(1343, 'GulfMark Offshore, Inc.', 0, 'GMRK', '0000-00-00 00:00:00'),
(1344, 'Gulfport Energy Corporation', 0, 'GPOR', '0000-00-00 00:00:00'),
(1345, 'Gymboree Corporation (The)', 0, 'GYMB', '0000-00-00 00:00:00'),
(1346, 'Gyrodyne Company of America, Inc.', 0, 'GYRO', '0000-00-00 00:00:00'),
(1347, 'H&E Equipment Services, Inc.', 0, 'HEES', '0000-00-00 00:00:00'),
(1348, 'Habersham Bancorp', 0, 'HABC', '0000-00-00 00:00:00'),
(1349, 'Hain Celestial Group, Inc. (The)', 0, 'HAIN', '0000-00-00 00:00:00'),
(1350, 'Hallmark Financial Services, Inc.', 0, 'HALL', '0000-00-00 00:00:00'),
(1351, 'Hampshire Group, Limited', 0, 'HAMP', '0000-00-00 00:00:00'),
(1352, 'HAMPTON ROADS BANKSHARES INC', 0, 'HMPR', '0000-00-00 00:00:00'),
(1353, 'Hana Biosciences, Inc.', 0, 'HNAB', '0000-00-00 00:00:00'),
(1354, 'hanarotelecom incorporated', 0, 'HANA', '0000-00-00 00:00:00'),
(1355, 'Hancock Holding Company', 0, 'HBHC', '0000-00-00 00:00:00'),
(1356, 'Handheld Entertainment, Inc.', 0, 'ZVUE', '0000-00-00 00:00:00'),
(1357, 'Handheld Entertainment, Inc.', 0, 'ZVUEU', '0000-00-00 00:00:00'),
(1358, 'Hanmi Financial Corporation', 0, 'HAFC', '0000-00-00 00:00:00'),
(1359, 'Hansen Natural Corporation', 0, 'HANS', '0000-00-00 00:00:00'),
(1360, 'Harbor Florida Bancshares Inc', 0, 'HARB', '0000-00-00 00:00:00'),
(1361, 'Hardinge, Inc.', 0, 'HDNG', '0000-00-00 00:00:00'),
(1362, 'Harleysville Group Inc.', 0, 'HGIC', '0000-00-00 00:00:00'),
(1363, 'Harleysville National Corporation', 0, 'HNBC', '0000-00-00 00:00:00'),
(1364, 'Harleysville Savings Bank', 0, 'HARL', '0000-00-00 00:00:00'),
(1365, 'Harmonic Inc.', 0, 'HLIT', '0000-00-00 00:00:00'),
(1366, 'Harrington West Financial Group, Inc.', 0, 'HWFG', '0000-00-00 00:00:00'),
(1367, 'Harris & Harris Group, Inc.', 0, 'TINY', '0000-00-00 00:00:00'),
(1368, 'Harris Interactive, Inc.', 0, 'HPOL', '0000-00-00 00:00:00'),
(1369, 'Harvard Bioscience, Inc.', 0, 'HBIO', '0000-00-00 00:00:00'),
(1370, 'Harvey Electronics, Inc.', 0, 'HRVE', '0000-00-00 00:00:00'),
(1371, 'Hastings Entertainment, Inc.', 0, 'HAST', '0000-00-00 00:00:00'),
(1372, 'Hauppauge Digital, Inc.', 0, 'HAUP', '0000-00-00 00:00:00'),
(1373, 'Hawkins, Inc.', 0, 'HWKN', '0000-00-00 00:00:00'),
(1374, 'Hayes Lemmerz International, Inc.', 0, 'HAYZ', '0000-00-00 00:00:00'),
(1375, 'Health Grades, Inc.', 0, 'HGRD', '0000-00-00 00:00:00'),
(1376, 'HealthAxis Inc.', 0, 'HAXS', '0000-00-00 00:00:00'),
(1377, 'Healthcare Services Group, Inc.', 0, 'HCSG', '0000-00-00 00:00:00'),
(1378, 'Healthcare Technologies Ltd.', 0, 'HCTL', '0000-00-00 00:00:00'),
(1379, 'HealthExtras, Inc.', 0, 'HLEX', '0000-00-00 00:00:00'),
(1380, 'HealthStream, Inc.', 0, 'HSTM', '0000-00-00 00:00:00'),
(1381, 'HealthTronics, Inc.', 0, 'HTRN', '0000-00-00 00:00:00'),
(1382, 'Healthways, Inc.', 0, 'HWAY', '0000-00-00 00:00:00'),
(1383, 'Heartland Express, Inc.', 0, 'HTLD', '0000-00-00 00:00:00'),
(1384, 'Heartland Financial USA, Inc.', 0, 'HTLF', '0000-00-00 00:00:00'),
(1385, 'HEI, Inc.', 0, 'HEII', '0000-00-00 00:00:00'),
(1386, 'Heidrick & Struggles International, Inc.', 0, 'HSII', '0000-00-00 00:00:00'),
(1387, 'Helen of Troy Limited', 0, 'HELE', '0000-00-00 00:00:00'),
(1388, 'Helix Energy Solutions Group, Inc.', 0, 'HLX', '0000-00-00 00:00:00'),
(1389, 'Henry Schein, Inc.', 0, 'HSIC', '0000-00-00 00:00:00'),
(1390, 'Hercules Offshore, Inc.', 0, 'HERO', '0000-00-00 00:00:00'),
(1391, 'Hercules Technology Growth Capital, Inc.', 0, 'HTGC', '0000-00-00 00:00:00'),
(1392, 'Heritage Commerce Corp', 0, 'HTBK', '0000-00-00 00:00:00'),
(1393, 'Heritage Financial Corporation', 0, 'HFWA', '0000-00-00 00:00:00'),
(1394, 'Heritage Financial Group', 0, 'HBOS', '0000-00-00 00:00:00'),
(1395, 'Heritage Oaks Bancorp', 0, 'HEOP', '0000-00-00 00:00:00'),
(1396, 'Herley Industries, Inc.', 0, 'HRLY', '0000-00-00 00:00:00'),
(1397, 'Herman Miller, Inc.', 0, 'MLHR', '0000-00-00 00:00:00'),
(1398, 'Herzfeld Caribbean Basin Fund, Inc. (The)', 0, 'CUBA', '0000-00-00 00:00:00'),
(1399, 'Heska Corporation', 0, 'HSKA', '0000-00-00 00:00:00'),
(1400, 'HF Financial Corp.', 0, 'HFFC', '0000-00-00 00:00:00'),
(1401, 'Hi-Tech Pharmacal Co., Inc.', 0, 'HITK', '0000-00-00 00:00:00'),
(1402, 'hi/fn, inc.', 0, 'HIFN', '0000-00-00 00:00:00'),
(1403, 'Hibbett Sporting Goods, Inc.', 0, 'HIBB', '0000-00-00 00:00:00'),
(1404, 'Hickory Tech Corporation', 0, 'HTCO', '0000-00-00 00:00:00'),
(1405, 'Highveld Steel and Vanadium Corporation Limited', 0, 'HSVLY', '0000-00-00 00:00:00'),
(1406, 'Highway Holdings Limited', 0, 'HIHO', '0000-00-00 00:00:00'),
(1407, 'Hiland Holdings GP, LP', 0, 'HPGP', '0000-00-00 00:00:00'),
(1408, 'Hiland Partners, LP', 0, 'HLND', '0000-00-00 00:00:00'),
(1409, 'Hill International, Inc.', 0, 'HINT', '0000-00-00 00:00:00'),
(1410, 'Hill International, Inc.', 0, 'HINTU', '0000-00-00 00:00:00'),
(1411, 'Hill International, Inc.', 0, 'HINTW', '0000-00-00 00:00:00'),
(1412, 'Himax Technologies, Inc.', 0, 'HIMX', '0000-00-00 00:00:00'),
(1413, 'Hines Horticulture, Inc.', 0, 'HORT', '0000-00-00 00:00:00'),
(1414, 'Hingham Institution for Savings', 0, 'HIFS', '0000-00-00 00:00:00'),
(1415, 'Hirsch International Corp.', 0, 'HRSH', '0000-00-00 00:00:00'),
(1416, 'Hittite Microwave Corporation', 0, 'HITT', '0000-00-00 00:00:00'),
(1417, 'HMN Financial, Inc.', 0, 'HMNF', '0000-00-00 00:00:00'),
(1418, 'HMS Holdings Corp', 0, 'HMSY', '0000-00-00 00:00:00'),
(1419, 'Hoku Scientific, Inc.', 0, 'HOKU', '0000-00-00 00:00:00'),
(1420, 'Hollis-Eden Pharmaceuticals, Inc.', 0, 'HEPH', '0000-00-00 00:00:00'),
(1421, 'Hollywood Media Corp.', 0, 'HOLL', '0000-00-00 00:00:00'),
(1422, 'Hologic, Inc.', 0, 'HOLX', '0000-00-00 00:00:00'),
(1423, 'Home BancShares, Inc.', 0, 'HOMB', '0000-00-00 00:00:00'),
(1424, 'Home City Financial Corporation', 0, 'HCFC', '0000-00-00 00:00:00'),
(1425, 'Home Diagnostics, Inc.', 0, 'HDIX', '0000-00-00 00:00:00'),
(1426, 'Home Federal Bancorp', 0, 'HOMF', '0000-00-00 00:00:00'),
(1427, 'Home Federal Bancorp, Inc.', 0, 'HOME', '0000-00-00 00:00:00'),
(1428, 'Home Inns & Hotels Management Inc.', 0, 'HMIN', '0000-00-00 00:00:00'),
(1429, 'Home Solutions of America, Inc.', 0, 'HSOA', '0000-00-00 00:00:00'),
(1430, 'Hooker Furniture Corporation', 0, 'HOFT', '0000-00-00 00:00:00'),
(1431, 'HopFed Bancorp, Inc.', 0, 'HFBC', '0000-00-00 00:00:00'),
(1432, 'Horizon Bancorp (IN)', 0, 'HBNC', '0000-00-00 00:00:00'),
(1433, 'Horizon Financial Corp.', 0, 'HRZB', '0000-00-00 00:00:00'),
(1434, 'Horizon Health Corporation', 0, 'HORC', '0000-00-00 00:00:00'),
(1435, 'Horizon Offshore, Inc.', 0, 'HOFF', '0000-00-00 00:00:00'),
(1436, 'Hot Topic, Inc.', 0, 'HOTT', '0000-00-00 00:00:00'),
(1437, 'House of Taylor Jewelry, Inc.', 0, 'HOTJ', '0000-00-00 00:00:00'),
(1438, 'HouseValues, Inc.', 0, 'SOLD', '0000-00-00 00:00:00'),
(1439, 'Houston Wire & Cable Company', 0, 'HWCC', '0000-00-00 00:00:00'),
(1440, 'Hovnanian Enterprises Inc', 0, 'HOVNP', '0000-00-00 00:00:00'),
(1441, 'Hub Group, Inc.', 0, 'HUBG', '0000-00-00 00:00:00'),
(1442, 'Hudson City Bancorp, Inc.', 0, 'HCBK', '0000-00-00 00:00:00'),
(1443, 'Hudson Highland Group, Inc.', 0, 'HHGP', '0000-00-00 00:00:00'),
(1444, 'Hudson Technologies, Inc.', 0, 'HDSN', '0000-00-00 00:00:00'),
(1445, 'Hughes Communications Inc', 0, 'HUGH', '0000-00-00 00:00:00'),
(1446, 'Human Genome Sciences, Inc.', 0, 'HGSI', '0000-00-00 00:00:00'),
(1447, 'Huntington Bancshares Incorporated', 0, 'HBAN', '0000-00-00 00:00:00'),
(1448, 'Huntington Preferred Capital, Inc.', 0, 'HPCCP', '0000-00-00 00:00:00'),
(1449, 'Hurco Companies, Inc.', 0, 'HURC', '0000-00-00 00:00:00'),
(1450, 'Huron Consulting Group Inc.', 0, 'HURN', '0000-00-00 00:00:00'),
(1451, 'Hurray! Holding Co., Ltd.', 0, 'HRAY', '0000-00-00 00:00:00'),
(1452, 'Hutchinson Technology Incorporated', 0, 'HTCH', '0000-00-00 00:00:00'),
(1453, 'Hydril', 0, 'HYDL', '0000-00-00 00:00:00'),
(1454, 'Hydrogenics Corporation', 0, 'HYGS', '0000-00-00 00:00:00'),
(1455, 'Hyperion Solutions Corporation', 0, 'HYSL', '0000-00-00 00:00:00'),
(1456, 'Hythiam, Inc.', 0, 'HYTM', '0000-00-00 00:00:00'),
(1457, 'i-CABLE Communications Limited', 0, 'ICAB', '0000-00-00 00:00:00'),
(1458, 'I-Flow Corporation', 0, 'IFLO', '0000-00-00 00:00:00'),
(1459, 'I-many, Inc.', 0, 'IMNY', '0000-00-00 00:00:00'),
(1460, 'I.D. Systems, Inc.', 0, 'IDSY', '0000-00-00 00:00:00'),
(1461, 'i2 Technologies, Inc.', 0, 'ITWO', '0000-00-00 00:00:00'),
(1462, 'IAC/InterActiveCorp', 0, 'IACI', '0000-00-00 00:00:00'),
(1463, 'IAC/InterActiveCorp', 0, 'IACIW', '0000-00-00 00:00:00'),
(1464, 'IAC/InterActiveCorp', 0, 'IACIZ', '0000-00-00 00:00:00'),
(1465, 'iBasis, Inc.', 0, 'IBAS', '0000-00-00 00:00:00'),
(1466, 'IBERIABANK Corporation', 0, 'IBKC', '0000-00-00 00:00:00'),
(1467, 'Ibis Technology Corporation', 0, 'IBIS', '0000-00-00 00:00:00'),
(1468, 'icad inc.', 0, 'ICAD', '0000-00-00 00:00:00'),
(1469, 'Icagen, Inc.', 0, 'ICGN', '0000-00-00 00:00:00'),
(1470, 'ICF International, Inc.', 0, 'ICFI', '0000-00-00 00:00:00'),
(1471, 'ICO Global Communications Holdings Limited DE', 0, 'ICOG', '0000-00-00 00:00:00'),
(1472, 'ICO, Inc.', 0, 'ICOC', '0000-00-00 00:00:00'),
(1473, 'ICO, Inc.', 0, 'ICOCZ', '0000-00-00 00:00:00'),
(1474, 'ICON plc', 0, 'ICLR', '0000-00-00 00:00:00'),
(1475, 'Iconix Brand Group, Inc.', 0, 'ICON', '0000-00-00 00:00:00'),
(1476, 'ICOP Digital, Inc.', 0, 'ICOP', '0000-00-00 00:00:00'),
(1477, 'ICOP Digital, Inc.', 0, 'ICOPW', '0000-00-00 00:00:00'),
(1478, 'ICOS Corporation', 0, 'ICOS', '0000-00-00 00:00:00'),
(1479, 'ICOS Vision Systems Corporation N.V.', 0, 'IVIS', '0000-00-00 00:00:00'),
(1480, 'ICT Group, Inc.', 0, 'ICTG', '0000-00-00 00:00:00'),
(1481, 'ICU Medical, Inc.', 0, 'ICUI', '0000-00-00 00:00:00'),
(1482, 'Idenix Pharmaceuticals, Inc.', 0, 'IDIX', '0000-00-00 00:00:00'),
(1483, 'IDEXX Laboratories, Inc.', 0, 'IDXX', '0000-00-00 00:00:00'),
(1484, 'IDM Pharma, Inc.', 0, 'IDMI', '0000-00-00 00:00:00'),
(1485, 'iGATE Corporation', 0, 'IGTE', '0000-00-00 00:00:00'),
(1486, 'II-VI Incorporated', 0, 'IIVI', '0000-00-00 00:00:00'),
(1487, 'Ikanos Communications, Inc.', 0, 'IKAN', '0000-00-00 00:00:00'),
(1488, 'Ikonics Corporation', 0, 'IKNX', '0000-00-00 00:00:00'),
(1489, 'Illumina, Inc.', 0, 'ILMN', '0000-00-00 00:00:00'),
(1490, 'ILOG S.A.', 0, 'ILOG', '0000-00-00 00:00:00'),
(1491, 'Image Entertainment, Inc.', 0, 'DISK', '0000-00-00 00:00:00'),
(1492, 'Image Sensing Systems, Inc.', 0, 'ISNS', '0000-00-00 00:00:00'),
(1493, 'ImaRx Therapeutics, Inc.', 0, 'IMRX', '0000-00-00 00:00:00'),
(1494, 'Imax Corporation', 0, 'IMAX', '0000-00-00 00:00:00'),
(1495, 'ImClone Systems Incorporated', 0, 'IMCL', '0000-00-00 00:00:00'),
(1496, 'Immersion Corporation', 0, 'IMMR', '0000-00-00 00:00:00'),
(1497, 'ImmuCell Corporation', 0, 'ICCC', '0000-00-00 00:00:00'),
(1498, 'Immucor, Inc.', 0, 'BLUD', '0000-00-00 00:00:00');
INSERT INTO `pwf_company` (`id`, `name`, `f`, `ticker`, `created`) VALUES
(1499, 'Immunicon Corporation', 0, 'IMMC', '0000-00-00 00:00:00'),
(1500, 'ImmunoGen, Inc.', 0, 'IMGN', '0000-00-00 00:00:00'),
(1501, 'Immunomedics, Inc.', 0, 'IMMU', '0000-00-00 00:00:00'),
(1502, 'Imperial Industries, Inc.', 0, 'IPII', '0000-00-00 00:00:00'),
(1503, 'Imperial Sugar Company', 0, 'IPSU', '0000-00-00 00:00:00'),
(1504, 'Imperial Sugar Company', 0, 'IPSUW', '0000-00-00 00:00:00'),
(1505, 'IncrediMail Ltd.', 0, 'MAIL', '0000-00-00 00:00:00'),
(1506, 'Incyte Corporation', 0, 'INCY', '0000-00-00 00:00:00'),
(1507, 'Independence Federal Savings Bank', 0, 'IFSB', '0000-00-00 00:00:00'),
(1508, 'Independent Bank Corp.', 0, 'INDB', '0000-00-00 00:00:00'),
(1509, 'Independent Bank Corp.', 0, 'INDBM', '0000-00-00 00:00:00'),
(1510, 'Independent Bank Corp.', 0, 'INDBN', '0000-00-00 00:00:00'),
(1511, 'Independent Bank Corporation', 0, 'IBCP', '0000-00-00 00:00:00'),
(1512, 'Independent Bank Corporation', 0, 'IBCPO', '0000-00-00 00:00:00'),
(1513, 'Indevus Pharmaceuticals Inc.', 0, 'IDEV', '0000-00-00 00:00:00'),
(1514, 'Indus International, Inc.', 0, 'IINT', '0000-00-00 00:00:00'),
(1515, 'Industrial Distribution Group, Inc.', 0, 'IDGR', '0000-00-00 00:00:00'),
(1516, 'Industrial Services of America, Inc.', 0, 'IDSA', '0000-00-00 00:00:00'),
(1517, 'Inergy Holdings, L.P.', 0, 'NRGP', '0000-00-00 00:00:00'),
(1518, 'Inergy, L.P.', 0, 'NRGY', '0000-00-00 00:00:00'),
(1519, 'Infinity Energy Resources, Inc.', 0, 'IFNY', '0000-00-00 00:00:00'),
(1520, 'Infinity Pharmaceuticals, Inc.', 0, 'INFI', '0000-00-00 00:00:00'),
(1521, 'Infinity Property and Casualty Corporation', 0, 'IPCC', '0000-00-00 00:00:00'),
(1522, 'Infocrossing, Inc.', 0, 'IFOX', '0000-00-00 00:00:00'),
(1523, 'InFocus Corporation', 0, 'INFS', '0000-00-00 00:00:00'),
(1524, 'Informatica Corporation', 0, 'INFA', '0000-00-00 00:00:00'),
(1525, 'Inforte Corp.', 0, 'INFT', '0000-00-00 00:00:00'),
(1526, 'InfoSonics Corp', 0, 'IFON', '0000-00-00 00:00:00'),
(1527, 'InfoSpace, Inc.', 0, 'INSP', '0000-00-00 00:00:00'),
(1528, 'Infosys Technologies Limited', 0, 'INFY', '0000-00-00 00:00:00'),
(1529, 'infoUSA, Inc.', 0, 'IUSA', '0000-00-00 00:00:00'),
(1530, 'InfoVista S.A.', 0, 'IVTA', '0000-00-00 00:00:00'),
(1531, 'Ingles Markets, Incorporated', 0, 'IMKTA', '0000-00-00 00:00:00'),
(1532, 'Inhibitex, Inc.', 0, 'INHX', '0000-00-00 00:00:00'),
(1533, 'InnerWorkings, Inc.', 0, 'INWK', '0000-00-00 00:00:00'),
(1534, 'Innodata Isogen Inc', 0, 'INOD', '0000-00-00 00:00:00'),
(1535, 'Innospec Inc.', 0, 'IOSP', '0000-00-00 00:00:00'),
(1536, 'Innotrac Corporation', 0, 'INOC', '0000-00-00 00:00:00'),
(1537, 'Innovative Solutions and Support, Inc.', 0, 'ISSC', '0000-00-00 00:00:00'),
(1538, 'Innovex, Inc.', 0, 'INVX', '0000-00-00 00:00:00'),
(1539, 'Innovo Group, Inc.', 0, 'INNO', '0000-00-00 00:00:00'),
(1540, 'InPhonic, Inc.', 0, 'INPC', '0000-00-00 00:00:00'),
(1541, 'InPlay Technologies, Inc.', 0, 'NPLA', '0000-00-00 00:00:00'),
(1542, 'Insight Enterprises, Inc.', 0, 'NSIT', '0000-00-00 00:00:00'),
(1543, 'Insightful Corporation', 0, 'IFUL', '0000-00-00 00:00:00'),
(1544, 'Insignia Systems, Inc.', 0, 'ISIG', '0000-00-00 00:00:00'),
(1545, 'Insituform Technologies, Inc.', 0, 'INSU', '0000-00-00 00:00:00'),
(1546, 'Insmed, Inc.', 0, 'INSM', '0000-00-00 00:00:00'),
(1547, 'Inspire Pharmaceuticals, Inc.', 0, 'ISPH', '0000-00-00 00:00:00'),
(1548, 'Insteel Industries, Inc.', 0, 'IIIN', '0000-00-00 00:00:00'),
(1549, 'Insure.com, Inc.', 0, 'QUOT', '0000-00-00 00:00:00'),
(1550, 'InsWeb Corporation', 0, 'INSW', '0000-00-00 00:00:00'),
(1551, 'INTAC International', 0, 'INTN', '0000-00-00 00:00:00'),
(1552, 'Integra Bank Corporation', 0, 'IBNK', '0000-00-00 00:00:00'),
(1553, 'Integra LifeSciences Holdings Corporation', 0, 'IART', '0000-00-00 00:00:00'),
(1554, 'Integral Systems, Inc.', 0, 'ISYS', '0000-00-00 00:00:00'),
(1555, 'IntegraMed America, Inc.', 0, 'INMD', '0000-00-00 00:00:00'),
(1556, 'Integrated Alarm Services Group, Inc.', 0, 'IASG', '0000-00-00 00:00:00'),
(1557, 'Integrated Device Technology, Inc.', 0, 'IDTI', '0000-00-00 00:00:00'),
(1558, 'Integrated Electrical Services, Inc.', 0, 'IESC', '0000-00-00 00:00:00'),
(1559, 'Integrated Silicon Solution, Inc.', 0, 'ISSI', '0000-00-00 00:00:00'),
(1560, 'Integrity Bancshares, Inc.', 0, 'ITYC', '0000-00-00 00:00:00'),
(1561, 'Intel Corporation', 0, 'INTC', '0000-00-00 00:00:00'),
(1562, 'Inter Parfums, Inc.', 0, 'IPAR', '0000-00-00 00:00:00'),
(1563, 'Inter-Tel, Incorporated', 0, 'INTL', '0000-00-00 00:00:00'),
(1564, 'Interactive Intelligence, Inc.', 0, 'ININ', '0000-00-00 00:00:00'),
(1565, 'Interactive Systems Worldwide Inc.', 0, 'ISWI', '0000-00-00 00:00:00'),
(1566, 'Interchange Corporation', 0, 'INCX', '0000-00-00 00:00:00'),
(1567, 'Interchange Financial Services Corporation', 0, 'IFCJ', '0000-00-00 00:00:00'),
(1568, 'InterDigital Communications Corp.', 0, 'IDCC', '0000-00-00 00:00:00'),
(1569, 'Interface, Inc.', 0, 'IFSIA', '0000-00-00 00:00:00'),
(1570, 'Intergraph Corporation', 0, 'INGR', '0000-00-00 00:00:00'),
(1571, 'Intergroup Corporation (The)', 0, 'INTG', '0000-00-00 00:00:00'),
(1572, 'Intermagnetics General Corporation', 0, 'IMGC', '0000-00-00 00:00:00'),
(1573, 'InterMune, Inc.', 0, 'ITMN', '0000-00-00 00:00:00'),
(1574, 'Internap Network Services Corporation', 0, 'INAP', '0000-00-00 00:00:00'),
(1575, 'International Assets Holding Corporation', 0, 'IAAC', '0000-00-00 00:00:00'),
(1576, 'International Bancshares Corporation', 0, 'IBOC', '0000-00-00 00:00:00'),
(1577, 'International DisplayWorks Inc', 0, 'IDWK', '0000-00-00 00:00:00'),
(1578, 'International Speedway Corporation', 0, 'ISCA', '0000-00-00 00:00:00'),
(1579, 'Internet Capital Group, Inc.', 0, 'ICGE', '0000-00-00 00:00:00'),
(1580, 'Internet Commerce Corp.', 0, 'ICCA', '0000-00-00 00:00:00'),
(1581, 'Internet Gold Golden Lines Ltd.', 0, 'IGLD', '0000-00-00 00:00:00'),
(1582, 'Internet Initiative Japan, Inc.', 0, 'IIJI', '0000-00-00 00:00:00'),
(1583, 'Interphase Corporation', 0, 'INPH', '0000-00-00 00:00:00'),
(1584, 'Intersections, Inc.', 0, 'INTX', '0000-00-00 00:00:00'),
(1585, 'Intersil Corporation', 0, 'ISIL', '0000-00-00 00:00:00'),
(1586, 'Intervest Bancshares Corp.', 0, 'IBCA', '0000-00-00 00:00:00'),
(1587, 'Intervideo, Inc.', 0, 'IVII', '0000-00-00 00:00:00'),
(1588, 'InterVoice Inc.', 0, 'INTV', '0000-00-00 00:00:00'),
(1589, 'Interwoven, Inc.', 0, 'IWOV', '0000-00-00 00:00:00'),
(1590, 'inTest Corporation', 0, 'INTT', '0000-00-00 00:00:00'),
(1591, 'Intevac, Inc.', 0, 'IVAC', '0000-00-00 00:00:00'),
(1592, 'IntraLase Corp.', 0, 'ILSE', '0000-00-00 00:00:00'),
(1593, 'Intraware, Inc.', 0, 'ITRA', '0000-00-00 00:00:00'),
(1594, 'Introgen Therapeutics, Inc.', 0, 'INGN', '0000-00-00 00:00:00'),
(1595, 'Intuit Inc.', 0, 'INTU', '0000-00-00 00:00:00'),
(1596, 'Intuitive Surgical, Inc.', 0, 'ISRG', '0000-00-00 00:00:00'),
(1597, 'inVentiv Health, Inc.', 0, 'VTIV', '0000-00-00 00:00:00'),
(1598, 'Inventure Group, Inc. (The)', 0, 'SNAK', '0000-00-00 00:00:00'),
(1599, 'INVESTools Inc.', 0, 'IEDU', '0000-00-00 00:00:00'),
(1600, 'Investors Bancorp, Inc.', 0, 'ISBC', '0000-00-00 00:00:00'),
(1601, 'Investors Financial Services Corp.', 0, 'IFIN', '0000-00-00 00:00:00'),
(1602, 'Investors Real Estate Trust', 0, 'IRETP', '0000-00-00 00:00:00'),
(1603, 'Investors Real Estate Trust', 0, 'IRETS', '0000-00-00 00:00:00'),
(1604, 'Investors Title Company', 0, 'ITIC', '0000-00-00 00:00:00'),
(1605, 'Invitrogen Corporation', 0, 'IVGN', '0000-00-00 00:00:00'),
(1606, 'INX Inc.', 0, 'INXI', '0000-00-00 00:00:00'),
(1607, 'INX Inc.', 0, 'INXIW', '0000-00-00 00:00:00'),
(1608, 'Iomai Corporation', 0, 'IOMI', '0000-00-00 00:00:00'),
(1609, 'IONA Technologies PLC', 0, 'IONA', '0000-00-00 00:00:00'),
(1610, 'Ionatron, Inc.', 0, 'IOTN', '0000-00-00 00:00:00'),
(1611, 'iPass Inc.', 0, 'IPAS', '0000-00-00 00:00:00'),
(1612, 'IPC Holdings, Limited', 0, 'IPCR', '0000-00-00 00:00:00'),
(1613, 'iPCS, Inc.', 0, 'IPCS', '0000-00-00 00:00:00'),
(1614, 'IRIDEX Corporation', 0, 'IRIX', '0000-00-00 00:00:00'),
(1615, 'IRIS International, Inc.', 0, 'IRIS', '0000-00-00 00:00:00'),
(1616, 'iRobot Corporation', 0, 'IRBT', '0000-00-00 00:00:00'),
(1617, 'Irvine Sensors Corporation', 0, 'IRSN', '0000-00-00 00:00:00'),
(1618, 'Isis Pharmaceuticals, Inc.', 0, 'ISIS', '0000-00-00 00:00:00'),
(1619, 'Isle of Capri Casinos, Inc.', 0, 'ISLE', '0000-00-00 00:00:00'),
(1620, 'Isonics Corporation', 0, 'ISON', '0000-00-00 00:00:00'),
(1621, 'Isonics Corporation', 0, 'ISONL', '0000-00-00 00:00:00'),
(1622, 'Isonics Corporation', 0, 'ISONZ', '0000-00-00 00:00:00'),
(1623, 'Isramco, Inc.', 0, 'ISRL', '0000-00-00 00:00:00'),
(1624, 'ISTA Pharmaceuticals, Inc.', 0, 'ISTA', '0000-00-00 00:00:00'),
(1625, 'ITLA Capital Corporation', 0, 'ITLA', '0000-00-00 00:00:00'),
(1626, 'Itron, Inc.', 0, 'ITRI', '0000-00-00 00:00:00'),
(1627, 'Ituran Location and Control Ltd.', 0, 'ITRN', '0000-00-00 00:00:00'),
(1628, 'Ivanhoe Energy, Inc.', 0, 'IVAN', '0000-00-00 00:00:00'),
(1629, 'iVOW, Inc.', 0, 'IVOW', '0000-00-00 00:00:00'),
(1630, 'Ixia', 0, 'XXIA', '0000-00-00 00:00:00'),
(1631, 'IXYS Corporation', 0, 'IXYS', '0000-00-00 00:00:00'),
(1632, 'J & J Snack Foods Corp.', 0, 'JJSF', '0000-00-00 00:00:00'),
(1633, 'J. W. Mays, Inc.', 0, 'MAYS', '0000-00-00 00:00:00'),
(1634, 'J.B. Hunt Transport Services, Inc.', 0, 'JBHT', '0000-00-00 00:00:00'),
(1635, 'j2 Global Communications Inc', 0, 'JCOM', '0000-00-00 00:00:00'),
(1636, 'Jacada Ltd.', 0, 'JCDA', '0000-00-00 00:00:00'),
(1637, 'Jack Henry & Associates, Inc.', 0, 'JKHY', '0000-00-00 00:00:00'),
(1638, 'Jacksonville Bancorp Inc.', 0, 'JXSB', '0000-00-00 00:00:00'),
(1639, 'Jacksonville Bancorp, Inc.', 0, 'JAXB', '0000-00-00 00:00:00'),
(1640, 'Jaco Electronics, Inc.', 0, 'JACO', '0000-00-00 00:00:00'),
(1641, 'JAKKS Pacific, Inc.', 0, 'JAKK', '0000-00-00 00:00:00'),
(1642, 'James River Coal Company', 0, 'JRCC', '0000-00-00 00:00:00'),
(1643, 'James River Group, Inc.', 0, 'JRVR', '0000-00-00 00:00:00'),
(1644, 'JDA Software Group, Inc.', 0, 'JDAS', '0000-00-00 00:00:00'),
(1645, 'JDS Uniphase Corporation', 0, 'JDSUD', '0000-00-00 00:00:00'),
(1646, 'Jefferson Bancshares, Inc.', 0, 'JFBI', '0000-00-00 00:00:00'),
(1647, 'Jeffersonville Bancorp', 0, 'JFBC', '0000-00-00 00:00:00'),
(1648, 'JetBlue Airways Corporation', 0, 'JBLU', '0000-00-00 00:00:00'),
(1649, 'Jewett-Cameron Trading Company', 0, 'JCTCF', '0000-00-00 00:00:00'),
(1650, 'JMAR Technologies, Inc.', 0, 'JMAR', '0000-00-00 00:00:00'),
(1651, 'John B. Sanfilippo & Son, Inc.', 0, 'JBSS', '0000-00-00 00:00:00'),
(1652, 'John Hancock Financial Trends Fund, Inc.', 0, 'JHFT', '0000-00-00 00:00:00'),
(1653, 'Johnson Outdoors Inc.', 0, 'JOUT', '0000-00-00 00:00:00'),
(1654, 'Jones Soda Co.', 0, 'JSDA', '0000-00-00 00:00:00'),
(1655, 'Jos. A. Bank Clothiers, Inc.', 0, 'JOSB', '0000-00-00 00:00:00'),
(1656, 'Joy Global Inc.', 0, 'JOYG', '0000-00-00 00:00:00'),
(1657, 'Juniper Networks, Inc.', 0, 'JNPR', '0000-00-00 00:00:00'),
(1658, 'Jupitermedia Corporation', 0, 'JUPM', '0000-00-00 00:00:00'),
(1659, 'K-Fed Bancorp', 0, 'KFED', '0000-00-00 00:00:00'),
(1660, 'K-Swiss Inc.', 0, 'KSWS', '0000-00-00 00:00:00'),
(1661, 'K-Tron International, Inc.', 0, 'KTII', '0000-00-00 00:00:00'),
(1662, 'Kaiser Aluminum Corporation', 0, 'KALU', '0000-00-00 00:00:00'),
(1663, 'Kaman Corporation', 0, 'KAMN', '0000-00-00 00:00:00'),
(1664, 'Kanbay International, Inc.', 0, 'KBAY', '0000-00-00 00:00:00'),
(1665, 'Kansas City Life Insurance Company', 0, 'KCLI', '0000-00-00 00:00:00'),
(1666, 'Kearny Financial', 0, 'KRNY', '0000-00-00 00:00:00'),
(1667, 'Kelly Services, Inc.', 0, 'KELYA', '0000-00-00 00:00:00'),
(1668, 'Kelly Services, Inc.', 0, 'KELYB', '0000-00-00 00:00:00'),
(1669, 'Kendle International Inc.', 0, 'KNDL', '0000-00-00 00:00:00'),
(1670, 'Kenexa Corporation', 0, 'KNXA', '0000-00-00 00:00:00'),
(1671, 'Kensey Nash Corporation', 0, 'KNSY', '0000-00-00 00:00:00'),
(1672, 'Kent Financial Services, Inc.', 0, 'KENT', '0000-00-00 00:00:00'),
(1673, 'Kentucky First Federal Bancorp', 0, 'KFFB', '0000-00-00 00:00:00'),
(1674, 'Keryx Biopharmaceuticals, Inc.', 0, 'KERX', '0000-00-00 00:00:00'),
(1675, 'Kewaunee Scientific Corporation', 0, 'KEQU', '0000-00-00 00:00:00'),
(1676, 'Key Technology, Inc.', 0, 'KTEC', '0000-00-00 00:00:00'),
(1677, 'Key Tronic Corporation', 0, 'KTCC', '0000-00-00 00:00:00'),
(1678, 'Keynote Systems, Inc.', 0, 'KEYN', '0000-00-00 00:00:00'),
(1679, 'Keystone Automotive Industries, Inc.', 0, 'KEYS', '0000-00-00 00:00:00'),
(1680, 'Kforce, Inc.', 0, 'KFRC', '0000-00-00 00:00:00'),
(1681, 'KHD Humboldt Wedag International Ltd.', 0, 'KHDH', '0000-00-00 00:00:00'),
(1682, 'Kimball International, Inc.', 0, 'KBALB', '0000-00-00 00:00:00'),
(1683, 'Kintera Inc.', 0, 'KNTA', '0000-00-00 00:00:00'),
(1684, 'Kirkland''s, Inc.', 0, 'KIRK', '0000-00-00 00:00:00'),
(1685, 'KLA-Tencor Corporation', 0, 'KLAC', '0000-00-00 00:00:00'),
(1686, 'KMG Chemicals, Inc.', 0, 'KMGB', '0000-00-00 00:00:00'),
(1687, 'KNBT Bancorp, Inc.', 0, 'KNBT', '0000-00-00 00:00:00'),
(1688, 'Knight Capital Group, Inc.', 0, 'NITE', '0000-00-00 00:00:00'),
(1689, 'Knightsbridge Tankers, Limited', 0, 'VLCCF', '0000-00-00 00:00:00'),
(1690, 'Knology, Inc.', 0, 'KNOL', '0000-00-00 00:00:00'),
(1691, 'Knot, Inc. (The)', 0, 'KNOT', '0000-00-00 00:00:00'),
(1692, 'Komag, Inc.', 0, 'KOMG', '0000-00-00 00:00:00'),
(1693, 'Kona Grill, Inc.', 0, 'KONA', '0000-00-00 00:00:00'),
(1694, 'KongZhong Corporation', 0, 'KONG', '0000-00-00 00:00:00'),
(1695, 'Kopin Corporation', 0, 'KOPN', '0000-00-00 00:00:00'),
(1696, 'Kos Pharmaceuticals, Inc.', 0, 'KOSP', '0000-00-00 00:00:00'),
(1697, 'Kosan Biosciences Incorporated', 0, 'KOSN', '0000-00-00 00:00:00'),
(1698, 'Koss Corporation', 0, 'KOSS', '0000-00-00 00:00:00'),
(1699, 'Kreisler Manufacturing Corporation', 0, 'KRSL', '0000-00-00 00:00:00'),
(1700, 'Kronos Incorporated', 0, 'KRON', '0000-00-00 00:00:00'),
(1701, 'Kulicke and Soffa Industries, Inc.', 0, 'KLIC', '0000-00-00 00:00:00'),
(1702, 'KVH Industries, Inc.', 0, 'KVHI', '0000-00-00 00:00:00'),
(1703, 'Kyphon Inc.', 0, 'KYPH', '0000-00-00 00:00:00'),
(1704, 'L-1 Identity Solutions, Inc.', 0, 'ID', '0000-00-00 00:00:00'),
(1705, 'L.B. Foster Company', 0, 'FSTR', '0000-00-00 00:00:00'),
(1706, 'La Jolla Pharmaceutical Company', 0, 'LJPC', '0000-00-00 00:00:00'),
(1707, 'Labopharm Inc', 0, 'DDSS', '0000-00-00 00:00:00'),
(1708, 'LaCrosse Footwear, Inc.', 0, 'BOOT', '0000-00-00 00:00:00'),
(1709, 'Ladish Co., Inc.', 0, 'LDSH', '0000-00-00 00:00:00'),
(1710, 'Lake Shore Bancorp, Inc.', 0, 'LSBK', '0000-00-00 00:00:00'),
(1711, 'Lakeland Bancorp, Inc.', 0, 'LBAI', '0000-00-00 00:00:00'),
(1712, 'Lakeland Financial Corporation', 0, 'LKFN', '0000-00-00 00:00:00'),
(1713, 'Lakeland Industries, Inc.', 0, 'LAKE', '0000-00-00 00:00:00'),
(1714, 'Lakes Entertainment, Inc.', 0, 'LACO', '0000-00-00 00:00:00'),
(1715, 'Lam Research Corporation', 0, 'LRCX', '0000-00-00 00:00:00'),
(1716, 'Lamar Advertising Company', 0, 'LAMR', '0000-00-00 00:00:00'),
(1717, 'Lancaster Colony Corporation', 0, 'LANC', '0000-00-00 00:00:00'),
(1718, 'Lance, Inc.', 0, 'LNCE', '0000-00-00 00:00:00'),
(1719, 'Landec Corporation', 0, 'LNDC', '0000-00-00 00:00:00'),
(1720, 'Landmark Bancorp Inc.', 0, 'LARK', '0000-00-00 00:00:00'),
(1721, 'Landstar System, Inc.', 0, 'LSTR', '0000-00-00 00:00:00'),
(1722, 'Langer Inc.', 0, 'GAIT', '0000-00-00 00:00:00'),
(1723, 'LanOptics Ltd.', 0, 'LNOP', '0000-00-00 00:00:00'),
(1724, 'Lantronix, Inc.', 0, 'LTRX', '0000-00-00 00:00:00'),
(1725, 'LaserCard Corporation', 0, 'LCRD', '0000-00-00 00:00:00'),
(1726, 'Lattice Semiconductor Corporation', 0, 'LSCC', '0000-00-00 00:00:00'),
(1727, 'Laureate Education, Inc.', 0, 'LAUR', '0000-00-00 00:00:00'),
(1728, 'Lawson Products, Inc.', 0, 'LAWS', '0000-00-00 00:00:00'),
(1729, 'Lawson Software, Inc.', 0, 'LWSN', '0000-00-00 00:00:00'),
(1730, 'Layne Christensen Company', 0, 'LAYN', '0000-00-00 00:00:00'),
(1731, 'LCA-Vision Inc.', 0, 'LCAV', '0000-00-00 00:00:00'),
(1732, 'LCC International, Inc.', 0, 'LCCI', '0000-00-00 00:00:00'),
(1733, 'Leading Brands Inc', 0, 'LBIX', '0000-00-00 00:00:00'),
(1734, 'Leadis Technology, Inc.', 0, 'LDIS', '0000-00-00 00:00:00'),
(1735, 'Leap Wireless International, Inc.', 0, 'LEAP', '0000-00-00 00:00:00'),
(1736, 'Learning Tree International, Inc.', 0, 'LTRE', '0000-00-00 00:00:00'),
(1737, 'LECG Corporation', 0, 'XPRT', '0000-00-00 00:00:00'),
(1738, 'LeCroy Corporation', 0, 'LCRY', '0000-00-00 00:00:00'),
(1739, 'Leesport Financial Corporation', 0, 'FLPB', '0000-00-00 00:00:00'),
(1740, 'Legacy Bancorp, Inc.', 0, 'LEGC', '0000-00-00 00:00:00'),
(1741, 'LeMaitre Vascular, Inc.', 0, 'LMAT', '0000-00-00 00:00:00'),
(1742, 'LESCO, Inc.', 0, 'LSCO', '0000-00-00 00:00:00'),
(1743, 'Level 3 Communications, Inc.', 0, 'LVLT', '0000-00-00 00:00:00'),
(1744, 'Lexicon Genetics Incorporated', 0, 'LEXG', '0000-00-00 00:00:00'),
(1745, 'LHC Group', 0, 'LHCG', '0000-00-00 00:00:00'),
(1746, 'Liberty Bancorp, Inc.', 0, 'LBCP', '0000-00-00 00:00:00'),
(1747, 'Liberty Bell Bank (NJ)', 0, 'LBBB', '0000-00-00 00:00:00'),
(1748, 'Liberty Global, Inc.', 0, 'LBTYA', '0000-00-00 00:00:00'),
(1749, 'Liberty Global, Inc.', 0, 'LBTYB', '0000-00-00 00:00:00'),
(1750, 'Liberty Global, Inc.', 0, 'LBTYK', '0000-00-00 00:00:00'),
(1751, 'Liberty Media Corporation', 0, 'LCAPA', '0000-00-00 00:00:00'),
(1752, 'Liberty Media Corporation', 0, 'LCAPB', '0000-00-00 00:00:00'),
(1753, 'Liberty Media Corporation', 0, 'LINTA', '0000-00-00 00:00:00'),
(1754, 'Liberty Media Corporation', 0, 'LINTB', '0000-00-00 00:00:00'),
(1755, 'Life Partners Holdings Inc', 0, 'LPHI', '0000-00-00 00:00:00'),
(1756, 'LifeCell Corporation', 0, 'LIFC', '0000-00-00 00:00:00'),
(1757, 'Lifecore Biomedical, Inc.', 0, 'LCBM', '0000-00-00 00:00:00'),
(1758, 'LifePoint Hospitals, Inc.', 0, 'LPNT', '0000-00-00 00:00:00'),
(1759, 'Lifetime Brands, Inc.', 0, 'LCUT', '0000-00-00 00:00:00'),
(1760, 'Lifeway Foods, Inc.', 0, 'LWAY', '0000-00-00 00:00:00'),
(1761, 'Ligand Pharmaceuticals Incorporated', 0, 'LGND', '0000-00-00 00:00:00'),
(1762, 'Light Sciences Oncology, Inc.', 0, 'LSON', '0000-00-00 00:00:00'),
(1763, 'Lightbridge, Inc.', 0, 'LTBG', '0000-00-00 00:00:00'),
(1764, 'LightPath Technologies, Inc.', 0, 'LPTH', '0000-00-00 00:00:00'),
(1765, 'Lihir Gold, Limited', 0, 'LIHR', '0000-00-00 00:00:00'),
(1766, 'Lincare Holdings Inc.', 0, 'LNCR', '0000-00-00 00:00:00'),
(1767, 'Lincoln Bancorp', 0, 'LNCB', '0000-00-00 00:00:00'),
(1768, 'Lincoln Educational Services Corporation', 0, 'LINC', '0000-00-00 00:00:00'),
(1769, 'Lincoln Electric Holdings, Inc.', 0, 'LECO', '0000-00-00 00:00:00'),
(1770, 'Linear Technology Corporation', 0, 'LLTC', '0000-00-00 00:00:00'),
(1771, 'Linktone Ltd.', 0, 'LTON', '0000-00-00 00:00:00'),
(1772, 'Linn Energy, LLC', 0, 'LINE', '0000-00-00 00:00:00'),
(1773, 'Lionbridge Technologies, Inc.', 0, 'LIOX', '0000-00-00 00:00:00'),
(1774, 'Lipid Sciences Incorporated', 0, 'LIPD', '0000-00-00 00:00:00'),
(1775, 'Liquidity Services, Inc.', 0, 'LQDT', '0000-00-00 00:00:00'),
(1776, 'Littelfuse, Inc.', 0, 'LFUS', '0000-00-00 00:00:00'),
(1777, 'LivePerson, Inc.', 0, 'LPSN', '0000-00-00 00:00:00'),
(1778, 'LJ International, Inc.', 0, 'JADE', '0000-00-00 00:00:00'),
(1779, 'LKQ Corporation', 0, 'LKQX', '0000-00-00 00:00:00'),
(1780, 'LM Ericsson Telephone Company', 0, 'ERIC', '0000-00-00 00:00:00'),
(1781, 'LMI Aerospace, Inc.', 0, 'LMIA', '0000-00-00 00:00:00'),
(1782, 'LML Payment Systems, Inc.', 0, 'LMLP', '0000-00-00 00:00:00'),
(1783, 'LNB Bancorp, Inc.', 0, 'LNBB', '0000-00-00 00:00:00'),
(1784, 'LodgeNet Entertainment Corporation', 0, 'LNET', '0000-00-00 00:00:00'),
(1785, 'Logic Devices Incorporated', 0, 'LOGC', '0000-00-00 00:00:00'),
(1786, 'LogicVision, Inc.', 0, 'LGVN', '0000-00-00 00:00:00'),
(1787, 'Logility, Inc.', 0, 'LGTY', '0000-00-00 00:00:00'),
(1788, 'Logitech International S.A.', 0, 'LOGI', '0000-00-00 00:00:00'),
(1789, 'LoJack Corporation', 0, 'LOJN', '0000-00-00 00:00:00'),
(1790, 'Lone Star Steakhouse & Saloon, Inc.', 0, 'STAR', '0000-00-00 00:00:00'),
(1791, 'LookSmart, Ltd.', 0, 'LOOK', '0000-00-00 00:00:00'),
(1792, 'LoopNet, Inc.', 0, 'LOOP', '0000-00-00 00:00:00'),
(1793, 'Loral Space and Communications, Inc.', 0, 'LORL', '0000-00-00 00:00:00'),
(1794, 'LOUD Technologies Inc.', 0, 'LTEC', '0000-00-00 00:00:00'),
(1795, 'LSB Bancshares, Inc.', 0, 'LXBK', '0000-00-00 00:00:00'),
(1796, 'LSB Corporation', 0, 'LSBX', '0000-00-00 00:00:00'),
(1797, 'LSB Financial Corp.', 0, 'LSBI', '0000-00-00 00:00:00'),
(1798, 'LSI Industries Inc.', 0, 'LYTS', '0000-00-00 00:00:00'),
(1799, 'LTX Corporation', 0, 'LTXX', '0000-00-00 00:00:00'),
(1800, 'Lufkin Industries, Inc.', 0, 'LUFK', '0000-00-00 00:00:00'),
(1801, 'Lumera Corporation', 0, 'LMRA', '0000-00-00 00:00:00'),
(1802, 'Luminex Corporation', 0, 'LMNX', '0000-00-00 00:00:00'),
(1803, 'Luna Innovations Incorporated', 0, 'LUNA', '0000-00-00 00:00:00'),
(1804, 'M B T Financial Corp', 0, 'MBTF', '0000-00-00 00:00:00'),
(1805, 'M-WAVE, Inc.', 0, 'MWAV', '0000-00-00 00:00:00'),
(1806, 'Macatawa Bank Corporation', 0, 'MCBC', '0000-00-00 00:00:00'),
(1807, 'MACC Private Equities Inc.', 0, 'MACC', '0000-00-00 00:00:00'),
(1808, 'Mace Security International, Inc.', 0, 'MACE', '0000-00-00 00:00:00'),
(1809, 'Mackinac Financial Corporation', 0, 'MFNC', '0000-00-00 00:00:00'),
(1810, 'Macronix International Co. Ltd', 0, 'MXICY', '0000-00-00 00:00:00'),
(1811, 'Macrovision Corporation', 0, 'MVSN', '0000-00-00 00:00:00'),
(1812, 'MAF Bancorp, Inc.', 0, 'MAFB', '0000-00-00 00:00:00'),
(1813, 'Magal Security Systems Ltd.', 0, 'MAGS', '0000-00-00 00:00:00'),
(1814, 'Magellan Health Services, Inc.', 0, 'MGLN', '0000-00-00 00:00:00'),
(1815, 'Magellan Petroleum Corporation', 0, 'MPET', '0000-00-00 00:00:00'),
(1816, 'Magic Software Enterprises Ltd.', 0, 'MGIC', '0000-00-00 00:00:00'),
(1817, 'Magma Design Automation, Inc.', 0, 'LAVA', '0000-00-00 00:00:00'),
(1818, 'Magna Entertainment Corporation', 0, 'MECA', '0000-00-00 00:00:00'),
(1819, 'Magyar Bancorp, Inc.', 0, 'MGYR', '0000-00-00 00:00:00'),
(1820, 'MainSource Financial Group, Inc.', 0, 'MSFG', '0000-00-00 00:00:00'),
(1821, 'MAIR Holdings, Inc.', 0, 'MAIR', '0000-00-00 00:00:00'),
(1822, 'Majesco Entertainment Company', 0, 'COOL', '0000-00-00 00:00:00'),
(1823, 'MakeMusic, Inc.', 0, 'MMUS', '0000-00-00 00:00:00'),
(1824, 'Makita Corp.', 0, 'MKTAY', '0000-00-00 00:00:00'),
(1825, 'Mamma.com Inc', 0, 'MAMA', '0000-00-00 00:00:00'),
(1826, 'Management Network Group, Inc. (The)', 0, 'TMNG', '0000-00-00 00:00:00'),
(1827, 'Manatron, Inc.', 0, 'MANA', '0000-00-00 00:00:00'),
(1828, 'Manhattan Associates, Inc.', 0, 'MANH', '0000-00-00 00:00:00'),
(1829, 'Mannatech, Incorporated', 0, 'MTEX', '0000-00-00 00:00:00'),
(1830, 'MannKind Corporation', 0, 'MNKD', '0000-00-00 00:00:00'),
(1831, 'ManTech International Corporation', 0, 'MANT', '0000-00-00 00:00:00'),
(1832, 'MapInfo Corporation', 0, 'MAPS', '0000-00-00 00:00:00'),
(1833, 'Marchex, Inc.', 0, 'MCHX', '0000-00-00 00:00:00'),
(1834, 'Marchex, Inc.', 0, 'MCHXP', '0000-00-00 00:00:00'),
(1835, 'Marine Petroleum Trust', 0, 'MARPS', '0000-00-00 00:00:00'),
(1836, 'MarketAxess Holdings, Inc.', 0, 'MKTX', '0000-00-00 00:00:00'),
(1837, 'Marlin Business Services Corp.', 0, 'MRLN', '0000-00-00 00:00:00'),
(1838, 'Marshall Edwards, Inc.', 0, 'MSHL', '0000-00-00 00:00:00'),
(1839, 'Marshall Edwards, Inc.', 0, 'MSHLW', '0000-00-00 00:00:00'),
(1840, 'Martek Biosciences Corporation', 0, 'MATK', '0000-00-00 00:00:00'),
(1841, 'Marten Transport, Ltd.', 0, 'MRTN', '0000-00-00 00:00:00'),
(1842, 'Martin Midstream Partners L.P.', 0, 'MMLP', '0000-00-00 00:00:00'),
(1843, 'Marvell Technology Group, Ltd.', 0, 'MRVL', '0000-00-00 00:00:00'),
(1844, 'MASSBANK Corp.', 0, 'MASB', '0000-00-00 00:00:00'),
(1845, 'MathStar, Inc.', 0, 'MATH', '0000-00-00 00:00:00'),
(1846, 'Matria Healthcare, Inc.', 0, 'MATR', '0000-00-00 00:00:00'),
(1847, 'Matrix Service Company', 0, 'MTRX', '0000-00-00 00:00:00'),
(1848, 'Matrixx Initiatives Inc.', 0, 'MTXX', '0000-00-00 00:00:00'),
(1849, 'Matthews International Corporation', 0, 'MATW', '0000-00-00 00:00:00'),
(1850, 'Mattson Technology, Inc.', 0, 'MTSN', '0000-00-00 00:00:00'),
(1851, 'Max & Erma''s Restaurants, Inc.', 0, 'MAXE', '0000-00-00 00:00:00'),
(1852, 'Max Re Capital Ltd.', 0, 'MXRE', '0000-00-00 00:00:00'),
(1853, 'Maxco, Inc.', 0, 'MAXC', '0000-00-00 00:00:00'),
(1854, 'Maxim Integrated Products, Inc.', 0, 'MXIM', '0000-00-00 00:00:00'),
(1855, 'Maxus Realty Trust Inc', 0, 'MRTI', '0000-00-00 00:00:00'),
(1856, 'Maxwell Technologies, Inc.', 0, 'MXWL', '0000-00-00 00:00:00'),
(1857, 'Maxygen, Inc.', 0, 'MAXY', '0000-00-00 00:00:00'),
(1858, 'Mayflower Co-operative Bank', 0, 'MFLR', '0000-00-00 00:00:00'),
(1859, 'MB Financial Inc.', 0, 'MBFI', '0000-00-00 00:00:00'),
(1860, 'MB Financial Inc.', 0, 'MBFIP', '0000-00-00 00:00:00'),
(1861, 'McCormick & Schmick''s Seafood Restaurants, Inc.', 0, 'MSSR', '0000-00-00 00:00:00'),
(1862, 'McDATA Corporation', 0, 'MCDT', '0000-00-00 00:00:00'),
(1863, 'McDATA Corporation', 0, 'MCDTA', '0000-00-00 00:00:00'),
(1864, 'MCG Capital Corporation', 0, 'MCGC', '0000-00-00 00:00:00'),
(1865, 'McGrath RentCorp', 0, 'MGRC', '0000-00-00 00:00:00'),
(1866, 'MDC Partners Inc.', 0, 'MDCA', '0000-00-00 00:00:00'),
(1867, 'MDI, Inc.', 0, 'MDII', '0000-00-00 00:00:00'),
(1868, 'Meade Instruments Corp.', 0, 'MEAD', '0000-00-00 00:00:00'),
(1869, 'Meadow Valley Corporation', 0, 'MVCO', '0000-00-00 00:00:00'),
(1870, 'Measurement Specialties, Inc.', 0, 'MEAS', '0000-00-00 00:00:00'),
(1871, 'Mechanical Technology Incorporated', 0, 'MKTY', '0000-00-00 00:00:00'),
(1872, 'Medallion Financial Corp.', 0, 'TAXI', '0000-00-00 00:00:00'),
(1873, 'Medarex, Inc.', 0, 'MEDX', '0000-00-00 00:00:00'),
(1874, 'MedCath Corporation', 0, 'MDTH', '0000-00-00 00:00:00'),
(1875, 'Mediacom Communications Corporation', 0, 'MCCC', '0000-00-00 00:00:00'),
(1876, 'Medialink Worldwide Incorporated', 0, 'MDLK', '0000-00-00 00:00:00'),
(1877, 'Medical Action Industries Inc.', 0, 'MDCI', '0000-00-00 00:00:00'),
(1878, 'Medicines Company (The)', 0, 'MDCO', '0000-00-00 00:00:00'),
(1879, 'MedImmune, Inc.', 0, 'MEDI', '0000-00-00 00:00:00'),
(1880, 'Medis Technologies Ltd.', 0, 'MDTL', '0000-00-00 00:00:00'),
(1881, 'MEDIWARE Information Systems, Inc.', 0, 'MEDW', '0000-00-00 00:00:00'),
(1882, 'Medtox Scientific, Inc.', 0, 'MTOX', '0000-00-00 00:00:00'),
(1883, 'Medwave, Inc.', 0, 'MDWV', '0000-00-00 00:00:00'),
(1884, 'Memory Pharmaceuticals Corp.', 0, 'MEMY', '0000-00-00 00:00:00'),
(1885, 'Mentor Graphics Corporation', 0, 'MENT', '0000-00-00 00:00:00'),
(1886, 'MER Telemanagement Solutions Ltd.', 0, 'MTSL', '0000-00-00 00:00:00'),
(1887, 'Mercantile Bank Corporation', 0, 'MBWM', '0000-00-00 00:00:00'),
(1888, 'Mercantile Bankshares Corporation', 0, 'MRBK', '0000-00-00 00:00:00'),
(1889, 'Mercer Insurance Group, Inc.', 0, 'MIGP', '0000-00-00 00:00:00'),
(1890, 'Mercer International Inc.', 0, 'MERC', '0000-00-00 00:00:00'),
(1891, 'Merchants Bancshares, Inc.', 0, 'MBVT', '0000-00-00 00:00:00'),
(1892, 'Mercury Computer Systems', 0, 'MRCY', '0000-00-00 00:00:00'),
(1893, 'Merge Technologies Inc.', 0, 'MRGE', '0000-00-00 00:00:00'),
(1894, 'Meridian Bioscience Inc.', 0, 'VIVO', '0000-00-00 00:00:00'),
(1895, 'Merit Medical Systems, Inc.', 0, 'MMSI', '0000-00-00 00:00:00'),
(1896, 'Merix Corporation', 0, 'MERX', '0000-00-00 00:00:00'),
(1897, 'Merrill Lynch & Co., Inc.', 0, 'ARQQ', '0000-00-00 00:00:00'),
(1898, 'Merrill Lynch & Co., Inc.', 0, 'ARRQ', '0000-00-00 00:00:00'),
(1899, 'Merrill Lynch & Co., Inc.', 0, 'DOTN', '0000-00-00 00:00:00'),
(1900, 'Merrill Lynch & Co., Inc.', 0, 'DOWT', '0000-00-00 00:00:00'),
(1901, 'Merrill Lynch & Co., Inc.', 0, 'DWID', '0000-00-00 00:00:00'),
(1902, 'Merrill Lynch & Co., Inc.', 0, 'DWMT', '0000-00-00 00:00:00'),
(1903, 'Merrill Lynch & Co., Inc.', 0, 'DWTN', '0000-00-00 00:00:00'),
(1904, 'Merrill Lynch & Co., Inc.', 0, 'DWTT', '0000-00-00 00:00:00'),
(1905, 'Merrill Lynch & Co., Inc.', 0, 'LERA', '0000-00-00 00:00:00'),
(1906, 'Merrill Lynch & Co., Inc.', 0, 'LNDU', '0000-00-00 00:00:00'),
(1907, 'Merrill Lynch & Co., Inc.', 0, 'MITT', '0000-00-00 00:00:00'),
(1908, 'Merrill Lynch & Co., Inc.', 0, 'MLMT', '0000-00-00 00:00:00'),
(1909, 'Merrill Lynch & Co., Inc.', 0, 'MNNY', '0000-00-00 00:00:00'),
(1910, 'Merrill Lynch & Co., Inc.', 0, 'MSPX', '0000-00-00 00:00:00'),
(1911, 'Merrill Lynch & Co., Inc.', 0, 'MTDB', '0000-00-00 00:00:00'),
(1912, 'Merrill Lynch & Co., Inc.', 0, 'MTDW', '0000-00-00 00:00:00'),
(1913, 'Merrill Lynch & Co., Inc.', 0, 'MTNK', '0000-00-00 00:00:00'),
(1914, 'Merrill Lynch & Co., Inc.', 0, 'MTSM', '0000-00-00 00:00:00'),
(1915, 'Merrill Lynch & Co., Inc.', 0, 'MTSP', '0000-00-00 00:00:00'),
(1916, 'Merrill Lynch & Co., Inc.', 0, 'MTTT', '0000-00-00 00:00:00'),
(1917, 'Merrill Lynch & Co., Inc.', 0, 'MTTX', '0000-00-00 00:00:00'),
(1918, 'Merrill Lynch & Co., Inc.', 0, 'PDNT', '0000-00-00 00:00:00'),
(1919, 'Merrill Lynch & Co., Inc.', 0, 'PGEB', '0000-00-00 00:00:00'),
(1920, 'Merrill Lynch & Co., Inc.', 0, 'SPPX', '0000-00-00 00:00:00'),
(1921, 'Merrill Lynch & Co., Inc.', 0, 'SRDD', '0000-00-00 00:00:00'),
(1922, 'Merrill Lynch & Co., Inc.', 0, 'SRIB', '0000-00-00 00:00:00'),
(1923, 'Merrill Lynch & Co., Inc.', 0, 'SRIX', '0000-00-00 00:00:00'),
(1924, 'Merrill Lynch & Co., Inc.', 0, 'SRRR', '0000-00-00 00:00:00'),
(1925, 'Merrill Merchants Bancshares, Inc.', 0, 'MERB', '0000-00-00 00:00:00'),
(1926, 'Mesa Air Group, Inc.', 0, 'MESA', '0000-00-00 00:00:00'),
(1927, 'Mesa Laboratories, Inc.', 0, 'MLAB', '0000-00-00 00:00:00'),
(1928, 'Meta Financial Group, Inc.', 0, 'CASH', '0000-00-00 00:00:00'),
(1929, 'Metabasis Therapeutics, Inc', 0, 'MBRX', '0000-00-00 00:00:00'),
(1930, 'Metal Management , Inc.', 0, 'MM', '0000-00-00 00:00:00'),
(1931, 'Metal Storm Limited', 0, 'MTSX', '0000-00-00 00:00:00'),
(1932, 'Metalink, Ltd.', 0, 'MTLK', '0000-00-00 00:00:00'),
(1933, 'MetaSolv Inc', 0, 'MSLV', '0000-00-00 00:00:00'),
(1934, 'Methanex Corporation', 0, 'MEOH', '0000-00-00 00:00:00'),
(1935, 'Methode Electronics, Inc.', 0, 'METH', '0000-00-00 00:00:00'),
(1936, 'Metro One Telecommunications, Inc.', 0, 'INFO', '0000-00-00 00:00:00'),
(1937, 'MetroCorp Bancshares, Inc.', 0, 'MCBI', '0000-00-00 00:00:00'),
(1938, 'Metrologic Instruments, Inc.', 0, 'MTLG', '0000-00-00 00:00:00'),
(1939, 'Mexican Restaurants, Inc.', 0, 'CASA', '0000-00-00 00:00:00'),
(1940, 'MFB Corp.', 0, 'MFBC', '0000-00-00 00:00:00'),
(1941, 'MFRI, Inc.', 0, 'MFRI', '0000-00-00 00:00:00'),
(1942, 'MGE Energy Inc.', 0, 'MGEE', '0000-00-00 00:00:00'),
(1943, 'MGI PHARMA, Inc.', 0, 'MOGN', '0000-00-00 00:00:00'),
(1944, 'MGP Ingredients, Inc.', 0, 'MGPI', '0000-00-00 00:00:00'),
(1945, 'Micrel, Incorporated', 0, 'MCRL', '0000-00-00 00:00:00'),
(1946, 'Micro Linear Corporation', 0, 'MLIN', '0000-00-00 00:00:00'),
(1947, 'Microchip Technology Incorporated', 0, 'MCHP', '0000-00-00 00:00:00'),
(1948, 'Micromet, Inc.', 0, 'MITI', '0000-00-00 00:00:00'),
(1949, 'Micronetics, Inc.', 0, 'NOIZ', '0000-00-00 00:00:00'),
(1950, 'MICROS Systems, Inc.', 0, 'MCRS', '0000-00-00 00:00:00'),
(1951, 'Microsemi Corporation', 0, 'MSCC', '0000-00-00 00:00:00'),
(1952, 'Microsoft Corporation', 0, 'MSFT', '0000-00-00 00:00:00'),
(1953, 'MicroStrategy Incorporated', 0, 'MSTR', '0000-00-00 00:00:00'),
(1954, 'MicroStrategy Incorporated', 0, 'MSTRW', '0000-00-00 00:00:00'),
(1955, 'Microtek Medical Holdings Inc', 0, 'MTMD', '0000-00-00 00:00:00'),
(1956, 'Microtune, Inc.', 0, 'TUNE', '0000-00-00 00:00:00'),
(1957, 'Microvision, Inc.', 0, 'MVIS', '0000-00-00 00:00:00'),
(1958, 'Microvision, Inc.', 0, 'MVISW', '0000-00-00 00:00:00'),
(1959, 'Microwave Filter Company, Inc.', 0, 'MFCO', '0000-00-00 00:00:00'),
(1960, 'Micrus Endovascular Corporation', 0, 'MEND', '0000-00-00 00:00:00'),
(1961, 'Mid-State Bancshares', 0, 'MDST', '0000-00-00 00:00:00'),
(1962, 'Middleburg Financial Corporation', 0, 'MBRG', '0000-00-00 00:00:00'),
(1963, 'Middleby Corporation (The)', 0, 'MIDD', '0000-00-00 00:00:00'),
(1964, 'Middlesex Water Company', 0, 'MSEX', '0000-00-00 00:00:00'),
(1965, 'Midland Company (The)', 0, 'MLAN', '0000-00-00 00:00:00'),
(1966, 'Midwest Banc Holdings, Inc.', 0, 'MBHI', '0000-00-00 00:00:00'),
(1967, 'MidWestOne Financial Group Inc', 0, 'OSKY', '0000-00-00 00:00:00'),
(1968, 'Mikron Infrared, Inc.', 0, 'MIKR', '0000-00-00 00:00:00'),
(1969, 'Millea Holdings Inc. ADR', 0, 'MLEA', '0000-00-00 00:00:00'),
(1970, 'Millennium Bankshares Corporation', 0, 'MBVA', '0000-00-00 00:00:00'),
(1971, 'Millennium Cell Inc.', 0, 'MCEL', '0000-00-00 00:00:00'),
(1972, 'Millennium Pharmaceuticals, Inc.', 0, 'MLNM', '0000-00-00 00:00:00'),
(1973, 'Millicom International Cellular S.A.', 0, 'MICC', '0000-00-00 00:00:00'),
(1974, 'MIND C.T.I. Ltd.', 0, 'MNDO', '0000-00-00 00:00:00'),
(1975, 'Mindspeed Technologies, Inc.', 0, 'MSPD', '0000-00-00 00:00:00'),
(1976, 'MIPS Technologies, Inc.', 0, 'MIPS', '0000-00-00 00:00:00'),
(1977, 'Mirae Corporation', 0, 'MRAE', '0000-00-00 00:00:00'),
(1978, 'MISONIX, Inc.', 0, 'MSON', '0000-00-00 00:00:00'),
(1979, 'Mitcham Industries, Inc.', 0, 'MIND', '0000-00-00 00:00:00'),
(1980, 'Mitsui & Company, Ltd.', 0, 'MITSY', '0000-00-00 00:00:00'),
(1981, 'MITY Enterprises Inc.', 0, 'MITY', '0000-00-00 00:00:00'),
(1982, 'MIVA, Inc.', 0, 'MIVA', '0000-00-00 00:00:00'),
(1983, 'MKS Instruments, Inc.', 0, 'MKSI', '0000-00-00 00:00:00'),
(1984, 'Mobile Mini, Inc.', 0, 'MINI', '0000-00-00 00:00:00'),
(1985, 'Mobility Electronics, Inc.', 0, 'MOBE', '0000-00-00 00:00:00'),
(1986, 'Mobius Management Systems, Inc', 0, 'MOBI', '0000-00-00 00:00:00'),
(1987, 'MOCON, Inc.', 0, 'MOCO', '0000-00-00 00:00:00'),
(1988, 'MOD-PAC CORP.', 0, 'MPAC', '0000-00-00 00:00:00'),
(1989, 'Modtech Holdings Inc.', 0, 'MODT', '0000-00-00 00:00:00'),
(1990, 'Moldflow Corporation', 0, 'MFLO', '0000-00-00 00:00:00'),
(1991, 'Molecular Devices Corporation', 0, 'MDCC', '0000-00-00 00:00:00'),
(1992, 'Molex Incorporated', 0, 'MOLX', '0000-00-00 00:00:00'),
(1993, 'Molex Incorporated', 0, 'MOLXA', '0000-00-00 00:00:00'),
(1994, 'Momenta Pharmaceuticals, Inc.', 0, 'MNTA', '0000-00-00 00:00:00'),
(1995, 'Monarch Casino & Resort, Inc.', 0, 'MCRI', '0000-00-00 00:00:00'),
(1996, 'Monarch Community Bancorp, Inc.', 0, 'MCBF', '0000-00-00 00:00:00'),
(1997, 'Monarch Financial Holdings, Inc.', 0, 'MNRK', '0000-00-00 00:00:00'),
(1998, 'Monmouth Capital Corporation', 0, 'MONM', '0000-00-00 00:00:00'),
(1999, 'Monmouth Real Estate Investment Corporation', 0, 'MNRTA', '0000-00-00 00:00:00'),
(2000, 'Monogram Biosciences, Inc.', 0, 'MGRM', '0000-00-00 00:00:00'),
(2001, 'Monolithic Power Systems, Inc.', 0, 'MPWR', '0000-00-00 00:00:00'),
(2002, 'Monro Muffler Brake, Inc.', 0, 'MNRO', '0000-00-00 00:00:00'),
(2003, 'Monroe Bancorp', 0, 'MROE', '0000-00-00 00:00:00'),
(2004, 'Monster Worldwide, Inc.', 0, 'MNST', '0000-00-00 00:00:00'),
(2005, 'Monterey Gourmet Foods, Inc.', 0, 'PSTA', '0000-00-00 00:00:00'),
(2006, 'Morgan Stanley', 0, 'ESTX', '0000-00-00 00:00:00'),
(2007, 'Morgan Stanley', 0, 'MNDX', '0000-00-00 00:00:00'),
(2008, 'Morgan Stanley', 0, 'MSNQ', '0000-00-00 00:00:00'),
(2009, 'Morgan Stanley', 0, 'NBXH', '0000-00-00 00:00:00'),
(2010, 'Morgan Stanley', 0, 'NDPL', '0000-00-00 00:00:00'),
(2011, 'Morgan Stanley', 0, 'NPLU', '0000-00-00 00:00:00'),
(2012, 'Morgan Stanley', 0, 'NXPL', '0000-00-00 00:00:00'),
(2013, 'Morgans Hotel Group Co.', 0, 'MHGC', '0000-00-00 00:00:00'),
(2014, 'Morningstar, Inc.', 0, 'MORN', '0000-00-00 00:00:00'),
(2015, 'Moscow CableCom Corp.', 0, 'MOCC', '0000-00-00 00:00:00'),
(2016, 'Mossimo Inc.', 0, 'MOSS', '0000-00-00 00:00:00'),
(2017, 'MoSys, Inc.', 0, 'MOSY', '0000-00-00 00:00:00'),
(2018, 'Mothers Work, Inc.', 0, 'MWRK', '0000-00-00 00:00:00'),
(2019, 'Move, Inc.', 0, 'MOVE', '0000-00-00 00:00:00'),
(2020, 'Movie Gallery, Inc.', 0, 'MOVI', '0000-00-00 00:00:00'),
(2021, 'MRU Holdings, Inc.', 0, 'UNCL', '0000-00-00 00:00:00'),
(2022, 'MRV Communications, Inc.', 0, 'MRVC', '0000-00-00 00:00:00'),
(2023, 'MSC.Software Corporation', 0, 'MSCS', '0000-00-00 00:00:00'),
(2024, 'msystems Ltd.', 0, 'FLSH', '0000-00-00 00:00:00'),
(2025, 'MTC Technologies, Inc.', 0, 'MTCT', '0000-00-00 00:00:00'),
(2026, 'MTI Technology Corporation', 0, 'MTIC', '0000-00-00 00:00:00'),
(2027, 'MTM Technologies, Inc.', 0, 'MTMC', '0000-00-00 00:00:00'),
(2028, 'MTR Gaming Group, Inc.', 0, 'MNTG', '0000-00-00 00:00:00'),
(2029, 'MTS Systems Corporation', 0, 'MTSC', '0000-00-00 00:00:00'),
(2030, 'Multi-Color Corporation', 0, 'LABL', '0000-00-00 00:00:00'),
(2031, 'Multi-Fineline Electronix, Inc.', 0, 'MFLX', '0000-00-00 00:00:00'),
(2032, 'Multiband Corporation', 0, 'MBND', '0000-00-00 00:00:00'),
(2033, 'Multimedia Games, Inc.', 0, 'MGAM', '0000-00-00 00:00:00'),
(2034, 'MutualFirst Financial Inc.', 0, 'MFSF', '0000-00-00 00:00:00'),
(2035, 'MWI Veterinary Supply, Inc.', 0, 'MWIV', '0000-00-00 00:00:00'),
(2036, 'Myogen, Inc.', 0, 'MYOG', '0000-00-00 00:00:00'),
(2037, 'Myriad Genetics, Inc.', 0, 'MYGN', '0000-00-00 00:00:00'),
(2038, 'Nabi Biopharmaceuticals', 0, 'NABI', '0000-00-00 00:00:00'),
(2039, 'Nanogen, Inc.', 0, 'NGEN', '0000-00-00 00:00:00'),
(2040, 'Nanometrics Incorporated', 0, 'NANO', '0000-00-00 00:00:00'),
(2041, 'Nanophase Technologies Corporation', 0, 'NANX', '0000-00-00 00:00:00'),
(2042, 'Napco Security Systems, Inc.', 0, 'NSSC', '0000-00-00 00:00:00'),
(2043, 'Napster, Inc.', 0, 'NAPS', '0000-00-00 00:00:00'),
(2044, 'Nara Bancorp, Inc.', 0, 'NARA', '0000-00-00 00:00:00'),
(2045, 'NASB Financial Inc.', 0, 'NASB', '0000-00-00 00:00:00'),
(2046, 'Nasdaq Stock Market, Inc. (The)', 0, 'NDAQ', '0000-00-00 00:00:00'),
(2047, 'NASDAQ-100 Index Tracking Stock', 0, 'QQQQ', '0000-00-00 00:00:00'),
(2048, 'Nash-Finch Company', 0, 'NAFC', '0000-00-00 00:00:00'),
(2049, 'Nashua Corporation', 0, 'NSHA', '0000-00-00 00:00:00'),
(2050, 'Naspers Limited', 0, 'NPSN', '0000-00-00 00:00:00'),
(2051, 'Nastech Pharmaceutical Company, Inc.', 0, 'NSTK', '0000-00-00 00:00:00'),
(2052, 'Nathan''s Famous, Inc.', 0, 'NATH', '0000-00-00 00:00:00'),
(2053, 'National Atlantic Holdings Corporation', 0, 'NAHC', '0000-00-00 00:00:00'),
(2054, 'National Bankshares, Inc.', 0, 'NKSH', '0000-00-00 00:00:00'),
(2055, 'National Coal Corp.', 0, 'NCOC', '0000-00-00 00:00:00'),
(2056, 'National Dentex Corporation', 0, 'NADX', '0000-00-00 00:00:00'),
(2057, 'National Home Health Care Corp.', 0, 'NHHC', '0000-00-00 00:00:00'),
(2058, 'National Instruments Corporation', 0, 'NATI', '0000-00-00 00:00:00'),
(2059, 'National Interstate Corporation', 0, 'NATL', '0000-00-00 00:00:00'),
(2060, 'National Medical Health Card Systems, Inc.', 0, 'NMHC', '0000-00-00 00:00:00'),
(2061, 'National Mercantile Bancorp', 0, 'MBLA', '0000-00-00 00:00:00'),
(2062, 'National Penn Bancshares, Inc.', 0, 'NPBC', '0000-00-00 00:00:00'),
(2063, 'National Penn Bancshares, Inc.', 0, 'NPBCO', '0000-00-00 00:00:00'),
(2064, 'National Research Corporation', 0, 'NRCI', '0000-00-00 00:00:00'),
(2065, 'National Security Group, Inc.', 0, 'NSEC', '0000-00-00 00:00:00'),
(2066, 'National Technical Systems, Inc.', 0, 'NTSC', '0000-00-00 00:00:00'),
(2067, 'National Western Life Insurance Company', 0, 'NWLIA', '0000-00-00 00:00:00'),
(2068, 'NationsHealth, Inc.', 0, 'NHRX', '0000-00-00 00:00:00'),
(2069, 'NationsHealth, Inc.', 0, 'NHRXU', '0000-00-00 00:00:00'),
(2070, 'NationsHealth, Inc.', 0, 'NHRXW', '0000-00-00 00:00:00'),
(2071, 'Natrol, Inc.', 0, 'NTOL', '0000-00-00 00:00:00'),
(2072, 'Natural Alternatives International, Inc.', 0, 'NAII', '0000-00-00 00:00:00'),
(2073, 'Natural Health Trends Corporation', 0, 'BHIP', '0000-00-00 00:00:00'),
(2074, 'Nature Vision, Inc.', 0, 'NRVN', '0000-00-00 00:00:00'),
(2075, 'Natus Medical Incorporated', 0, 'BABY', '0000-00-00 00:00:00'),
(2076, 'Naugatuck Valley Financial Corporation', 0, 'NVSL', '0000-00-00 00:00:00'),
(2077, 'Navarre Corporation', 0, 'NAVR', '0000-00-00 00:00:00'),
(2078, 'Navigators Group, Inc. (The)', 0, 'NAVG', '0000-00-00 00:00:00'),
(2079, 'Navios Maritime Holdings Inc.', 0, 'BULK', '0000-00-00 00:00:00'),
(2080, 'Navios Maritime Holdings Inc.', 0, 'BULKU', '0000-00-00 00:00:00'),
(2081, 'Navios Maritime Holdings Inc.', 0, 'BULKW', '0000-00-00 00:00:00'),
(2082, 'NaviSite, Inc.', 0, 'NAVI', '0000-00-00 00:00:00'),
(2083, 'NB&T FINANCIAL GROUP INC', 0, 'NBTF', '0000-00-00 00:00:00'),
(2084, 'NBT Bancorp Inc.', 0, 'NBTB', '0000-00-00 00:00:00'),
(2085, 'NCI, Inc.', 0, 'NCIT', '0000-00-00 00:00:00'),
(2086, 'NCO Group, Inc.', 0, 'NCOG', '0000-00-00 00:00:00'),
(2087, 'NDS Group plc.', 0, 'NNDS', '0000-00-00 00:00:00'),
(2088, 'NEC Corporation', 0, 'NIPNY', '0000-00-00 00:00:00'),
(2089, 'Nektar Therapeutics', 0, 'NKTR', '0000-00-00 00:00:00'),
(2090, 'Neogen Corporation', 0, 'NEOG', '0000-00-00 00:00:00'),
(2091, 'NeoMagic Corporation', 0, 'NMGC', '0000-00-00 00:00:00'),
(2092, 'NeoPharm, Inc.', 0, 'NEOL', '0000-00-00 00:00:00'),
(2093, 'Neose Technologies, Inc.', 0, 'NTEC', '0000-00-00 00:00:00'),
(2094, 'Neoware, Inc.', 0, 'NWRE', '0000-00-00 00:00:00'),
(2095, 'Ness Technologies, Inc.', 0, 'NSTC', '0000-00-00 00:00:00'),
(2096, 'Nestor, Inc.', 0, 'NEST', '0000-00-00 00:00:00'),
(2097, 'Net 1 UEPS Technologies, Inc.', 0, 'UEPS', '0000-00-00 00:00:00'),
(2098, 'NET Servicos de Comunicacao S.A.', 0, 'NETC', '0000-00-00 00:00:00'),
(2099, 'Net.B@nk, Inc.', 0, 'NTBK', '0000-00-00 00:00:00'),
(2100, 'Netease.com, Inc.', 0, 'NTES', '0000-00-00 00:00:00'),
(2101, 'Netflix, Inc.', 0, 'NFLX', '0000-00-00 00:00:00'),
(2102, 'NETGEAR, Inc.', 0, 'NTGR', '0000-00-00 00:00:00'),
(2103, 'netGuru inc', 0, 'NGRU', '0000-00-00 00:00:00'),
(2104, 'NetLogic Microsystems, Inc.', 0, 'NETL', '0000-00-00 00:00:00'),
(2105, 'NetManage, Inc.', 0, 'NETM', '0000-00-00 00:00:00'),
(2106, 'Netopia, Inc.', 0, 'NTPA', '0000-00-00 00:00:00'),
(2107, 'NetRatings, Inc.', 0, 'NTRT', '0000-00-00 00:00:00'),
(2108, 'NetScout Systems, Inc.', 0, 'NTCT', '0000-00-00 00:00:00'),
(2109, 'Netsmart Technologies, Inc.', 0, 'NTST', '0000-00-00 00:00:00'),
(2110, 'NetSol Technologies Inc.', 0, 'NTWK', '0000-00-00 00:00:00'),
(2111, 'Network Appliance, Inc.', 0, 'NTAP', '0000-00-00 00:00:00'),
(2112, 'Network Engines, Inc', 0, 'NENG', '0000-00-00 00:00:00'),
(2113, 'Neurobiological Technologies, Inc.', 0, 'NTII', '0000-00-00 00:00:00'),
(2114, 'Neurochem Inc', 0, 'NRMX', '0000-00-00 00:00:00'),
(2115, 'Neurocrine Biosciences, Inc.', 0, 'NBIX', '0000-00-00 00:00:00'),
(2116, 'Neurogen Corporation', 0, 'NRGN', '0000-00-00 00:00:00'),
(2117, 'NeuroMetrix, Inc.', 0, 'NURO', '0000-00-00 00:00:00'),
(2118, 'Nevada Chemicals, Inc.', 0, 'NCEM', '0000-00-00 00:00:00'),
(2119, 'New Brunswick Scientific Co., Inc.', 0, 'NBSC', '0000-00-00 00:00:00'),
(2120, 'New Century Bancorp, Inc. (NC)', 0, 'NCBC', '0000-00-00 00:00:00'),
(2121, 'New England Bancshares, Inc.', 0, 'NEBS', '0000-00-00 00:00:00'),
(2122, 'New Frontier Media, Inc.', 0, 'NOOF', '0000-00-00 00:00:00'),
(2123, 'New Hampshire Thrift Bancshares, Inc.', 0, 'NHTB', '0000-00-00 00:00:00'),
(2124, 'New River Pharmaceuticals Inc.', 0, 'NRPH', '0000-00-00 00:00:00'),
(2125, 'New York Community Bancorp, Inc.', 0, 'HAVNP', '0000-00-00 00:00:00'),
(2126, 'Newport Bancorp, Inc.', 0, 'NFSB', '0000-00-00 00:00:00'),
(2127, 'Newport Corporation', 0, 'NEWP', '0000-00-00 00:00:00'),
(2128, 'Newtek Business Services Inc.', 0, 'NEWT', '0000-00-00 00:00:00'),
(2129, 'Nexity Financial Corporation', 0, 'NXTY', '0000-00-00 00:00:00'),
(2130, 'NexMed, Inc.', 0, 'NEXM', '0000-00-00 00:00:00'),
(2131, 'Nexstar Broadcasting Group, Inc.', 0, 'NXST', '0000-00-00 00:00:00'),
(2132, 'Nextest Systems Corporation', 0, 'NEXT', '0000-00-00 00:00:00'),
(2133, 'NGAS Resources, Inc.', 0, 'NGAS', '0000-00-00 00:00:00'),
(2134, 'NGP Capital Resources Company', 0, 'NGPC', '0000-00-00 00:00:00'),
(2135, 'NIC Inc.', 0, 'EGOV', '0000-00-00 00:00:00'),
(2136, 'NICE-Systems Limited', 0, 'NICE', '0000-00-00 00:00:00'),
(2137, 'Nicholas Financial, Inc.', 0, 'NICK', '0000-00-00 00:00:00'),
(2138, 'NightHawk Radiology Holdings, Inc.', 0, 'NHWK', '0000-00-00 00:00:00'),
(2139, 'NII Holdings, Inc.', 0, 'NIHD', '0000-00-00 00:00:00'),
(2140, 'Ninetowns Internet Technology Group Company Limited', 0, 'NINE', '0000-00-00 00:00:00'),
(2141, 'Nissan Motor Co., Ltd.', 0, 'NSANY', '0000-00-00 00:00:00'),
(2142, 'Nitches, Inc.', 0, 'NICH', '0000-00-00 00:00:00'),
(2143, 'NitroMed, Inc.', 0, 'NTMD', '0000-00-00 00:00:00'),
(2144, 'NMS Communications Corporation', 0, 'NMSS', '0000-00-00 00:00:00'),
(2145, 'NMT Medical Inc.', 0, 'NMTI', '0000-00-00 00:00:00'),
(2146, 'NN, Inc.', 0, 'NNBR', '0000-00-00 00:00:00'),
(2147, 'Nobel Learning Communities, Inc.', 0, 'NLCI', '0000-00-00 00:00:00'),
(2148, 'Nobility Homes, Inc.', 0, 'NOBH', '0000-00-00 00:00:00'),
(2149, 'Noble International, Ltd.', 0, 'NOBL', '0000-00-00 00:00:00'),
(2150, 'Nordson Corporation', 0, 'NDSN', '0000-00-00 00:00:00'),
(2151, 'Nortech Systems Incorporated', 0, 'NSYS', '0000-00-00 00:00:00'),
(2152, 'North American Scientific, Inc.', 0, 'NASI', '0000-00-00 00:00:00'),
(2153, 'North Bay Bancorp', 0, 'NBAN', '0000-00-00 00:00:00'),
(2154, 'North Central Bancshares, Inc.', 0, 'FFFD', '0000-00-00 00:00:00'),
(2155, 'North Pittsburgh Systems, Inc.', 0, 'NPSI', '0000-00-00 00:00:00'),
(2156, 'North Pointe Holdings Corporation', 0, 'NPTE', '0000-00-00 00:00:00'),
(2157, 'North Valley Bancorp', 0, 'NOVB', '0000-00-00 00:00:00'),
(2158, 'Northeast Community Bancorp, Inc.', 0, 'NECB', '0000-00-00 00:00:00'),
(2159, 'Northern Empire Bancshares', 0, 'NREB', '0000-00-00 00:00:00'),
(2160, 'Northern States Financial Corporation', 0, 'NSFC', '0000-00-00 00:00:00'),
(2161, 'Northern Trust Corporation', 0, 'NTRS', '0000-00-00 00:00:00'),
(2162, 'Northfield Laboratories Inc.', 0, 'NFLD', '0000-00-00 00:00:00'),
(2163, 'Northrim BanCorp Inc', 0, 'NRIM', '0000-00-00 00:00:00'),
(2164, 'Northstar Neuroscience, Inc.', 0, 'NSTR', '0000-00-00 00:00:00'),
(2165, 'Northway Financial Inc.', 0, 'NWFI', '0000-00-00 00:00:00'),
(2166, 'Northwest Bancorp, Inc.', 0, 'NWSB', '0000-00-00 00:00:00'),
(2167, 'Northwest Bancorp, Inc.', 0, 'NWSBP', '0000-00-00 00:00:00'),
(2168, 'Northwest Pipe Company', 0, 'NWPX', '0000-00-00 00:00:00'),
(2169, 'NorthWestern Corporation', 0, 'NWEC', '0000-00-00 00:00:00'),
(2170, 'NorthWestern Corporation', 0, 'NWECW', '0000-00-00 00:00:00'),
(2171, 'Norwood Financial Corp.', 0, 'NWFL', '0000-00-00 00:00:00'),
(2172, 'Nova Measuring Instruments Ltd.', 0, 'NVMI', '0000-00-00 00:00:00'),
(2173, 'Novacea, Inc.', 0, 'NOVC', '0000-00-00 00:00:00'),
(2174, 'NovaMed, Inc.', 0, 'NOVA', '0000-00-00 00:00:00'),
(2175, 'Novamerican Steel, Inc.', 0, 'TONS', '0000-00-00 00:00:00'),
(2176, 'NovAtel Inc.', 0, 'NGPS', '0000-00-00 00:00:00'),
(2177, 'Novatel Wireless, Inc.', 0, 'NVTL', '0000-00-00 00:00:00'),
(2178, 'Novavax, Inc.', 0, 'NVAX', '0000-00-00 00:00:00'),
(2179, 'Novell, Inc.', 0, 'NOVL', '0000-00-00 00:00:00'),
(2180, 'Novellus Systems, Inc.', 0, 'NVLS', '0000-00-00 00:00:00'),
(2181, 'Noven Pharmaceuticals, Inc.', 0, 'NOVN', '0000-00-00 00:00:00'),
(2182, 'Novogen Limited', 0, 'NVGN', '0000-00-00 00:00:00'),
(2183, 'NPS Pharmaceuticals, Inc.', 0, 'NPSP', '0000-00-00 00:00:00'),
(2184, 'NTELOS Holdings Corp.', 0, 'NTLS', '0000-00-00 00:00:00'),
(2185, 'NTL Incorporated', 0, 'NTLI', '0000-00-00 00:00:00'),
(2186, 'NTL Incorporated', 0, 'NTLIW', '0000-00-00 00:00:00'),
(2187, 'Nu Horizons Electronics Corp.', 0, 'NUHC', '0000-00-00 00:00:00'),
(2188, 'Nuance Communications, Inc.', 0, 'NUAN', '0000-00-00 00:00:00'),
(2189, 'NuCo2 Inc.', 0, 'NUCO', '0000-00-00 00:00:00'),
(2190, 'NUCRYST Pharmaceuticals Corp.', 0, 'NCST', '0000-00-00 00:00:00'),
(2191, 'Numerex Corp.', 0, 'NMRX', '0000-00-00 00:00:00'),
(2192, 'Nutraceutical International Corporation', 0, 'NUTR', '0000-00-00 00:00:00'),
(2193, 'NutriSystem Inc', 0, 'NTRI', '0000-00-00 00:00:00'),
(2194, 'Nutrition 21 Inc.', 0, 'NXXI', '0000-00-00 00:00:00'),
(2195, 'NuVasive, Inc.', 0, 'NUVA', '0000-00-00 00:00:00'),
(2196, 'Nuvelo, Inc.', 0, 'NUVO', '0000-00-00 00:00:00'),
(2197, 'NVE Corporation', 0, 'NVEC', '0000-00-00 00:00:00'),
(2198, 'NVIDIA Corporation', 0, 'NVDA', '0000-00-00 00:00:00'),
(2199, 'NxStage Medical, Inc.', 0, 'NXTM', '0000-00-00 00:00:00'),
(2200, 'Nyer Medical Group, Inc.', 0, 'NYER', '0000-00-00 00:00:00'),
(2201, 'Nymox Pharmaceutical Corporation', 0, 'NYMX', '0000-00-00 00:00:00'),
(2202, 'O''Charley''s Inc.', 0, 'CHUX', '0000-00-00 00:00:00'),
(2203, 'O''Reilly Automotive, Inc.', 0, 'ORLY', '0000-00-00 00:00:00'),
(2204, 'O. I. Corporation', 0, 'OICO', '0000-00-00 00:00:00'),
(2205, 'O2Micro International Limited', 0, 'OIIM', '0000-00-00 00:00:00'),
(2206, 'Oak Hill Financial, Inc.', 0, 'OAKF', '0000-00-00 00:00:00'),
(2207, 'Occam Networks, Inc.', 0, 'OCNW', '0000-00-00 00:00:00'),
(2208, 'OccuLogix, Inc.', 0, 'OCCX', '0000-00-00 00:00:00'),
(2209, 'Oce NV', 0, 'OCENY', '0000-00-00 00:00:00'),
(2210, 'Ocean Bio-Chem, Inc.', 0, 'OBCI', '0000-00-00 00:00:00'),
(2211, 'Ocean Shore Holding Co.', 0, 'OSHC', '0000-00-00 00:00:00'),
(2212, 'OceanFirst Financial Corp.', 0, 'OCFC', '0000-00-00 00:00:00'),
(2213, 'Odyssey Healthcare, Inc.', 0, 'ODSY', '0000-00-00 00:00:00'),
(2214, 'Ohio Casualty Corporation', 0, 'OCAS', '0000-00-00 00:00:00'),
(2215, 'Ohio Legacy Corporation', 0, 'OLCB', '0000-00-00 00:00:00'),
(2216, 'Ohio Valley Banc Corp.', 0, 'OVBC', '0000-00-00 00:00:00'),
(2217, 'Oilgear Company (The)', 0, 'OLGR', '0000-00-00 00:00:00'),
(2218, 'Old Dominion Freight Line, Inc.', 0, 'ODFL', '0000-00-00 00:00:00'),
(2219, 'Old Line Bancshares, Inc.', 0, 'OLBK', '0000-00-00 00:00:00'),
(2220, 'Old Point Financial Corporation', 0, 'OPOF', '0000-00-00 00:00:00'),
(2221, 'Old Second Bancorp, Inc.', 0, 'OSBC', '0000-00-00 00:00:00'),
(2222, 'Old Second Bancorp, Inc.', 0, 'OSBCP', '0000-00-00 00:00:00'),
(2223, 'Olympic Steel, Inc.', 0, 'ZEUS', '0000-00-00 00:00:00'),
(2224, 'Omega Financial Corporation', 0, 'OMEF', '0000-00-00 00:00:00'),
(2225, 'Omega Flex, Inc.', 0, 'OFLX', '0000-00-00 00:00:00'),
(2226, 'Omega Navigation Enterprises, Inc.', 0, 'ONAV', '0000-00-00 00:00:00'),
(2227, 'OMNI Energy Services Corp.', 0, 'OMNI', '0000-00-00 00:00:00'),
(2228, 'Omni Financial Services, Inc.', 0, 'OFSI', '0000-00-00 00:00:00'),
(2229, 'Omnicell, Inc.', 0, 'OMCL', '0000-00-00 00:00:00'),
(2230, 'Omniture, Inc.', 0, 'OMTR', '0000-00-00 00:00:00'),
(2231, 'OmniVision Technologies, Inc.', 0, 'OVTI', '0000-00-00 00:00:00'),
(2232, 'Omrix Biopharmaceuticals, Inc.', 0, 'OMRI', '0000-00-00 00:00:00'),
(2233, 'Omtool, Ltd.', 0, 'OMTL', '0000-00-00 00:00:00'),
(2234, 'On Assignment, Inc.', 0, 'ASGN', '0000-00-00 00:00:00'),
(2235, 'ON Semiconductor Corporation', 0, 'ONNN', '0000-00-00 00:00:00'),
(2236, 'On Track Innovations Ltd', 0, 'OTIV', '0000-00-00 00:00:00'),
(2237, 'Oncolytics Biotech, Inc.', 0, 'ONCY', '0000-00-00 00:00:00'),
(2238, 'Oneida Financial Corp.', 0, 'ONFC', '0000-00-00 00:00:00'),
(2239, 'Online Resources Corporation', 0, 'ORCC', '0000-00-00 00:00:00'),
(2240, 'Onstream Media Corporation', 0, 'ONSM', '0000-00-00 00:00:00'),
(2241, 'Onvia, Inc.', 0, 'ONVI', '0000-00-00 00:00:00'),
(2242, 'ONYX Pharmaceuticals, Inc.', 0, 'ONXX', '0000-00-00 00:00:00'),
(2243, 'Open Solutions, Inc.', 0, 'OPEN', '0000-00-00 00:00:00'),
(2244, 'Open Text Corporation', 0, 'OTEX', '0000-00-00 00:00:00');
INSERT INTO `pwf_company` (`id`, `name`, `f`, `ticker`, `created`) VALUES
(2245, 'OpenTV Corp.', 0, 'OPTV', '0000-00-00 00:00:00'),
(2246, 'Openwave Systems Inc', 0, 'OPWV', '0000-00-00 00:00:00'),
(2247, 'Opexa Therapeutics, Inc.', 0, 'OPXA', '0000-00-00 00:00:00'),
(2248, 'Opinion Research Corporation', 0, 'ORCI', '0000-00-00 00:00:00'),
(2249, 'Oplink Communications, Inc.', 0, 'OPLK', '0000-00-00 00:00:00'),
(2250, 'OPNET Technologies Inc.', 0, 'OPNT', '0000-00-00 00:00:00'),
(2251, 'Opsware, Inc.', 0, 'OPSW', '0000-00-00 00:00:00'),
(2252, 'Optelecom-NKF, Inc.', 0, 'OPTC', '0000-00-00 00:00:00'),
(2253, 'Optibase Ltd.', 0, 'OBAS', '0000-00-00 00:00:00'),
(2254, 'Optical Cable Corporation', 0, 'OCCF', '0000-00-00 00:00:00'),
(2255, 'Optical Communication Products, Inc.', 0, 'OCPI', '0000-00-00 00:00:00'),
(2256, 'Optimal Group, Inc.', 0, 'OPMR', '0000-00-00 00:00:00'),
(2257, 'OptimumBank Holdings, Inc.', 0, 'OPHC', '0000-00-00 00:00:00'),
(2258, 'OPTION CARE, Inc.', 0, 'OPTN', '0000-00-00 00:00:00'),
(2259, 'optionsXpress Holdings, Inc.', 0, 'OXPS', '0000-00-00 00:00:00'),
(2260, 'Optium Corporation', 0, 'OPTM', '0000-00-00 00:00:00'),
(2261, 'Oracle Corporation', 0, 'ORCL', '0000-00-00 00:00:00'),
(2262, 'Oralabs Holding Corp.', 0, 'OLAB', '0000-00-00 00:00:00'),
(2263, 'Orange 21 Inc.', 0, 'ORNG', '0000-00-00 00:00:00'),
(2264, 'OraSure Technologies, Inc.', 0, 'OSUR', '0000-00-00 00:00:00'),
(2265, 'Orbit International Corporation', 0, 'ORBT', '0000-00-00 00:00:00'),
(2266, 'Orbotech Ltd.', 0, 'ORBK', '0000-00-00 00:00:00'),
(2267, 'Orchid Cellmark Inc.', 0, 'ORCH', '0000-00-00 00:00:00'),
(2268, 'Orckit Communications, Limited', 0, 'ORCT', '0000-00-00 00:00:00'),
(2269, 'Origen Financial, Inc.', 0, 'ORGN', '0000-00-00 00:00:00'),
(2270, 'Origin Agritech Limited', 0, 'SEED', '0000-00-00 00:00:00'),
(2271, 'Orthofix International N.V.', 0, 'OFIX', '0000-00-00 00:00:00'),
(2272, 'Orthologic Corp.', 0, 'OLGC', '0000-00-00 00:00:00'),
(2273, 'Orthovita, Inc.', 0, 'VITA', '0000-00-00 00:00:00'),
(2274, 'Oscient Pharmaceuticals Corporation', 0, 'OSCI', '0000-00-00 00:00:00'),
(2275, 'OSI Pharmaceuticals Inc.', 0, 'OSIP', '0000-00-00 00:00:00'),
(2276, 'OSI Systems, Inc.', 0, 'OSIS', '0000-00-00 00:00:00'),
(2277, 'Osiris Therapeutics, Inc.', 0, 'OSIR', '0000-00-00 00:00:00'),
(2278, 'Osteotech, Inc.', 0, 'OSTE', '0000-00-00 00:00:00'),
(2279, 'Otter Tail Corporation', 0, 'OTTR', '0000-00-00 00:00:00'),
(2280, 'Outdoor Channel Holdings, Inc.', 0, 'OUTD', '0000-00-00 00:00:00'),
(2281, 'Overland Storage, Inc.', 0, 'OVRL', '0000-00-00 00:00:00'),
(2282, 'Overstock.com, Inc.', 0, 'OSTK', '0000-00-00 00:00:00'),
(2283, 'OXiGENE, Inc.', 0, 'OXGN', '0000-00-00 00:00:00'),
(2284, 'OYO Geospace Corporation', 0, 'OYOG', '0000-00-00 00:00:00'),
(2285, 'P & F Industries, Inc.', 0, 'PFIN', '0000-00-00 00:00:00'),
(2286, 'P.A.M. Transportation Services, Inc.', 0, 'PTSI', '0000-00-00 00:00:00'),
(2287, 'P.F.Chang''s China Bistro, Inc.', 0, 'PFCB', '0000-00-00 00:00:00'),
(2288, 'PAB Bankshares, Inc.', 0, 'PABK', '0000-00-00 00:00:00'),
(2289, 'PACCAR Inc.', 0, 'PCAR', '0000-00-00 00:00:00'),
(2290, 'Pacer International, Inc.', 0, 'PACR', '0000-00-00 00:00:00'),
(2291, 'Pacific Capital Bancorp', 0, 'PCBC', '0000-00-00 00:00:00'),
(2292, 'Pacific Continental Corporation (Ore)', 0, 'PCBK', '0000-00-00 00:00:00'),
(2293, 'Pacific Ethanol, Inc.', 0, 'PEIX', '0000-00-00 00:00:00'),
(2294, 'Pacific Internet Limited', 0, 'PCNTF', '0000-00-00 00:00:00'),
(2295, 'Pacific Mercantile Bancorp', 0, 'PMBC', '0000-00-00 00:00:00'),
(2296, 'Pacific Premier Bancorp Inc', 0, 'PPBI', '0000-00-00 00:00:00'),
(2297, 'Pacific State  Bancorp CA', 0, 'PSBC', '0000-00-00 00:00:00'),
(2298, 'Pacific Sunwear of California, Inc.', 0, 'PSUN', '0000-00-00 00:00:00'),
(2299, 'PacificNet Inc.', 0, 'PACT', '0000-00-00 00:00:00'),
(2300, 'Packeteer, Inc.', 0, 'PKTR', '0000-00-00 00:00:00'),
(2301, 'Pain Therapeutics', 0, 'PTIE', '0000-00-00 00:00:00'),
(2302, 'Palm Harbor Homes, Inc.', 0, 'PHHM', '0000-00-00 00:00:00'),
(2303, 'Palm, Inc.', 0, 'PALM', '0000-00-00 00:00:00'),
(2304, 'Palomar Medical Technologies, Inc.', 0, 'PMTI', '0000-00-00 00:00:00'),
(2305, 'Pamrapo Bancorp, Inc.', 0, 'PBCI', '0000-00-00 00:00:00'),
(2306, 'Pan American Silver Corp.', 0, 'PAAS', '0000-00-00 00:00:00'),
(2307, 'Panacos Pharmaceuticals, Inc.', 0, 'PANC', '0000-00-00 00:00:00'),
(2308, 'Panera Bread Company', 0, 'PNRA', '0000-00-00 00:00:00'),
(2309, 'Pantry, Inc. (The)', 0, 'PTRY', '0000-00-00 00:00:00'),
(2310, 'Papa John''s International, Inc.', 0, 'PZZA', '0000-00-00 00:00:00'),
(2311, 'Parallel Petroleum Corporation', 0, 'PLLL', '0000-00-00 00:00:00'),
(2312, 'Parametric Technology Corporation', 0, 'PMTC', '0000-00-00 00:00:00'),
(2313, 'PAREXEL International Corporation', 0, 'PRXL', '0000-00-00 00:00:00'),
(2314, 'Park Bancorp, Inc.', 0, 'PFED', '0000-00-00 00:00:00'),
(2315, 'Park-Ohio Holdings Corp.', 0, 'PKOH', '0000-00-00 00:00:00'),
(2316, 'Parke Bancorp, Inc.', 0, 'PKBK', '0000-00-00 00:00:00'),
(2317, 'ParkerVision, Inc.', 0, 'PRKR', '0000-00-00 00:00:00'),
(2318, 'Parkvale Financial Corporation', 0, 'PVSA', '0000-00-00 00:00:00'),
(2319, 'Parlux Fragrances, Inc.', 0, 'PARL', '0000-00-00 00:00:00'),
(2320, 'Particle Drilling Technologies, Inc.', 0, 'PDRT', '0000-00-00 00:00:00'),
(2321, 'Partner Communications Company Ltd.', 0, 'PTNR', '0000-00-00 00:00:00'),
(2322, 'Partners Trust Financial Group, Inc.', 0, 'PRTR', '0000-00-00 00:00:00'),
(2323, 'Pathfinder Bancorp, Inc.', 0, 'PBHC', '0000-00-00 00:00:00'),
(2324, 'Pathmark Stores, Inc.', 0, 'PTMK', '0000-00-00 00:00:00'),
(2325, 'Pathmark Stores, Inc.', 0, 'PTMKW', '0000-00-00 00:00:00'),
(2326, 'Patrick Industries, Inc.', 0, 'PATK', '0000-00-00 00:00:00'),
(2327, 'Patriot Capital Funding, Inc.', 0, 'PCAP', '0000-00-00 00:00:00'),
(2328, 'Patriot National Bancorp Inc.', 0, 'PNBK', '0000-00-00 00:00:00'),
(2329, 'Patriot Transportation Holding, Inc.', 0, 'PATR', '0000-00-00 00:00:00'),
(2330, 'Patterson Companies Inc.', 0, 'PDCO', '0000-00-00 00:00:00'),
(2331, 'Patterson-UTI Energy, Inc.', 0, 'PTEN', '0000-00-00 00:00:00'),
(2332, 'PAULA Financial', 0, 'PFCO', '0000-00-00 00:00:00'),
(2333, 'Paulson Capital Corp.', 0, 'PLCC', '0000-00-00 00:00:00'),
(2334, 'Paychex, Inc.', 0, 'PAYX', '0000-00-00 00:00:00'),
(2335, 'PC Connection, Inc.', 0, 'PCCC', '0000-00-00 00:00:00'),
(2336, 'PC Mall, Inc.', 0, 'MALL', '0000-00-00 00:00:00'),
(2337, 'PC-Tel, Inc.', 0, 'PCTI', '0000-00-00 00:00:00'),
(2338, 'PDF Solutions, Inc.', 0, 'PDFS', '0000-00-00 00:00:00'),
(2339, 'PDI, Inc.', 0, 'PDII', '0000-00-00 00:00:00'),
(2340, 'PDL BioPharma, Inc.', 0, 'PDLI', '0000-00-00 00:00:00'),
(2341, 'Peak International Limited', 0, 'PEAK', '0000-00-00 00:00:00'),
(2342, 'PECO II, Inc.', 0, 'PIII', '0000-00-00 00:00:00'),
(2343, 'Pediatric Services of America, Inc.', 0, 'PSAI', '0000-00-00 00:00:00'),
(2344, 'Peerless Manufacturing Company', 0, 'PMFG', '0000-00-00 00:00:00'),
(2345, 'Peerless Systems Corporation', 0, 'PRLS', '0000-00-00 00:00:00'),
(2346, 'Peet''s Coffee & Tea, Inc.', 0, 'PEET', '0000-00-00 00:00:00'),
(2347, 'Pegasystems Inc.', 0, 'PEGA', '0000-00-00 00:00:00'),
(2348, 'Pemco Aviation Group, Inc.', 0, 'PAGI', '0000-00-00 00:00:00'),
(2349, 'Pemstar Inc.', 0, 'PMTR', '0000-00-00 00:00:00'),
(2350, 'Penford Corporation', 0, 'PENX', '0000-00-00 00:00:00'),
(2351, 'Penn National Gaming, Inc.', 0, 'PENN', '0000-00-00 00:00:00'),
(2352, 'PennFed Financial Services, Inc.', 0, 'PFSB', '0000-00-00 00:00:00'),
(2353, 'Pennichuck Corporation', 0, 'PNNW', '0000-00-00 00:00:00'),
(2354, 'Penns Woods Bancorp, Inc.', 0, 'PWOD', '0000-00-00 00:00:00'),
(2355, 'Pennsylvania Commerce Bancorp, Inc.', 0, 'COBH', '0000-00-00 00:00:00'),
(2356, 'Penson Worldwide, Inc.', 0, 'PNSN', '0000-00-00 00:00:00'),
(2357, 'Penwest Pharmaceuticals Co.', 0, 'PPCO', '0000-00-00 00:00:00'),
(2358, 'People''s Bank', 0, 'PBCT', '0000-00-00 00:00:00'),
(2359, 'Peoples Bancorp', 0, 'PFDC', '0000-00-00 00:00:00'),
(2360, 'Peoples Bancorp Inc.', 0, 'PEBO', '0000-00-00 00:00:00'),
(2361, 'Peoples Bancorp of North Carolina, Inc.', 0, 'PEBK', '0000-00-00 00:00:00'),
(2362, 'Peoples BancTrust Company, Inc. (The)', 0, 'PBTC', '0000-00-00 00:00:00'),
(2363, 'Peoples Community Bancorp, Inc.', 0, 'PCBI', '0000-00-00 00:00:00'),
(2364, 'Peoples Educational Holdings, Inc.', 0, 'PEDH', '0000-00-00 00:00:00'),
(2365, 'Peoples Financial Corporation', 0, 'PFBX', '0000-00-00 00:00:00'),
(2366, 'PeopleSupport, Inc.', 0, 'PSPT', '0000-00-00 00:00:00'),
(2367, 'Per-Se Technologies, Inc.', 0, 'PSTI', '0000-00-00 00:00:00'),
(2368, 'Perceptron, Inc.', 0, 'PRCP', '0000-00-00 00:00:00'),
(2369, 'Peregrine Pharmaceuticals Inc.', 0, 'PPHM', '0000-00-00 00:00:00'),
(2370, 'Perficient, Inc.', 0, 'PRFT', '0000-00-00 00:00:00'),
(2371, 'Performance Food Group Company', 0, 'PFGC', '0000-00-00 00:00:00'),
(2372, 'Performance Technologies, Incorporated', 0, 'PTIX', '0000-00-00 00:00:00'),
(2373, 'Pericom Semiconductor Corporation', 0, 'PSEM', '0000-00-00 00:00:00'),
(2374, 'Perma-Fix Environmental Services, Inc.', 0, 'PESI', '0000-00-00 00:00:00'),
(2375, 'Perrigo Company', 0, 'PRGO', '0000-00-00 00:00:00'),
(2376, 'Perry Ellis International Inc.', 0, 'PERY', '0000-00-00 00:00:00'),
(2377, 'Pervasive Software Inc.', 0, 'PVSW', '0000-00-00 00:00:00'),
(2378, 'PetMed Express, Inc.', 0, 'PETS', '0000-00-00 00:00:00'),
(2379, 'Petrohawk Energy Corporation', 0, 'HAWK', '0000-00-00 00:00:00'),
(2380, 'Petroleum Development Corporation', 0, 'PETD', '0000-00-00 00:00:00'),
(2381, 'PETsMART, Inc.', 0, 'PETM', '0000-00-00 00:00:00'),
(2382, 'PFSweb, Inc.', 0, 'PFSW', '0000-00-00 00:00:00'),
(2383, 'PGT, Inc.', 0, 'PGTI', '0000-00-00 00:00:00'),
(2384, 'Pharmaceutical Product Development, Inc.', 0, 'PPDI', '0000-00-00 00:00:00'),
(2385, 'Pharmacopeia Drug Discovery, Inc.', 0, 'PCOP', '0000-00-00 00:00:00'),
(2386, 'Pharmacyclics, Inc.', 0, 'PCYC', '0000-00-00 00:00:00'),
(2387, 'PharmaNet Development Group, Inc.', 0, 'PDGI', '0000-00-00 00:00:00'),
(2388, 'Pharmaxis Limited', 0, 'PXSL', '0000-00-00 00:00:00'),
(2389, 'Pharmion Corporation', 0, 'PHRM', '0000-00-00 00:00:00'),
(2390, 'Pharmos Corporation', 0, 'PARS', '0000-00-00 00:00:00'),
(2391, 'Phase Forward Incorporated', 0, 'PFWD', '0000-00-00 00:00:00'),
(2392, 'PHAZAR CORP', 0, 'ANTP', '0000-00-00 00:00:00'),
(2393, 'PHI, Inc.', 0, 'PHII', '0000-00-00 00:00:00'),
(2394, 'PHI, Inc.', 0, 'PHIIK', '0000-00-00 00:00:00'),
(2395, 'Philadelphia Consolidated Holding Corp.', 0, 'PHLY', '0000-00-00 00:00:00'),
(2396, 'Phoenix Technologies Ltd.', 0, 'PTEC', '0000-00-00 00:00:00'),
(2397, 'PhotoMedex, Inc.', 0, 'PHMD', '0000-00-00 00:00:00'),
(2398, 'Photon Dynamics, Inc.', 0, 'PHTN', '0000-00-00 00:00:00'),
(2399, 'Photronics, Inc.', 0, 'PLAB', '0000-00-00 00:00:00'),
(2400, 'PICO Holdings Inc.', 0, 'PICO', '0000-00-00 00:00:00'),
(2401, 'Pinnacle Airlines Corp.', 0, 'PNCL', '0000-00-00 00:00:00'),
(2402, 'Pinnacle Financial Partners, Inc.', 0, 'PNFP', '0000-00-00 00:00:00'),
(2403, 'Pioneer Companies, Inc.', 0, 'PONR', '0000-00-00 00:00:00'),
(2404, 'Pixelplus Co., Ltd.', 0, 'PXPL', '0000-00-00 00:00:00'),
(2405, 'Pixelworks, Inc.', 0, 'PXLW', '0000-00-00 00:00:00'),
(2406, 'Pizza Inn, Inc.', 0, 'PZZI', '0000-00-00 00:00:00'),
(2407, 'Placer Sierra Bancshares', 0, 'PLSB', '0000-00-00 00:00:00'),
(2408, 'Planar Systems, Inc.', 0, 'PLNR', '0000-00-00 00:00:00'),
(2409, 'PlanetOut, Inc.', 0, 'LGBT', '0000-00-00 00:00:00'),
(2410, 'PLATO Learning Inc.', 0, 'TUTR', '0000-00-00 00:00:00'),
(2411, 'Plexus Corp.', 0, 'PLXS', '0000-00-00 00:00:00'),
(2412, 'Plug Power, Inc.', 0, 'PLUG', '0000-00-00 00:00:00'),
(2413, 'Plumas Bancorp', 0, 'PLBC', '0000-00-00 00:00:00'),
(2414, 'PLX Technology, Inc.', 0, 'PLXT', '0000-00-00 00:00:00'),
(2415, 'PMA Capital Corporation', 0, 'PMACA', '0000-00-00 00:00:00'),
(2416, 'PMC - Sierra, Inc.', 0, 'PMCS', '0000-00-00 00:00:00'),
(2417, 'Pocahontas Bancorp, Inc.', 0, 'PFSL', '0000-00-00 00:00:00'),
(2418, 'Point Therapeutics Inc', 0, 'POTP', '0000-00-00 00:00:00'),
(2419, 'Point.360', 0, 'PTSX', '0000-00-00 00:00:00'),
(2420, 'Pointer Telocation Ltd.', 0, 'PNTR', '0000-00-00 00:00:00'),
(2421, 'PokerTek, Inc.', 0, 'PTEK', '0000-00-00 00:00:00'),
(2422, 'Polycom, Inc.', 0, 'PLCM', '0000-00-00 00:00:00'),
(2423, 'Polydex Pharmaceuticals Limited', 0, 'POLXF', '0000-00-00 00:00:00'),
(2424, 'PolyMedica Corporation', 0, 'PLMD', '0000-00-00 00:00:00'),
(2425, 'Pomeroy IT Solutions, Inc.', 0, 'PMRY', '0000-00-00 00:00:00'),
(2426, 'Poniard Pharmaecuticals, Inc.', 0, 'PARD', '0000-00-00 00:00:00'),
(2427, 'Pool Corporation', 0, 'POOL', '0000-00-00 00:00:00'),
(2428, 'Pope Resources', 0, 'POPEZ', '0000-00-00 00:00:00'),
(2429, 'Popular, Inc.', 0, 'BPOP', '0000-00-00 00:00:00'),
(2430, 'Popular, Inc.', 0, 'BPOPM', '0000-00-00 00:00:00'),
(2431, 'Popular, Inc.', 0, 'BPOPN', '0000-00-00 00:00:00'),
(2432, 'Popular, Inc.', 0, 'BPOPO', '0000-00-00 00:00:00'),
(2433, 'PortalPlayer, Inc.', 0, 'PLAY', '0000-00-00 00:00:00'),
(2434, 'Portec Rail Products, Inc.', 0, 'PRPX', '0000-00-00 00:00:00'),
(2435, 'Porter Bancorp, Inc.', 0, 'PBIB', '0000-00-00 00:00:00'),
(2436, 'Portfolio Recovery Associates, Inc.', 0, 'PRAA', '0000-00-00 00:00:00'),
(2437, 'Possis Medical, Inc.', 0, 'POSS', '0000-00-00 00:00:00'),
(2438, 'Powell Industries, Inc.', 0, 'POWL', '0000-00-00 00:00:00'),
(2439, 'Power Integrations, Inc.', 0, 'POWI', '0000-00-00 00:00:00'),
(2440, 'Power-One, Inc.', 0, 'PWER', '0000-00-00 00:00:00'),
(2441, 'PowerDsine Ltd.', 0, 'PDSN', '0000-00-00 00:00:00'),
(2442, 'PowerShares FTSE RAFI Basic Materials Sector Portfolio', 0, 'PRFM', '0000-00-00 00:00:00'),
(2443, 'PowerShares FTSE RAFI Consumer Goods Sector Portfolio', 0, 'PRFG', '0000-00-00 00:00:00'),
(2444, 'PowerShares FTSE RAFI Consumer Services Sector Portfolio', 0, 'PRFS', '0000-00-00 00:00:00'),
(2445, 'PowerShares FTSE RAFI Energy Sector Portfolio', 0, 'PRFE', '0000-00-00 00:00:00'),
(2446, 'PowerShares FTSE RAFI Financials Sector Portfolio', 0, 'PRFF', '0000-00-00 00:00:00'),
(2447, 'PowerShares FTSE RAFI Health Care Sector Portfolio', 0, 'PRFH', '0000-00-00 00:00:00'),
(2448, 'PowerShares FTSE RAFI Industrials Sector Portfolio', 0, 'PRFN', '0000-00-00 00:00:00'),
(2449, 'PowerShares FTSE RAFI Telecom & Tech Sector Portfolio', 0, 'PRFQ', '0000-00-00 00:00:00'),
(2450, 'PowerShares FTSE RAFI US 1500 Small-Mid Portfolio', 0, 'PRFZ', '0000-00-00 00:00:00'),
(2451, 'PowerShares FTSE RAFI Utilities Sector Portfolio', 0, 'PRFU', '0000-00-00 00:00:00'),
(2452, 'Powerwave Technologies, Inc.', 0, 'PWAV', '0000-00-00 00:00:00'),
(2453, 'Pozen, Inc.', 0, 'POZN', '0000-00-00 00:00:00'),
(2454, 'PRA International', 0, 'PRAI', '0000-00-00 00:00:00'),
(2455, 'PRAECIS PHARMACEUTICALS INCORPORATED', 0, 'PRCS', '0000-00-00 00:00:00'),
(2456, 'Prana Biotechnology Ltd', 0, 'PRAN', '0000-00-00 00:00:00'),
(2457, 'Precis Inc.', 0, 'PCIS', '0000-00-00 00:00:00'),
(2458, 'Preferred Bank', 0, 'PFBC', '0000-00-00 00:00:00'),
(2459, 'Preformed Line Products Company', 0, 'PLPC', '0000-00-00 00:00:00'),
(2460, 'Premier Community Bankshares Inc', 0, 'PREM', '0000-00-00 00:00:00'),
(2461, 'Premier Exhibitions, Inc.', 0, 'PRXI', '0000-00-00 00:00:00'),
(2462, 'Premier Financial Bancorp, Inc.', 0, 'PFBI', '0000-00-00 00:00:00'),
(2463, 'Premier Financial Bancorp, Inc.', 0, 'PFBIP', '0000-00-00 00:00:00'),
(2464, 'Premier West Bancorp', 0, 'PRWT', '0000-00-00 00:00:00'),
(2465, 'Premium Standard Farms, Inc.', 0, 'PORK', '0000-00-00 00:00:00'),
(2466, 'Presidential Life Corporation', 0, 'PLFE', '0000-00-00 00:00:00'),
(2467, 'Presstek, Inc.', 0, 'PRST', '0000-00-00 00:00:00'),
(2468, 'Pressure BioSciences, Inc.', 0, 'PBIO', '0000-00-00 00:00:00'),
(2469, 'PRG-Schultz International Inc.', 0, 'PRGX', '0000-00-00 00:00:00'),
(2470, 'priceline.com Incorporated', 0, 'PCLN', '0000-00-00 00:00:00'),
(2471, 'PriceSmart, Inc.', 0, 'PSMT', '0000-00-00 00:00:00'),
(2472, 'PrimeEnergy Corporation', 0, 'PNRG', '0000-00-00 00:00:00'),
(2473, 'Princeton National Bancorp, Inc.', 0, 'PNBC', '0000-00-00 00:00:00'),
(2474, 'Princeton Review, Inc. (The)', 0, 'REVU', '0000-00-00 00:00:00'),
(2475, 'Printronix, Inc.', 0, 'PTNX', '0000-00-00 00:00:00'),
(2476, 'Private Media Group, Inc.', 0, 'PRVT', '0000-00-00 00:00:00'),
(2477, 'PrivateBancorp, Inc.', 0, 'PVTB', '0000-00-00 00:00:00'),
(2478, 'Pro-Dex, Inc.', 0, 'PDEX', '0000-00-00 00:00:00'),
(2479, 'Pro-Fac Cooperative, Inc.', 0, 'PFACP', '0000-00-00 00:00:00'),
(2480, 'ProCentury Corporation', 0, 'PROS', '0000-00-00 00:00:00'),
(2481, 'Progen Industries Limited', 0, 'PGLA', '0000-00-00 00:00:00'),
(2482, 'Progenics Pharmaceuticals Inc.', 0, 'PGNX', '0000-00-00 00:00:00'),
(2483, 'Progress Software Corporation', 0, 'PRGS', '0000-00-00 00:00:00'),
(2484, 'Progressive Gaming International Corporation', 0, 'PGIC', '0000-00-00 00:00:00'),
(2485, 'Prospect Energy Corporation', 0, 'PSEC', '0000-00-00 00:00:00'),
(2486, 'Prosperity Bancshares, Inc.', 0, 'PRSP', '0000-00-00 00:00:00'),
(2487, 'Protherics Plc', 0, 'PTIL', '0000-00-00 00:00:00'),
(2488, 'Provident Bankshares Corporation', 0, 'PBKS', '0000-00-00 00:00:00'),
(2489, 'Provident Community Bancshares, Inc.', 0, 'PCBS', '0000-00-00 00:00:00'),
(2490, 'Provident Financial Holdings, Inc.', 0, 'PROV', '0000-00-00 00:00:00'),
(2491, 'Provident New York Bancorp', 0, 'PBNY', '0000-00-00 00:00:00'),
(2492, 'ProxyMed, Inc.', 0, 'PILL', '0000-00-00 00:00:00'),
(2493, 'Prudential Bancorp, Inc. of Pennsylvania', 0, 'PBIP', '0000-00-00 00:00:00'),
(2494, 'PSB Bancorp, Inc.', 0, 'PSBI', '0000-00-00 00:00:00'),
(2495, 'PSB Holdings, Inc.', 0, 'PSBH', '0000-00-00 00:00:00'),
(2496, 'PSi Technologies Holdings, Inc.', 0, 'PSIT', '0000-00-00 00:00:00'),
(2497, 'pSivida Limited', 0, 'PSDV', '0000-00-00 00:00:00'),
(2498, 'PSS World Medical Inc.', 0, 'PSSI', '0000-00-00 00:00:00'),
(2499, 'Psychiatric Solutions, Inc.', 0, 'PSYS', '0000-00-00 00:00:00'),
(2500, 'Pulaski Financial Corporation', 0, 'PULB', '0000-00-00 00:00:00'),
(2501, 'Pure Cycle Corporation', 0, 'PCYO', '0000-00-00 00:00:00'),
(2502, 'PVF Capital Corp.', 0, 'PVFC', '0000-00-00 00:00:00'),
(2503, 'PW Eagle Inc.', 0, 'PWEI', '0000-00-00 00:00:00'),
(2504, 'Pyramid Breweries, Inc.', 0, 'PMID', '0000-00-00 00:00:00'),
(2505, 'Q.E.P. Co., Inc.', 0, 'QEPC', '0000-00-00 00:00:00'),
(2506, 'QAD Inc.', 0, 'QADI', '0000-00-00 00:00:00'),
(2507, 'QC Holdings, Inc.', 0, 'QCCO', '0000-00-00 00:00:00'),
(2508, 'QCR Holdings, Inc.', 0, 'QCRH', '0000-00-00 00:00:00'),
(2509, 'Qiagen N.V.', 0, 'QGEN', '0000-00-00 00:00:00'),
(2510, 'Qiao Xing Universal Telephone, Inc.', 0, 'XING', '0000-00-00 00:00:00'),
(2511, 'QLogic Corporation', 0, 'QLGC', '0000-00-00 00:00:00'),
(2512, 'QLT Inc.', 0, 'QLTI', '0000-00-00 00:00:00'),
(2513, 'QMed Inc.', 0, 'QMED', '0000-00-00 00:00:00'),
(2514, 'QSound Labs, Inc.', 0, 'QSND', '0000-00-00 00:00:00'),
(2515, 'Quaker Fabric Corporation', 0, 'QFAB', '0000-00-00 00:00:00'),
(2516, 'QUALCOMM Incorporated', 0, 'QCOM', '0000-00-00 00:00:00'),
(2517, 'Quality Distribution, Inc.', 0, 'QLTY', '0000-00-00 00:00:00'),
(2518, 'Quality Systems, Inc.', 0, 'QSII', '0000-00-00 00:00:00'),
(2519, 'Qualstar Corporation', 0, 'QBAK', '0000-00-00 00:00:00'),
(2520, 'Quanta Capital Holdings Ltd.', 0, 'QNTA', '0000-00-00 00:00:00'),
(2521, 'Quanta Capital Holdings Ltd.', 0, 'QNTAP', '0000-00-00 00:00:00'),
(2522, 'Quantum Fuel Systems Technologies Worldwide, Inc.', 0, 'QTWW', '0000-00-00 00:00:00'),
(2523, 'Quepasa Corporation', 0, 'QPSA', '0000-00-00 00:00:00'),
(2524, 'Quest Resource Corporation', 0, 'QRCP', '0000-00-00 00:00:00'),
(2525, 'Quest Software, Inc.', 0, 'QSFT', '0000-00-00 00:00:00'),
(2526, 'QuickLogic Corporation', 0, 'QUIK', '0000-00-00 00:00:00'),
(2527, 'Quidel Corporation', 0, 'QDEL', '0000-00-00 00:00:00'),
(2528, 'Quigley Corporation (The)', 0, 'QGLY', '0000-00-00 00:00:00'),
(2529, 'Quintana Maritime Limited', 0, 'QMAR', '0000-00-00 00:00:00'),
(2530, 'Quintana Maritime Limited', 0, 'QMARW', '0000-00-00 00:00:00'),
(2531, 'Quipp, Inc.', 0, 'QUIP', '0000-00-00 00:00:00'),
(2532, 'Quixote Corporation', 0, 'QUIX', '0000-00-00 00:00:00'),
(2533, 'Quovadx Inc.', 0, 'QVDX', '0000-00-00 00:00:00'),
(2534, 'Rackable Systems, Inc.', 0, 'RACK', '0000-00-00 00:00:00'),
(2535, 'Rada Electronics Industries Limited', 0, 'RADI', '0000-00-00 00:00:00'),
(2536, 'Radcom Ltd.', 0, 'RDCM', '0000-00-00 00:00:00'),
(2537, 'Radiant Systems, Inc.', 0, 'RADS', '0000-00-00 00:00:00'),
(2538, 'Radiation Therapy Services, Inc.', 0, 'RTSX', '0000-00-00 00:00:00'),
(2539, 'Radio One, Inc.', 0, 'ROIA', '0000-00-00 00:00:00'),
(2540, 'Radio One, Inc.', 0, 'ROIAK', '0000-00-00 00:00:00'),
(2541, 'RadiSys Corporation', 0, 'RSYS', '0000-00-00 00:00:00'),
(2542, 'RADVision Ltd.', 0, 'RVSN', '0000-00-00 00:00:00'),
(2543, 'Radware Ltd.', 0, 'RDWR', '0000-00-00 00:00:00'),
(2544, 'Radyne Corporation', 0, 'RADN', '0000-00-00 00:00:00'),
(2545, 'Rainier Pacific Financial Group, Inc.', 0, 'RPFG', '0000-00-00 00:00:00'),
(2546, 'Raining Data Corporation', 0, 'RDTA', '0000-00-00 00:00:00'),
(2547, 'Rainmaker Systems, Inc.', 0, 'RMKR', '0000-00-00 00:00:00'),
(2548, 'RAM Energy Resources, Inc.', 0, 'RAME', '0000-00-00 00:00:00'),
(2549, 'RAM Energy Resources, Inc.', 0, 'RAMEU', '0000-00-00 00:00:00'),
(2550, 'RAM Energy Resources, Inc.', 0, 'RAMEW', '0000-00-00 00:00:00'),
(2551, 'RAM Holdings Ltd.', 0, 'RAMR', '0000-00-00 00:00:00'),
(2552, 'Rambus, Inc.', 0, 'RMBS', '0000-00-00 00:00:00'),
(2553, 'Ramtron International Corporation', 0, 'RMTR', '0000-00-00 00:00:00'),
(2554, 'Rand Capital Corporation', 0, 'RAND', '0000-00-00 00:00:00'),
(2555, 'Randgold Resources Limited', 0, 'GOLD', '0000-00-00 00:00:00'),
(2556, 'RARE Hospitality International  Inc.', 0, 'RARE', '0000-00-00 00:00:00'),
(2557, 'Raven Industries, Inc.', 0, 'RAVN', '0000-00-00 00:00:00'),
(2558, 'RBC Bearings Incorporated', 0, 'ROLL', '0000-00-00 00:00:00'),
(2559, 'RC2 Corporation', 0, 'RCRC', '0000-00-00 00:00:00'),
(2560, 'RCM Technologies, Inc.', 0, 'RCMT', '0000-00-00 00:00:00'),
(2561, 'RCN Corp.', 0, 'RCNI', '0000-00-00 00:00:00'),
(2562, 'RealNetworks, Inc.', 0, 'RNWK', '0000-00-00 00:00:00'),
(2563, 'Red Hat, Inc.', 0, 'RHAT', '0000-00-00 00:00:00'),
(2564, 'Red Robin Gourmet Burgers, Inc.', 0, 'RRGB', '0000-00-00 00:00:00'),
(2565, 'Redback Networks Inc.', 0, 'RBAK', '0000-00-00 00:00:00'),
(2566, 'RedEnvelope, Inc.', 0, 'REDE', '0000-00-00 00:00:00'),
(2567, 'Redhook Ale Brewery, Incorporated', 0, 'HOOK', '0000-00-00 00:00:00'),
(2568, 'Rediff.com India Limited', 0, 'REDF', '0000-00-00 00:00:00'),
(2569, 'Regency Energy Partners LP', 0, 'RGNC', '0000-00-00 00:00:00'),
(2570, 'Regeneration Technologies, Inc.', 0, 'RTIX', '0000-00-00 00:00:00'),
(2571, 'Regeneron Pharmaceuticals, Inc.', 0, 'REGN', '0000-00-00 00:00:00'),
(2572, 'Regent Communications, Inc.', 0, 'RGCI', '0000-00-00 00:00:00'),
(2573, 'Reinhold Industries, Inc.', 0, 'RNHDA', '0000-00-00 00:00:00'),
(2574, 'Reliv'' International, Inc.', 0, 'RELV', '0000-00-00 00:00:00'),
(2575, 'Renaissance Learning, Inc.', 0, 'RLRN', '0000-00-00 00:00:00'),
(2576, 'Renasant Corporation', 0, 'RNST', '0000-00-00 00:00:00'),
(2577, 'Renovis, Inc.', 0, 'RNVS', '0000-00-00 00:00:00'),
(2578, 'Rent-A-Center Inc.', 0, 'RCII', '0000-00-00 00:00:00'),
(2579, 'Rentrak Corporation', 0, 'RENT', '0000-00-00 00:00:00'),
(2580, 'Replidyne, Inc.', 0, 'RDYN', '0000-00-00 00:00:00'),
(2581, 'Repligen Corporation', 0, 'RGEN', '0000-00-00 00:00:00'),
(2582, 'Repros Therapeutics Inc.', 0, 'RPRX', '0000-00-00 00:00:00'),
(2583, 'Republic Airways Holdings, Inc.', 0, 'RJET', '0000-00-00 00:00:00'),
(2584, 'Republic Bancorp Inc.', 0, 'RBNC', '0000-00-00 00:00:00'),
(2585, 'Republic Bancorp Inc.', 0, 'RBNCP', '0000-00-00 00:00:00'),
(2586, 'Republic Bancorp, Inc.', 0, 'RBCAA', '0000-00-00 00:00:00'),
(2587, 'Republic Companies Group, Inc.', 0, 'RUTX', '0000-00-00 00:00:00'),
(2588, 'Republic First Bancorp, Inc.', 0, 'FRBK', '0000-00-00 00:00:00'),
(2589, 'Res-Care, Inc.', 0, 'RSCR', '0000-00-00 00:00:00'),
(2590, 'Research Frontiers Incorporated', 0, 'REFR', '0000-00-00 00:00:00'),
(2591, 'Research in Motion Limited', 0, 'RIMM', '0000-00-00 00:00:00'),
(2592, 'Resource America, Inc.', 0, 'REXI', '0000-00-00 00:00:00'),
(2593, 'Resources Connection, Inc.', 0, 'RECN', '0000-00-00 00:00:00'),
(2594, 'Respironics, Inc.', 0, 'RESP', '0000-00-00 00:00:00'),
(2595, 'Restoration Hardware, Inc.', 0, 'RSTO', '0000-00-00 00:00:00'),
(2596, 'Restore Medical, Inc.', 0, 'REST', '0000-00-00 00:00:00'),
(2597, 'Retalix Ltd.', 0, 'RTLX', '0000-00-00 00:00:00'),
(2598, 'Reuters Group PLC', 0, 'RTRSY', '0000-00-00 00:00:00'),
(2599, 'Rexam, Plc', 0, 'REXMY', '0000-00-00 00:00:00'),
(2600, 'RF Industries, Inc.', 0, 'RFIL', '0000-00-00 00:00:00'),
(2601, 'RF Micro Devices, Inc.', 0, 'RFMD', '0000-00-00 00:00:00'),
(2602, 'RF Monolithics, Inc.', 0, 'RFMI', '0000-00-00 00:00:00'),
(2603, 'RGC Resources Inc.', 0, 'RGCO', '0000-00-00 00:00:00'),
(2604, 'Richardson Electronics, Ltd.', 0, 'RELL', '0000-00-00 00:00:00'),
(2605, 'Rick''s Cabaret International, Inc.', 0, 'RICK', '0000-00-00 00:00:00'),
(2606, 'Rigel Pharmaceuticals, Inc.', 0, 'RIGL', '0000-00-00 00:00:00'),
(2607, 'RightNow Technologies, Inc.', 0, 'RNOW', '0000-00-00 00:00:00'),
(2608, 'Rimage Corporation', 0, 'RIMG', '0000-00-00 00:00:00'),
(2609, 'Rio Vista Energy Partners L.P.', 0, 'RVEP', '0000-00-00 00:00:00'),
(2610, 'RIT Technologies Ltd.', 0, 'RITT', '0000-00-00 00:00:00'),
(2611, 'RITA Medical Systems, Inc.', 0, 'RITA', '0000-00-00 00:00:00'),
(2612, 'River City Bank (Mechanicsville, VA)', 0, 'RCBK', '0000-00-00 00:00:00'),
(2613, 'River Valley Bancorp.', 0, 'RIVR', '0000-00-00 00:00:00'),
(2614, 'Riverbed Technology, Inc.', 0, 'RVBD', '0000-00-00 00:00:00'),
(2615, 'Riverview Bancorp Inc', 0, 'RVSB', '0000-00-00 00:00:00'),
(2616, 'Rochester Medical Corporation', 0, 'ROCM', '0000-00-00 00:00:00'),
(2617, 'Rock of Ages Corporation', 0, 'ROAC', '0000-00-00 00:00:00'),
(2618, 'Rockford Corporation', 0, 'ROFO', '0000-00-00 00:00:00'),
(2619, 'Rockville Financial, Inc.', 0, 'RCKB', '0000-00-00 00:00:00'),
(2620, 'Rockwell Medical Technologies, Inc.', 0, 'RMTI', '0000-00-00 00:00:00'),
(2621, 'Rocky Brands, Inc.', 0, 'RCKY', '0000-00-00 00:00:00'),
(2622, 'Rocky Mountain Chocolate Factory, Inc.', 0, 'RMCF', '0000-00-00 00:00:00'),
(2623, 'Rofin-Sinar Technologies, Inc.', 0, 'RSTI', '0000-00-00 00:00:00'),
(2624, 'Roma Financial Corporation', 0, 'ROMA', '0000-00-00 00:00:00'),
(2625, 'Rome Bancorp, Inc.', 0, 'ROME', '0000-00-00 00:00:00'),
(2626, 'Ronson Corporation', 0, 'RONC', '0000-00-00 00:00:00'),
(2627, 'Rosetta Genomics Ltd.', 0, 'ROSG', '0000-00-00 00:00:00'),
(2628, 'Rosetta Resources Inc.', 0, 'ROSE', '0000-00-00 00:00:00'),
(2629, 'Ross Stores, Inc.', 0, 'ROST', '0000-00-00 00:00:00'),
(2630, 'Rotech Healthcare Inc. NEW', 0, 'ROHI', '0000-00-00 00:00:00'),
(2631, 'Royal Bancshares of Pennsylvania, Inc.', 0, 'RBPAA', '0000-00-00 00:00:00'),
(2632, 'Royal Gold, Inc.', 0, 'RGLD', '0000-00-00 00:00:00'),
(2633, 'Royale Energy, Inc.', 0, 'ROYL', '0000-00-00 00:00:00'),
(2634, 'Royce Focus Trust, Inc.', 0, 'FUND', '0000-00-00 00:00:00'),
(2635, 'RTW, Inc.', 0, 'RTWI', '0000-00-00 00:00:00'),
(2636, 'Rubio''s Restaurants, Inc.', 0, 'RUBO', '0000-00-00 00:00:00'),
(2637, 'Rudolph Technologies, Inc.', 0, 'RTEC', '0000-00-00 00:00:00'),
(2638, 'Rural Cellular Corporation', 0, 'RCCC', '0000-00-00 00:00:00'),
(2639, 'Rural/Metro Corporation', 0, 'RURL', '0000-00-00 00:00:00'),
(2640, 'Rurban Financial Corp', 0, 'RBNF', '0000-00-00 00:00:00'),
(2641, 'Rush Enterprises, Inc.', 0, 'RUSHA', '0000-00-00 00:00:00'),
(2642, 'Rush Enterprises, Inc.', 0, 'RUSHB', '0000-00-00 00:00:00'),
(2643, 'Ruth''s Chris Steak House, Inc.', 0, 'RUTH', '0000-00-00 00:00:00'),
(2644, 'Ryan''s Restaurant Group, Inc.', 0, 'RYAN', '0000-00-00 00:00:00'),
(2645, 'Ryanair Holdings plc', 0, 'RYAAY', '0000-00-00 00:00:00'),
(2646, 'S&T Bancorp, Inc.', 0, 'STBA', '0000-00-00 00:00:00'),
(2647, 'S.Y. Bancorp, Inc.', 0, 'SYBT', '0000-00-00 00:00:00'),
(2648, 'S1 Corporation', 0, 'SONE', '0000-00-00 00:00:00'),
(2649, 'Saba Software, Inc.', 0, 'SABA', '0000-00-00 00:00:00'),
(2650, 'SAFECO Corporation', 0, 'SAFC', '0000-00-00 00:00:00'),
(2651, 'SafeNet Inc', 0, 'SFNT', '0000-00-00 00:00:00'),
(2652, 'Safety Insurance Group, Inc.', 0, 'SAFT', '0000-00-00 00:00:00'),
(2653, 'SAFLINK Corporation', 0, 'SFLK', '0000-00-00 00:00:00'),
(2654, 'Saia, Inc.', 0, 'SAIA', '0000-00-00 00:00:00'),
(2655, 'Saifun Semiconductors Ltd.', 0, 'SFUN', '0000-00-00 00:00:00'),
(2656, 'Salem Communications Corporation', 0, 'SALM', '0000-00-00 00:00:00'),
(2657, 'Salix Pharmaceuticals, Ltd.', 0, 'SLXP', '0000-00-00 00:00:00'),
(2658, 'Sanders Morris Harris Group, Inc.', 0, 'SMHG', '0000-00-00 00:00:00'),
(2659, 'Sanderson Farms, Inc.', 0, 'SAFM', '0000-00-00 00:00:00'),
(2660, 'SanDisk Corporation', 0, 'SNDK', '0000-00-00 00:00:00'),
(2661, 'Sands Regent (The)', 0, 'SNDS', '0000-00-00 00:00:00'),
(2662, 'Sandy Spring Bancorp, Inc.', 0, 'SASR', '0000-00-00 00:00:00'),
(2663, 'Sangamo BioSciences, Inc.', 0, 'SGMO', '0000-00-00 00:00:00'),
(2664, 'Sanmina-SCI Corporation', 0, 'SANM', '0000-00-00 00:00:00'),
(2665, 'Santarus, Inc.', 0, 'SNTS', '0000-00-00 00:00:00'),
(2666, 'Santos, Ltd.', 0, 'STOSY', '0000-00-00 00:00:00'),
(2667, 'Sanyo Electric Co., Ltd.', 0, 'SANYY', '0000-00-00 00:00:00'),
(2668, 'Sapiens International Corporation N.V.', 0, 'SPNS', '0000-00-00 00:00:00'),
(2669, 'Sapient Corporation', 0, 'SAPE', '0000-00-00 00:00:00'),
(2670, 'SatCon Technology Corporation', 0, 'SATC', '0000-00-00 00:00:00'),
(2671, 'Savannah Bancorp, Inc. (The)', 0, 'SAVB', '0000-00-00 00:00:00'),
(2672, 'Savient Pharmaceuticals Inc', 0, 'SVNT', '0000-00-00 00:00:00'),
(2673, 'SAVVIS, Inc.', 0, 'SVVS', '0000-00-00 00:00:00'),
(2674, 'SBA Communications Corporation', 0, 'SBAC', '0000-00-00 00:00:00'),
(2675, 'SBE, Inc.', 0, 'SBEI', '0000-00-00 00:00:00'),
(2676, 'ScanSource, Inc.', 0, 'SCSC', '0000-00-00 00:00:00'),
(2677, 'SCBT Financial Corporation', 0, 'SCBT', '0000-00-00 00:00:00'),
(2678, 'Schmitt Industries, Inc.', 0, 'SMIT', '0000-00-00 00:00:00'),
(2679, 'Schnitzer Steel Industries, Inc.', 0, 'SCHN', '0000-00-00 00:00:00'),
(2680, 'Scholastic Corporation', 0, 'SCHL', '0000-00-00 00:00:00'),
(2681, 'School Specialty, Inc.', 0, 'SCHS', '0000-00-00 00:00:00'),
(2682, 'SciClone Pharmaceuticals, Inc.', 0, 'SCLN', '0000-00-00 00:00:00'),
(2683, 'Sciele Pharma, Inc.', 0, 'SCRX', '0000-00-00 00:00:00'),
(2684, 'Scientific Games Corp', 0, 'SGMS', '0000-00-00 00:00:00'),
(2685, 'Scientific Learning Corporation', 0, 'SCIL', '0000-00-00 00:00:00'),
(2686, 'SCIENTIFIC TECH IN', 0, 'STIZ', '0000-00-00 00:00:00'),
(2687, 'SCM Microsystems, Inc.', 0, 'SCMM', '0000-00-00 00:00:00'),
(2688, 'SCO Group, Inc. (The)', 0, 'SCOX', '0000-00-00 00:00:00'),
(2689, 'Scopus Video Networks Ltd.', 0, 'SCOP', '0000-00-00 00:00:00'),
(2690, 'SeaBright Insurance Holdings, Inc.', 0, 'SEAB', '0000-00-00 00:00:00'),
(2691, 'SeaChange International, Inc.', 0, 'SEAC', '0000-00-00 00:00:00'),
(2692, 'Seacoast Banking Corporation of Florida', 0, 'SBCF', '0000-00-00 00:00:00'),
(2693, 'Sears Holdings Corporation', 0, 'SHLD', '0000-00-00 00:00:00'),
(2694, 'Seattle Genetics, Inc.', 0, 'SGEN', '0000-00-00 00:00:00'),
(2695, 'Secure Computing Corporation', 0, 'SCUR', '0000-00-00 00:00:00'),
(2696, 'Security Bank Corporation', 0, 'SBKC', '0000-00-00 00:00:00'),
(2697, 'Security National Financial Corporation', 0, 'SNFCA', '0000-00-00 00:00:00'),
(2698, 'Security With Advanced Technology, Inc.', 0, 'SWAT', '0000-00-00 00:00:00'),
(2699, 'Security With Advanced Technology, Inc.', 0, 'SWATW', '0000-00-00 00:00:00'),
(2700, 'SEI Investments Company', 0, 'SEIC', '0000-00-00 00:00:00'),
(2701, 'Select Comfort Corporation', 0, 'SCSS', '0000-00-00 00:00:00'),
(2702, 'Selectica, Inc.', 0, 'SLTC', '0000-00-00 00:00:00'),
(2703, 'Selective Insurance Group, Inc.', 0, 'SIGI', '0000-00-00 00:00:00'),
(2704, 'Semitool, Inc.', 0, 'SMTL', '0000-00-00 00:00:00'),
(2705, 'Semtech Corporation', 0, 'SMTC', '0000-00-00 00:00:00'),
(2706, 'Seneca Foods Corp.', 0, 'SENEA', '0000-00-00 00:00:00'),
(2707, 'Seneca Foods Corp.', 0, 'SENEB', '0000-00-00 00:00:00'),
(2708, 'Senomyx, Inc.', 0, 'SNMX', '0000-00-00 00:00:00'),
(2709, 'Sentigen Holding Corp.', 0, 'SGHL', '0000-00-00 00:00:00'),
(2710, 'Sento Corporation', 0, 'SNTO', '0000-00-00 00:00:00'),
(2711, 'Sepracor Inc.', 0, 'SEPR', '0000-00-00 00:00:00'),
(2712, 'Sequenom, Inc.', 0, 'SQNM', '0000-00-00 00:00:00'),
(2713, 'Servidyne, Inc.', 0, 'SERV', '0000-00-00 00:00:00'),
(2714, 'Severn Bancorp Inc', 0, 'SVBI', '0000-00-00 00:00:00'),
(2715, 'SGX Pharmaceuticals, Inc.', 0, 'SGXP', '0000-00-00 00:00:00'),
(2716, 'Shamir Optical Industry Ltd.', 0, 'SHMR', '0000-00-00 00:00:00'),
(2717, 'Shanda Interactive Entertainment Limited', 0, 'SNDA', '0000-00-00 00:00:00'),
(2718, 'Sharper Image Corporation', 0, 'SHRP', '0000-00-00 00:00:00'),
(2719, 'Shenandoah Telecommunications Co', 0, 'SHEN', '0000-00-00 00:00:00'),
(2720, 'Shiloh Industries, Inc.', 0, 'SHLO', '0000-00-00 00:00:00'),
(2721, 'Shire plc', 0, 'SHPGY', '0000-00-00 00:00:00'),
(2722, 'Shoe Carnival, Inc.', 0, 'SCVL', '0000-00-00 00:00:00'),
(2723, 'Shoe Pavilion, Inc', 0, 'SHOE', '0000-00-00 00:00:00'),
(2724, 'Shore Bancshares Inc', 0, 'SHBI', '0000-00-00 00:00:00'),
(2725, 'Shore Financial Corporation', 0, 'SHBK', '0000-00-00 00:00:00'),
(2726, 'Shuffle Master, Inc.', 0, 'SHFL', '0000-00-00 00:00:00'),
(2727, 'Shutterfly, Inc.', 0, 'SFLY', '0000-00-00 00:00:00'),
(2728, 'SI Financial Group, Inc.', 0, 'SIFI', '0000-00-00 00:00:00'),
(2729, 'SI International, Inc.', 0, 'SINT', '0000-00-00 00:00:00'),
(2730, 'Siebert Financial Corp.', 0, 'SIEB', '0000-00-00 00:00:00'),
(2731, 'Sierra Bancorp', 0, 'BSRR', '0000-00-00 00:00:00'),
(2732, 'Sierra Wireless, Inc.', 0, 'SWIR', '0000-00-00 00:00:00'),
(2733, 'Sify Limited', 0, 'SIFY', '0000-00-00 00:00:00'),
(2734, 'SIGA Technologies Inc.', 0, 'SIGA', '0000-00-00 00:00:00'),
(2735, 'Sigma Designs, Inc.', 0, 'SIGM', '0000-00-00 00:00:00'),
(2736, 'Sigma-Aldrich Corporation', 0, 'SIAL', '0000-00-00 00:00:00'),
(2737, 'Sigmatel, Inc.', 0, 'SGTL', '0000-00-00 00:00:00'),
(2738, 'SigmaTron International, Inc.', 0, 'SGMA', '0000-00-00 00:00:00'),
(2739, 'Signature Bank', 0, 'SBNY', '0000-00-00 00:00:00'),
(2740, 'Silgan Holdings, Inc.', 0, 'SLGN', '0000-00-00 00:00:00'),
(2741, 'Silicom Ltd', 0, 'SILC', '0000-00-00 00:00:00'),
(2742, 'Silicon Graphics, Inc.', 0, 'SGIC', '0000-00-00 00:00:00'),
(2743, 'Silicon Image, Inc.', 0, 'SIMG', '0000-00-00 00:00:00'),
(2744, 'Silicon Laboratories, Inc.', 0, 'SLAB', '0000-00-00 00:00:00'),
(2745, 'Silicon Motion Technology Corporation', 0, 'SIMO', '0000-00-00 00:00:00'),
(2746, 'Silicon Storage Technology, Inc.', 0, 'SSTI', '0000-00-00 00:00:00'),
(2747, 'Siliconware Precision Industries Company, Ltd.', 0, 'SPIL', '0000-00-00 00:00:00'),
(2748, 'Silver Standard Resources, Inc', 0, 'SSRI', '0000-00-00 00:00:00'),
(2749, 'Silverstar Holdings Ltd', 0, 'SSTR', '0000-00-00 00:00:00'),
(2750, 'Simclar, Inc.', 0, 'SIMC', '0000-00-00 00:00:00'),
(2751, 'Simmons First National Corporation', 0, 'SFNC', '0000-00-00 00:00:00'),
(2752, 'SimpleTech Inc', 0, 'STEC', '0000-00-00 00:00:00'),
(2753, 'Sina Corporation', 0, 'SINA', '0000-00-00 00:00:00'),
(2754, 'Sinclair Broadcast Group, Inc.', 0, 'SBGI', '0000-00-00 00:00:00'),
(2755, 'Sirenza Microdevices, Inc.', 0, 'SMDI', '0000-00-00 00:00:00'),
(2756, 'SiRF Technology Holdings, Inc.', 0, 'SIRF', '0000-00-00 00:00:00'),
(2757, 'Sirius Satellite Radio Inc.', 0, 'SIRI', '0000-00-00 00:00:00'),
(2758, 'Sirna Therapeutics, Inc.', 0, 'RNAI', '0000-00-00 00:00:00'),
(2759, 'Sirona Dental Systems, Inc.', 0, 'SIRO', '0000-00-00 00:00:00'),
(2760, 'SkillSoft plc', 0, 'SKIL', '0000-00-00 00:00:00'),
(2761, 'Sky Financial Group, Inc.', 0, 'SECDP', '0000-00-00 00:00:00'),
(2762, 'Sky Financial Group, Inc.', 0, 'SKYF', '0000-00-00 00:00:00'),
(2763, 'SkyePharma PLC', 0, 'SKYE', '0000-00-00 00:00:00'),
(2764, 'SkyWest, Inc.', 0, 'SKYW', '0000-00-00 00:00:00'),
(2765, 'Skyworks Solutions, Inc.', 0, 'SWKS', '0000-00-00 00:00:00'),
(2766, 'Slade''s Ferry Bancorp', 0, 'SFBC', '0000-00-00 00:00:00'),
(2767, 'SM&A', 0, 'WINS', '0000-00-00 00:00:00'),
(2768, 'SMART Modular Technologies (WWH), Inc.', 0, 'SMOD', '0000-00-00 00:00:00'),
(2769, 'Smith & Wesson Holding Corporation', 0, 'SWHC', '0000-00-00 00:00:00'),
(2770, 'Smith & Wollensky Restaurant Group, Inc. (The)', 0, 'SWRG', '0000-00-00 00:00:00'),
(2771, 'Smith Micro Software, Inc.', 0, 'SMSI', '0000-00-00 00:00:00'),
(2772, 'Smithtown Bancorp Inc', 0, 'SMTB', '0000-00-00 00:00:00'),
(2773, 'Smithway Motor Xpress Corp.', 0, 'SMXC', '0000-00-00 00:00:00'),
(2774, 'SMTC Corporation', 0, 'SMTX', '0000-00-00 00:00:00'),
(2775, 'Smurfit-Stone Container Corporation', 0, 'SSCC', '0000-00-00 00:00:00'),
(2776, 'Smurfit-Stone Container Corporation', 0, 'SSCCP', '0000-00-00 00:00:00'),
(2777, 'Socket Communications, Inc.', 0, 'SCKT', '0000-00-00 00:00:00'),
(2778, 'Sohu.com Inc.', 0, 'SOHU', '0000-00-00 00:00:00'),
(2779, 'Solexa, Inc.', 0, 'SLXA', '0000-00-00 00:00:00'),
(2780, 'Somanetics Corporation', 0, 'SMTS', '0000-00-00 00:00:00'),
(2781, 'Somaxon Pharmaceuticals, Inc.', 0, 'SOMX', '0000-00-00 00:00:00'),
(2782, 'Somerset Hills Bancorp', 0, 'SOMH', '0000-00-00 00:00:00'),
(2783, 'Somerset Hills Bancorp', 0, 'SOMHW', '0000-00-00 00:00:00'),
(2784, 'Sonesta International Hotels Corporation', 0, 'SNSTA', '0000-00-00 00:00:00'),
(2785, 'Sonic Corp.', 0, 'SONC', '0000-00-00 00:00:00'),
(2786, 'Sonic Foundry, Inc.', 0, 'SOFO', '0000-00-00 00:00:00'),
(2787, 'Sonic Innovations, Inc.', 0, 'SNCI', '0000-00-00 00:00:00'),
(2788, 'Sonic Solutions', 0, 'SNIC', '0000-00-00 00:00:00'),
(2789, 'SonicWALL, Inc.', 0, 'SNWL', '0000-00-00 00:00:00'),
(2790, 'SonoSite, Inc.', 0, 'SONO', '0000-00-00 00:00:00'),
(2791, 'Sontra Medical Corporation', 0, 'SONT', '0000-00-00 00:00:00'),
(2792, 'Sonus Networks, Inc.', 0, 'SONS', '0000-00-00 00:00:00'),
(2793, 'SONUS Pharmaceuticals, Inc.', 0, 'SNUS', '0000-00-00 00:00:00'),
(2794, 'SORL Auto Parts, Inc.', 0, 'SORL', '0000-00-00 00:00:00'),
(2795, 'Source Interlink Companies, Inc.', 0, 'SORC', '0000-00-00 00:00:00'),
(2796, 'South Financial Group Inc. (The)', 0, 'TSFG', '0000-00-00 00:00:00'),
(2797, 'South Street Financial Corporation', 0, 'SSFC', '0000-00-00 00:00:00'),
(2798, 'Southcoast Financial Corporation', 0, 'SOCB', '0000-00-00 00:00:00'),
(2799, 'Southern Community Financial Corporation', 0, 'SCMF', '0000-00-00 00:00:00'),
(2800, 'Southern Community Financial Corporation', 0, 'SCMFO', '0000-00-00 00:00:00'),
(2801, 'Southern Missouri Bancorp, Inc.', 0, 'SMBC', '0000-00-00 00:00:00'),
(2802, 'Southside Bancshares, Inc.', 0, 'SBSI', '0000-00-00 00:00:00'),
(2803, 'Southwest Bancorp, Inc.', 0, 'OKSB', '0000-00-00 00:00:00'),
(2804, 'Southwest Water Company', 0, 'SWWC', '0000-00-00 00:00:00'),
(2805, 'Sovereign Bancorp, Inc.', 0, 'SCFSP', '0000-00-00 00:00:00'),
(2806, 'SPACEHAB, Incorporated', 0, 'SPAB', '0000-00-00 00:00:00'),
(2807, 'Span-America Medical Systems, Inc.', 0, 'SPAN', '0000-00-00 00:00:00'),
(2808, 'Spanish Broadcasting System, Inc.', 0, 'SBSA', '0000-00-00 00:00:00'),
(2809, 'Spansion Inc.', 0, 'SPSN', '0000-00-00 00:00:00'),
(2810, 'SPAR Group, Inc.', 0, 'SGRP', '0000-00-00 00:00:00'),
(2811, 'Spartan Motors, Inc.', 0, 'SPAR', '0000-00-00 00:00:00'),
(2812, 'Spartan Stores, Inc.', 0, 'SPTN', '0000-00-00 00:00:00'),
(2813, 'SpatiaLight, Inc.', 0, 'HDTV', '0000-00-00 00:00:00'),
(2814, 'Specialty Underwriters'' Alliance, Inc.', 0, 'SUAI', '0000-00-00 00:00:00'),
(2815, 'SpectraLink Corporation', 0, 'SLNK', '0000-00-00 00:00:00'),
(2816, 'Spectranetics Corporation (The)', 0, 'SPNC', '0000-00-00 00:00:00'),
(2817, 'Spectrum Control, Inc.', 0, 'SPEC', '0000-00-00 00:00:00'),
(2818, 'Spectrum Pharmaceuticals, Inc.', 0, 'SPPI', '0000-00-00 00:00:00'),
(2819, 'Spectrum Signal Processing Inc.', 0, 'SSPI', '0000-00-00 00:00:00'),
(2820, 'Speedus Corp.', 0, 'SPDE', '0000-00-00 00:00:00'),
(2821, 'Spherix Incorporated', 0, 'SPEX', '0000-00-00 00:00:00'),
(2822, 'Spire Corporation', 0, 'SPIR', '0000-00-00 00:00:00'),
(2823, 'Sport Chalet, Inc.', 0, 'SPCHA', '0000-00-00 00:00:00'),
(2824, 'Sport Chalet, Inc.', 0, 'SPCHB', '0000-00-00 00:00:00'),
(2825, 'Sport-Haley, Inc.', 0, 'SPOR', '0000-00-00 00:00:00'),
(2826, 'SPSS Inc.', 0, 'SPSS', '0000-00-00 00:00:00'),
(2827, 'SRI/Surgical Express, Inc.', 0, 'STRC', '0000-00-00 00:00:00'),
(2828, 'SRS Labs, Inc.', 0, 'SRSL', '0000-00-00 00:00:00'),
(2829, 'St Joseph Capital Corp', 0, 'SJOE', '0000-00-00 00:00:00'),
(2830, 'STAAR Surgical Company', 0, 'STAA', '0000-00-00 00:00:00'),
(2831, 'Staktek Holdings, Inc.', 0, 'STAK', '0000-00-00 00:00:00'),
(2832, 'Stamps.com Inc.', 0, 'STMP', '0000-00-00 00:00:00'),
(2833, 'Standard Microsystems Corporation', 0, 'SMSC', '0000-00-00 00:00:00'),
(2834, 'Standard Parking Corporation', 0, 'STAN', '0000-00-00 00:00:00'),
(2835, 'Stanley Furniture Company, Inc.', 0, 'STLY', '0000-00-00 00:00:00'),
(2836, 'Staples, Inc.', 0, 'SPLS', '0000-00-00 00:00:00'),
(2837, 'Star Buffet, Inc.', 0, 'STRZ', '0000-00-00 00:00:00'),
(2838, 'Star Scientific, Inc.', 0, 'STSI', '0000-00-00 00:00:00'),
(2839, 'Starbucks Corporation', 0, 'SBUX', '0000-00-00 00:00:00'),
(2840, 'State Auto Financial Corporation', 0, 'STFC', '0000-00-00 00:00:00'),
(2841, 'State Bancorp, Inc.', 0, 'STBC', '0000-00-00 00:00:00'),
(2842, 'State National Bancshares, Inc.', 0, 'SNBI', '0000-00-00 00:00:00'),
(2843, 'STATS ChipPAC Ltd.', 0, 'STTS', '0000-00-00 00:00:00'),
(2844, 'StealthGas, Inc.', 0, 'GASS', '0000-00-00 00:00:00'),
(2845, 'Steel Dynamics, Inc.', 0, 'STLD', '0000-00-00 00:00:00'),
(2846, 'Steel Technologies Inc.', 0, 'STTX', '0000-00-00 00:00:00'),
(2847, 'SteelCloud Inc.', 0, 'SCLD', '0000-00-00 00:00:00'),
(2848, 'Stein Mart, Inc.', 0, 'SMRT', '0000-00-00 00:00:00'),
(2849, 'Steiner Leisure Limited', 0, 'STNR', '0000-00-00 00:00:00'),
(2850, 'Stellent, Inc.', 0, 'STEL', '0000-00-00 00:00:00'),
(2851, 'StemCells, Inc.', 0, 'STEM', '0000-00-00 00:00:00'),
(2852, 'STEN Corporation', 0, 'STEN', '0000-00-00 00:00:00'),
(2853, 'Stereotaxis, Inc.', 0, 'STXS', '0000-00-00 00:00:00'),
(2854, 'Stericycle, Inc.', 0, 'SRCL', '0000-00-00 00:00:00'),
(2855, 'Sterling Bancshares, Inc.', 0, 'SBIB', '0000-00-00 00:00:00'),
(2856, 'Sterling Bancshares, Inc.', 0, 'SBIBN', '0000-00-00 00:00:00'),
(2857, 'Sterling Bank', 0, 'STNJ', '0000-00-00 00:00:00'),
(2858, 'Sterling Construction Company Inc', 0, 'STRL', '0000-00-00 00:00:00'),
(2859, 'Sterling Financial Corporation', 0, 'SLFI', '0000-00-00 00:00:00'),
(2860, 'Sterling Financial Corporation', 0, 'STSA', '0000-00-00 00:00:00'),
(2861, 'Steven Madden, Ltd.', 0, 'SHOO', '0000-00-00 00:00:00'),
(2862, 'Stewart Enterprises, Inc.', 0, 'STEI', '0000-00-00 00:00:00'),
(2863, 'StockerYale Inc.', 0, 'STKR', '0000-00-00 00:00:00'),
(2864, 'Stolt-Nielsen S.A.', 0, 'SNSA', '0000-00-00 00:00:00'),
(2865, 'StoneMor Partners L.P.', 0, 'STON', '0000-00-00 00:00:00'),
(2866, 'Stratagene Corporation', 0, 'STGN', '0000-00-00 00:00:00'),
(2867, 'Stratasys, Inc.', 0, 'SSYS', '0000-00-00 00:00:00'),
(2868, 'Strategic Diagnostics Inc.', 0, 'SDIX', '0000-00-00 00:00:00'),
(2869, 'Strategic Distribution, Inc.', 0, 'STRD', '0000-00-00 00:00:00'),
(2870, 'Stratex Networks Inc', 0, 'STXN', '0000-00-00 00:00:00'),
(2871, 'Stratos International, Inc.', 0, 'STLW', '0000-00-00 00:00:00'),
(2872, 'Strattec Security Corporation', 0, 'STRT', '0000-00-00 00:00:00'),
(2873, 'Stratus Properties, Inc.', 0, 'STRS', '0000-00-00 00:00:00'),
(2874, 'Strayer Education, Inc.', 0, 'STRA', '0000-00-00 00:00:00'),
(2875, 'Streamline Health Solutions, Inc.', 0, 'STRM', '0000-00-00 00:00:00'),
(2876, 'Streicher Mobile Fueling, Inc.', 0, 'FUEL', '0000-00-00 00:00:00'),
(2877, 'Suffolk Bancorp', 0, 'SUBK', '0000-00-00 00:00:00'),
(2878, 'SuffolkFirst Bank', 0, 'SUFB', '0000-00-00 00:00:00'),
(2879, 'Summit Bancshares, Inc.', 0, 'SBIT', '0000-00-00 00:00:00'),
(2880, 'Summit Bank Corporation', 0, 'SBGA', '0000-00-00 00:00:00'),
(2881, 'Summit Financial Group, Inc.', 0, 'SMMF', '0000-00-00 00:00:00'),
(2882, 'Summit State Bank', 0, 'SSBI', '0000-00-00 00:00:00'),
(2883, 'SumTotal Systems, Inc.', 0, 'SUMT', '0000-00-00 00:00:00'),
(2884, 'Sun Bancorp, Inc.', 0, 'SNBC', '0000-00-00 00:00:00'),
(2885, 'Sun Healthcare Group, Inc.', 0, 'SUNH', '0000-00-00 00:00:00'),
(2886, 'Sun Hydraulics Corporation', 0, 'SNHY', '0000-00-00 00:00:00'),
(2887, 'Sun Microsystems, Inc.', 0, 'SUNW', '0000-00-00 00:00:00'),
(2888, 'SUNDAY Communications Limited', 0, 'SDAY', '0000-00-00 00:00:00'),
(2889, 'Sunesis Pharmaceuticals, Inc.', 0, 'SNSS', '0000-00-00 00:00:00'),
(2890, 'SunOpta, Inc.', 0, 'STKL', '0000-00-00 00:00:00'),
(2891, 'SunPower Corporation', 0, 'SPWR', '0000-00-00 00:00:00'),
(2892, 'Suntron Corporation', 0, 'SUNN', '0000-00-00 00:00:00'),
(2893, 'Super Vision International, Inc.', 0, 'SUPVA', '0000-00-00 00:00:00'),
(2894, 'Superconductor Technologies Inc.', 0, 'SCON', '0000-00-00 00:00:00'),
(2895, 'SuperGen, Inc.', 0, 'SUPG', '0000-00-00 00:00:00'),
(2896, 'Superior Bancorp', 0, 'SUPR', '0000-00-00 00:00:00'),
(2897, 'Superior Essex Inc', 0, 'SPSX', '0000-00-00 00:00:00'),
(2898, 'Superior Well Services, Inc.', 0, 'SWSI', '0000-00-00 00:00:00'),
(2899, 'Supertel Hospitality, Inc.', 0, 'SPPR', '0000-00-00 00:00:00'),
(2900, 'Supertel Hospitality, Inc.', 0, 'SPPRP', '0000-00-00 00:00:00'),
(2901, 'Supertex, Inc.', 0, 'SUPX', '0000-00-00 00:00:00'),
(2902, 'SupportSoft Inc.', 0, 'SPRT', '0000-00-00 00:00:00'),
(2903, 'SureWest Communications', 0, 'SURW', '0000-00-00 00:00:00'),
(2904, 'SurModics, Inc.', 0, 'SRDX', '0000-00-00 00:00:00'),
(2905, 'Susquehanna Bancshares, Inc.', 0, 'SUSQ', '0000-00-00 00:00:00'),
(2906, 'Susser Holdings Corporation', 0, 'SUSS', '0000-00-00 00:00:00'),
(2907, 'Sussex Bancorp', 0, 'SBBX', '0000-00-00 00:00:00'),
(2908, 'Sutron Corporation', 0, 'STRN', '0000-00-00 00:00:00'),
(2909, 'SVB Financial Group', 0, 'SIVB', '0000-00-00 00:00:00'),
(2910, 'SVB Financial Group', 0, 'SIVBO', '0000-00-00 00:00:00'),
(2911, 'Swift Transportation Co., Inc.', 0, 'SWFT', '0000-00-00 00:00:00'),
(2912, 'Sycamore Networks, Inc.', 0, 'SCMR', '0000-00-00 00:00:00'),
(2913, 'Sykes Enterprises, Incorporated', 0, 'SYKE', '0000-00-00 00:00:00'),
(2914, 'Symantec Corporation', 0, 'SYMC', '0000-00-00 00:00:00'),
(2915, 'Symbion, Inc.', 0, 'SMBI', '0000-00-00 00:00:00'),
(2916, 'Symmetricom, Inc.', 0, 'SYMM', '0000-00-00 00:00:00'),
(2917, 'Symyx Technologies, Inc.', 0, 'SMMX', '0000-00-00 00:00:00'),
(2918, 'Synagro Technologies, Inc.', 0, 'SYGR', '0000-00-00 00:00:00'),
(2919, 'Synalloy Corporation', 0, 'SYNL', '0000-00-00 00:00:00'),
(2920, 'Synaptics Incorporated', 0, 'SYNA', '0000-00-00 00:00:00'),
(2921, 'Synchronoss Technologies, Inc.', 0, 'SNCR', '0000-00-00 00:00:00'),
(2922, 'Synergetics USA, Inc.', 0, 'SURG', '0000-00-00 00:00:00'),
(2923, 'SYNERGX Systems Inc.', 0, 'SYNX', '0000-00-00 00:00:00'),
(2924, 'Synergy Brands Inc.', 0, 'SYBR', '0000-00-00 00:00:00'),
(2925, 'Synergy Financial Group, Inc.', 0, 'SYNF', '0000-00-00 00:00:00'),
(2926, 'Syneron Medical Ltd.', 0, 'ELOS', '0000-00-00 00:00:00'),
(2927, 'Synopsys, Inc.', 0, 'SNPS', '0000-00-00 00:00:00'),
(2928, 'Synovis Life Technologies, Inc.', 0, 'SYNO', '0000-00-00 00:00:00'),
(2929, 'Synplicity, Inc.', 0, 'SYNP', '0000-00-00 00:00:00'),
(2930, 'Syntax-Brillian Corporation', 0, 'BRLC', '0000-00-00 00:00:00'),
(2931, 'Syntel, Inc.', 0, 'SYNT', '0000-00-00 00:00:00'),
(2932, 'Syntroleum Corporation', 0, 'SYNM', '0000-00-00 00:00:00'),
(2933, 'Syntroleum Corporation', 0, 'SYNMW', '0000-00-00 00:00:00'),
(2934, 'Syntroleum Corporation', 0, 'SYNMZ', '0000-00-00 00:00:00'),
(2935, 'Sypris Solutions, Inc.', 0, 'SYPR', '0000-00-00 00:00:00'),
(2936, 'Systems Xcellence Inc.', 0, 'SXCI', '0000-00-00 00:00:00'),
(2937, 'T-3 Energy Services Inc', 0, 'TTES', '0000-00-00 00:00:00'),
(2938, 'T. Rowe Price Group, Inc.', 0, 'TROW', '0000-00-00 00:00:00'),
(2939, 'Taitron Components Incorporated', 0, 'TAIT', '0000-00-00 00:00:00'),
(2940, 'Take-Two Interactive Software, Inc.', 0, 'TTWO', '0000-00-00 00:00:00'),
(2941, 'Taleo Corporation', 0, 'TLEO', '0000-00-00 00:00:00'),
(2942, 'Talk America Holdings Inc.', 0, 'TALK', '0000-00-00 00:00:00'),
(2943, 'TALX Corporation', 0, 'TALX', '0000-00-00 00:00:00'),
(2944, 'Tandy Brands Accessories, Inc.', 0, 'TBAC', '0000-00-00 00:00:00'),
(2945, 'Tanox, Inc.', 0, 'TNOX', '0000-00-00 00:00:00'),
(2946, 'Tapestry Pharmaceuticals, Inc.', 0, 'TPPH', '0000-00-00 00:00:00'),
(2947, 'Targacept, Inc.', 0, 'TRGT', '0000-00-00 00:00:00'),
(2948, 'Targeted Genetics Corporation', 0, 'TGEN', '0000-00-00 00:00:00'),
(2949, 'Taro Pharmaceutical Industries Ltd.', 0, 'TARO', '0000-00-00 00:00:00'),
(2950, 'Tarragon Corporation', 0, 'TARR', '0000-00-00 00:00:00'),
(2951, 'Tarrant Apparel Group', 0, 'TAGS', '0000-00-00 00:00:00'),
(2952, 'TASER International, Inc.', 0, 'TASR', '0000-00-00 00:00:00'),
(2953, 'Tasty Baking Company', 0, 'TSTY', '0000-00-00 00:00:00'),
(2954, 'TAT Technologies Ltd.', 0, 'TATTF', '0000-00-00 00:00:00'),
(2955, 'Taylor Capital Group, Inc.', 0, 'TAYC', '0000-00-00 00:00:00'),
(2956, 'Taylor Capital Group, Inc.', 0, 'TAYCP', '0000-00-00 00:00:00'),
(2957, 'Taylor Devices, Inc.', 0, 'TAYD', '0000-00-00 00:00:00'),
(2958, 'TB Wood''s Corporation', 0, 'TBWC', '0000-00-00 00:00:00'),
(2959, 'TBS International Limited', 0, 'TBSI', '0000-00-00 00:00:00'),
(2960, 'TC PipeLines, LP', 0, 'TCLP', '0000-00-00 00:00:00'),
(2961, 'TD Ameritrade Holding Corporation', 0, 'AMTD', '0000-00-00 00:00:00'),
(2962, 'Team Financial, Inc.', 0, 'TFIN', '0000-00-00 00:00:00'),
(2963, 'TeamStaff, Inc.', 0, 'TSTF', '0000-00-00 00:00:00'),
(2964, 'Tech Data Corporation', 0, 'TECD', '0000-00-00 00:00:00'),
(2965, 'Techne Corporation', 0, 'TECH', '0000-00-00 00:00:00'),
(2966, 'Technology Investment Capital Corp.', 0, 'TICC', '0000-00-00 00:00:00'),
(2967, 'Technology Research Corporation', 0, 'TRCI', '0000-00-00 00:00:00'),
(2968, 'Technology Solutions Company', 0, 'TSCC', '0000-00-00 00:00:00'),
(2969, 'TechTeam Global, Inc.', 0, 'TEAM', '0000-00-00 00:00:00'),
(2970, 'Techwell, Inc.', 0, 'TWLL', '0000-00-00 00:00:00'),
(2971, 'Tecumseh Products Company', 0, 'TECUA', '0000-00-00 00:00:00'),
(2972, 'Tecumseh Products Company', 0, 'TECUB', '0000-00-00 00:00:00'),
(2973, 'Tegal Corporation', 0, 'TGAL', '0000-00-00 00:00:00'),
(2974, 'Tekelec', 0, 'TKLC', '0000-00-00 00:00:00'),
(2975, 'TEL Offshore Trust', 0, 'TELOZ', '0000-00-00 00:00:00'),
(2976, 'TeleCommunication Systems, Inc.', 0, 'TSYS', '0000-00-00 00:00:00'),
(2977, 'Telefonos de Mexico', 0, 'TFONY', '0000-00-00 00:00:00'),
(2978, 'Telenor ASA', 0, 'TELN', '0000-00-00 00:00:00'),
(2979, 'Telestone Technologies Corp.', 0, 'TSTC', '0000-00-00 00:00:00'),
(2980, 'TeleTech Holdings, Inc.', 0, 'TTEC', '0000-00-00 00:00:00'),
(2981, 'Telik, Inc.', 0, 'TELK', '0000-00-00 00:00:00'),
(2982, 'Tellabs, Inc.', 0, 'TLAB', '0000-00-00 00:00:00'),
(2983, 'Telular Corporation', 0, 'WRLS', '0000-00-00 00:00:00'),
(2984, 'Telvent GIT, S.A.', 0, 'TLVT', '0000-00-00 00:00:00'),
(2985, 'Temecula Valley Bancorp Inc. (CA)', 0, 'TMCV', '0000-00-00 00:00:00'),
(2986, 'Tennessee Commerce Bancorp, Inc. (TN)', 0, 'TNCC', '0000-00-00 00:00:00');
INSERT INTO `pwf_company` (`id`, `name`, `f`, `ticker`, `created`) VALUES
(2987, 'Terabeam, Inc.', 0, 'TRBM', '0000-00-00 00:00:00'),
(2988, 'Tercica, Inc.', 0, 'TRCA', '0000-00-00 00:00:00'),
(2989, 'Tesco Corporation', 0, 'TESOF', '0000-00-00 00:00:00'),
(2990, 'TESSCO Technologies Incorporated', 0, 'TESS', '0000-00-00 00:00:00'),
(2991, 'Tessera Technologies, Inc.', 0, 'TSRA', '0000-00-00 00:00:00'),
(2992, 'Tetra Tech, Inc.', 0, 'TTEK', '0000-00-00 00:00:00'),
(2993, 'Teva Pharmaceutical Industries Limited', 0, 'TEVA', '0000-00-00 00:00:00'),
(2994, 'Texas Capital Bancshares, Inc.', 0, 'TCBI', '0000-00-00 00:00:00'),
(2995, 'Texas Regional Bancshares, Inc.', 0, 'TRBS', '0000-00-00 00:00:00'),
(2996, 'Texas Roadhouse, Inc.', 0, 'TXRH', '0000-00-00 00:00:00'),
(2997, 'Texas United Bancshares, Inc.', 0, 'TXUI', '0000-00-00 00:00:00'),
(2998, 'TF Financial Corporation', 0, 'THRD', '0000-00-00 00:00:00'),
(2999, 'The Aristotle Corporation', 0, 'ARTL', '0000-00-00 00:00:00'),
(3000, 'The Aristotle Corporation', 0, 'ARTLP', '0000-00-00 00:00:00'),
(3001, 'The Bancorp, Inc.', 0, 'TBBK', '0000-00-00 00:00:00'),
(3002, 'The Bank Holdings, Inc.', 0, 'TBHS', '0000-00-00 00:00:00'),
(3003, 'The Exploration Company', 0, 'TXCO', '0000-00-00 00:00:00'),
(3004, 'The Providence Service Corporation', 0, 'PRSC', '0000-00-00 00:00:00'),
(3005, 'The9 Limited', 0, 'NCTY', '0000-00-00 00:00:00'),
(3006, 'Theravance, Inc.', 0, 'THRX', '0000-00-00 00:00:00'),
(3007, 'Therma-Wave, Inc.', 0, 'TWAV', '0000-00-00 00:00:00'),
(3008, 'THERMOGENESIS Corp.', 0, 'KOOL', '0000-00-00 00:00:00'),
(3009, 'TheStreet.com, Inc.', 0, 'TSCM', '0000-00-00 00:00:00'),
(3010, 'Third Wave Technologies, Inc.', 0, 'TWTI', '0000-00-00 00:00:00'),
(3011, 'Thomas Group, Inc.', 0, 'TGIS', '0000-00-00 00:00:00'),
(3012, 'Thomas Properties Group, Inc.', 0, 'TPGI', '0000-00-00 00:00:00'),
(3013, 'Thomas Weisel Partners Group, Inc.', 0, 'TWPG', '0000-00-00 00:00:00'),
(3014, 'Thoratec Corporation', 0, 'THOR', '0000-00-00 00:00:00'),
(3015, 'THQ Inc.', 0, 'THQI', '0000-00-00 00:00:00'),
(3016, 'Threshold Pharmaceuticals, Inc.', 0, 'THLD', '0000-00-00 00:00:00'),
(3017, 'TIB Financial Corporation', 0, 'TIBB', '0000-00-00 00:00:00'),
(3018, 'TIBCO Software, Inc.', 0, 'TIBX', '0000-00-00 00:00:00'),
(3019, 'Tidelands Bancshares, Inc.', 0, 'TDBK', '0000-00-00 00:00:00'),
(3020, 'TierOne Corporation', 0, 'TONE', '0000-00-00 00:00:00'),
(3021, 'TII Network Technologies, Inc.', 0, 'TIII', '0000-00-00 00:00:00'),
(3022, 'Timberland Bancorp, Inc.', 0, 'TSBK', '0000-00-00 00:00:00'),
(3023, 'Time Warner Telecom Inc.', 0, 'TWTC', '0000-00-00 00:00:00'),
(3024, 'TiVo Inc.', 0, 'TIVO', '0000-00-00 00:00:00'),
(3025, 'TLC Vision Corporation', 0, 'TLCV', '0000-00-00 00:00:00'),
(3026, 'Tollgrade Communications, Inc.', 0, 'TLGD', '0000-00-00 00:00:00'),
(3027, 'Tom Online Inc.', 0, 'TOMO', '0000-00-00 00:00:00'),
(3028, 'Top Image Systems, Ltd.', 0, 'TISA', '0000-00-00 00:00:00'),
(3029, 'TOP Tankers Inc.', 0, 'TOPT', '0000-00-00 00:00:00'),
(3030, 'Topps Company, Inc. (The)', 0, 'TOPP', '0000-00-00 00:00:00'),
(3031, 'TOR Minerals International Inc', 0, 'TORM', '0000-00-00 00:00:00'),
(3032, 'Toreador Resources Corporation', 0, 'TRGL', '0000-00-00 00:00:00'),
(3033, 'TorreyPines Therapeutics, Inc.', 0, 'TPTX', '0000-00-00 00:00:00'),
(3034, 'Tower Financial Corporation', 0, 'TOFC', '0000-00-00 00:00:00'),
(3035, 'Tower Group, Inc.', 0, 'TWGP', '0000-00-00 00:00:00'),
(3036, 'Tower Semiconductor Ltd.', 0, 'TSEM', '0000-00-00 00:00:00'),
(3037, 'Tower Semiconductor Ltd.', 0, 'TSEMG', '0000-00-00 00:00:00'),
(3038, 'Town Sports International Holdings, Inc.', 0, 'CLUB', '0000-00-00 00:00:00'),
(3039, 'Track Data Corporation', 0, 'TRAC', '0000-00-00 00:00:00'),
(3040, 'Tractor Supply Company', 0, 'TSCO', '0000-00-00 00:00:00'),
(3041, 'TradeStation Group Inc', 0, 'TRAD', '0000-00-00 00:00:00'),
(3042, 'Traffic.com, Inc.', 0, 'TRFC', '0000-00-00 00:00:00'),
(3043, 'Traffix, Inc.', 0, 'TRFX', '0000-00-00 00:00:00'),
(3044, 'Trailer Bridge, Inc.', 0, 'TRBR', '0000-00-00 00:00:00'),
(3045, 'Trans World Entertainment Corp.', 0, 'TWMC', '0000-00-00 00:00:00'),
(3046, 'TransAct Technologies Incorporated', 0, 'TACT', '0000-00-00 00:00:00'),
(3047, 'Transaction Systems Architects , Inc.', 0, 'TSAI', '0000-00-00 00:00:00'),
(3048, 'Transcat, Inc.', 0, 'TRNS', '0000-00-00 00:00:00'),
(3049, 'Transcend Services, Inc.', 0, 'TRCR', '0000-00-00 00:00:00'),
(3050, 'Transgenomic, Inc.', 0, 'TBIO', '0000-00-00 00:00:00'),
(3051, 'Transmeta Corporation', 0, 'TMTA', '0000-00-00 00:00:00'),
(3052, 'TranSwitch Corporation', 0, 'TXCC', '0000-00-00 00:00:00'),
(3053, 'Travelzoo Inc', 0, 'TZOO', '0000-00-00 00:00:00'),
(3054, 'Trend Micro Incorporated', 0, 'TMIC', '0000-00-00 00:00:00'),
(3055, 'Tri-S Security Corporation', 0, 'TRIS', '0000-00-00 00:00:00'),
(3056, 'Tri-S Security Corporation', 0, 'TRISW', '0000-00-00 00:00:00'),
(3057, 'Triad Guaranty Inc.', 0, 'TGIC', '0000-00-00 00:00:00'),
(3058, 'TriCo Bancshares', 0, 'TCBK', '0000-00-00 00:00:00'),
(3059, 'Trico Marine Services, Inc.', 0, 'TRMA', '0000-00-00 00:00:00'),
(3060, 'Trident Microsystems, Inc.', 0, 'TRID', '0000-00-00 00:00:00'),
(3061, 'Trimble Navigation Limited', 0, 'TRMB', '0000-00-00 00:00:00'),
(3062, 'Trimeris, Inc.', 0, 'TRMS', '0000-00-00 00:00:00'),
(3063, 'Trinity Biotech plc', 0, 'TRIB', '0000-00-00 00:00:00'),
(3064, 'Trintech Group PLC', 0, 'TTPA', '0000-00-00 00:00:00'),
(3065, 'TriPath Imaging Inc.', 0, 'TPTH', '0000-00-00 00:00:00'),
(3066, 'Triple Crown Media, Inc.', 0, 'TCMI', '0000-00-00 00:00:00'),
(3067, 'Tripos, Inc.', 0, 'TRPS', '0000-00-00 00:00:00'),
(3068, 'TriQuint Semiconductor, Inc.', 0, 'TQNT', '0000-00-00 00:00:00'),
(3069, 'TriZetto Group, Inc. (The)', 0, 'TZIX', '0000-00-00 00:00:00'),
(3070, 'TRM Corporation', 0, 'TRMM', '0000-00-00 00:00:00'),
(3071, 'Trubion Pharmaceuticals,  Inc.', 0, 'TRBN', '0000-00-00 00:00:00'),
(3072, 'True Religion Apparel, Inc.', 0, 'TRLG', '0000-00-00 00:00:00'),
(3073, 'Trump Entertainment Resorts Inc', 0, 'TRMP', '0000-00-00 00:00:00'),
(3074, 'TrustCo Bank Corp NY', 0, 'TRST', '0000-00-00 00:00:00'),
(3075, 'Trustmark Corporation', 0, 'TRMK', '0000-00-00 00:00:00'),
(3076, 'TRX, Inc.', 0, 'TRXI', '0000-00-00 00:00:00'),
(3077, 'TSR, Inc.', 0, 'TSRI', '0000-00-00 00:00:00'),
(3078, 'TTI Team Telecom International Ltd.', 0, 'TTIL', '0000-00-00 00:00:00'),
(3079, 'TTM Technologies, Inc.', 0, 'TTMI', '0000-00-00 00:00:00'),
(3080, 'Tuesday Morning Corp.', 0, 'TUES', '0000-00-00 00:00:00'),
(3081, 'Tufco Technologies, Inc.', 0, 'TFCO', '0000-00-00 00:00:00'),
(3082, 'Tumbleweed Communications Corp.', 0, 'TMWD', '0000-00-00 00:00:00'),
(3083, 'TurboChef Technologies, Inc.', 0, 'OVEN', '0000-00-00 00:00:00'),
(3084, 'Tut Systems, Inc.', 0, 'TUTS', '0000-00-00 00:00:00'),
(3085, 'TVI Corporation', 0, 'TVIN', '0000-00-00 00:00:00'),
(3086, 'TVIA, Inc.', 0, 'TVIA', '0000-00-00 00:00:00'),
(3087, 'Tweeter Home Entertainment Group, Inc', 0, 'TWTR', '0000-00-00 00:00:00'),
(3088, 'Twin Disc, Incorporated', 0, 'TWIN', '0000-00-00 00:00:00'),
(3089, 'U.S. Concrete, Inc.', 0, 'RMIX', '0000-00-00 00:00:00'),
(3090, 'U.S. Energy Corp.', 0, 'USEG', '0000-00-00 00:00:00'),
(3091, 'U.S. Energy Systems, Inc.', 0, 'USEY', '0000-00-00 00:00:00'),
(3092, 'U.S. Global Investors, Inc.', 0, 'GROW', '0000-00-00 00:00:00'),
(3093, 'U.S. Home Systems, Inc.', 0, 'USHS', '0000-00-00 00:00:00'),
(3094, 'U.S. Physical Therapy, Inc.', 0, 'USPH', '0000-00-00 00:00:00'),
(3095, 'U.S. Xpress Enterprises, Inc.', 0, 'XPRSA', '0000-00-00 00:00:00'),
(3096, 'UAL Corporation', 0, 'UAUA', '0000-00-00 00:00:00'),
(3097, 'UAP Holding Corp.', 0, 'UAPH', '0000-00-00 00:00:00'),
(3098, 'UCBH Holdings, Inc.', 0, 'UCBH', '0000-00-00 00:00:00'),
(3099, 'UFP Technologies, Inc.', 0, 'UFPT', '0000-00-00 00:00:00'),
(3100, 'Ulticom, Inc.', 0, 'ULCM', '0000-00-00 00:00:00'),
(3101, 'Ultimate Software Group, Inc. (The)', 0, 'ULTI', '0000-00-00 00:00:00'),
(3102, 'Ultra Clean Holdings, Inc.', 0, 'UCTT', '0000-00-00 00:00:00'),
(3103, 'Ultralife Batteries, Inc.', 0, 'ULBI', '0000-00-00 00:00:00'),
(3104, 'Ultrapetrol (Bahamas) Limited', 0, 'ULTR', '0000-00-00 00:00:00'),
(3105, 'Ultratech, Inc.', 0, 'UTEK', '0000-00-00 00:00:00'),
(3106, 'UMB Financial Corporation', 0, 'UMBF', '0000-00-00 00:00:00'),
(3107, 'Umpqua Holdings Corporation', 0, 'UMPQ', '0000-00-00 00:00:00'),
(3108, 'Under Armour, Inc.', 0, 'UARM', '0000-00-00 00:00:00'),
(3109, 'Unica Corporation', 0, 'UNCA', '0000-00-00 00:00:00'),
(3110, 'Unico American Corporation', 0, 'UNAM', '0000-00-00 00:00:00'),
(3111, 'Union Bankshares Corporation', 0, 'UBSH', '0000-00-00 00:00:00'),
(3112, 'Union Drilling, Inc.', 0, 'UDRL', '0000-00-00 00:00:00'),
(3113, 'UnionBancorp, Inc', 0, 'UBCD', '0000-00-00 00:00:00'),
(3114, 'United America Indemnity, Ltd.', 0, 'INDM', '0000-00-00 00:00:00'),
(3115, 'United American Healthcare Corporation', 0, 'UAHC', '0000-00-00 00:00:00'),
(3116, 'United Bancorp, Inc.', 0, 'UBCP', '0000-00-00 00:00:00'),
(3117, 'United Bancshares, Inc.', 0, 'UBOH', '0000-00-00 00:00:00'),
(3118, 'United Bankshares, Inc.', 0, 'UBSI', '0000-00-00 00:00:00'),
(3119, 'United Community Bancorp', 0, 'UCBA', '0000-00-00 00:00:00'),
(3120, 'United Community Banks, Inc.', 0, 'UCBI', '0000-00-00 00:00:00'),
(3121, 'United Community Financial Corp.', 0, 'UCFC', '0000-00-00 00:00:00'),
(3122, 'United Financial Bancorp, Inc.', 0, 'UBNK', '0000-00-00 00:00:00'),
(3123, 'United Financial Corp', 0, 'UBMT', '0000-00-00 00:00:00'),
(3124, 'United Fire & Casualty Company', 0, 'UFCS', '0000-00-00 00:00:00'),
(3125, 'United Heritage Corporation', 0, 'UHCP', '0000-00-00 00:00:00'),
(3126, 'United Natural Foods, Inc.', 0, 'UNFI', '0000-00-00 00:00:00'),
(3127, 'United Online, Inc.', 0, 'UNTD', '0000-00-00 00:00:00'),
(3128, 'United PanAm Financial Corporation', 0, 'UPFC', '0000-00-00 00:00:00'),
(3129, 'United Retail Group, Inc.', 0, 'URGI', '0000-00-00 00:00:00'),
(3130, 'United Security Bancshares', 0, 'UBFO', '0000-00-00 00:00:00'),
(3131, 'United Security Bancshares, Inc.', 0, 'USBI', '0000-00-00 00:00:00'),
(3132, 'United States Lime & Minerals, Inc.', 0, 'USLM', '0000-00-00 00:00:00'),
(3133, 'United Stationers Inc.', 0, 'USTR', '0000-00-00 00:00:00'),
(3134, 'United Surgical Partners International, Inc.', 0, 'USPI', '0000-00-00 00:00:00'),
(3135, 'United Therapeutics Corporation', 0, 'UTHR', '0000-00-00 00:00:00'),
(3136, 'United Western Bancorp, Inc.', 0, 'UWBK', '0000-00-00 00:00:00'),
(3137, 'Unity Bancorp, Inc.', 0, 'UNTY', '0000-00-00 00:00:00'),
(3138, 'Universal American Financial Corp.', 0, 'UHCO', '0000-00-00 00:00:00'),
(3139, 'Universal Compression Partners, L.P.', 0, 'UCLP', '0000-00-00 00:00:00'),
(3140, 'Universal Display Corporation', 0, 'PANL', '0000-00-00 00:00:00'),
(3141, 'Universal Electronics Inc.', 0, 'UEIC', '0000-00-00 00:00:00'),
(3142, 'Universal Forest Products, Inc.', 0, 'UFPI', '0000-00-00 00:00:00'),
(3143, 'Universal Stainless & Alloy Products, Inc.', 0, 'USAP', '0000-00-00 00:00:00'),
(3144, 'Universal Truckload Services, Inc.', 0, 'UACL', '0000-00-00 00:00:00'),
(3145, 'University Bancorp Inc Michigan', 0, 'UNIB', '0000-00-00 00:00:00'),
(3146, 'Univest Corporation of Pennsylvania', 0, 'UVSP', '0000-00-00 00:00:00'),
(3147, 'Urban Outfitters, Inc.', 0, 'URBN', '0000-00-00 00:00:00'),
(3148, 'Urologix, Inc.', 0, 'ULGX', '0000-00-00 00:00:00'),
(3149, 'US LEC Corp.', 0, 'CLEC', '0000-00-00 00:00:00'),
(3150, 'USA Mobility, Inc.', 0, 'USMO', '0000-00-00 00:00:00'),
(3151, 'USA Truck, Inc.', 0, 'USAK', '0000-00-00 00:00:00'),
(3152, 'USANA Health Sciences Inc.', 0, 'USNA', '0000-00-00 00:00:00'),
(3153, 'USI Holdings Corporation', 0, 'USIH', '0000-00-00 00:00:00'),
(3154, 'Utah Medical Products, Inc.', 0, 'UTMD', '0000-00-00 00:00:00'),
(3155, 'UTi Worldwide Inc.', 0, 'UTIW', '0000-00-00 00:00:00'),
(3156, 'UTStarcom, Inc.', 0, 'UTSI', '0000-00-00 00:00:00'),
(3157, 'VA Software Corporation', 0, 'LNUX', '0000-00-00 00:00:00'),
(3158, 'Valence Technology, Inc.', 0, 'VLNC', '0000-00-00 00:00:00'),
(3159, 'Valentis, Inc.', 0, 'VLTS', '0000-00-00 00:00:00'),
(3160, 'Valera Pharmaceuticals, Inc.', 0, 'VLRX', '0000-00-00 00:00:00'),
(3161, 'Valley Financial Corporation', 0, 'VYFC', '0000-00-00 00:00:00'),
(3162, 'Value Line, Inc.', 0, 'VALU', '0000-00-00 00:00:00'),
(3163, 'ValueClick, Inc.', 0, 'VCLK', '0000-00-00 00:00:00'),
(3164, 'ValueVision Media, Inc.', 0, 'VVTV', '0000-00-00 00:00:00'),
(3165, 'Vanda Pharmaceuticals Inc.', 0, 'VNDA', '0000-00-00 00:00:00'),
(3166, 'Varian Semiconductor Equipment Associates, Inc.', 0, 'VSEA', '0000-00-00 00:00:00'),
(3167, 'Varian, Inc.', 0, 'VARI', '0000-00-00 00:00:00'),
(3168, 'Varsity Group Inc', 0, 'VSTY', '0000-00-00 00:00:00'),
(3169, 'VASCO Data Security International, Inc.', 0, 'VDSI', '0000-00-00 00:00:00'),
(3170, 'Vascular Solutions, Inc.', 0, 'VASC', '0000-00-00 00:00:00'),
(3171, 'Vasogen Inc.', 0, 'VSGN', '0000-00-00 00:00:00'),
(3172, 'VCA Antech, Inc.', 0, 'WOOF', '0000-00-00 00:00:00'),
(3173, 'Veeco Instruments Inc.', 0, 'VECO', '0000-00-00 00:00:00'),
(3174, 'Velcro Industries N.V.', 0, 'VELCF', '0000-00-00 00:00:00'),
(3175, 'Velocity Express Corporation', 0, 'VEXP', '0000-00-00 00:00:00'),
(3176, 'Ventana Medical Systems, Inc.', 0, 'VMSI', '0000-00-00 00:00:00'),
(3177, 'Verigy Ltd.', 0, 'VRGY', '0000-00-00 00:00:00'),
(3178, 'Verigy Ltd.', 0, 'VRGYV', '0000-00-00 00:00:00'),
(3179, 'Verint Systems Inc.', 0, 'VRNT', '0000-00-00 00:00:00'),
(3180, 'VeriSign, Inc.', 0, 'VRSN', '0000-00-00 00:00:00'),
(3181, 'Vernalis plc', 0, 'VNLS', '0000-00-00 00:00:00'),
(3182, 'Versant Corporation', 0, 'VSNT', '0000-00-00 00:00:00'),
(3183, 'Verso Technologies, Inc.', 0, 'VRSO', '0000-00-00 00:00:00'),
(3184, 'Vertex Pharmaceuticals Incorporated', 0, 'VRTX', '0000-00-00 00:00:00'),
(3185, 'VerticalNet, Inc.', 0, 'VERT', '0000-00-00 00:00:00'),
(3186, 'Vertrue Incorporated', 0, 'VTRU', '0000-00-00 00:00:00'),
(3187, 'Vestin Realty Mortgage I, Inc.', 0, 'VRTA', '0000-00-00 00:00:00'),
(3188, 'Vestin Realty Mortgage II, Inc.', 0, 'VRTB', '0000-00-00 00:00:00'),
(3189, 'ViaCell, Inc.', 0, 'VIAC', '0000-00-00 00:00:00'),
(3190, 'ViaSat, Inc.', 0, 'VSAT', '0000-00-00 00:00:00'),
(3191, 'Vical Incorporated', 0, 'VICL', '0000-00-00 00:00:00'),
(3192, 'Vicor Corporation', 0, 'VICR', '0000-00-00 00:00:00'),
(3193, 'Video Display Corporation', 0, 'VIDE', '0000-00-00 00:00:00'),
(3194, 'Viewpoint Corporation', 0, 'VWPT', '0000-00-00 00:00:00'),
(3195, 'ViewPoint Financial Group', 0, 'VPFG', '0000-00-00 00:00:00'),
(3196, 'Vignette Corporation', 0, 'VIGN', '0000-00-00 00:00:00'),
(3197, 'Village Bank and Trust Financial Corp.', 0, 'VBFC', '0000-00-00 00:00:00'),
(3198, 'Village Super Market, Inc.', 0, 'VLGEA', '0000-00-00 00:00:00'),
(3199, 'Vimicro International Corporation', 0, 'VIMC', '0000-00-00 00:00:00'),
(3200, 'Vineyard National Bancorp', 0, 'VNBC', '0000-00-00 00:00:00'),
(3201, 'Vion Pharmaceuticals Inc.', 0, 'VION', '0000-00-00 00:00:00'),
(3202, 'Virage Logic Corporation', 0, 'VIRL', '0000-00-00 00:00:00'),
(3203, 'Virbac Corporation', 0, 'VBAC', '0000-00-00 00:00:00'),
(3204, 'Virginia Commerce Bancorp', 0, 'VCBI', '0000-00-00 00:00:00'),
(3205, 'Virginia Financial Group Inc', 0, 'VFGI', '0000-00-00 00:00:00'),
(3206, 'ViroPharma Incorporated', 0, 'VPHM', '0000-00-00 00:00:00'),
(3207, 'VirtualScopics, Inc.', 0, 'VSCP', '0000-00-00 00:00:00'),
(3208, 'ViryaNet Ltd.', 0, 'VRYA', '0000-00-00 00:00:00'),
(3209, 'Visicu, Inc.', 0, 'EICU', '0000-00-00 00:00:00'),
(3210, 'Vision-Sciences, Inc.', 0, 'VSCI', '0000-00-00 00:00:00'),
(3211, 'VistaCare', 0, 'VSTA', '0000-00-00 00:00:00'),
(3212, 'VistaPrint Limited', 0, 'VPRT', '0000-00-00 00:00:00'),
(3213, 'Vital Images, Inc.', 0, 'VTAL', '0000-00-00 00:00:00'),
(3214, 'Vital Signs, Inc.', 0, 'VITL', '0000-00-00 00:00:00'),
(3215, 'VitalStream Holdings, Inc.', 0, 'VSTH', '0000-00-00 00:00:00'),
(3216, 'Vitran Corporation, Inc.', 0, 'VTNC', '0000-00-00 00:00:00'),
(3217, 'Vitria Technology, Inc.', 0, 'VITR', '0000-00-00 00:00:00'),
(3218, 'Vivus, Inc.', 0, 'VVUS', '0000-00-00 00:00:00'),
(3219, 'VNUS Medical Technologies, Inc.', 0, 'VNUS', '0000-00-00 00:00:00'),
(3220, 'VocalTec Communications Ltd.', 0, 'VOCL', '0000-00-00 00:00:00'),
(3221, 'Vocus, Inc.', 0, 'VOCS', '0000-00-00 00:00:00'),
(3222, 'Vodavi Technology, Inc.', 0, 'VTEK', '0000-00-00 00:00:00'),
(3223, 'Volcano Corporation', 0, 'VOLC', '0000-00-00 00:00:00'),
(3224, 'Volcom, Inc.', 0, 'VLCM', '0000-00-00 00:00:00'),
(3225, 'Volterra Semiconductor Corporation', 0, 'VLTR', '0000-00-00 00:00:00'),
(3226, 'Voxware, Inc.', 0, 'VOXW', '0000-00-00 00:00:00'),
(3227, 'VSE Corporation', 0, 'VSEC', '0000-00-00 00:00:00'),
(3228, 'Vyyo, Inc.', 0, 'VYYO', '0000-00-00 00:00:00'),
(3229, 'W Holding Company Incorporated', 0, 'WBPRJ', '0000-00-00 00:00:00'),
(3230, 'W Holding Company Incorporated', 0, 'WBPRK', '0000-00-00 00:00:00'),
(3231, 'W Holding Company Incorporated', 0, 'WBPRL', '0000-00-00 00:00:00'),
(3232, 'W Holding Company Incorporated', 0, 'WBPRM', '0000-00-00 00:00:00'),
(3233, 'W Holding Company Incorporated', 0, 'WBPRN', '0000-00-00 00:00:00'),
(3234, 'W Holding Company Incorporated', 0, 'WBPRO', '0000-00-00 00:00:00'),
(3235, 'W Holding Company Incorporated', 0, 'WBPRZ', '0000-00-00 00:00:00'),
(3236, 'Waccamaw Bankshares Inc', 0, 'WBNK', '0000-00-00 00:00:00'),
(3237, 'Waccamaw Bankshares Inc', 0, 'WBNKW', '0000-00-00 00:00:00'),
(3238, 'Wacoal Holdings Corporation', 0, 'WACLY', '0000-00-00 00:00:00'),
(3239, 'Wainwright Bank & Trust Company', 0, 'WAIN', '0000-00-00 00:00:00'),
(3240, 'Warnaco Group Inc (The)', 0, 'WRNC', '0000-00-00 00:00:00'),
(3241, 'Warner Chilcott Limited', 0, 'WCRX', '0000-00-00 00:00:00'),
(3242, 'Warren Resources, Inc.', 0, 'WRES', '0000-00-00 00:00:00'),
(3243, 'Warrior Energy Services Corporation', 0, 'WARR', '0000-00-00 00:00:00'),
(3244, 'Warwick Valley Telephone Company', 0, 'WWVY', '0000-00-00 00:00:00'),
(3245, 'Washington Banking Company', 0, 'WBCO', '0000-00-00 00:00:00'),
(3246, 'Washington Federal, Inc.', 0, 'WFSL', '0000-00-00 00:00:00'),
(3247, 'Washington Group International, Inc.', 0, 'WGII', '0000-00-00 00:00:00'),
(3248, 'Washington Mutual, Inc.', 0, 'DIMEZ', '0000-00-00 00:00:00'),
(3249, 'Washington Trust Bancorp, Inc.', 0, 'WASH', '0000-00-00 00:00:00'),
(3250, 'Waste Industries USA, Inc.', 0, 'WWIN', '0000-00-00 00:00:00'),
(3251, 'Waste Services, Inc.', 0, 'WSII', '0000-00-00 00:00:00'),
(3252, 'Waterside Capital Corporation', 0, 'WSCC', '0000-00-00 00:00:00'),
(3253, 'Wauwatosa Holdings, Inc.', 0, 'WAUW', '0000-00-00 00:00:00'),
(3254, 'Wave Systems Corp.', 0, 'WAVX', '0000-00-00 00:00:00'),
(3255, 'Wavecom S.A.', 0, 'WVCM', '0000-00-00 00:00:00'),
(3256, 'Wayne Savings Bancshares Inc.', 0, 'WAYN', '0000-00-00 00:00:00'),
(3257, 'Wayside Technology Group, Inc.', 0, 'WSTG', '0000-00-00 00:00:00'),
(3258, 'WCA Waste Corporation', 0, 'WCAA', '0000-00-00 00:00:00'),
(3259, 'WD-40 Company', 0, 'WDFC', '0000-00-00 00:00:00'),
(3260, 'Web.com, Inc.', 0, 'WWWW', '0000-00-00 00:00:00'),
(3261, 'WebEx Communications, Inc.', 0, 'WEBX', '0000-00-00 00:00:00'),
(3262, 'WebMD Health Corp', 0, 'WBMD', '0000-00-00 00:00:00'),
(3263, 'webMethods, Inc.', 0, 'WEBM', '0000-00-00 00:00:00'),
(3264, 'Websense, Inc.', 0, 'WBSN', '0000-00-00 00:00:00'),
(3265, 'WebSideStory, Inc.', 0, 'WSSI', '0000-00-00 00:00:00'),
(3266, 'Website Pros, Inc.', 0, 'WSPI', '0000-00-00 00:00:00'),
(3267, 'Webster Preferred Capital Corp', 0, 'WBSTP', '0000-00-00 00:00:00'),
(3268, 'Webzen Inc', 0, 'WZEN', '0000-00-00 00:00:00'),
(3269, 'Wegener Corporation', 0, 'WGNR', '0000-00-00 00:00:00'),
(3270, 'Werner Enterprises, Inc.', 0, 'WERN', '0000-00-00 00:00:00'),
(3271, 'WesBanco, Inc.', 0, 'WSBC', '0000-00-00 00:00:00'),
(3272, 'West Bancorporation', 0, 'WTBA', '0000-00-00 00:00:00'),
(3273, 'West Coast Bancorp', 0, 'WCBO', '0000-00-00 00:00:00'),
(3274, 'West Marine, Inc.', 0, 'WMAR', '0000-00-00 00:00:00'),
(3275, 'Westaff Inc.', 0, 'WSTF', '0000-00-00 00:00:00'),
(3276, 'Westaim Corporation (The)', 0, 'WEDX', '0000-00-00 00:00:00'),
(3277, 'Westamerica Bancorporation', 0, 'WABC', '0000-00-00 00:00:00'),
(3278, 'WestBank Corporation', 0, 'WBKC', '0000-00-00 00:00:00'),
(3279, 'Westell Technologies, Inc.', 0, 'WSTL', '0000-00-00 00:00:00'),
(3280, 'Wet Seal, Inc. (The)', 0, 'WTSLA', '0000-00-00 00:00:00'),
(3281, 'Weyco Group, Inc.', 0, 'WEYS', '0000-00-00 00:00:00'),
(3282, 'WGNB Corp.', 0, 'WGNB', '0000-00-00 00:00:00'),
(3283, 'Wheeling-Pittsburgh Corporation', 0, 'WPSC', '0000-00-00 00:00:00'),
(3284, 'White Electronic Designs Corporation', 0, 'WEDC', '0000-00-00 00:00:00'),
(3285, 'Whitney Holding Corporation', 0, 'WTNY', '0000-00-00 00:00:00'),
(3286, 'Whittier Energy Corporation', 0, 'WHIT', '0000-00-00 00:00:00'),
(3287, 'Whole Foods Market, Inc.', 0, 'WFMI', '0000-00-00 00:00:00'),
(3288, 'WiderThan Co., Ltd.', 0, 'WTHN', '0000-00-00 00:00:00'),
(3289, 'Wild Oats Markets, Inc.', 0, 'OATS', '0000-00-00 00:00:00'),
(3290, 'Willamette Valley Vineyards, Inc.', 0, 'WVVI', '0000-00-00 00:00:00'),
(3291, 'Williams Controls, Inc.', 0, 'WMCO', '0000-00-00 00:00:00'),
(3292, 'Williams Industries, Inc.', 0, 'WMSI', '0000-00-00 00:00:00'),
(3293, 'Williams Scotsman International, Inc.', 0, 'WLSC', '0000-00-00 00:00:00'),
(3294, 'Willis Lease Finance Corporation', 0, 'WLFC', '0000-00-00 00:00:00'),
(3295, 'Willis Lease Finance Corporation', 0, 'WLFCP', '0000-00-00 00:00:00'),
(3296, 'Willow Financial Bancorp, Inc.', 0, 'WFBC', '0000-00-00 00:00:00'),
(3297, 'Wilshire Bancorp, Inc.', 0, 'WIBC', '0000-00-00 00:00:00'),
(3298, 'Wilsons The Leather Experts Inc.', 0, 'WLSN', '0000-00-00 00:00:00'),
(3299, 'Wind River Systems, Inc.', 0, 'WIND', '0000-00-00 00:00:00'),
(3300, 'Winmark Corporation', 0, 'WINA', '0000-00-00 00:00:00'),
(3301, 'Wintrust Financial Corporation', 0, 'WTFC', '0000-00-00 00:00:00'),
(3302, 'Wireless Facilities, Inc.', 0, 'WFII', '0000-00-00 00:00:00'),
(3303, 'Witness Systems, Inc.', 0, 'WITS', '0000-00-00 00:00:00'),
(3304, 'WJ Communications, Inc.', 0, 'WJCI', '0000-00-00 00:00:00'),
(3305, 'Woodward Governor Company', 0, 'WGOV', '0000-00-00 00:00:00'),
(3306, 'Workstream Inc.', 0, 'WSTM', '0000-00-00 00:00:00'),
(3307, 'World Acceptance Corporation', 0, 'WRLD', '0000-00-00 00:00:00'),
(3308, 'World Heart Corporation', 0, 'WHRT', '0000-00-00 00:00:00'),
(3309, 'Worldgate Communications, Inc.', 0, 'WGAT', '0000-00-00 00:00:00'),
(3310, 'WorldSpace, Inc.', 0, 'WRSP', '0000-00-00 00:00:00'),
(3311, 'WPCS International Incorporated', 0, 'WPCS', '0000-00-00 00:00:00'),
(3312, 'WPP Group plc', 0, 'WPPGY', '0000-00-00 00:00:00'),
(3313, 'WPT Enterprises, Inc.', 0, 'WPTE', '0000-00-00 00:00:00'),
(3314, 'Wright Medical Group, Inc.', 0, 'WMGI', '0000-00-00 00:00:00'),
(3315, 'WSFS Financial Corporation', 0, 'WSFS', '0000-00-00 00:00:00'),
(3316, 'WSI Industries Inc.', 0, 'WSCI', '0000-00-00 00:00:00'),
(3317, 'WVS Financial Corp.', 0, 'WVFC', '0000-00-00 00:00:00'),
(3318, 'Wynn Resorts, Limited', 0, 'WYNN', '0000-00-00 00:00:00'),
(3319, 'X-Rite, Incorporated', 0, 'XRIT', '0000-00-00 00:00:00'),
(3320, 'XATA Corporation', 0, 'XATA', '0000-00-00 00:00:00'),
(3321, 'XenoPort, Inc.', 0, 'XNPT', '0000-00-00 00:00:00'),
(3322, 'XETA Technologies, Inc.', 0, 'XETA', '0000-00-00 00:00:00'),
(3323, 'Xilinx, Inc.', 0, 'XLNX', '0000-00-00 00:00:00'),
(3324, 'XM Satellite Radio Holdings Inc.', 0, 'XMSR', '0000-00-00 00:00:00'),
(3325, 'XOMA Ltd.', 0, 'XOMA', '0000-00-00 00:00:00'),
(3326, 'XTL Biopharmaceuticals Ltd.', 0, 'XTLB', '0000-00-00 00:00:00'),
(3327, 'Xyratex Ltd.', 0, 'XRTX', '0000-00-00 00:00:00'),
(3328, 'Yadkin Valley Financial Corporation', 0, 'YAVY', '0000-00-00 00:00:00'),
(3329, 'Yahoo! Inc.', 0, 'YHOO', '0000-00-00 00:00:00'),
(3330, 'Yak Communications, Inc.', 0, 'YAKC', '0000-00-00 00:00:00'),
(3331, 'Yardville National Bancorp', 0, 'YANB', '0000-00-00 00:00:00'),
(3332, 'York Water Company (The)', 0, 'YORW', '0000-00-00 00:00:00'),
(3333, 'Youbet.com, Inc.', 0, 'UBET', '0000-00-00 00:00:00'),
(3334, 'Young Broadcasting, Inc.', 0, 'YBTVA', '0000-00-00 00:00:00'),
(3335, 'Young Innovations, Inc.', 0, 'YDNT', '0000-00-00 00:00:00'),
(3336, 'YRC Worldwide, Inc.', 0, 'YRCW', '0000-00-00 00:00:00'),
(3337, 'Zanett Inc.', 0, 'ZANE', '0000-00-00 00:00:00'),
(3338, 'Zareba Systems, Inc.', 0, 'ZRBA', '0000-00-00 00:00:00'),
(3339, 'Zebra Technologies Corporation', 0, 'ZBRA', '0000-00-00 00:00:00'),
(3340, 'Zevex International, Inc.', 0, 'ZVXI', '0000-00-00 00:00:00'),
(3341, 'Zhone Technologies, Inc.', 0, 'ZHNE', '0000-00-00 00:00:00'),
(3342, 'Zi Corporation', 0, 'ZICA', '0000-00-00 00:00:00'),
(3343, 'Zila, Inc.', 0, 'ZILA', '0000-00-00 00:00:00'),
(3344, 'ZiLOG, Inc.', 0, 'ZILG', '0000-00-00 00:00:00'),
(3345, 'Zions Bancorporation', 0, 'ZION', '0000-00-00 00:00:00'),
(3346, 'ZIOPHARM ONCOLOGY INC', 0, 'ZIOP', '0000-00-00 00:00:00'),
(3347, 'ZipRealty, Inc.', 0, 'ZIPR', '0000-00-00 00:00:00'),
(3348, 'Zix Corporation', 0, 'ZIXI', '0000-00-00 00:00:00'),
(3349, 'Zoll Medical Corporation', 0, 'ZOLL', '0000-00-00 00:00:00'),
(3350, 'Zoltek Companies, Inc.', 0, 'ZOLT', '0000-00-00 00:00:00'),
(3351, 'Zones Inc.', 0, 'ZONS', '0000-00-00 00:00:00'),
(3352, 'Zoom Technologies, Inc.', 0, 'ZOOM', '0000-00-00 00:00:00'),
(3353, 'Zoran Corporation', 0, 'ZRAN', '0000-00-00 00:00:00'),
(3354, 'Zumiez Inc.', 0, 'ZUMZ', '0000-00-00 00:00:00'),
(3355, 'Zygo Corporation', 0, 'ZIGO', '0000-00-00 00:00:00'),
(3356, 'ZymoGenetics, Inc.', 0, 'ZGEN', '0000-00-00 00:00:00'),
(3357, 'Intel Corporation', 0, NULL, '0000-00-00 00:00:00'),
(3358, 'Intel Corporation', 0, NULL, '0000-00-00 00:00:00'),
(3359, 'Intel Corporation', 0, NULL, '0000-00-00 00:00:00'),
(3360, 'Intel Corporation', 0, NULL, '0000-00-00 00:00:00'),
(3361, 'supost', 0, NULL, '0000-00-00 00:00:00'),
(3369, 'supost', 0, 'n/a', '0000-00-00 00:00:00'),
(3370, 'Mint', 0, 'n/a', '0000-00-00 00:00:00'),
(3374, 'Trippert', 0, 'n/a', '0000-00-00 00:00:00'),
(3375, 'Matt Snider, LLC', 0, 'n/a', '0000-00-00 00:00:00'),
(3376, 'Some Random Company', 0, '', '0000-00-00 00:00:00'),
(3377, 'supost', 0, '', '0000-00-00 00:00:00'),
(3378, 'Camino Medical Group', 0, 'n/a', '0000-00-00 00:00:00'),
(3379, 'Matt Snider LLC', 0, NULL, '2007-06-14 09:31:24'),
(3380, 'Molecular Devices Corporation Ex officio', 0, NULL, '2007-08-29 16:32:55'),
(3381, 'godster', 0, NULL, '2007-09-10 08:57:49'),
(3382, 'Stanford University', 0, NULL, '2007-09-11 11:00:51'),
(3383, 'Pets Friend Animal Clinic', 0, NULL, '2007-09-11 16:12:49'),
(3384, 'Palo Alto Pet Hospital', 0, NULL, '2007-09-11 16:14:38'),
(3385, 'att', 0, NULL, '2007-09-14 11:02:14'),
(3386, 'XSeed Capital Management', 0, NULL, '2007-09-14 11:04:16'),
(3387, 'Nuvelo', 0, NULL, '2007-09-19 16:12:11'),
(3388, 'Xenobiotic Laboratories, Inc', 0, NULL, '2007-10-09 11:10:39'),
(3389, 'The Venture Consortium', 0, NULL, '2007-10-09 11:12:49'),
(3390, 'Princeton University', 0, NULL, '2007-10-09 11:12:49'),
(3391, 'Stanford  University', 0, NULL, '2007-10-09 15:29:56'),
(3392, 'Eli Lilly and Co', 0, NULL, '2007-10-09 21:14:19'),
(3393, 'Merck and Company', 0, NULL, '2007-10-10 14:39:29'),
(3394, 'The Investment Fund for Foundations', 0, NULL, '2007-10-21 12:49:17'),
(3395, 'Experience, Inc.', 0, NULL, '2007-10-21 12:52:09'),
(3396, 'Octagon Marketing', 0, NULL, '2007-10-21 12:54:23'),
(3397, 'new job', 0, NULL, '2007-10-21 14:02:00'),
(3398, 'MDS Sciex', 0, NULL, '2007-10-21 14:03:18'),
(3399, 'The Salk Institute', 0, NULL, '2007-10-22 22:38:09'),
(3400, 'Cold Spring Harbor Laboratory', 0, NULL, '2007-10-22 22:45:54'),
(3401, 'google', 0, NULL, '2007-12-06 16:46:33'),
(3402, 'Geekster', 0, NULL, '2008-04-22 21:50:05');

-- --------------------------------------------------------

--
-- Table structure for table `pwf_concentration`
--

CREATE TABLE IF NOT EXISTS `pwf_concentration` (
  `created` datetime NOT NULL DEFAULT '0000-00-00 00:00:00',
  `id` mediumint(8) unsigned NOT NULL AUTO_INCREMENT,
  `name` varchar(45) NOT NULL,
  `f` int(10) unsigned NOT NULL DEFAULT '0',
  PRIMARY KEY (`id`),
  UNIQUE KEY `name` (`name`)
) ENGINE=InnoDB  DEFAULT CHARSET=utf8 AUTO_INCREMENT=19 ;

--
-- Dumping data for table `pwf_concentration`
--

INSERT INTO `pwf_concentration` (`created`, `id`, `name`, `f`) VALUES
('2008-12-17 11:16:13', 12, 'Post Doc with Mark Davis 1995-98', 0),
('2008-12-17 11:16:13', 13, 'Post Doc with James Nelson 1992-95', 0),
('2009-07-16 11:49:23', 14, 'Physiology', 0),
('2009-07-25 17:48:38', 15, 'Computer Science', 0),
('2009-07-25 17:48:38', 16, 'Computer Engineering', 0),
('2009-09-10 17:57:52', 17, 'Psychology', 0),
('2009-09-10 17:57:52', 18, 'Ballin'' outta control', 0);

-- --------------------------------------------------------

--
-- Table structure for table `pwf_country`
--

CREATE TABLE IF NOT EXISTS `pwf_country` (
  `id` mediumint(8) unsigned NOT NULL AUTO_INCREMENT,
  `name` varchar(45) NOT NULL,
  `f` int(10) unsigned NOT NULL DEFAULT '0',
  `modified` datetime NOT NULL,
  `created` datetime NOT NULL,
  `status` enum('active','deleted') NOT NULL DEFAULT 'active',
  PRIMARY KEY (`id`)
) ENGINE=InnoDB  DEFAULT CHARSET=utf8 AUTO_INCREMENT=245 ;

--
-- Dumping data for table `pwf_country`
--

INSERT INTO `pwf_country` (`id`, `name`, `f`, `modified`, `created`, `status`) VALUES
(1, 'Afghanistan', 0, '0000-00-00 00:00:00', '0000-00-00 00:00:00', 'active'),
(2, 'Albania', 0, '0000-00-00 00:00:00', '0000-00-00 00:00:00', 'active'),
(3, 'Algeria', 0, '0000-00-00 00:00:00', '0000-00-00 00:00:00', 'active'),
(4, 'American Samoa', 0, '0000-00-00 00:00:00', '0000-00-00 00:00:00', 'active'),
(5, 'Andorra', 0, '0000-00-00 00:00:00', '0000-00-00 00:00:00', 'active'),
(6, 'Angola', 0, '0000-00-00 00:00:00', '0000-00-00 00:00:00', 'active'),
(7, 'Anguilla', 0, '0000-00-00 00:00:00', '0000-00-00 00:00:00', 'active'),
(8, 'Antarctica', 0, '0000-00-00 00:00:00', '0000-00-00 00:00:00', 'active'),
(9, 'Antigua and Barbuda', 0, '0000-00-00 00:00:00', '0000-00-00 00:00:00', 'active'),
(10, 'Argentina', 0, '0000-00-00 00:00:00', '0000-00-00 00:00:00', 'active'),
(11, 'Armenia', 0, '0000-00-00 00:00:00', '0000-00-00 00:00:00', 'active'),
(12, 'Aruba', 0, '0000-00-00 00:00:00', '0000-00-00 00:00:00', 'active'),
(13, 'Australia', 0, '0000-00-00 00:00:00', '0000-00-00 00:00:00', 'active'),
(14, 'Austria', 0, '0000-00-00 00:00:00', '0000-00-00 00:00:00', 'active'),
(15, 'Azerbaijan', 0, '0000-00-00 00:00:00', '0000-00-00 00:00:00', 'active'),
(16, 'Azores', 0, '0000-00-00 00:00:00', '0000-00-00 00:00:00', 'active'),
(17, 'Bahamas', 0, '0000-00-00 00:00:00', '0000-00-00 00:00:00', 'active'),
(18, 'Bahrain', 0, '0000-00-00 00:00:00', '0000-00-00 00:00:00', 'active'),
(19, 'Bangladesh', 0, '0000-00-00 00:00:00', '0000-00-00 00:00:00', 'active'),
(20, 'Barbados', 0, '0000-00-00 00:00:00', '0000-00-00 00:00:00', 'active'),
(21, 'Belarus', 0, '0000-00-00 00:00:00', '0000-00-00 00:00:00', 'active'),
(22, 'Belgium', 0, '0000-00-00 00:00:00', '0000-00-00 00:00:00', 'active'),
(23, 'Belize', 0, '0000-00-00 00:00:00', '0000-00-00 00:00:00', 'active'),
(24, 'Benin', 0, '0000-00-00 00:00:00', '0000-00-00 00:00:00', 'active'),
(25, 'Bermuda', 0, '0000-00-00 00:00:00', '0000-00-00 00:00:00', 'active'),
(26, 'Bhutan', 0, '0000-00-00 00:00:00', '0000-00-00 00:00:00', 'active'),
(27, 'Bolivia', 0, '0000-00-00 00:00:00', '0000-00-00 00:00:00', 'active'),
(28, 'Bosnia And Herzegowina', 0, '0000-00-00 00:00:00', '0000-00-00 00:00:00', 'active'),
(29, 'Bosnia-Herzegovina', 0, '0000-00-00 00:00:00', '0000-00-00 00:00:00', 'active'),
(30, 'Botswana', 0, '0000-00-00 00:00:00', '0000-00-00 00:00:00', 'active'),
(31, 'Bouvet Island', 0, '0000-00-00 00:00:00', '0000-00-00 00:00:00', 'active'),
(32, 'Brazil', 0, '0000-00-00 00:00:00', '0000-00-00 00:00:00', 'active'),
(33, 'British Virgin Islands', 0, '0000-00-00 00:00:00', '0000-00-00 00:00:00', 'active'),
(34, 'Brunei Darussalam', 0, '0000-00-00 00:00:00', '0000-00-00 00:00:00', 'active'),
(35, 'Bulgaria', 0, '0000-00-00 00:00:00', '0000-00-00 00:00:00', 'active'),
(36, 'Burkina Faso', 0, '0000-00-00 00:00:00', '0000-00-00 00:00:00', 'active'),
(37, 'Burundi', 0, '0000-00-00 00:00:00', '0000-00-00 00:00:00', 'active'),
(38, 'Cambodia', 0, '0000-00-00 00:00:00', '0000-00-00 00:00:00', 'active'),
(39, 'Cameroon', 0, '0000-00-00 00:00:00', '0000-00-00 00:00:00', 'active'),
(40, 'Canada', 0, '0000-00-00 00:00:00', '0000-00-00 00:00:00', 'active'),
(41, 'Cape Verde', 0, '0000-00-00 00:00:00', '0000-00-00 00:00:00', 'active'),
(42, 'Cayman Islands', 0, '0000-00-00 00:00:00', '0000-00-00 00:00:00', 'active'),
(43, 'Central African Republic', 0, '0000-00-00 00:00:00', '0000-00-00 00:00:00', 'active'),
(44, 'Chad', 0, '0000-00-00 00:00:00', '0000-00-00 00:00:00', 'active'),
(45, 'Chile', 0, '0000-00-00 00:00:00', '0000-00-00 00:00:00', 'active'),
(46, 'China', 0, '0000-00-00 00:00:00', '0000-00-00 00:00:00', 'active'),
(47, 'Christmas Island', 0, '0000-00-00 00:00:00', '0000-00-00 00:00:00', 'active'),
(48, 'Cocos Islands', 0, '0000-00-00 00:00:00', '0000-00-00 00:00:00', 'active'),
(49, 'Colombia', 0, '0000-00-00 00:00:00', '0000-00-00 00:00:00', 'active'),
(50, 'Comoros', 0, '0000-00-00 00:00:00', '0000-00-00 00:00:00', 'active'),
(51, 'Congo', 0, '0000-00-00 00:00:00', '0000-00-00 00:00:00', 'active'),
(52, 'Congo', 0, '0000-00-00 00:00:00', '0000-00-00 00:00:00', 'active'),
(53, 'Cook Islands', 0, '0000-00-00 00:00:00', '0000-00-00 00:00:00', 'active'),
(54, 'Corsica', 0, '0000-00-00 00:00:00', '0000-00-00 00:00:00', 'active'),
(55, 'Costa Rica', 0, '0000-00-00 00:00:00', '0000-00-00 00:00:00', 'active'),
(56, 'Cote d Ivoire', 0, '2009-12-29 16:03:40', '0000-00-00 00:00:00', 'active'),
(57, 'Croatia', 0, '0000-00-00 00:00:00', '0000-00-00 00:00:00', 'active'),
(58, 'Cuba', 0, '0000-00-00 00:00:00', '0000-00-00 00:00:00', 'active'),
(59, 'Cyprus', 0, '0000-00-00 00:00:00', '0000-00-00 00:00:00', 'active'),
(60, 'Czech Republic', 0, '0000-00-00 00:00:00', '0000-00-00 00:00:00', 'active'),
(61, 'Denmark', 0, '0000-00-00 00:00:00', '0000-00-00 00:00:00', 'active'),
(62, 'Djibouti', 0, '0000-00-00 00:00:00', '0000-00-00 00:00:00', 'active'),
(63, 'Dominica', 0, '0000-00-00 00:00:00', '0000-00-00 00:00:00', 'active'),
(64, 'Dominican Republic', 0, '0000-00-00 00:00:00', '0000-00-00 00:00:00', 'active'),
(65, 'East Timor', 0, '0000-00-00 00:00:00', '0000-00-00 00:00:00', 'active'),
(66, 'Ecuador', 0, '0000-00-00 00:00:00', '0000-00-00 00:00:00', 'active'),
(67, 'Egypt', 0, '0000-00-00 00:00:00', '0000-00-00 00:00:00', 'active'),
(68, 'El Salvador', 0, '0000-00-00 00:00:00', '0000-00-00 00:00:00', 'active'),
(69, 'Equatorial Guinea', 0, '0000-00-00 00:00:00', '0000-00-00 00:00:00', 'active'),
(70, 'Eritrea', 0, '0000-00-00 00:00:00', '0000-00-00 00:00:00', 'active'),
(71, 'Estonia', 0, '0000-00-00 00:00:00', '0000-00-00 00:00:00', 'active'),
(72, 'Ethiopia', 0, '0000-00-00 00:00:00', '0000-00-00 00:00:00', 'active'),
(73, 'Falkland Islands', 0, '0000-00-00 00:00:00', '0000-00-00 00:00:00', 'active'),
(74, 'Faroe Islands', 0, '0000-00-00 00:00:00', '0000-00-00 00:00:00', 'active'),
(75, 'Fiji', 0, '0000-00-00 00:00:00', '0000-00-00 00:00:00', 'active'),
(76, 'Finland', 0, '0000-00-00 00:00:00', '0000-00-00 00:00:00', 'active'),
(77, 'France', 0, '0000-00-00 00:00:00', '0000-00-00 00:00:00', 'active'),
(78, 'French Guiana', 0, '0000-00-00 00:00:00', '0000-00-00 00:00:00', 'active'),
(79, 'French Polynesia', 0, '0000-00-00 00:00:00', '0000-00-00 00:00:00', 'active'),
(80, 'Gabon', 0, '0000-00-00 00:00:00', '0000-00-00 00:00:00', 'active'),
(81, 'Gambia', 0, '0000-00-00 00:00:00', '0000-00-00 00:00:00', 'active'),
(82, 'Georgia', 0, '0000-00-00 00:00:00', '0000-00-00 00:00:00', 'active'),
(83, 'Germany', 0, '0000-00-00 00:00:00', '0000-00-00 00:00:00', 'active'),
(84, 'Ghana', 0, '0000-00-00 00:00:00', '0000-00-00 00:00:00', 'active'),
(85, 'Gibraltar', 0, '0000-00-00 00:00:00', '0000-00-00 00:00:00', 'active'),
(86, 'Greece', 0, '0000-00-00 00:00:00', '0000-00-00 00:00:00', 'active'),
(87, 'Greenland', 0, '0000-00-00 00:00:00', '0000-00-00 00:00:00', 'active'),
(88, 'Grenada', 0, '0000-00-00 00:00:00', '0000-00-00 00:00:00', 'active'),
(89, 'Guadeloupe', 0, '0000-00-00 00:00:00', '0000-00-00 00:00:00', 'active'),
(90, 'Guam', 0, '0000-00-00 00:00:00', '0000-00-00 00:00:00', 'active'),
(91, 'Guatemala', 0, '0000-00-00 00:00:00', '0000-00-00 00:00:00', 'active'),
(92, 'Guinea', 0, '0000-00-00 00:00:00', '0000-00-00 00:00:00', 'active'),
(93, 'Guinea-Bissau', 0, '0000-00-00 00:00:00', '0000-00-00 00:00:00', 'active'),
(94, 'Guyana', 0, '0000-00-00 00:00:00', '0000-00-00 00:00:00', 'active'),
(95, 'Haiti', 0, '0000-00-00 00:00:00', '0000-00-00 00:00:00', 'active'),
(96, 'Heard & Mc Donald Islands', 0, '2009-12-29 16:03:40', '0000-00-00 00:00:00', 'active'),
(97, 'Honduras', 0, '0000-00-00 00:00:00', '0000-00-00 00:00:00', 'active'),
(98, 'Hong Kong', 0, '0000-00-00 00:00:00', '0000-00-00 00:00:00', 'active'),
(99, 'Hungary', 0, '0000-00-00 00:00:00', '0000-00-00 00:00:00', 'active'),
(100, 'Iceland', 0, '0000-00-00 00:00:00', '0000-00-00 00:00:00', 'active'),
(101, 'India', 0, '0000-00-00 00:00:00', '0000-00-00 00:00:00', 'active'),
(102, 'Indonesia', 0, '0000-00-00 00:00:00', '0000-00-00 00:00:00', 'active'),
(103, 'Iran', 0, '0000-00-00 00:00:00', '0000-00-00 00:00:00', 'active'),
(104, 'Iraq', 0, '0000-00-00 00:00:00', '0000-00-00 00:00:00', 'active'),
(105, 'Ireland', 0, '0000-00-00 00:00:00', '0000-00-00 00:00:00', 'active'),
(106, 'Israel', 0, '0000-00-00 00:00:00', '0000-00-00 00:00:00', 'active'),
(107, 'Italy', 0, '0000-00-00 00:00:00', '0000-00-00 00:00:00', 'active'),
(108, 'Jamaica', 0, '0000-00-00 00:00:00', '0000-00-00 00:00:00', 'active'),
(109, 'Japan', 0, '0000-00-00 00:00:00', '0000-00-00 00:00:00', 'active'),
(110, 'Jordan', 0, '0000-00-00 00:00:00', '0000-00-00 00:00:00', 'active'),
(111, 'Kazakhstan', 0, '0000-00-00 00:00:00', '0000-00-00 00:00:00', 'active'),
(112, 'Kenya', 0, '0000-00-00 00:00:00', '0000-00-00 00:00:00', 'active'),
(113, 'Kiribati', 0, '0000-00-00 00:00:00', '0000-00-00 00:00:00', 'active'),
(114, 'Korea', 0, '0000-00-00 00:00:00', '0000-00-00 00:00:00', 'active'),
(115, 'Kuwait', 0, '0000-00-00 00:00:00', '0000-00-00 00:00:00', 'active'),
(116, 'Kyrgyzstan', 0, '0000-00-00 00:00:00', '0000-00-00 00:00:00', 'active'),
(117, 'Laos', 0, '0000-00-00 00:00:00', '0000-00-00 00:00:00', 'active'),
(118, 'Latvia', 0, '0000-00-00 00:00:00', '0000-00-00 00:00:00', 'active'),
(119, 'Lebanon', 0, '0000-00-00 00:00:00', '0000-00-00 00:00:00', 'active'),
(120, 'Lesotho', 0, '0000-00-00 00:00:00', '0000-00-00 00:00:00', 'active'),
(121, 'Liberia', 0, '0000-00-00 00:00:00', '0000-00-00 00:00:00', 'active'),
(122, 'Libya', 0, '0000-00-00 00:00:00', '0000-00-00 00:00:00', 'active'),
(123, 'Liechtenstein', 0, '0000-00-00 00:00:00', '0000-00-00 00:00:00', 'active'),
(124, 'Lithuania', 0, '0000-00-00 00:00:00', '0000-00-00 00:00:00', 'active'),
(125, 'Luxembourg', 0, '0000-00-00 00:00:00', '0000-00-00 00:00:00', 'active'),
(126, 'Macao', 0, '0000-00-00 00:00:00', '0000-00-00 00:00:00', 'active'),
(127, 'Macedonia', 0, '0000-00-00 00:00:00', '0000-00-00 00:00:00', 'active'),
(128, 'Madagascar', 0, '0000-00-00 00:00:00', '0000-00-00 00:00:00', 'active'),
(129, 'Madeira Islands', 0, '0000-00-00 00:00:00', '0000-00-00 00:00:00', 'active'),
(130, 'Malawi', 0, '0000-00-00 00:00:00', '0000-00-00 00:00:00', 'active'),
(131, 'Malaysia', 0, '0000-00-00 00:00:00', '0000-00-00 00:00:00', 'active'),
(132, 'Maldives', 0, '0000-00-00 00:00:00', '0000-00-00 00:00:00', 'active'),
(133, 'Mali', 0, '0000-00-00 00:00:00', '0000-00-00 00:00:00', 'active'),
(134, 'Malta', 0, '0000-00-00 00:00:00', '0000-00-00 00:00:00', 'active'),
(135, 'Marshall Islands', 0, '0000-00-00 00:00:00', '0000-00-00 00:00:00', 'active'),
(136, 'Martinique', 0, '0000-00-00 00:00:00', '0000-00-00 00:00:00', 'active'),
(137, 'Mauritania', 0, '0000-00-00 00:00:00', '0000-00-00 00:00:00', 'active'),
(138, 'Mauritius', 0, '0000-00-00 00:00:00', '0000-00-00 00:00:00', 'active'),
(139, 'Mayotte', 0, '0000-00-00 00:00:00', '0000-00-00 00:00:00', 'active'),
(140, 'Mexico', 0, '0000-00-00 00:00:00', '0000-00-00 00:00:00', 'active'),
(141, 'Micronesia', 0, '0000-00-00 00:00:00', '0000-00-00 00:00:00', 'active'),
(142, 'Moldova', 0, '0000-00-00 00:00:00', '0000-00-00 00:00:00', 'active'),
(143, 'Monaco', 0, '0000-00-00 00:00:00', '0000-00-00 00:00:00', 'active'),
(144, 'Mongolia', 0, '0000-00-00 00:00:00', '0000-00-00 00:00:00', 'active'),
(145, 'Montserrat', 0, '0000-00-00 00:00:00', '0000-00-00 00:00:00', 'active'),
(146, 'Morocco', 0, '0000-00-00 00:00:00', '0000-00-00 00:00:00', 'active'),
(147, 'Mozambique', 0, '0000-00-00 00:00:00', '0000-00-00 00:00:00', 'active'),
(148, 'Myanmar Burma', 0, '2009-12-29 16:03:40', '0000-00-00 00:00:00', 'active'),
(149, 'Namibia', 0, '0000-00-00 00:00:00', '0000-00-00 00:00:00', 'active'),
(150, 'Nauru', 0, '0000-00-00 00:00:00', '0000-00-00 00:00:00', 'active'),
(151, 'Nepal', 0, '0000-00-00 00:00:00', '0000-00-00 00:00:00', 'active'),
(152, 'Netherlands', 0, '0000-00-00 00:00:00', '0000-00-00 00:00:00', 'active'),
(153, 'Netherlands Antilles', 0, '0000-00-00 00:00:00', '0000-00-00 00:00:00', 'active'),
(154, 'New Caledonia', 0, '0000-00-00 00:00:00', '0000-00-00 00:00:00', 'active'),
(155, 'New Zealand', 0, '0000-00-00 00:00:00', '0000-00-00 00:00:00', 'active'),
(156, 'Nicaragua', 0, '0000-00-00 00:00:00', '0000-00-00 00:00:00', 'active'),
(157, 'Niger', 0, '0000-00-00 00:00:00', '0000-00-00 00:00:00', 'active'),
(158, 'Nigeria', 0, '0000-00-00 00:00:00', '0000-00-00 00:00:00', 'active'),
(159, 'Niue', 0, '0000-00-00 00:00:00', '0000-00-00 00:00:00', 'active'),
(160, 'Norfolk Island', 0, '0000-00-00 00:00:00', '0000-00-00 00:00:00', 'active'),
(161, 'Northern Mariana Islands', 0, '0000-00-00 00:00:00', '0000-00-00 00:00:00', 'active'),
(162, 'Norway', 0, '0000-00-00 00:00:00', '0000-00-00 00:00:00', 'active'),
(163, 'Oman', 0, '0000-00-00 00:00:00', '0000-00-00 00:00:00', 'active'),
(164, 'Pakistan', 0, '0000-00-00 00:00:00', '0000-00-00 00:00:00', 'active'),
(165, 'Palau', 0, '0000-00-00 00:00:00', '0000-00-00 00:00:00', 'active'),
(166, 'Palestinian Territory', 0, '0000-00-00 00:00:00', '0000-00-00 00:00:00', 'active'),
(167, 'Panama', 0, '0000-00-00 00:00:00', '0000-00-00 00:00:00', 'active'),
(168, 'Papua New Guinea', 0, '0000-00-00 00:00:00', '0000-00-00 00:00:00', 'active'),
(169, 'Paraguay', 0, '0000-00-00 00:00:00', '0000-00-00 00:00:00', 'active'),
(170, 'Peru', 0, '0000-00-00 00:00:00', '0000-00-00 00:00:00', 'active'),
(171, 'Philippines', 0, '0000-00-00 00:00:00', '0000-00-00 00:00:00', 'active'),
(172, 'Pitcairn', 0, '0000-00-00 00:00:00', '0000-00-00 00:00:00', 'active'),
(173, 'Poland', 0, '0000-00-00 00:00:00', '0000-00-00 00:00:00', 'active'),
(174, 'Portugal', 0, '0000-00-00 00:00:00', '0000-00-00 00:00:00', 'active'),
(175, 'Puerto Rico', 0, '0000-00-00 00:00:00', '0000-00-00 00:00:00', 'active'),
(176, 'Qatar', 0, '0000-00-00 00:00:00', '0000-00-00 00:00:00', 'active'),
(177, 'Reunion', 0, '0000-00-00 00:00:00', '0000-00-00 00:00:00', 'active'),
(178, 'Romania', 0, '0000-00-00 00:00:00', '0000-00-00 00:00:00', 'active'),
(179, 'Russian Federation', 0, '0000-00-00 00:00:00', '0000-00-00 00:00:00', 'active'),
(180, 'Rwanda', 0, '0000-00-00 00:00:00', '0000-00-00 00:00:00', 'active'),
(181, 'Saint Kitts And Nevis', 0, '0000-00-00 00:00:00', '0000-00-00 00:00:00', 'active'),
(182, 'San Marino', 0, '0000-00-00 00:00:00', '0000-00-00 00:00:00', 'active'),
(183, 'Sao Tome and Principe', 0, '0000-00-00 00:00:00', '0000-00-00 00:00:00', 'active'),
(184, 'Saudi Arabia', 0, '0000-00-00 00:00:00', '0000-00-00 00:00:00', 'active'),
(185, 'Senegal', 0, '0000-00-00 00:00:00', '0000-00-00 00:00:00', 'active'),
(186, 'Serbia-Montenegro', 0, '0000-00-00 00:00:00', '0000-00-00 00:00:00', 'active'),
(187, 'Seychelles', 0, '0000-00-00 00:00:00', '0000-00-00 00:00:00', 'active'),
(188, 'Sierra Leone', 0, '0000-00-00 00:00:00', '0000-00-00 00:00:00', 'active'),
(189, 'Singapore', 0, '0000-00-00 00:00:00', '0000-00-00 00:00:00', 'active'),
(190, 'Slovak Republic', 0, '0000-00-00 00:00:00', '0000-00-00 00:00:00', 'active'),
(191, 'Slovenia', 0, '0000-00-00 00:00:00', '0000-00-00 00:00:00', 'active'),
(192, 'Solomon Islands', 0, '0000-00-00 00:00:00', '0000-00-00 00:00:00', 'active'),
(193, 'Somalia', 0, '0000-00-00 00:00:00', '0000-00-00 00:00:00', 'active'),
(194, 'South Africa', 0, '0000-00-00 00:00:00', '0000-00-00 00:00:00', 'active'),
(195, 'South Georgia & The South Sand', 0, '0000-00-00 00:00:00', '0000-00-00 00:00:00', 'active'),
(196, 'South Korea', 0, '0000-00-00 00:00:00', '0000-00-00 00:00:00', 'active'),
(197, 'Spain', 0, '0000-00-00 00:00:00', '0000-00-00 00:00:00', 'active'),
(198, 'Sri Lanka', 0, '0000-00-00 00:00:00', '0000-00-00 00:00:00', 'active'),
(199, 'St. Christopher and Nevis', 0, '0000-00-00 00:00:00', '0000-00-00 00:00:00', 'active'),
(200, 'St. Helena', 0, '0000-00-00 00:00:00', '0000-00-00 00:00:00', 'active'),
(201, 'St. Lucia', 0, '0000-00-00 00:00:00', '0000-00-00 00:00:00', 'active'),
(202, 'St. Pierre and Miquelon', 0, '0000-00-00 00:00:00', '0000-00-00 00:00:00', 'active'),
(203, 'St. Vincent & the Grenadines', 0, '0000-00-00 00:00:00', '0000-00-00 00:00:00', 'active'),
(204, 'Sudan', 0, '0000-00-00 00:00:00', '0000-00-00 00:00:00', 'active'),
(205, 'Suriname', 0, '0000-00-00 00:00:00', '0000-00-00 00:00:00', 'active'),
(206, 'Svalbard & Jan Mayen Islands', 0, '0000-00-00 00:00:00', '0000-00-00 00:00:00', 'active'),
(207, 'Swaziland', 0, '0000-00-00 00:00:00', '0000-00-00 00:00:00', 'active'),
(208, 'Sweden', 0, '0000-00-00 00:00:00', '0000-00-00 00:00:00', 'active'),
(209, 'Switzerland', 0, '0000-00-00 00:00:00', '0000-00-00 00:00:00', 'active'),
(210, 'Syrian Arab Republic', 0, '0000-00-00 00:00:00', '0000-00-00 00:00:00', 'active'),
(211, 'Taiwan', 0, '0000-00-00 00:00:00', '0000-00-00 00:00:00', 'active'),
(212, 'Tajikistan', 0, '0000-00-00 00:00:00', '0000-00-00 00:00:00', 'active'),
(213, 'Tanzania', 0, '0000-00-00 00:00:00', '0000-00-00 00:00:00', 'active'),
(214, 'Thailand', 0, '0000-00-00 00:00:00', '0000-00-00 00:00:00', 'active'),
(215, 'Togo', 0, '0000-00-00 00:00:00', '0000-00-00 00:00:00', 'active'),
(216, 'Tokelau', 0, '0000-00-00 00:00:00', '0000-00-00 00:00:00', 'active'),
(217, 'Tonga', 0, '0000-00-00 00:00:00', '0000-00-00 00:00:00', 'active'),
(218, 'Trinidad and Tobago', 0, '0000-00-00 00:00:00', '0000-00-00 00:00:00', 'active'),
(219, 'Tristan da Cunha', 0, '0000-00-00 00:00:00', '0000-00-00 00:00:00', 'active'),
(220, 'Tunisia', 0, '0000-00-00 00:00:00', '0000-00-00 00:00:00', 'active'),
(221, 'Turkey', 0, '0000-00-00 00:00:00', '0000-00-00 00:00:00', 'active'),
(222, 'Turkmenistan', 0, '0000-00-00 00:00:00', '0000-00-00 00:00:00', 'active'),
(223, 'Turks and Caicos Island', 0, '0000-00-00 00:00:00', '0000-00-00 00:00:00', 'active'),
(224, 'Tuvalu', 0, '0000-00-00 00:00:00', '0000-00-00 00:00:00', 'active'),
(225, 'Uganda', 0, '0000-00-00 00:00:00', '0000-00-00 00:00:00', 'active'),
(226, 'Ukraine', 0, '0000-00-00 00:00:00', '0000-00-00 00:00:00', 'active'),
(227, 'United Arab Emirates', 0, '0000-00-00 00:00:00', '0000-00-00 00:00:00', 'active'),
(228, 'United Kingdom', 0, '0000-00-00 00:00:00', '0000-00-00 00:00:00', 'active'),
(229, 'United States', 0, '0000-00-00 00:00:00', '0000-00-00 00:00:00', 'active'),
(230, 'Uruguay', 0, '0000-00-00 00:00:00', '0000-00-00 00:00:00', 'active'),
(231, 'Uzbekistan', 0, '0000-00-00 00:00:00', '0000-00-00 00:00:00', 'active'),
(232, 'Vanuatu', 0, '0000-00-00 00:00:00', '0000-00-00 00:00:00', 'active'),
(233, 'Vatican City', 0, '0000-00-00 00:00:00', '0000-00-00 00:00:00', 'active'),
(234, 'Venezuela', 0, '0000-00-00 00:00:00', '0000-00-00 00:00:00', 'active'),
(235, 'Vietnam', 0, '0000-00-00 00:00:00', '0000-00-00 00:00:00', 'active'),
(236, 'Virgin Islands', 0, '0000-00-00 00:00:00', '0000-00-00 00:00:00', 'active'),
(237, 'Wallis and Furuna Islands', 0, '0000-00-00 00:00:00', '0000-00-00 00:00:00', 'active'),
(238, 'Western Sahara', 0, '0000-00-00 00:00:00', '0000-00-00 00:00:00', 'active'),
(239, 'Western Samoa', 0, '0000-00-00 00:00:00', '0000-00-00 00:00:00', 'active'),
(240, 'Yemen', 0, '0000-00-00 00:00:00', '0000-00-00 00:00:00', 'active'),
(241, 'Yugoslavia', 0, '0000-00-00 00:00:00', '0000-00-00 00:00:00', 'active'),
(242, 'Zaire', 0, '0000-00-00 00:00:00', '0000-00-00 00:00:00', 'active'),
(243, 'Zambia', 0, '0000-00-00 00:00:00', '0000-00-00 00:00:00', 'active'),
(244, 'Zimbabwe', 0, '0000-00-00 00:00:00', '0000-00-00 00:00:00', 'active');

-- --------------------------------------------------------

--
-- Table structure for table `pwf_current_status`
--

CREATE TABLE IF NOT EXISTS `pwf_current_status` (
  `created` datetime NOT NULL DEFAULT '0000-00-00 00:00:00',
  `f` int(10) unsigned NOT NULL DEFAULT '0',
  `id` mediumint(8) unsigned NOT NULL AUTO_INCREMENT,
  `modified` datetime NOT NULL DEFAULT '0000-00-00 00:00:00',
  `name` varchar(64) NOT NULL,
  `status` enum('deleted','active') NOT NULL DEFAULT 'active',
  PRIMARY KEY (`id`),
  UNIQUE KEY `name` (`name`)
) ENGINE=InnoDB  DEFAULT CHARSET=utf8 AUTO_INCREMENT=5 ;

--
-- Dumping data for table `pwf_current_status`
--

INSERT INTO `pwf_current_status` (`created`, `f`, `id`, `modified`, `name`, `status`) VALUES
('2010-02-15 15:04:18', 0, 1, '2010-02-15 15:04:18', 'Active', 'active'),
('2010-02-15 15:04:49', 0, 2, '2010-05-16 18:20:44', 'Temporarily Inactive', 'active'),
('2010-02-15 15:05:13', 0, 3, '2010-02-26 13:50:21', 'Injured', 'active'),
('2010-02-26 13:47:35', 0, 4, '2010-02-26 13:50:21', 'Alumnus', 'active');

-- --------------------------------------------------------

--
-- Table structure for table `pwf_degree`
--

CREATE TABLE IF NOT EXISTS `pwf_degree` (
  `id` mediumint(8) unsigned NOT NULL AUTO_INCREMENT,
  `name` varchar(45) NOT NULL,
  `f` bit(1) NOT NULL DEFAULT b'0',
  `modified` datetime NOT NULL,
  `created` datetime NOT NULL,
  `status` enum('active','deleted') NOT NULL DEFAULT 'active',
  PRIMARY KEY (`id`)
) ENGINE=InnoDB  DEFAULT CHARSET=utf8 AUTO_INCREMENT=11 ;

--
-- Dumping data for table `pwf_degree`
--

INSERT INTO `pwf_degree` (`id`, `name`, `f`, `modified`, `created`, `status`) VALUES
(1, 'BA', '\0', '0000-00-00 00:00:00', '0000-00-00 00:00:00', 'active'),
(2, 'BS', '\0', '0000-00-00 00:00:00', '0000-00-00 00:00:00', 'active'),
(3, 'MBA', '\0', '0000-00-00 00:00:00', '0000-00-00 00:00:00', 'active'),
(4, 'MA', '\0', '0000-00-00 00:00:00', '0000-00-00 00:00:00', 'active'),
(5, 'MD', '\0', '0000-00-00 00:00:00', '0000-00-00 00:00:00', 'active'),
(6, 'MS', '\0', '0000-00-00 00:00:00', '0000-00-00 00:00:00', 'active'),
(7, 'PhD', '\0', '0000-00-00 00:00:00', '0000-00-00 00:00:00', 'active'),
(8, 'PhD/MD', '\0', '0000-00-00 00:00:00', '0000-00-00 00:00:00', 'active'),
(9, 'Current', '\0', '0000-00-00 00:00:00', '0000-00-00 00:00:00', 'active'),
(10, 'Other', '\0', '0000-00-00 00:00:00', '0000-00-00 00:00:00', 'active');

-- --------------------------------------------------------

--
-- Table structure for table `pwf_fields`
--

CREATE TABLE IF NOT EXISTS `pwf_fields` (
  `created` datetime NOT NULL DEFAULT '0000-00-00 00:00:00',
  `f` int(10) unsigned NOT NULL DEFAULT '0',
  `id` mediumint(8) unsigned NOT NULL AUTO_INCREMENT,
  `modified` datetime NOT NULL DEFAULT '0000-00-00 00:00:00',
  `name` varchar(64) NOT NULL,
  `status` enum('deleted','active') NOT NULL DEFAULT 'active',
  PRIMARY KEY (`id`),
  UNIQUE KEY `name` (`name`)
) ENGINE=InnoDB  DEFAULT CHARSET=utf8 AUTO_INCREMENT=3 ;

--
-- Dumping data for table `pwf_fields`
--

INSERT INTO `pwf_fields` (`created`, `f`, `id`, `modified`, `name`, `status`) VALUES
('2010-02-05 15:50:40', 0, 1, '2010-02-05 15:50:40', 'http://siliconvalleysoccer.com/fields.php', 'active'),
('2010-02-05 16:11:08', 0, 2, '2010-02-05 16:11:08', 'http://siliconvalleysoccer.com/fields.php?field_id=mayfield', 'active');

-- --------------------------------------------------------

--
-- Table structure for table `pwf_free_agent`
--

CREATE TABLE IF NOT EXISTS `pwf_free_agent` (
  `created` datetime NOT NULL DEFAULT '0000-00-00 00:00:00',
  `f` int(10) unsigned NOT NULL DEFAULT '0',
  `id` mediumint(8) unsigned NOT NULL AUTO_INCREMENT,
  `modified` datetime NOT NULL DEFAULT '0000-00-00 00:00:00',
  `name` varchar(64) NOT NULL,
  `status` enum('deleted','active') NOT NULL DEFAULT 'active',
  PRIMARY KEY (`id`),
  UNIQUE KEY `name` (`name`)
) ENGINE=InnoDB  DEFAULT CHARSET=utf8 AUTO_INCREMENT=4 ;

--
-- Dumping data for table `pwf_free_agent`
--

INSERT INTO `pwf_free_agent` (`created`, `f`, `id`, `modified`, `name`, `status`) VALUES
('2009-08-31 13:21:20', 0, 1, '2009-08-31 13:21:20', 'Yes', 'active'),
('2009-08-31 13:21:26', 0, 2, '2009-08-31 13:21:26', 'No', 'active'),
('2009-08-31 13:21:32', 0, 3, '2009-08-31 13:21:32', 'Maybe', 'active');

-- --------------------------------------------------------

--
-- Table structure for table `pwf_gender`
--

CREATE TABLE IF NOT EXISTS `pwf_gender` (
  `id` mediumint(8) unsigned NOT NULL AUTO_INCREMENT,
  `name` varchar(10) NOT NULL,
  `f` int(10) unsigned NOT NULL,
  `modified` datetime NOT NULL,
  `created` datetime NOT NULL,
  `status` enum('active','deleted') NOT NULL DEFAULT 'active',
  PRIMARY KEY (`id`)
) ENGINE=InnoDB  DEFAULT CHARSET=utf8 AUTO_INCREMENT=5 ;

--
-- Dumping data for table `pwf_gender`
--

INSERT INTO `pwf_gender` (`id`, `name`, `f`, `modified`, `created`, `status`) VALUES
(1, 'male', 0, '0000-00-00 00:00:00', '0000-00-00 00:00:00', 'active'),
(2, 'female', 0, '0000-00-00 00:00:00', '0000-00-00 00:00:00', 'active'),
(3, 'other', 0, '0000-00-00 00:00:00', '0000-00-00 00:00:00', 'deleted'),
(4, 'shemale', 0, '2010-08-22 10:56:51', '2010-08-22 10:56:51', 'deleted');

-- --------------------------------------------------------

--
-- Table structure for table `pwf_group_status`
--

CREATE TABLE IF NOT EXISTS `pwf_group_status` (
  `created` datetime NOT NULL DEFAULT '0000-00-00 00:00:00',
  `f` int(10) unsigned NOT NULL DEFAULT '0',
  `id` mediumint(8) unsigned NOT NULL AUTO_INCREMENT,
  `modified` datetime NOT NULL DEFAULT '0000-00-00 00:00:00',
  `name` varchar(64) NOT NULL,
  `status` enum('deleted','active') NOT NULL DEFAULT 'active',
  PRIMARY KEY (`id`),
  UNIQUE KEY `name` (`name`)
) ENGINE=InnoDB  DEFAULT CHARSET=utf8 AUTO_INCREMENT=5 ;

--
-- Dumping data for table `pwf_group_status`
--

INSERT INTO `pwf_group_status` (`created`, `f`, `id`, `modified`, `name`, `status`) VALUES
('2010-02-15 15:04:18', 0, 1, '2010-02-15 15:04:18', 'Active', 'active'),
('2010-02-15 15:04:49', 0, 2, '2010-05-16 18:20:44', 'Temporarily Inactive', 'active'),
('2010-02-26 13:47:35', 0, 4, '2010-02-26 13:50:21', 'Alumnus', 'active');

-- --------------------------------------------------------

--
-- Table structure for table `pwf_industry`
--

CREATE TABLE IF NOT EXISTS `pwf_industry` (
  `id` mediumint(8) unsigned NOT NULL AUTO_INCREMENT,
  `name` varchar(55) NOT NULL,
  `f` int(10) unsigned NOT NULL DEFAULT '0',
  `modified` datetime NOT NULL,
  `created` datetime NOT NULL,
  `status` enum('active','deleted') NOT NULL DEFAULT 'active',
  PRIMARY KEY (`id`)
) ENGINE=InnoDB  DEFAULT CHARSET=utf8 COMMENT='InnoDB free: 11264 kB' AUTO_INCREMENT=211 ;

--
-- Dumping data for table `pwf_industry`
--

INSERT INTO `pwf_industry` (`id`, `name`, `f`, `modified`, `created`, `status`) VALUES
(10, 'Academia', 0, '0000-00-00 00:00:00', '0000-00-00 00:00:00', 'active'),
(11, 'Accounting ', 0, '0000-00-00 00:00:00', '0000-00-00 00:00:00', 'active'),
(12, 'Advertising', 0, '0000-00-00 00:00:00', '0000-00-00 00:00:00', 'active'),
(13, 'Aerospace ', 0, '0000-00-00 00:00:00', '0000-00-00 00:00:00', 'active'),
(14, 'Aerospace & Defense', 0, '0000-00-00 00:00:00', '0000-00-00 00:00:00', 'active'),
(16, 'Aircraft Development', 0, '0000-00-00 00:00:00', '0000-00-00 00:00:00', 'active'),
(17, 'Airline ', 0, '0000-00-00 00:00:00', '0000-00-00 00:00:00', 'active'),
(18, 'Alcoholic Beverages & Tobacco', 0, '0000-00-00 00:00:00', '0000-00-00 00:00:00', 'active'),
(19, 'Apparel & Accessories ', 0, '0000-00-00 00:00:00', '0000-00-00 00:00:00', 'active'),
(20, 'Apparel & Footwear', 0, '0000-00-00 00:00:00', '0000-00-00 00:00:00', 'active'),
(21, 'Automotive ', 0, '0000-00-00 00:00:00', '0000-00-00 00:00:00', 'active'),
(22, 'Autos & Auto Parts', 0, '0000-00-00 00:00:00', '0000-00-00 00:00:00', 'active'),
(23, 'Banking', 0, '0000-00-00 00:00:00', '0000-00-00 00:00:00', 'active'),
(24, 'Biomedical Informatics', 0, '0000-00-00 00:00:00', '0000-00-00 00:00:00', 'active'),
(25, 'Biotechnology', 0, '0000-00-00 00:00:00', '0000-00-00 00:00:00', 'active'),
(26, 'Biotechnology R+D', 0, '0000-00-00 00:00:00', '0000-00-00 00:00:00', 'active'),
(27, 'Broadcasting ', 0, '0000-00-00 00:00:00', '0000-00-00 00:00:00', 'active'),
(28, 'Broadcasting & Cable', 0, '0000-00-00 00:00:00', '0000-00-00 00:00:00', 'active'),
(29, 'Brokerage ', 0, '0000-00-00 00:00:00', '0000-00-00 00:00:00', 'active'),
(30, 'Cable TV', 0, '0000-00-00 00:00:00', '0000-00-00 00:00:00', 'active'),
(31, 'Call Centers ', 0, '0000-00-00 00:00:00', '0000-00-00 00:00:00', 'active'),
(32, 'Chemicals: Basic', 0, '0000-00-00 00:00:00', '0000-00-00 00:00:00', 'active'),
(33, 'Chemicals: Specialty', 0, '0000-00-00 00:00:00', '0000-00-00 00:00:00', 'active'),
(34, 'Coal Mining', 0, '0000-00-00 00:00:00', '0000-00-00 00:00:00', 'active'),
(35, 'Computer ', 0, '0000-00-00 00:00:00', '0000-00-00 00:00:00', 'active'),
(36, 'Computers: Hardware', 0, '0000-00-00 00:00:00', '0000-00-00 00:00:00', 'active'),
(37, 'Computers: Networking', 0, '0000-00-00 00:00:00', '0000-00-00 00:00:00', 'active'),
(38, 'Computers: Software', 0, '0000-00-00 00:00:00', '0000-00-00 00:00:00', 'active'),
(39, 'Consulting ', 0, '0000-00-00 00:00:00', '0000-00-00 00:00:00', 'active'),
(40, 'Consumer Products ', 0, '0000-00-00 00:00:00', '0000-00-00 00:00:00', 'active'),
(41, 'Cosmetics ', 0, '0000-00-00 00:00:00', '0000-00-00 00:00:00', 'active'),
(42, 'Defense ', 0, '0000-00-00 00:00:00', '0000-00-00 00:00:00', 'active'),
(43, 'Department Stores ', 0, '0000-00-00 00:00:00', '0000-00-00 00:00:00', 'active'),
(44, 'Education ', 0, '0000-00-00 00:00:00', '0000-00-00 00:00:00', 'active'),
(45, 'Electronics: Engineering ', 0, '0000-00-00 00:00:00', '0000-00-00 00:00:00', 'active'),
(46, 'Electronics: Personal Devices and Handhelds', 0, '0000-00-00 00:00:00', '0000-00-00 00:00:00', 'active'),
(47, 'Energy ', 0, '0000-00-00 00:00:00', '0000-00-00 00:00:00', 'active'),
(48, 'Entertainment & Leisure ', 0, '0000-00-00 00:00:00', '0000-00-00 00:00:00', 'active'),
(49, 'Environmental & Waste Management', 0, '0000-00-00 00:00:00', '0000-00-00 00:00:00', 'active'),
(50, 'Executive Search ', 0, '0000-00-00 00:00:00', '0000-00-00 00:00:00', 'active'),
(51, 'Financial Services ', 0, '0000-00-00 00:00:00', '0000-00-00 00:00:00', 'active'),
(52, 'Financial Services: Diversified', 0, '0000-00-00 00:00:00', '0000-00-00 00:00:00', 'active'),
(53, 'Food, Beverage & Tobacco ', 0, '0000-00-00 00:00:00', '0000-00-00 00:00:00', 'active'),
(54, 'Foods & Nonalcoholic Beverages', 0, '0000-00-00 00:00:00', '0000-00-00 00:00:00', 'active'),
(55, 'Grocery ', 0, '0000-00-00 00:00:00', '0000-00-00 00:00:00', 'active'),
(56, 'Healthcare: Drug Discovery R+D', 0, '0000-00-00 00:00:00', '0000-00-00 00:00:00', 'active'),
(57, 'Healthcare: Facilities', 0, '0000-00-00 00:00:00', '0000-00-00 00:00:00', 'active'),
(58, 'Healthcare: General', 0, '0000-00-00 00:00:00', '0000-00-00 00:00:00', 'active'),
(59, 'Healthcare: Managed Care', 0, '0000-00-00 00:00:00', '0000-00-00 00:00:00', 'active'),
(60, 'Healthcare: Medical Devices', 0, '0000-00-00 00:00:00', '0000-00-00 00:00:00', 'active'),
(62, 'Healthcare: Pharmaceutical R+D', 0, '0000-00-00 00:00:00', '0000-00-00 00:00:00', 'active'),
(63, 'Healthcare: Pharmaceuticals', 0, '0000-00-00 00:00:00', '0000-00-00 00:00:00', 'active'),
(64, 'Healthcare: Products & Supplies', 0, '0000-00-00 00:00:00', '0000-00-00 00:00:00', 'active'),
(65, 'Healthcare: Veterinary', 0, '0000-00-00 00:00:00', '0000-00-00 00:00:00', 'active'),
(66, 'Homebuilding', 0, '0000-00-00 00:00:00', '0000-00-00 00:00:00', 'active'),
(67, 'Household Durables', 0, '0000-00-00 00:00:00', '0000-00-00 00:00:00', 'active'),
(68, 'Household Nondurables', 0, '0000-00-00 00:00:00', '0000-00-00 00:00:00', 'active'),
(69, 'Industrial and Analytical Instruments', 0, '0000-00-00 00:00:00', '0000-00-00 00:00:00', 'active'),
(70, 'Information Technology', 0, '0000-00-00 00:00:00', '0000-00-00 00:00:00', 'active'),
(71, 'Insurance', 0, '0000-00-00 00:00:00', '0000-00-00 00:00:00', 'active'),
(72, 'Internet Publishing ', 0, '0000-00-00 00:00:00', '0000-00-00 00:00:00', 'active'),
(73, 'Investment Banking ', 0, '0000-00-00 00:00:00', '0000-00-00 00:00:00', 'active'),
(74, 'Investment Services', 0, '0000-00-00 00:00:00', '0000-00-00 00:00:00', 'active'),
(75, 'Legal ', 0, '0000-00-00 00:00:00', '0000-00-00 00:00:00', 'active'),
(76, 'Lodging & Gaming', 0, '0000-00-00 00:00:00', '0000-00-00 00:00:00', 'active'),
(77, 'Machinery', 0, '0000-00-00 00:00:00', '0000-00-00 00:00:00', 'active'),
(78, 'Manufacturing ', 0, '0000-00-00 00:00:00', '0000-00-00 00:00:00', 'active'),
(79, 'Metals: Industrial', 0, '0000-00-00 00:00:00', '0000-00-00 00:00:00', 'active'),
(80, 'Motion Picture & Video ', 0, '0000-00-00 00:00:00', '0000-00-00 00:00:00', 'active'),
(81, 'Movies & Home Entertainment', 0, '0000-00-00 00:00:00', '0000-00-00 00:00:00', 'active'),
(82, 'Music ', 0, '0000-00-00 00:00:00', '0000-00-00 00:00:00', 'active'),
(83, 'Natural Gas Distribution', 0, '0000-00-00 00:00:00', '0000-00-00 00:00:00', 'active'),
(84, 'Newspaper Publishers ', 0, '0000-00-00 00:00:00', '0000-00-00 00:00:00', 'active'),
(85, 'Online Auctions ', 0, '0000-00-00 00:00:00', '0000-00-00 00:00:00', 'active'),
(86, 'Packaging & Containers', 0, '0000-00-00 00:00:00', '0000-00-00 00:00:00', 'active'),
(87, 'Paper & Forest Products', 0, '0000-00-00 00:00:00', '0000-00-00 00:00:00', 'active'),
(88, 'Pension Funds ', 0, '0000-00-00 00:00:00', '0000-00-00 00:00:00', 'active'),
(89, 'Private Equity ', 0, '0000-00-00 00:00:00', '0000-00-00 00:00:00', 'active'),
(90, 'Publishing', 0, '0000-00-00 00:00:00', '0000-00-00 00:00:00', 'active'),
(92, 'Real Estate ', 0, '0000-00-00 00:00:00', '0000-00-00 00:00:00', 'active'),
(93, 'Recreation', 0, '0000-00-00 00:00:00', '0000-00-00 00:00:00', 'active'),
(94, 'Restaurants', 0, '0000-00-00 00:00:00', '0000-00-00 00:00:00', 'active'),
(95, 'Retail & Wholesale ', 0, '0000-00-00 00:00:00', '0000-00-00 00:00:00', 'active'),
(96, 'Retailing: General', 0, '0000-00-00 00:00:00', '0000-00-00 00:00:00', 'active'),
(97, 'Retailing: Specialty', 0, '0000-00-00 00:00:00', '0000-00-00 00:00:00', 'active'),
(98, 'Robotics', 0, '0000-00-00 00:00:00', '0000-00-00 00:00:00', 'active'),
(99, 'Savings & Loans', 0, '0000-00-00 00:00:00', '0000-00-00 00:00:00', 'active'),
(100, 'Securities & Commodity Exchanges ', 0, '0000-00-00 00:00:00', '0000-00-00 00:00:00', 'active'),
(192, 'Securities, Mutual Funds, and Commodity Futures Trading', 0, '0000-00-00 00:00:00', '0000-00-00 00:00:00', 'active'),
(193, 'Semiconductors', 0, '0000-00-00 00:00:00', '0000-00-00 00:00:00', 'active'),
(194, 'Service ', 0, '0000-00-00 00:00:00', '0000-00-00 00:00:00', 'active'),
(195, 'Shipbuilding & Repair', 0, '0000-00-00 00:00:00', '0000-00-00 00:00:00', 'active'),
(196, 'Soap & Detergent ', 0, '0000-00-00 00:00:00', '0000-00-00 00:00:00', 'active'),
(197, 'Software ', 0, '0000-00-00 00:00:00', '0000-00-00 00:00:00', 'active'),
(198, 'Sports ', 0, '0000-00-00 00:00:00', '0000-00-00 00:00:00', 'active'),
(199, 'Supermarkets & Drugstores', 0, '0000-00-00 00:00:00', '0000-00-00 00:00:00', 'active'),
(200, 'Technology Development', 0, '0000-00-00 00:00:00', '0000-00-00 00:00:00', 'active'),
(201, 'Telecommunications: General ', 0, '0000-00-00 00:00:00', '0000-00-00 00:00:00', 'active'),
(202, 'Telecommunications: Wireless', 0, '0000-00-00 00:00:00', '0000-00-00 00:00:00', 'active'),
(203, 'Telecommunications: Wireline', 0, '0000-00-00 00:00:00', '0000-00-00 00:00:00', 'active'),
(204, 'Television ', 0, '0000-00-00 00:00:00', '0000-00-00 00:00:00', 'active'),
(205, 'Textile', 0, '0000-00-00 00:00:00', '0000-00-00 00:00:00', 'active'),
(206, 'Transportation ', 0, '0000-00-00 00:00:00', '0000-00-00 00:00:00', 'active'),
(207, 'Travel & Tourism', 0, '0000-00-00 00:00:00', '0000-00-00 00:00:00', 'active'),
(208, 'Venture Capital ', 0, '0000-00-00 00:00:00', '0000-00-00 00:00:00', 'active'),
(209, 'Wholesaling', 0, '0000-00-00 00:00:00', '0000-00-00 00:00:00', 'active'),
(210, 'Wood Products', 0, '0000-00-00 00:00:00', '0000-00-00 00:00:00', 'active');

-- --------------------------------------------------------

--
-- Table structure for table `pwf_institute`
--

CREATE TABLE IF NOT EXISTS `pwf_institute` (
  `created` datetime NOT NULL DEFAULT '2007-06-01 00:00:00',
  `f` int(10) unsigned NOT NULL DEFAULT '0',
  `id` mediumint(8) unsigned NOT NULL AUTO_INCREMENT,
  `name` varchar(45) NOT NULL,
  PRIMARY KEY (`id`),
  UNIQUE KEY `name` (`name`)
) ENGINE=InnoDB  DEFAULT CHARSET=utf8 AUTO_INCREMENT=2276 ;

--
-- Dumping data for table `pwf_institute`
--

INSERT INTO `pwf_institute` (`created`, `f`, `id`, `name`) VALUES
('2007-06-01 00:00:00', 0, 1625, 'Aarhus University'),
('2007-06-01 00:00:00', 0, 1626, 'Agnes Scott College'),
('2007-06-01 00:00:00', 0, 1627, 'Albion College'),
('2007-06-01 00:00:00', 0, 1628, 'Allegheny College'),
('2007-06-01 00:00:00', 0, 1629, 'Amherst College'),
('2007-06-01 00:00:00', 0, 1630, 'Arizona State University - Tempe'),
('2007-06-01 00:00:00', 0, 1631, 'Auburn University'),
('2007-06-01 00:00:00', 0, 1632, 'Augustana College'),
('2007-06-01 00:00:00', 0, 1633, 'Austin College'),
('2007-06-01 00:00:00', 0, 1634, 'Australian NatlUniversity'),
('2007-06-01 00:00:00', 0, 1635, 'Bar Ilan University'),
('2007-06-01 00:00:00', 0, 1636, 'Bard College'),
('2007-06-01 00:00:00', 0, 1637, 'Barnard College'),
('2007-06-01 00:00:00', 0, 1638, 'Bates College'),
('2007-06-01 00:00:00', 0, 1639, 'Baylor Coll Med'),
('2007-06-01 00:00:00', 0, 1640, 'Beloit College'),
('2007-06-01 00:00:00', 0, 1641, 'Ben Gurion University'),
('2007-06-01 00:00:00', 0, 1642, 'Bennington College'),
('2007-06-01 00:00:00', 0, 1643, 'Birkbeck Coll'),
('2007-06-01 00:00:00', 0, 1644, 'Birmingham - Southern College'),
('2007-06-01 00:00:00', 0, 1645, 'Boston Coll'),
('2007-06-01 00:00:00', 0, 1646, 'Boston University'),
('2007-06-01 00:00:00', 0, 1647, 'Bowdoin College'),
('2007-06-01 00:00:00', 0, 1648, 'Brandeis University'),
('2007-06-01 00:00:00', 0, 1649, 'Brigham Young University - Provo'),
('2007-06-01 00:00:00', 0, 1650, 'Brown University'),
('2007-06-01 00:00:00', 0, 1651, 'Bryn Mawr College'),
('2007-06-01 00:00:00', 0, 1652, 'Bucknell University'),
('2007-06-01 00:00:00', 0, 1653, 'Budapest University Tech'),
('2007-06-01 00:00:00', 0, 1654, 'California Inst Tech'),
('2007-06-01 00:00:00', 0, 1655, 'Cardiff University'),
('2007-06-01 00:00:00', 0, 1656, 'Carleton College'),
('2007-06-01 00:00:00', 0, 1657, 'Carleton University'),
('2007-06-01 00:00:00', 0, 1658, 'Carnegie Mellon University'),
('2007-06-01 00:00:00', 0, 1659, 'Case Western Reserve University'),
('2007-06-01 00:00:00', 0, 1660, 'Catholic University America'),
('2007-06-01 00:00:00', 0, 1661, 'Centre College'),
('2007-06-01 00:00:00', 0, 1662, 'Chalmers University Tech'),
('2007-06-01 00:00:00', 0, 1663, 'Charles University Prague'),
('2007-06-01 00:00:00', 0, 1664, 'Chiba University'),
('2007-06-01 00:00:00', 0, 1665, 'Chinese University Hong Kong'),
('2007-06-01 00:00:00', 0, 1666, 'City University Hong Kong'),
('2007-06-01 00:00:00', 0, 1667, 'City University New York - City Coll'),
('2007-06-01 00:00:00', 0, 1668, 'Claremont McKenna College'),
('2007-06-01 00:00:00', 0, 1669, 'Clemson University'),
('2007-06-01 00:00:00', 0, 1670, 'Coe College'),
('2007-06-01 00:00:00', 0, 1671, 'Colby College'),
('2007-06-01 00:00:00', 0, 1672, 'Colgate University'),
('2007-06-01 00:00:00', 0, 1673, 'Coll France'),
('2007-06-01 00:00:00', 0, 1674, 'Coll William & Mary'),
('2007-06-01 00:00:00', 0, 1675, 'College of St. Benedict'),
('2007-06-01 00:00:00', 0, 1676, 'College of the Holy Cross'),
('2007-06-01 00:00:00', 0, 1677, 'College of Wooster'),
('2007-06-01 00:00:00', 0, 1678, 'Colorado College'),
('2007-06-01 00:00:00', 0, 1679, 'Colorado State University'),
('2007-06-01 00:00:00', 0, 1680, 'Columbia University'),
('2007-06-01 00:00:00', 0, 1681, 'Connecticut College'),
('2007-06-01 00:00:00', 0, 1682, 'Cornell University'),
('2007-06-01 00:00:00', 0, 1683, 'Dalhousie University'),
('2007-06-01 00:00:00', 0, 1684, 'Dartmouth Coll'),
('2007-06-01 00:00:00', 0, 1685, 'Davidson College'),
('2007-06-01 00:00:00', 0, 1686, 'Delft University Tech'),
('2007-06-01 00:00:00', 0, 1687, 'Denison University'),
('2007-06-01 00:00:00', 0, 1688, 'DePauw University'),
('2007-06-01 00:00:00', 0, 1689, 'Dickinson College'),
('2007-06-01 00:00:00', 0, 1690, 'Drew University'),
('2007-06-01 00:00:00', 0, 1691, 'Drexel University'),
('2007-06-01 00:00:00', 0, 1692, 'Duke University'),
('2007-06-01 00:00:00', 0, 1693, 'Earlham College'),
('2007-06-01 00:00:00', 0, 1694, 'Ecole Natl Super Mines - Paris'),
('2007-06-01 00:00:00', 0, 1695, 'Ecole Normale Super Lyon'),
('2007-06-01 00:00:00', 0, 1696, 'Ecole Normale Super Paris'),
('2007-06-01 00:00:00', 0, 1697, 'Ecole Polytechnique'),
('2007-06-01 00:00:00', 0, 1698, 'Ecole Super Phys & Chem Industry'),
('2007-06-01 00:00:00', 0, 1699, 'Ehime University'),
('2007-06-01 00:00:00', 0, 1700, 'Eindhoven University Tech'),
('2007-06-01 00:00:00', 0, 1701, 'Emory University'),
('2007-06-01 00:00:00', 0, 1702, 'Eotvos Lorand University'),
('2007-06-01 00:00:00', 0, 1703, 'Erasmus University'),
('2007-06-01 00:00:00', 0, 1704, 'Flinders University South Australia'),
('2007-06-01 00:00:00', 0, 1705, 'Florida International University'),
('2007-06-01 00:00:00', 0, 1706, 'Florida State University'),
('2007-06-01 00:00:00', 0, 1707, 'Franklin and Marshall College'),
('2007-06-01 00:00:00', 0, 1708, 'Free University Amsterdam'),
('2007-06-01 00:00:00', 0, 1709, 'Free University Berlin'),
('2007-06-01 00:00:00', 0, 1710, 'Fudan University'),
('2007-06-01 00:00:00', 0, 1711, 'Furman University'),
('2007-06-01 00:00:00', 0, 1712, 'George Mason University'),
('2007-06-01 00:00:00', 0, 1713, 'George Washington University'),
('2007-06-01 00:00:00', 0, 1714, 'Georgetown University'),
('2007-06-01 00:00:00', 0, 1715, 'Georgia Inst Tech'),
('2007-06-01 00:00:00', 0, 1716, 'Gettysburg College'),
('2007-06-01 00:00:00', 0, 1717, 'Gifu University'),
('2007-06-01 00:00:00', 0, 1718, 'Gothenburg University'),
('2007-06-01 00:00:00', 0, 1719, 'Goucher College'),
('2007-06-01 00:00:00', 0, 1720, 'Grinnell College'),
('2007-06-01 00:00:00', 0, 1721, 'Gunma University'),
('2007-06-01 00:00:00', 0, 1722, 'Gustavus Adolphus College'),
('2007-06-01 00:00:00', 0, 1723, 'Hamilton College'),
('2007-06-01 00:00:00', 0, 1724, 'Hampden - Sydney College'),
('2007-06-01 00:00:00', 0, 1725, 'Hampshire College'),
('2007-06-01 00:00:00', 0, 1726, 'Hannover Med Sch'),
('2007-06-01 00:00:00', 0, 1727, 'Hanover College'),
('2007-06-01 00:00:00', 0, 1728, 'Hanyang University'),
('2007-06-01 00:00:00', 0, 1729, 'Harvard  Universityersity'),
('2007-06-01 00:00:00', 0, 1730, 'Harvey Mudd College'),
('2007-06-01 00:00:00', 0, 1731, 'Haverford College'),
('2007-06-01 00:00:00', 0, 1732, 'Hebrew University Jerusalem'),
('2007-06-01 00:00:00', 0, 1733, 'Hendrix College'),
('2007-06-01 00:00:00', 0, 1734, 'Himeji Inst Tech'),
('2007-06-01 00:00:00', 0, 1735, 'Hiroshima University'),
('2007-06-01 00:00:00', 0, 1736, 'Hobart and William Smith Col.'),
('2007-06-01 00:00:00', 0, 1737, 'Hokkaido University'),
('2007-06-01 00:00:00', 0, 1738, 'Hollins University'),
('2007-06-01 00:00:00', 0, 1739, 'Hong Kong Polytechnic University'),
('2007-06-01 00:00:00', 0, 1740, 'Hong Kong University Sci & Tech'),
('2007-06-01 00:00:00', 0, 1741, 'Hope College'),
('2007-06-01 00:00:00', 0, 1742, 'Howard University'),
('2007-06-01 00:00:00', 0, 1743, 'Humboldt University Berlin'),
('2007-06-01 00:00:00', 0, 1744, 'Illinois Wesleyan University'),
('2007-06-01 00:00:00', 0, 1745, 'Imperial Coll London'),
('2007-06-01 00:00:00', 0, 1746, 'Indian Inst Sci'),
('2007-06-01 00:00:00', 0, 1747, 'Indian Inst Tech - Kharagpur'),
('2007-06-01 00:00:00', 0, 1748, 'Indiana University - Bloomington'),
('2007-06-01 00:00:00', 0, 1749, 'Indiana University - Purdue University - Indi'),
('2007-06-01 00:00:00', 0, 1750, 'Innsbruck University'),
('2007-06-01 00:00:00', 0, 1751, 'Iowa State University'),
('2007-06-01 00:00:00', 0, 1752, 'Jagiellonian University'),
('2007-06-01 00:00:00', 0, 1753, 'Jichi Med Sch'),
('2007-06-01 00:00:00', 0, 1754, 'Jilin University'),
('2007-06-01 00:00:00', 0, 1755, 'Johns Hopkins University'),
('2007-06-01 00:00:00', 0, 1756, 'Juniata College'),
('2007-06-01 00:00:00', 0, 1757, 'Juntendo University'),
('2007-06-01 00:00:00', 0, 1758, 'Kagoshima University'),
('2007-06-01 00:00:00', 0, 1759, 'Kalamazoo College'),
('2007-06-01 00:00:00', 0, 1760, 'Kanazawa University'),
('2007-06-01 00:00:00', 0, 1761, 'Kansas State University'),
('2007-06-01 00:00:00', 0, 1762, 'Karolinska Inst Stockholm'),
('2007-06-01 00:00:00', 0, 1763, 'Keio University'),
('2007-06-01 00:00:00', 0, 1764, 'Kent State University'),
('2007-06-01 00:00:00', 0, 1765, 'Kenyon College'),
('2007-06-01 00:00:00', 0, 1766, 'King''s Coll London'),
('2007-06-01 00:00:00', 0, 1767, 'Knox College'),
('2007-06-01 00:00:00', 0, 1768, 'Kobe University'),
('2007-06-01 00:00:00', 0, 1769, 'Korea Advanced Inst Sci & Tech'),
('2007-06-01 00:00:00', 0, 1770, 'Korea University'),
('2007-06-01 00:00:00', 0, 1771, 'Kumamoto University'),
('2007-06-01 00:00:00', 0, 1772, 'Kyoto University'),
('2007-06-01 00:00:00', 0, 1773, 'Kyungpook Natl University'),
('2007-06-01 00:00:00', 0, 1774, 'Kyushu University'),
('2007-06-01 00:00:00', 0, 1775, 'La Trobe University'),
('2007-06-01 00:00:00', 0, 1776, 'Lafayette College'),
('2007-06-01 00:00:00', 0, 1777, 'Lake Forest College'),
('2007-06-01 00:00:00', 0, 1778, 'Lawrence University'),
('2007-06-01 00:00:00', 0, 1779, 'Lehigh University'),
('2007-06-01 00:00:00', 0, 1780, 'Lewis and Clark College'),
('2007-06-01 00:00:00', 0, 1781, 'Linkoping University'),
('2007-06-01 00:00:00', 0, 1782, 'London Sch Economics'),
('2007-06-01 00:00:00', 0, 1783, 'London Sch Hygiene & Tropical Med'),
('2007-06-01 00:00:00', 0, 1784, 'Louisiana State University - Baton Rouge'),
('2007-06-01 00:00:00', 0, 1785, 'Loyola University - Chicago'),
('2007-06-01 00:00:00', 0, 1786, 'Lund University'),
('2007-06-01 00:00:00', 0, 1787, 'Luther College'),
('2007-06-01 00:00:00', 0, 1788, 'Macalester College'),
('2007-06-01 00:00:00', 0, 1789, 'Macquarie University'),
('2007-06-01 00:00:00', 0, 1790, 'Massachusetts Inst Tech (MIT)'),
('2007-06-01 00:00:00', 0, 1791, 'Massey University'),
('2007-06-01 00:00:00', 0, 1792, 'McGill University'),
('2007-06-01 00:00:00', 0, 1793, 'McMaster University'),
('2007-06-01 00:00:00', 0, 1794, 'Med Coll Georgia'),
('2007-06-01 00:00:00', 0, 1795, 'Med Coll Wisconsin'),
('2007-06-01 00:00:00', 0, 1796, 'Med University Innsbruck'),
('2007-06-01 00:00:00', 0, 1797, 'Med University South Carolina'),
('2007-06-01 00:00:00', 0, 1798, 'Memorial University Newfoundland'),
('2007-06-01 00:00:00', 0, 1799, 'Michigan State University'),
('2007-06-01 00:00:00', 0, 1800, 'Michigan Tech University'),
('2007-06-01 00:00:00', 0, 1801, 'Middlebury College'),
('2007-06-01 00:00:00', 0, 1802, 'Mills College'),
('2007-06-01 00:00:00', 0, 1803, 'Millsaps College'),
('2007-06-01 00:00:00', 0, 1804, 'Monash University'),
('2007-06-01 00:00:00', 0, 1805, 'Montana State University - Bozeman'),
('2007-06-01 00:00:00', 0, 1806, 'Moscow State University'),
('2007-06-01 00:00:00', 0, 1807, 'Mount Holyoke College'),
('2007-06-01 00:00:00', 0, 1808, 'Mt Sinai Sch Med'),
('2007-06-01 00:00:00', 0, 1809, 'Muhlenberg College'),
('2007-06-01 00:00:00', 0, 1810, 'Murdoch University'),
('2007-06-01 00:00:00', 0, 1811, 'Nagasaki University'),
('2007-06-01 00:00:00', 0, 1812, 'Nagoya University'),
('2007-06-01 00:00:00', 0, 1813, 'Nanjing University'),
('2007-06-01 00:00:00', 0, 1814, 'Nanyang Tech University'),
('2007-06-01 00:00:00', 0, 1815, 'Nara Inst Sci & Tech'),
('2007-06-01 00:00:00', 0, 1816, 'Natl Cheng Kung University'),
('2007-06-01 00:00:00', 0, 1817, 'Natl Taiwan University'),
('2007-06-01 00:00:00', 0, 1818, 'Natl Tsing Hua University'),
('2007-06-01 00:00:00', 0, 1819, 'Natl University Singapore'),
('2007-06-01 00:00:00', 0, 1820, 'New College of Florida'),
('2007-06-01 00:00:00', 0, 1821, 'New Jersey Inst Tech'),
('2007-06-01 00:00:00', 0, 1822, 'New Mexico State University - Las Cruces'),
('2007-06-01 00:00:00', 0, 1823, 'New York University'),
('2007-06-01 00:00:00', 0, 1824, 'Nihon University'),
('2007-06-01 00:00:00', 0, 1825, 'Niigata University'),
('2007-06-01 00:00:00', 0, 1826, 'North Carolina State University - Raleigh'),
('2007-06-01 00:00:00', 0, 1827, 'Northeastern University'),
('2007-06-01 00:00:00', 0, 1828, 'Northern Arizona University'),
('2007-06-01 00:00:00', 0, 1829, 'Northwestern University'),
('2007-06-01 00:00:00', 0, 1830, 'Norwegian University Sci & Tech'),
('2007-06-01 00:00:00', 0, 1831, 'Oberlin College'),
('2007-06-01 00:00:00', 0, 1832, 'Occidental College'),
('2007-06-01 00:00:00', 0, 1833, 'Ohio State University - Columbus'),
('2007-06-01 00:00:00', 0, 1834, 'Ohio Wesleyan University'),
('2007-06-01 00:00:00', 0, 1835, 'Okayama University'),
('2007-06-01 00:00:00', 0, 1836, 'Oklahoma State University'),
('2007-06-01 00:00:00', 0, 1837, 'Old Dominion University'),
('2007-06-01 00:00:00', 0, 1838, 'Open University'),
('2007-06-01 00:00:00', 0, 1839, 'Oregon Health & Sci University'),
('2007-06-01 00:00:00', 0, 1840, 'Oregon State University'),
('2007-06-01 00:00:00', 0, 1841, 'Osaka City University'),
('2007-06-01 00:00:00', 0, 1842, 'OsakaUniversity'),
('2007-06-01 00:00:00', 0, 1843, 'Peking University'),
('2007-06-01 00:00:00', 0, 1844, 'Pennsylvania StateUniversity - University Par'),
('2007-06-01 00:00:00', 0, 1845, 'Pitzer College'),
('2007-06-01 00:00:00', 0, 1846, 'Pohang University Sci & Tech'),
('2007-06-01 00:00:00', 0, 1847, 'Polytechnic Inst Milan'),
('2007-06-01 00:00:00', 0, 1848, 'Polytechnic Inst Turin'),
('2007-06-01 00:00:00', 0, 1849, 'Polytechnic University - Brooklyn'),
('2007-06-01 00:00:00', 0, 1850, 'Pomona College'),
('2007-06-01 00:00:00', 0, 1851, 'Princeton University'),
('2007-06-01 00:00:00', 0, 1852, 'Principia College'),
('2007-06-01 00:00:00', 0, 1853, 'Purdue University - West Lafayette'),
('2007-06-01 00:00:00', 0, 1854, 'Queen Mary Coll'),
('2007-06-01 00:00:00', 0, 1855, 'Queen''s University'),
('2007-06-01 00:00:00', 0, 1856, 'Queen''s University Belfast'),
('2007-06-01 00:00:00', 0, 1857, 'Randolph - Macon College'),
('2007-06-01 00:00:00', 0, 1858, 'Randolph - Macon Woman''s College'),
('2007-06-01 00:00:00', 0, 1859, 'Reed College'),
('2007-06-01 00:00:00', 0, 1860, 'Rensselaer Polytechnic Inst'),
('2007-06-01 00:00:00', 0, 1861, 'Rhodes College'),
('2007-06-01 00:00:00', 0, 1862, 'Rice University'),
('2007-06-01 00:00:00', 0, 1863, 'Rockefeller University'),
('2007-06-01 00:00:00', 0, 1864, 'Royal Holloway Coll'),
('2007-06-01 00:00:00', 0, 1865, 'Royal Inst Tech'),
('2007-06-01 00:00:00', 0, 1866, 'Royal Veterinary & Agr University'),
('2007-06-01 00:00:00', 0, 1867, 'Rutgers StateUniversity - New Brunswick'),
('2007-06-01 00:00:00', 0, 1868, 'San Diego State University'),
('2007-06-01 00:00:00', 0, 1869, 'Sarah Lawrence College'),
('2007-06-01 00:00:00', 0, 1870, 'Scripps College'),
('2007-06-01 00:00:00', 0, 1871, 'Scuola Normale Super - Pisa'),
('2007-06-01 00:00:00', 0, 1872, 'Seoul Natl University'),
('2007-06-01 00:00:00', 0, 1873, 'SewaneeUniversity of the South'),
('2007-06-01 00:00:00', 0, 1874, 'Shanghai Jiao Tong University'),
('2007-06-01 00:00:00', 0, 1875, 'Shinshu University'),
('2007-06-01 00:00:00', 0, 1876, 'Simon Fraser University'),
('2007-06-01 00:00:00', 0, 1877, 'Skidmore College'),
('2007-06-01 00:00:00', 0, 1878, 'Smith College'),
('2007-06-01 00:00:00', 0, 1879, 'Southern Methodist University'),
('2007-06-01 00:00:00', 0, 1880, 'Southwestern University'),
('2007-06-01 00:00:00', 0, 1881, 'Spelman College'),
('2007-06-01 00:00:00', 0, 1882, 'St Petersburg State University'),
('2007-06-01 00:00:00', 0, 1883, 'St. John''s University'),
('2007-06-01 00:00:00', 0, 1884, 'St. Lawrence University'),
('2007-06-01 00:00:00', 0, 1885, 'St. Louis University'),
('2007-06-01 00:00:00', 0, 1886, 'St. Mary''s College of Maryland'),
('2007-06-01 00:00:00', 0, 1887, 'St. Olaf College'),
('2007-06-01 00:00:00', 0, 1888, 'Stanford  University'),
('2007-06-01 00:00:00', 0, 1889, 'State University New York - Albany'),
('2007-06-01 00:00:00', 0, 1890, 'State University New York - Buffalo'),
('2007-06-01 00:00:00', 0, 1891, 'State University New York - Stony Brook'),
('2007-06-01 00:00:00', 0, 1892, 'Stockholm University'),
('2007-06-01 00:00:00', 0, 1893, 'Sungkyunkwan University'),
('2007-06-01 00:00:00', 0, 1894, 'Susquehanna University'),
('2007-06-01 00:00:00', 0, 1895, 'Swarthmore College'),
('2007-06-01 00:00:00', 0, 1896, 'Swedish University Agr Sci'),
('2007-06-01 00:00:00', 0, 1897, 'Sweet Briar College'),
('2007-06-01 00:00:00', 0, 1898, 'Swiss Fed Inst Tech - Lausanne'),
('2007-06-01 00:00:00', 0, 1899, 'Swiss Fed Inst Tech - Zurich'),
('2007-06-01 00:00:00', 0, 1900, 'Syracuse University'),
('2007-06-01 00:00:00', 0, 1901, 'Tech University Aachen'),
('2007-06-01 00:00:00', 0, 1902, 'Tech University Berlin'),
('2007-06-01 00:00:00', 0, 1903, 'Tech University Braunschweig'),
('2007-06-01 00:00:00', 0, 1904, 'Tech University Darmstadt'),
('2007-06-01 00:00:00', 0, 1905, 'Tech University Denmark'),
('2007-06-01 00:00:00', 0, 1906, 'Tech University Dresden'),
('2007-06-01 00:00:00', 0, 1907, 'Tech University Helsinki'),
('2007-06-01 00:00:00', 0, 1908, 'Technion Israel Inst Tech'),
('2007-06-01 00:00:00', 0, 1909, 'TechUniversity Munich'),
('2007-06-01 00:00:00', 0, 1910, 'Tel Aviv University'),
('2007-06-01 00:00:00', 0, 1911, 'Temple University'),
('2007-06-01 00:00:00', 0, 1912, 'Texas A&M University - Coll Station'),
('2007-06-01 00:00:00', 0, 1913, 'Texas Tech University'),
('2007-06-01 00:00:00', 0, 1914, 'Thomas Aquinas College'),
('2007-06-01 00:00:00', 0, 1915, 'Thomas Jefferson University'),
('2007-06-01 00:00:00', 0, 1916, 'Tohoku University'),
('2007-06-01 00:00:00', 0, 1917, 'Tokyo Inst Tech'),
('2007-06-01 00:00:00', 0, 1918, 'Tokyo Med & Dent University'),
('2007-06-01 00:00:00', 0, 1919, 'Tokyo Metropolitan University'),
('2007-06-01 00:00:00', 0, 1920, 'Tokyo University'),
('2007-06-01 00:00:00', 0, 1921, 'Tokyo University Agr & Tech'),
('2007-06-01 00:00:00', 0, 1922, 'Transylvania University'),
('2007-06-01 00:00:00', 0, 1923, 'Trinity Coll Dublin'),
('2007-06-01 00:00:00', 0, 1924, 'Trinity College'),
('2007-06-01 00:00:00', 0, 1925, 'Tsing Hua University'),
('2007-06-01 00:00:00', 0, 1926, 'Tsukuba University'),
('2007-06-01 00:00:00', 0, 1927, 'Tufts University'),
('2007-06-01 00:00:00', 0, 1928, 'Tulane University'),
('2007-06-01 00:00:00', 0, 1929, 'Umea University'),
('2007-06-01 00:00:00', 0, 1930, 'Union College'),
('2007-06-01 00:00:00', 0, 1931, 'University Aberdeen'),
('2007-06-01 00:00:00', 0, 1932, 'University Adelaide'),
('2007-06-01 00:00:00', 0, 1933, 'University Aix Marseille'),
('2007-06-01 00:00:00', 0, 1934, 'University Akron'),
('2007-06-01 00:00:00', 0, 1935, 'University Alabama - Birmingham'),
('2007-06-01 00:00:00', 0, 1936, 'University Alaska - Fairbanks'),
('2007-06-01 00:00:00', 0, 1937, 'University Alberta'),
('2007-06-01 00:00:00', 0, 1938, 'University Amsterdam'),
('2007-06-01 00:00:00', 0, 1939, 'University Antwerp'),
('2007-06-01 00:00:00', 0, 1940, 'University Arizona'),
('2007-06-01 00:00:00', 0, 1941, 'University Arkansas - Little Rock'),
('2007-06-01 00:00:00', 0, 1942, 'University Athens'),
('2007-06-01 00:00:00', 0, 1943, 'University Auckland'),
('2007-06-01 00:00:00', 0, 1944, 'University Autonoma Barcelona'),
('2007-06-01 00:00:00', 0, 1945, 'University Autonoma Madrid'),
('2007-06-01 00:00:00', 0, 1946, 'University Barcelona'),
('2007-06-01 00:00:00', 0, 1947, 'University Bari'),
('2007-06-01 00:00:00', 0, 1948, 'University Basel'),
('2007-06-01 00:00:00', 0, 1949, 'University Bath'),
('2007-06-01 00:00:00', 0, 1950, 'University Bayreuth'),
('2007-06-01 00:00:00', 0, 1951, 'University Bergen'),
('2007-06-01 00:00:00', 0, 1952, 'University Bern'),
('2007-06-01 00:00:00', 0, 1953, 'University Bielefeld'),
('2007-06-01 00:00:00', 0, 1954, 'University Birmingham'),
('2007-06-01 00:00:00', 0, 1955, 'University Bochum'),
('2007-06-01 00:00:00', 0, 1956, 'University Bologna'),
('2007-06-01 00:00:00', 0, 1957, 'University Bonn'),
('2007-06-01 00:00:00', 0, 1958, 'University Bordeaux'),
('2007-06-01 00:00:00', 0, 1959, 'University Bradford'),
('2007-06-01 00:00:00', 0, 1960, 'University Bremen'),
('2007-06-01 00:00:00', 0, 1961, 'University Bristol'),
('2007-06-01 00:00:00', 0, 1962, 'University British Columbia'),
('2007-06-01 00:00:00', 0, 1963, 'University Buenos Aires'),
('2007-06-01 00:00:00', 0, 1964, 'University Cagliari'),
('2007-06-01 00:00:00', 0, 1965, 'University Calcutta'),
('2007-06-01 00:00:00', 0, 1966, 'University Calgary'),
('2007-06-01 00:00:00', 0, 1967, 'University California - Berkeley'),
('2007-06-01 00:00:00', 0, 1968, 'University California - Davis'),
('2007-06-01 00:00:00', 0, 1969, 'University California - Irvine'),
('2007-06-01 00:00:00', 0, 1970, 'University California - Los Angeles'),
('2007-06-01 00:00:00', 0, 1971, 'University California - Riverside'),
('2007-06-01 00:00:00', 0, 1972, 'University California - San Diego'),
('2007-06-01 00:00:00', 0, 1973, 'University California - San Francisco'),
('2007-06-01 00:00:00', 0, 1974, 'University California - Santa Barbara'),
('2007-06-01 00:00:00', 0, 1975, 'University California - Santa Cruz'),
('2007-06-01 00:00:00', 0, 1976, 'University Cambridge'),
('2007-06-01 00:00:00', 0, 1977, 'University Cape Town'),
('2007-06-01 00:00:00', 0, 1978, 'University Central Florida'),
('2007-06-01 00:00:00', 0, 1979, 'University Chicago'),
('2007-06-01 00:00:00', 0, 1980, 'University Chile'),
('2007-06-01 00:00:00', 0, 1981, 'University Cincinnati - Cincinnati'),
('2007-06-01 00:00:00', 0, 1982, 'University Coll Cork'),
('2007-06-01 00:00:00', 0, 1983, 'University Coll Dublin'),
('2007-06-01 00:00:00', 0, 1984, 'University Coll London'),
('2007-06-01 00:00:00', 0, 1985, 'University Colorado - Boulder'),
('2007-06-01 00:00:00', 0, 1986, 'University Colorado Health Sci Center'),
('2007-06-01 00:00:00', 0, 1987, 'University Complutense - Madrid'),
('2007-06-01 00:00:00', 0, 1988, 'University Connecticut - Storrs'),
('2007-06-01 00:00:00', 0, 1989, 'University Connecticut Health Center'),
('2007-06-01 00:00:00', 0, 1990, 'University Copenhagen'),
('2007-06-01 00:00:00', 0, 1991, 'University Delaware'),
('2007-06-01 00:00:00', 0, 1992, 'University Duesseldorf'),
('2007-06-01 00:00:00', 0, 1993, 'University Duisburg Essen'),
('2007-06-01 00:00:00', 0, 1994, 'University Dundee'),
('2007-06-01 00:00:00', 0, 1995, 'University Durham'),
('2007-06-01 00:00:00', 0, 1996, 'University East Anglia'),
('2007-06-01 00:00:00', 0, 1997, 'University Edinburgh'),
('2007-06-01 00:00:00', 0, 1998, 'University Erlangen Nuernberg'),
('2007-06-01 00:00:00', 0, 1999, 'University Essex'),
('2007-06-01 00:00:00', 0, 2000, 'University Estadual Campinas'),
('2007-06-01 00:00:00', 0, 2001, 'University Estadual Paulista'),
('2007-06-01 00:00:00', 0, 2002, 'University Exeter'),
('2007-06-01 00:00:00', 0, 2003, 'University Fed Rio de Janeiro'),
('2007-06-01 00:00:00', 0, 2004, 'University Ferrara'),
('2007-06-01 00:00:00', 0, 2005, 'University Florence'),
('2007-06-01 00:00:00', 0, 2006, 'University Florida'),
('2007-06-01 00:00:00', 0, 2007, 'University Frankfurt'),
('2007-06-01 00:00:00', 0, 2008, 'University Freiburg'),
('2007-06-01 00:00:00', 0, 2009, 'University Fribourg'),
('2007-06-01 00:00:00', 0, 2010, 'University Geneva'),
('2007-06-01 00:00:00', 0, 2011, 'University Genoa'),
('2007-06-01 00:00:00', 0, 2012, 'University Georgia'),
('2007-06-01 00:00:00', 0, 2013, 'University Ghent'),
('2007-06-01 00:00:00', 0, 2014, 'University Giessen'),
('2007-06-01 00:00:00', 0, 2015, 'University Glasgow'),
('2007-06-01 00:00:00', 0, 2016, 'University Goettingen'),
('2007-06-01 00:00:00', 0, 2017, 'University Granada'),
('2007-06-01 00:00:00', 0, 2018, 'University Graz'),
('2007-06-01 00:00:00', 0, 2019, 'University Greifswald'),
('2007-06-01 00:00:00', 0, 2020, 'University Grenoble'),
('2007-06-01 00:00:00', 0, 2021, 'University Groningen'),
('2007-06-01 00:00:00', 0, 2022, 'University Guelph'),
('2007-06-01 00:00:00', 0, 2023, 'University Haifa'),
('2007-06-01 00:00:00', 0, 2024, 'University Halle - Wittenberg'),
('2007-06-01 00:00:00', 0, 2025, 'University Hamburg'),
('2007-06-01 00:00:00', 0, 2026, 'University Hawaii - Manoa'),
('2007-06-01 00:00:00', 0, 2027, 'University Heidelberg'),
('2007-06-01 00:00:00', 0, 2028, 'University Helsinki'),
('2007-06-01 00:00:00', 0, 2029, 'University Hong Kong'),
('2007-06-01 00:00:00', 0, 2030, 'University Houston'),
('2007-06-01 00:00:00', 0, 2031, 'University Idaho'),
('2007-06-01 00:00:00', 0, 2032, 'University Illinois - Chicago'),
('2007-06-01 00:00:00', 0, 2033, 'University Illinois - Urbana Champaign'),
('2007-06-01 00:00:00', 0, 2034, 'University Iowa'),
('2007-06-01 00:00:00', 0, 2035, 'University Jena'),
('2007-06-01 00:00:00', 0, 2036, 'University Jyvaskyla'),
('2007-06-01 00:00:00', 0, 2037, 'University Kaiserslautern'),
('2007-06-01 00:00:00', 0, 2038, 'University Kansas - Lawrence'),
('2007-06-01 00:00:00', 0, 2039, 'University Kansas Med Center'),
('2007-06-01 00:00:00', 0, 2040, 'University Karlsruhe'),
('2007-06-01 00:00:00', 0, 2041, 'University Kentucky'),
('2007-06-01 00:00:00', 0, 2042, 'University Kiel'),
('2007-06-01 00:00:00', 0, 2043, 'University Koeln'),
('2007-06-01 00:00:00', 0, 2044, 'University Konstanz'),
('2007-06-01 00:00:00', 0, 2045, 'University KwaZulu-Natal'),
('2007-06-01 00:00:00', 0, 2046, 'University Lancaster'),
('2007-06-01 00:00:00', 0, 2047, 'University Lausanne'),
('2007-06-01 00:00:00', 0, 2048, 'University Laval'),
('2007-06-01 00:00:00', 0, 2049, 'University Leeds'),
('2007-06-01 00:00:00', 0, 2050, 'University Leicester'),
('2007-06-01 00:00:00', 0, 2051, 'University Leiden'),
('2007-06-01 00:00:00', 0, 2052, 'University Leipzig'),
('2007-06-01 00:00:00', 0, 2053, 'University Leuven'),
('2007-06-01 00:00:00', 0, 2054, 'University Libre Bruxelles'),
('2007-06-01 00:00:00', 0, 2055, 'University Liege'),
('2007-06-01 00:00:00', 0, 2056, 'University Lisbon'),
('2007-06-01 00:00:00', 0, 2057, 'University Liverpool'),
('2007-06-01 00:00:00', 0, 2058, 'University Louisville'),
('2007-06-01 00:00:00', 0, 2059, 'University Louvain'),
('2007-06-01 00:00:00', 0, 2060, 'University Lyon'),
('2007-06-01 00:00:00', 0, 2061, 'University Maastricht'),
('2007-06-01 00:00:00', 0, 2062, 'University Maine - Orono'),
('2007-06-01 00:00:00', 0, 2063, 'University Mainz'),
('2007-06-01 00:00:00', 0, 2064, 'University Manchester'),
('2007-06-01 00:00:00', 0, 2065, 'University Manchester Inst Sci & Tech'),
('2007-06-01 00:00:00', 0, 2066, 'University Manitoba'),
('2007-06-01 00:00:00', 0, 2067, 'University Marburg'),
('2007-06-01 00:00:00', 0, 2068, 'University Maryland - Baltimore'),
('2007-06-01 00:00:00', 0, 2069, 'University Maryland - Baltimore County'),
('2007-06-01 00:00:00', 0, 2070, 'University Maryland - Coll Park'),
('2007-06-01 00:00:00', 0, 2071, 'University Massachusetts - Amherst'),
('2007-06-01 00:00:00', 0, 2072, 'University Massachusetts - Boston'),
('2007-06-01 00:00:00', 0, 2073, 'University Massachusetts - Worcester'),
('2007-06-01 00:00:00', 0, 2074, 'University Med & Dentistry New Jersey'),
('2007-06-01 00:00:00', 0, 2075, 'University Mediterranee'),
('2007-06-01 00:00:00', 0, 2076, 'University Melbourne'),
('2007-06-01 00:00:00', 0, 2077, 'University Miami'),
('2007-06-01 00:00:00', 0, 2078, 'University Michigan - Ann Arbor'),
('2007-06-01 00:00:00', 0, 2079, 'University Milan'),
('2007-06-01 00:00:00', 0, 2080, 'University Minnesota - Twin Cities'),
('2007-06-01 00:00:00', 0, 2081, 'University Mississippi - Oxford'),
('2007-06-01 00:00:00', 0, 2082, 'University Missouri - Columbia'),
('2007-06-01 00:00:00', 0, 2083, 'University Montana - Missoula'),
('2007-06-01 00:00:00', 0, 2084, 'University Montpellier'),
('2007-06-01 00:00:00', 0, 2085, 'University Montreal'),
('2007-06-01 00:00:00', 0, 2086, 'University Muenster'),
('2007-06-01 00:00:00', 0, 2087, 'University Munich'),
('2007-06-01 00:00:00', 0, 2088, 'University Nacl Autonoma Mexico'),
('2007-06-01 00:00:00', 0, 2089, 'University Nancy'),
('2007-06-01 00:00:00', 0, 2090, 'University Naples Federico II'),
('2007-06-01 00:00:00', 0, 2091, 'University Nebraska - Lincoln'),
('2007-06-01 00:00:00', 0, 2092, 'University Nebraska Med Center'),
('2007-06-01 00:00:00', 0, 2093, 'University Nevada - Reno'),
('2007-06-01 00:00:00', 0, 2094, 'University New Hampshire - Durham'),
('2007-06-01 00:00:00', 0, 2095, 'University New Mexico - Albuquerque'),
('2007-06-01 00:00:00', 0, 2096, 'University New South Wales'),
('2007-06-01 00:00:00', 0, 2097, 'University Newcastle'),
('2007-06-01 00:00:00', 0, 2098, 'University Nijmegen'),
('2007-06-01 00:00:00', 0, 2099, 'University North Carolina - Chapel Hill'),
('2007-06-01 00:00:00', 0, 2100, 'University Notre Dame'),
('2007-06-01 00:00:00', 0, 2101, 'University Nottingham'),
('2007-06-01 00:00:00', 0, 2102, 'University of Puget Sound'),
('2007-06-01 00:00:00', 0, 2103, 'University of Richmond'),
('2007-06-01 00:00:00', 0, 2104, 'University Oklahoma - Norman'),
('2007-06-01 00:00:00', 0, 2105, 'University Oregon'),
('2007-06-01 00:00:00', 0, 2106, 'University Osaka Prefecture'),
('2007-06-01 00:00:00', 0, 2107, 'University Oslo'),
('2007-06-01 00:00:00', 0, 2108, 'University Otago'),
('2007-06-01 00:00:00', 0, 2109, 'University Ottawa'),
('2007-06-01 00:00:00', 0, 2110, 'University Oulu'),
('2007-06-01 00:00:00', 0, 2111, 'University Oxford'),
('2007-06-01 00:00:00', 0, 2112, 'University Padua'),
('2007-06-01 00:00:00', 0, 2113, 'University Palermo'),
('2007-06-01 00:00:00', 0, 2114, 'University Paris'),
('2007-06-01 00:00:00', 0, 2115, 'University Paris 05'),
('2007-06-01 00:00:00', 0, 2116, 'University Paris 06'),
('2007-06-01 00:00:00', 0, 2117, 'University Paris 09'),
('2007-06-01 00:00:00', 0, 2118, 'University Parma'),
('2007-06-01 00:00:00', 0, 2119, 'University Pavia'),
('2007-06-01 00:00:00', 0, 2120, 'University Pennsylvania'),
('2007-06-01 00:00:00', 0, 2121, 'University Perugia'),
('2007-06-01 00:00:00', 0, 2122, 'University Pisa'),
('2007-06-01 00:00:00', 0, 2123, 'University Pittsburgh - Pittsburgh'),
('2007-06-01 00:00:00', 0, 2124, 'University Pretoria'),
('2007-06-01 00:00:00', 0, 2125, 'University Quebec'),
('2007-06-01 00:00:00', 0, 2126, 'University Queensland'),
('2007-06-01 00:00:00', 0, 2127, 'University Reading'),
('2007-06-01 00:00:00', 0, 2128, 'University Regensburg'),
('2007-06-01 00:00:00', 0, 2129, 'University Rennes'),
('2007-06-01 00:00:00', 0, 2130, 'University Rhode Island'),
('2007-06-01 00:00:00', 0, 2131, 'University Rochester'),
('2007-06-01 00:00:00', 0, 2132, 'University Roma - La Sapienza'),
('2007-06-01 00:00:00', 0, 2133, 'University Roma - Tor Vergata'),
('2007-06-01 00:00:00', 0, 2134, 'University Saarlandes'),
('2007-06-01 00:00:00', 0, 2135, 'University Santiago Compostela'),
('2007-06-01 00:00:00', 0, 2136, 'University Sao Paulo'),
('2007-06-01 00:00:00', 0, 2137, 'University Saskatchewan'),
('2007-06-01 00:00:00', 0, 2138, 'University Sci & Tech China'),
('2007-06-01 00:00:00', 0, 2139, 'University Sevilla'),
('2007-06-01 00:00:00', 0, 2140, 'University Sheffield'),
('2007-06-01 00:00:00', 0, 2141, 'University Sherbrooke'),
('2007-06-01 00:00:00', 0, 2142, 'University Siena'),
('2007-06-01 00:00:00', 0, 2143, 'University South Carolina - Columbia'),
('2007-06-01 00:00:00', 0, 2144, 'University South Florida'),
('2007-06-01 00:00:00', 0, 2145, 'University Southampton'),
('2007-06-01 00:00:00', 0, 2146, 'University Southern California'),
('2007-06-01 00:00:00', 0, 2147, 'University Southern Denmark'),
('2007-06-01 00:00:00', 0, 2148, 'University St Andrews'),
('2007-06-01 00:00:00', 0, 2149, 'University Strasbourg'),
('2007-06-01 00:00:00', 0, 2150, 'University Stuttgart'),
('2007-06-01 00:00:00', 0, 2151, 'University Surrey'),
('2007-06-01 00:00:00', 0, 2152, 'University Sussex'),
('2007-06-01 00:00:00', 0, 2153, 'University Sydney'),
('2007-06-01 00:00:00', 0, 2154, 'University Szeged'),
('2007-06-01 00:00:00', 0, 2155, 'University Tasmania'),
('2007-06-01 00:00:00', 0, 2156, 'University Tennessee - Knoxville'),
('2007-06-01 00:00:00', 0, 2157, 'University Tennessee Health Sci Center'),
('2007-06-01 00:00:00', 0, 2158, 'University Texas - Austin'),
('2007-06-01 00:00:00', 0, 2159, 'University Texas Health Sci Center - Houston'),
('2007-06-01 00:00:00', 0, 2160, 'University Texas Health Sci Center - San Anto'),
('2007-06-01 00:00:00', 0, 2161, 'University Texas M.D. Anderson Cancer Center'),
('2007-06-01 00:00:00', 0, 2162, 'University Texas Med Branch - Galveston'),
('2007-06-01 00:00:00', 0, 2163, 'University Texas Southwestern Med Center'),
('2007-06-01 00:00:00', 0, 2164, 'University Thessaloniki'),
('2007-06-01 00:00:00', 0, 2165, 'University Tokushima'),
('2007-06-01 00:00:00', 0, 2166, 'University Toronto'),
('2007-06-01 00:00:00', 0, 2167, 'University Toulouse'),
('2007-06-01 00:00:00', 0, 2168, 'University Trent'),
('2007-06-01 00:00:00', 0, 2169, 'University Trieste'),
('2007-06-01 00:00:00', 0, 2170, 'University Tromso'),
('2007-06-01 00:00:00', 0, 2171, 'University Tuebingen'),
('2007-06-01 00:00:00', 0, 2172, 'University Turin'),
('2007-06-01 00:00:00', 0, 2173, 'University Turku'),
('2007-06-01 00:00:00', 0, 2174, 'University Twente'),
('2007-06-01 00:00:00', 0, 2175, 'University Ulm'),
('2007-06-01 00:00:00', 0, 2176, 'University Utah'),
('2007-06-01 00:00:00', 0, 2177, 'University Utrecht'),
('2007-06-01 00:00:00', 0, 2178, 'University Valencia'),
('2007-06-01 00:00:00', 0, 2179, 'University Vermont'),
('2007-06-01 00:00:00', 0, 2180, 'University Victoria'),
('2007-06-01 00:00:00', 0, 2181, 'University Vienna'),
('2007-06-01 00:00:00', 0, 2182, 'University Virginia'),
('2007-06-01 00:00:00', 0, 2183, 'University Wageningen'),
('2007-06-01 00:00:00', 0, 2184, 'University Wales - Swansea'),
('2007-06-01 00:00:00', 0, 2185, 'University Warsaw'),
('2007-06-01 00:00:00', 0, 2186, 'University Warwick'),
('2007-06-01 00:00:00', 0, 2187, 'University Washington - Seattle'),
('2007-06-01 00:00:00', 0, 2188, 'University Waterloo'),
('2007-06-01 00:00:00', 0, 2189, 'University Western Australia'),
('2007-06-01 00:00:00', 0, 2190, 'University Western Ontario'),
('2007-06-01 00:00:00', 0, 2191, 'University Wisconsin - Madison'),
('2007-06-01 00:00:00', 0, 2192, 'University Witwatersrand'),
('2007-06-01 00:00:00', 0, 2193, 'University Wuerzburg'),
('2007-06-01 00:00:00', 0, 2194, 'University Wuppertal'),
('2007-06-01 00:00:00', 0, 2195, 'University Wyoming'),
('2007-06-01 00:00:00', 0, 2196, 'University York'),
('2007-06-01 00:00:00', 0, 2197, 'University Zaragoza'),
('2007-06-01 00:00:00', 0, 2198, 'University Zurich'),
('2007-06-01 00:00:00', 0, 2199, 'Uppsala University'),
('2007-06-01 00:00:00', 0, 2200, 'Ursinus College'),
('2007-06-01 00:00:00', 0, 2201, 'Utah State University'),
('2007-06-01 00:00:00', 0, 2202, 'Vanderbilt University'),
('2007-06-01 00:00:00', 0, 2203, 'Vassar College'),
('2007-06-01 00:00:00', 0, 2204, 'Vienna Tech University'),
('2007-06-01 00:00:00', 0, 2205, 'Virginia Commonwealth University'),
('2007-06-01 00:00:00', 0, 2206, 'Virginia Military Institute'),
('2007-06-01 00:00:00', 0, 2207, 'Virginia Tech'),
('2007-06-01 00:00:00', 0, 2208, 'Vrije University Brussel'),
('2007-06-01 00:00:00', 0, 2209, 'Wabash College'),
('2007-06-01 00:00:00', 0, 2210, 'Wake Forest University'),
('2007-06-01 00:00:00', 0, 2211, 'Waseda University'),
('2007-06-01 00:00:00', 0, 2212, 'Washington and Jefferson College'),
('2007-06-01 00:00:00', 0, 2213, 'Washington and Lee University'),
('2007-06-01 00:00:00', 0, 2214, 'Washington State University - Pullman'),
('2007-06-01 00:00:00', 0, 2215, 'Washington University - St. Louis'),
('2007-06-01 00:00:00', 0, 2216, 'Wayne State University'),
('2007-06-01 00:00:00', 0, 2217, 'Weizmann Inst Sci'),
('2007-06-01 00:00:00', 0, 2218, 'Wellesley College'),
('2007-06-01 00:00:00', 0, 2219, 'Wesleyan University'),
('2007-06-01 00:00:00', 0, 2220, 'West Virginia University'),
('2007-06-01 00:00:00', 0, 2221, 'Westmont College'),
('2007-06-01 00:00:00', 0, 2222, 'Wheaton College'),
('2007-06-01 00:00:00', 0, 2223, 'Whitman College'),
('2007-06-01 00:00:00', 0, 2224, 'Willamette University'),
('2007-06-01 00:00:00', 0, 2225, 'Williams College'),
('2007-06-01 00:00:00', 0, 2226, 'Wofford College'),
('2007-06-01 00:00:00', 0, 2227, 'Yale University'),
('2007-06-01 00:00:00', 0, 2228, 'Yamaguchi University'),
('2007-06-01 00:00:00', 0, 2229, 'Yeshiva University'),
('2007-06-01 00:00:00', 0, 2230, 'Yonsei University'),
('2007-06-01 00:00:00', 0, 2231, 'York University'),
('2007-06-01 00:00:00', 0, 2232, 'Zhejiang University'),
('2007-06-01 00:00:00', 0, 2233, 'University College London'),
('2007-08-29 15:55:21', 0, 2234, 'Stanford  University Inc'),
('2007-08-30 14:50:51', 0, 2235, 'Ficticious School'),
('2007-09-11 15:43:53', 0, 2236, 'UC Berkeley'),
('2007-09-11 16:10:12', 0, 2237, 'UC Davis'),
('2007-09-11 16:16:06', 0, 2238, 'UCLA'),
('2007-09-14 11:07:00', 0, 2239, 'U C Berkeley'),
('2007-09-21 09:20:59', 0, 2240, 'Dartmouth College'),
('2007-09-21 09:20:59', 0, 2241, 'Columbia College of P&S'),
('2007-09-21 09:20:59', 0, 2242, 'Bellvue Hospital'),
('2007-09-21 09:20:59', 0, 2243, 'Stanford Medical School'),
('2007-09-21 09:20:59', 0, 2244, 'University College Dublin'),
('2007-09-21 09:20:59', 0, 2245, 'Stanford University'),
('2007-09-21 09:20:59', 0, 2246, 'King''s College'),
('2007-09-21 09:20:59', 0, 2247, 'UCSF  Family Medicine Residency'),
('2007-09-21 09:20:59', 0, 2248, 'Stanford School of Medicine'),
('2007-09-21 09:20:59', 0, 2249, 'Brigham & Womens Hosp.'),
('2007-09-21 09:20:59', 0, 2250, 'George Washington School of Med.'),
('2007-09-21 09:20:59', 0, 2251, 'M.I.T.'),
('2007-09-21 09:20:59', 0, 2252, 'Harvard Medical School'),
('2007-09-21 09:20:59', 0, 2253, 'Edinburgh University'),
('2007-09-21 09:21:00', 0, 2254, 'California Inst. of Technology'),
('2007-09-21 09:21:00', 0, 2255, 'Harvard College'),
('2007-09-21 09:21:00', 0, 2256, 'HST, MIT, Harvard Medical School'),
('2007-09-21 09:21:00', 0, 2257, 'MIT'),
('2007-09-21 09:21:00', 0, 2258, 'Brown Univ. School of Medicine'),
('2007-10-03 13:40:52', 0, 2259, 'Pennsylvania State University'),
('2007-10-08 14:33:26', 0, 2260, 'University of Wisconsin - Madison'),
('2007-10-10 14:46:45', 0, 2261, 'Laboratoire Central des Ponts et Chausees'),
('2007-10-18 16:40:48', 0, 2262, 'University of Michigan'),
('2007-10-21 12:21:16', 0, 2263, 'Stanford Business School'),
('2007-10-22 22:26:59', 0, 2264, 'UCSD'),
('2007-12-04 21:52:14', 0, 2265, 'National Technical University of Athens'),
('2007-12-07 16:05:12', 0, 2266, 'University of Massachusetts, Amherst'),
('2007-12-11 12:40:19', 0, 2267, 'Cornell University Med School'),
('2008-04-18 10:03:44', 0, 2268, 'Stanford Unversity'),
('2008-04-20 21:36:18', 0, 2269, 'University of California, Santa Barbara'),
('2008-12-17 11:30:08', 0, 2270, 'Berkely'),
('2009-07-10 19:00:40', 0, 2271, 'Early Horizons DayCare'),
('2009-07-16 11:49:23', 0, 2272, 'Berkeley'),
('2009-08-31 09:48:15', 0, 2273, 'The College of New Jersey'),
('2009-08-31 09:50:10', 0, 2274, 'University of California - Berkeley'),
('2009-09-10 17:57:52', 0, 2275, 'San Jose State University');

-- --------------------------------------------------------

--
-- Table structure for table `pwf_i_am_over_18`
--

CREATE TABLE IF NOT EXISTS `pwf_i_am_over_18` (
  `modified` timestamp NOT NULL DEFAULT CURRENT_TIMESTAMP ON UPDATE CURRENT_TIMESTAMP,
  `created` datetime NOT NULL DEFAULT '0000-00-00 00:00:00',
  `f` int(10) unsigned NOT NULL DEFAULT '0',
  `id` mediumint(8) unsigned NOT NULL AUTO_INCREMENT,
  `name` varchar(64) NOT NULL,
  `status` enum('deleted','active') NOT NULL DEFAULT 'active',
  PRIMARY KEY (`id`),
  UNIQUE KEY `name` (`name`)
) ENGINE=InnoDB  DEFAULT CHARSET=utf8 AUTO_INCREMENT=3 ;

--
-- Dumping data for table `pwf_i_am_over_18`
--

INSERT INTO `pwf_i_am_over_18` (`modified`, `created`, `f`, `id`, `name`, `status`) VALUES
('2010-09-12 19:50:37', '2010-09-12 19:50:37', 0, 1, 'Yes', 'active'),
('2010-09-12 19:50:53', '2010-09-12 19:50:53', 0, 2, 'No', 'active');

-- --------------------------------------------------------

--
-- Table structure for table `pwf_league`
--

CREATE TABLE IF NOT EXISTS `pwf_league` (
  `created` datetime NOT NULL DEFAULT '0000-00-00 00:00:00',
  `f` int(10) unsigned NOT NULL DEFAULT '0',
  `id` mediumint(8) unsigned NOT NULL AUTO_INCREMENT,
  `modified` datetime NOT NULL DEFAULT '0000-00-00 00:00:00',
  `name` varchar(64) NOT NULL,
  `status` enum('deleted','active') NOT NULL DEFAULT 'active',
  PRIMARY KEY (`id`),
  UNIQUE KEY `name` (`name`)
) ENGINE=InnoDB  DEFAULT CHARSET=utf8 AUTO_INCREMENT=7 ;

--
-- Dumping data for table `pwf_league`
--

INSERT INTO `pwf_league` (`created`, `f`, `id`, `modified`, `name`, `status`) VALUES
('2009-12-06 15:19:16', 0, 1, '2010-05-16 18:27:00', 'Coed', 'active'),
('2009-12-06 15:19:25', 0, 2, '2010-05-16 16:17:32', 'Mens', 'active'),
('2009-12-24 10:35:32', 0, 3, '2010-05-16 16:25:02', 'Sunday Womens', 'active'),
('2009-12-24 10:35:44', 0, 4, '2009-12-24 10:35:44', 'Men over 50', 'active'),
('2009-12-24 10:35:55', 0, 5, '2009-12-24 10:35:55', 'Summer Coed', 'active'),
('2010-08-26 15:55:22', 0, 6, '2010-08-26 15:55:22', 'No League Yet', 'active');

-- --------------------------------------------------------

--
-- Table structure for table `pwf_level`
--

CREATE TABLE IF NOT EXISTS `pwf_level` (
  `created` datetime NOT NULL,
  `id` mediumint(8) unsigned NOT NULL AUTO_INCREMENT,
  `modified` datetime NOT NULL,
  `name` varchar(32) NOT NULL,
  `f` int(10) unsigned NOT NULL DEFAULT '0',
  `status` enum('delete','active') NOT NULL,
  PRIMARY KEY (`id`)
) ENGINE=InnoDB  DEFAULT CHARSET=utf8 AUTO_INCREMENT=49 ;

--
-- Dumping data for table `pwf_level`
--

INSERT INTO `pwf_level` (`created`, `id`, `modified`, `name`, `f`, `status`) VALUES
('2009-04-02 08:46:59', 1, '2009-04-02 08:46:59', 'Academic', 0, ''),
('2009-04-02 08:46:59', 2, '2009-04-02 08:46:59', 'Business', 0, ''),
('2009-04-02 08:46:59', 3, '2009-04-02 08:46:59', 'Corporate Forum', 0, ''),
('2009-04-02 08:46:59', 4, '2009-04-02 08:46:59', 'Just for Fun', 0, ''),
('2009-04-02 08:46:59', 5, '2009-04-02 08:46:59', 'Sports & Recreation', 0, ''),
('2009-04-02 08:46:59', 6, '2009-04-02 08:46:59', 'Common Interest', 0, ''),
('2009-04-02 08:46:59', 7, '2009-04-02 08:46:59', 'Technology', 0, ''),
('2009-04-02 08:46:59', 8, '2009-04-02 08:46:59', 'University', 0, ''),
('2009-04-02 08:46:59', 9, '2009-04-02 08:46:59', 'Other', 0, ''),
('2009-04-02 08:46:59', 11, '2009-04-02 08:46:59', 'Core Facility', 0, ''),
('2009-04-02 08:46:59', 12, '2009-04-02 08:46:59', 'Department', 0, ''),
('2009-04-02 08:46:59', 13, '2009-04-02 08:46:59', 'Labs', 0, ''),
('2009-04-02 08:46:59', 14, '2009-04-02 08:46:59', 'Organizations', 0, ''),
('2009-04-02 08:46:59', 15, '2009-04-02 08:46:59', 'Schools', 0, ''),
('2009-04-02 08:46:59', 16, '2009-04-02 08:46:59', 'Student Groups', 0, ''),
('2009-04-02 08:46:59', 31, '2009-04-02 08:46:59', 'Companies', 0, ''),
('2009-04-02 08:46:59', 41, '2009-04-02 08:46:59', 'Art, Movie, & Music', 0, ''),
('2009-08-30 23:54:49', 42, '2009-08-30 23:54:49', 'Premier', 0, 'active'),
('2009-08-30 23:57:07', 43, '2009-08-30 23:57:07', 'Advanced', 0, ''),
('2009-08-30 23:57:20', 44, '2009-08-30 23:57:20', 'Intermediate', 0, ''),
('2009-08-30 23:57:31', 45, '2009-08-30 23:57:31', 'Beginner', 0, ''),
('2009-12-24 10:15:45', 46, '2009-12-24 10:15:45', 'Free Agent', 0, ''),
('2010-03-13 08:10:12', 47, '2010-05-16 16:30:18', 'other', 0, ''),
('2010-05-16 16:30:18', 48, '2010-05-16 16:30:18', 'not applicable', 0, '');

-- --------------------------------------------------------

--
-- Table structure for table `pwf_main_website`
--

CREATE TABLE IF NOT EXISTS `pwf_main_website` (
  `created` datetime NOT NULL DEFAULT '0000-00-00 00:00:00',
  `f` int(10) unsigned NOT NULL DEFAULT '0',
  `id` mediumint(8) unsigned NOT NULL AUTO_INCREMENT,
  `modified` datetime NOT NULL DEFAULT '0000-00-00 00:00:00',
  `name` varchar(64) NOT NULL,
  `status` enum('deleted','active') NOT NULL DEFAULT 'active',
  PRIMARY KEY (`id`),
  UNIQUE KEY `name` (`name`)
) ENGINE=InnoDB  DEFAULT CHARSET=utf8 AUTO_INCREMENT=2 ;

--
-- Dumping data for table `pwf_main_website`
--

INSERT INTO `pwf_main_website` (`created`, `f`, `id`, `modified`, `name`, `status`) VALUES
('2009-12-29 16:11:02', 0, 1, '2009-12-30 23:43:24', 'http://siliconvalleysoccer.com', 'active');

-- --------------------------------------------------------

--
-- Table structure for table `pwf_play_coed`
--

CREATE TABLE IF NOT EXISTS `pwf_play_coed` (
  `created` datetime NOT NULL DEFAULT '0000-00-00 00:00:00',
  `f` int(10) unsigned NOT NULL DEFAULT '0',
  `id` mediumint(8) unsigned NOT NULL AUTO_INCREMENT,
  `modified` datetime NOT NULL DEFAULT '0000-00-00 00:00:00',
  `name` varchar(64) NOT NULL,
  `status` enum('deleted','active') NOT NULL DEFAULT 'active',
  PRIMARY KEY (`id`),
  UNIQUE KEY `name` (`name`)
) ENGINE=InnoDB  DEFAULT CHARSET=utf8 AUTO_INCREMENT=3 ;

--
-- Dumping data for table `pwf_play_coed`
--

INSERT INTO `pwf_play_coed` (`created`, `f`, `id`, `modified`, `name`, `status`) VALUES
('2009-08-25 17:12:35', 0, 1, '2009-08-25 17:12:35', 'Yes', 'active'),
('2009-08-25 17:12:42', 0, 2, '2009-08-25 17:12:42', 'No', 'active');

-- --------------------------------------------------------

--
-- Table structure for table `pwf_position`
--

CREATE TABLE IF NOT EXISTS `pwf_position` (
  `id` mediumint(8) unsigned NOT NULL AUTO_INCREMENT,
  `name` varchar(45) NOT NULL,
  `f` int(10) unsigned NOT NULL DEFAULT '0',
  `created` datetime NOT NULL DEFAULT '0000-00-00 00:00:00',
  PRIMARY KEY (`id`),
  UNIQUE KEY `name` (`name`)
) ENGINE=InnoDB  DEFAULT CHARSET=utf8 AUTO_INCREMENT=47 ;

--
-- Dumping data for table `pwf_position`
--

INSERT INTO `pwf_position` (`id`, `name`, `f`, `created`) VALUES
(44, 'Director of Marketing', 0, '2008-12-17 11:33:35'),
(45, 'Director of Technology', 0, '2009-08-28 06:34:50'),
(46, 'owner', 0, '2009-09-15 14:47:10');

-- --------------------------------------------------------

--
-- Table structure for table `pwf_position_i_play_2`
--

CREATE TABLE IF NOT EXISTS `pwf_position_i_play_2` (
  `created` datetime NOT NULL DEFAULT '0000-00-00 00:00:00',
  `f` int(10) unsigned NOT NULL DEFAULT '0',
  `id` mediumint(8) unsigned NOT NULL AUTO_INCREMENT,
  `modified` datetime NOT NULL DEFAULT '0000-00-00 00:00:00',
  `name` varchar(64) NOT NULL,
  `status` enum('deleted','active') NOT NULL DEFAULT 'active',
  PRIMARY KEY (`id`),
  UNIQUE KEY `name` (`name`)
) ENGINE=InnoDB  DEFAULT CHARSET=utf8 AUTO_INCREMENT=5 ;

--
-- Dumping data for table `pwf_position_i_play_2`
--

INSERT INTO `pwf_position_i_play_2` (`created`, `f`, `id`, `modified`, `name`, `status`) VALUES
('2009-08-26 12:26:19', 0, 1, '2009-08-26 12:26:19', 'Defense', 'active'),
('2009-08-26 12:26:28', 0, 2, '2009-08-26 12:26:28', 'Midfield', 'active'),
('2009-08-26 12:26:35', 0, 3, '2009-08-26 12:26:35', 'Forward', 'active'),
('2009-08-26 12:26:47', 0, 4, '2009-08-26 12:26:47', 'Keeper', 'active');

-- --------------------------------------------------------

--
-- Table structure for table `pwf_preferred_postions`
--

CREATE TABLE IF NOT EXISTS `pwf_preferred_postions` (
  `created` datetime NOT NULL DEFAULT '0000-00-00 00:00:00',
  `f` int(10) unsigned NOT NULL DEFAULT '0',
  `id` mediumint(8) unsigned NOT NULL AUTO_INCREMENT,
  `modified` datetime NOT NULL DEFAULT '0000-00-00 00:00:00',
  `name` varchar(64) NOT NULL,
  `status` enum('deleted','active') NOT NULL DEFAULT 'active',
  PRIMARY KEY (`id`),
  UNIQUE KEY `name` (`name`)
) ENGINE=InnoDB  DEFAULT CHARSET=utf8 AUTO_INCREMENT=9 ;

--
-- Dumping data for table `pwf_preferred_postions`
--

INSERT INTO `pwf_preferred_postions` (`created`, `f`, `id`, `modified`, `name`, `status`) VALUES
('2009-08-28 06:18:36', 0, 1, '2009-08-28 06:18:36', 'Forward', 'active'),
('2009-08-28 06:18:46', 0, 2, '2009-12-29 16:47:50', 'Midi', 'active'),
('2009-08-28 06:19:05', 0, 3, '2010-02-26 13:41:23', 'Midi outside', 'active'),
('2009-08-28 06:19:13', 0, 4, '2009-08-30 13:35:00', 'Defense', 'active'),
('2009-08-28 06:19:20', 0, 5, '2009-08-30 13:35:00', 'Sweeper', 'active'),
('2009-08-28 06:32:19', 0, 6, '2009-08-30 13:35:00', 'Keeper', 'active'),
('2009-12-29 16:50:28', 0, 7, '2010-09-03 16:12:08', 'Anywhere but Keeper', 'active'),
('2009-12-29 16:50:46', 0, 8, '2009-12-29 16:50:46', 'Anywhere', 'active');

-- --------------------------------------------------------

--
-- Table structure for table `pwf_skill_level`
--

CREATE TABLE IF NOT EXISTS `pwf_skill_level` (
  `created` datetime NOT NULL DEFAULT '0000-00-00 00:00:00',
  `f` int(10) unsigned NOT NULL DEFAULT '0',
  `id` mediumint(8) unsigned NOT NULL AUTO_INCREMENT,
  `modified` datetime NOT NULL DEFAULT '0000-00-00 00:00:00',
  `name` varchar(64) NOT NULL,
  `status` enum('deleted','active') NOT NULL DEFAULT 'active',
  PRIMARY KEY (`id`),
  UNIQUE KEY `name` (`name`)
) ENGINE=InnoDB  DEFAULT CHARSET=utf8 AUTO_INCREMENT=6 ;

--
-- Dumping data for table `pwf_skill_level`
--

INSERT INTO `pwf_skill_level` (`created`, `f`, `id`, `modified`, `name`, `status`) VALUES
('2009-08-25 17:09:52', 0, 1, '2009-08-25 17:10:20', 'Beginner', 'active'),
('2009-08-25 17:10:20', 0, 2, '2009-08-25 17:10:20', 'Intermediate', 'active'),
('2009-08-25 17:10:34', 0, 3, '2009-08-25 17:11:37', 'Intermediate to Advanced', 'active'),
('2009-08-25 17:10:39', 0, 4, '2009-08-25 17:10:39', 'Advanced', 'active'),
('2010-08-22 10:56:28', 0, 5, '2010-08-22 10:56:28', 'Retired', 'deleted');

-- --------------------------------------------------------

--
-- Table structure for table `pwf_state`
--

CREATE TABLE IF NOT EXISTS `pwf_state` (
  `id` mediumint(8) unsigned NOT NULL AUTO_INCREMENT,
  `name` varchar(45) NOT NULL,
  `f` int(10) unsigned NOT NULL DEFAULT '0',
  `modified` datetime NOT NULL,
  `created` datetime NOT NULL,
  `status` enum('active','deleted') NOT NULL DEFAULT 'active',
  PRIMARY KEY (`id`)
) ENGINE=InnoDB  DEFAULT CHARSET=utf8 AUTO_INCREMENT=52 ;

--
-- Dumping data for table `pwf_state`
--

INSERT INTO `pwf_state` (`id`, `name`, `f`, `modified`, `created`, `status`) VALUES
(1, 'Alabama', 0, '2009-08-28 06:10:25', '0000-00-00 00:00:00', 'active'),
(2, 'Alaska', 0, '0000-00-00 00:00:00', '0000-00-00 00:00:00', 'active'),
(3, 'Arizona', 0, '0000-00-00 00:00:00', '0000-00-00 00:00:00', 'active'),
(4, 'Arkansas', 0, '0000-00-00 00:00:00', '0000-00-00 00:00:00', 'active'),
(5, 'California', 0, '0000-00-00 00:00:00', '0000-00-00 00:00:00', 'active'),
(6, 'Colorado', 0, '0000-00-00 00:00:00', '0000-00-00 00:00:00', 'active'),
(7, 'Connecticut', 0, '0000-00-00 00:00:00', '0000-00-00 00:00:00', 'active'),
(8, 'D.C.', 0, '0000-00-00 00:00:00', '0000-00-00 00:00:00', 'active'),
(9, 'Delaware', 0, '0000-00-00 00:00:00', '0000-00-00 00:00:00', 'active'),
(10, 'Florida', 0, '0000-00-00 00:00:00', '0000-00-00 00:00:00', 'active'),
(11, 'Georgia', 0, '0000-00-00 00:00:00', '0000-00-00 00:00:00', 'active'),
(12, 'Hawaii', 0, '0000-00-00 00:00:00', '0000-00-00 00:00:00', 'active'),
(13, 'Idaho', 0, '0000-00-00 00:00:00', '0000-00-00 00:00:00', 'active'),
(14, 'Illinois', 0, '0000-00-00 00:00:00', '0000-00-00 00:00:00', 'active'),
(15, 'Indiana', 0, '0000-00-00 00:00:00', '0000-00-00 00:00:00', 'active'),
(16, 'Iowa', 0, '0000-00-00 00:00:00', '0000-00-00 00:00:00', 'active'),
(17, 'Kansas', 0, '0000-00-00 00:00:00', '0000-00-00 00:00:00', 'active'),
(18, 'Kentucky', 0, '0000-00-00 00:00:00', '0000-00-00 00:00:00', 'active'),
(19, 'Louisiana', 0, '0000-00-00 00:00:00', '0000-00-00 00:00:00', 'active'),
(20, 'Maine', 0, '0000-00-00 00:00:00', '0000-00-00 00:00:00', 'active'),
(21, 'Maryland', 0, '0000-00-00 00:00:00', '0000-00-00 00:00:00', 'active'),
(22, 'Massachusetts', 0, '0000-00-00 00:00:00', '0000-00-00 00:00:00', 'active'),
(23, 'Michigan', 0, '0000-00-00 00:00:00', '0000-00-00 00:00:00', 'active'),
(24, 'Minnesota', 0, '0000-00-00 00:00:00', '0000-00-00 00:00:00', 'active'),
(25, 'Mississippi', 0, '0000-00-00 00:00:00', '0000-00-00 00:00:00', 'active'),
(26, 'Missouri', 0, '0000-00-00 00:00:00', '0000-00-00 00:00:00', 'active'),
(27, 'Montana', 0, '0000-00-00 00:00:00', '0000-00-00 00:00:00', 'active'),
(28, 'Nebraska', 0, '0000-00-00 00:00:00', '0000-00-00 00:00:00', 'active'),
(29, 'Nevada', 0, '0000-00-00 00:00:00', '0000-00-00 00:00:00', 'active'),
(30, 'New Hampshire', 0, '0000-00-00 00:00:00', '0000-00-00 00:00:00', 'active'),
(31, 'New Jersey', 0, '0000-00-00 00:00:00', '0000-00-00 00:00:00', 'active'),
(32, 'New Mexico', 0, '0000-00-00 00:00:00', '0000-00-00 00:00:00', 'active'),
(33, 'New York', 0, '0000-00-00 00:00:00', '0000-00-00 00:00:00', 'active'),
(34, 'North Carolina', 0, '0000-00-00 00:00:00', '0000-00-00 00:00:00', 'active'),
(35, 'North Dakota', 0, '0000-00-00 00:00:00', '0000-00-00 00:00:00', 'active'),
(36, 'Ohio', 0, '0000-00-00 00:00:00', '0000-00-00 00:00:00', 'active'),
(37, 'Oklahoma', 0, '0000-00-00 00:00:00', '0000-00-00 00:00:00', 'active'),
(38, 'Oregon', 0, '0000-00-00 00:00:00', '0000-00-00 00:00:00', 'active'),
(39, 'Pennsylvania', 0, '0000-00-00 00:00:00', '0000-00-00 00:00:00', 'active'),
(40, 'Rhode Island', 0, '0000-00-00 00:00:00', '0000-00-00 00:00:00', 'active'),
(41, 'South Carolina', 0, '0000-00-00 00:00:00', '0000-00-00 00:00:00', 'active'),
(42, 'South Dakota', 0, '0000-00-00 00:00:00', '0000-00-00 00:00:00', 'active'),
(43, 'Tennessee', 0, '0000-00-00 00:00:00', '0000-00-00 00:00:00', 'active'),
(44, 'Texas', 0, '0000-00-00 00:00:00', '0000-00-00 00:00:00', 'active'),
(45, 'Utah', 0, '0000-00-00 00:00:00', '0000-00-00 00:00:00', 'active'),
(46, 'Virginia', 0, '0000-00-00 00:00:00', '0000-00-00 00:00:00', 'active'),
(47, 'Vermont', 0, '0000-00-00 00:00:00', '0000-00-00 00:00:00', 'active'),
(48, 'Washington', 0, '0000-00-00 00:00:00', '0000-00-00 00:00:00', 'active'),
(49, 'West Virginia', 0, '0000-00-00 00:00:00', '0000-00-00 00:00:00', 'active'),
(50, 'Wisconsin', 0, '0000-00-00 00:00:00', '0000-00-00 00:00:00', 'active'),
(51, 'Wyoming', 0, '0000-00-00 00:00:00', '0000-00-00 00:00:00', 'active');

-- --------------------------------------------------------

--
-- Table structure for table `pwf_test`
--

CREATE TABLE IF NOT EXISTS `pwf_test` (
  `created` datetime NOT NULL DEFAULT '0000-00-00 00:00:00',
  `f` int(10) unsigned NOT NULL DEFAULT '0',
  `id` mediumint(8) unsigned NOT NULL AUTO_INCREMENT,
  `modified` datetime NOT NULL DEFAULT '0000-00-00 00:00:00',
  `name` varchar(64) NOT NULL,
  `status` enum('deleted','active') NOT NULL DEFAULT 'active',
  PRIMARY KEY (`id`),
  UNIQUE KEY `name` (`name`)
) ENGINE=InnoDB  DEFAULT CHARSET=utf8 AUTO_INCREMENT=4 ;

--
-- Dumping data for table `pwf_test`
--

INSERT INTO `pwf_test` (`created`, `f`, `id`, `modified`, `name`, `status`) VALUES
('2009-06-11 16:45:05', 0, 1, '2009-06-11 16:45:21', 'Azzurri', 'active'),
('2009-06-11 16:45:21', 0, 2, '2009-06-11 16:45:21', 'Pulcini', 'active'),
('2009-06-11 16:45:29', 0, 3, '2009-06-11 16:45:29', 'Rovers', 'active');

-- --------------------------------------------------------

--
-- Table structure for table `pwf_test_auto_complete`
--

CREATE TABLE IF NOT EXISTS `pwf_test_auto_complete` (
  `created` datetime NOT NULL DEFAULT '0000-00-00 00:00:00',
  `f` int(10) unsigned NOT NULL DEFAULT '0',
  `id` mediumint(8) unsigned NOT NULL AUTO_INCREMENT,
  `modified` datetime NOT NULL DEFAULT '0000-00-00 00:00:00',
  `name` varchar(64) NOT NULL,
  `status` enum('deleted','active') NOT NULL DEFAULT 'active',
  PRIMARY KEY (`id`),
  UNIQUE KEY `name` (`name`)
) ENGINE=InnoDB DEFAULT CHARSET=utf8 AUTO_INCREMENT=1 ;

--
-- Dumping data for table `pwf_test_auto_complete`
--


-- --------------------------------------------------------

--
-- Table structure for table `pwf_test_select`
--

CREATE TABLE IF NOT EXISTS `pwf_test_select` (
  `created` datetime NOT NULL DEFAULT '0000-00-00 00:00:00',
  `f` int(10) unsigned NOT NULL DEFAULT '0',
  `id` mediumint(8) unsigned NOT NULL AUTO_INCREMENT,
  `modified` datetime NOT NULL DEFAULT '0000-00-00 00:00:00',
  `name` varchar(64) NOT NULL,
  `status` enum('deleted','active') NOT NULL DEFAULT 'active',
  PRIMARY KEY (`id`),
  UNIQUE KEY `name` (`name`)
) ENGINE=InnoDB  DEFAULT CHARSET=utf8 AUTO_INCREMENT=4 ;

--
-- Dumping data for table `pwf_test_select`
--

INSERT INTO `pwf_test_select` (`created`, `f`, `id`, `modified`, `name`, `status`) VALUES
('2009-12-24 10:41:39', 0, 1, '2009-12-24 10:41:39', 'one', 'active'),
('2009-12-24 10:41:45', 0, 2, '2009-12-24 10:41:45', 'two', 'active'),
('2009-12-24 10:41:53', 0, 3, '2009-12-24 10:41:53', 'three, four', 'active');

-- --------------------------------------------------------

--
-- Table structure for table `pwf_what_makes_matt_awesome`
--

CREATE TABLE IF NOT EXISTS `pwf_what_makes_matt_awesome` (
  `created` datetime NOT NULL DEFAULT '0000-00-00 00:00:00',
  `f` int(10) unsigned NOT NULL DEFAULT '0',
  `id` mediumint(8) unsigned NOT NULL AUTO_INCREMENT,
  `modified` datetime NOT NULL DEFAULT '0000-00-00 00:00:00',
  `name` varchar(64) NOT NULL,
  `status` enum('deleted','active') NOT NULL DEFAULT 'active',
  PRIMARY KEY (`id`),
  UNIQUE KEY `name` (`name`)
) ENGINE=InnoDB  DEFAULT CHARSET=utf8 AUTO_INCREMENT=6 ;

--
-- Dumping data for table `pwf_what_makes_matt_awesome`
--

INSERT INTO `pwf_what_makes_matt_awesome` (`created`, `f`, `id`, `modified`, `name`, `status`) VALUES
('2009-04-02 10:24:56', 0, 1, '2009-04-02 10:24:56', 'His blog', 'active'),
('2009-04-02 10:25:12', 0, 2, '2009-04-02 10:25:24', 'His dashing good looks', 'active'),
('2009-04-02 10:25:24', 0, 3, '2009-04-02 10:25:24', 'His work', 'active'),
('2009-04-02 10:25:53', 0, 4, '2009-04-02 10:25:53', 'His kickass fitness', 'active'),
('2009-04-02 10:26:11', 0, 5, '2009-04-02 10:26:11', 'Who the %$#* is Matt', 'active');

-- --------------------------------------------------------

--
-- Table structure for table `pwf_will_sub`
--

CREATE TABLE IF NOT EXISTS `pwf_will_sub` (
  `created` datetime NOT NULL DEFAULT '0000-00-00 00:00:00',
  `f` int(10) unsigned NOT NULL DEFAULT '0',
  `id` mediumint(8) unsigned NOT NULL AUTO_INCREMENT,
  `modified` datetime NOT NULL DEFAULT '0000-00-00 00:00:00',
  `name` varchar(64) NOT NULL,
  `status` enum('deleted','active') NOT NULL DEFAULT 'active',
  PRIMARY KEY (`id`),
  UNIQUE KEY `name` (`name`)
) ENGINE=InnoDB  DEFAULT CHARSET=utf8 AUTO_INCREMENT=4 ;

--
-- Dumping data for table `pwf_will_sub`
--

INSERT INTO `pwf_will_sub` (`created`, `f`, `id`, `modified`, `name`, `status`) VALUES
('2009-08-31 09:04:25', 0, 1, '2009-08-31 09:04:25', 'Yes', 'active'),
('2009-08-31 09:04:31', 0, 2, '2009-08-31 09:04:31', 'No', 'active'),
('2010-05-16 15:41:31', 0, 3, '2010-05-16 15:41:31', 'It depends pls contact me', 'active');

-- --------------------------------------------------------

--
-- Table structure for table `registration_task`
--

CREATE TABLE IF NOT EXISTS `registration_task` (
  `created` timestamp NOT NULL DEFAULT '0000-00-00 00:00:00',
  `description` tinytext NOT NULL,
  `id` int(11) unsigned NOT NULL AUTO_INCREMENT,
  `modified` timestamp NOT NULL DEFAULT CURRENT_TIMESTAMP ON UPDATE CURRENT_TIMESTAMP,
  `priority` tinyint(2) unsigned NOT NULL,
  `status` enum('active','inactive') NOT NULL DEFAULT 'active',
  `type` enum('join','payment','required','tos') NOT NULL,
  `name` varchar(255) NOT NULL,
  PRIMARY KEY (`id`)
) ENGINE=InnoDB  DEFAULT CHARSET=utf8 AUTO_INCREMENT=9 ;

--
-- Dumping data for table `registration_task`
--

INSERT INTO `registration_task` (`created`, `description`, `id`, `modified`, `priority`, `status`, `type`, `name`) VALUES
('2010-08-05 00:10:45', 'Terms of Service (TOS) &ndash; Users must agree to TOS before using your site. To update the TOS, see <a href="/admin.action?page=content&task=content&subtask=terms">Update Terms of Service</a>.', 1, '2010-08-23 01:00:38', 1, 'active', 'tos', 'Terms of Service'),
('2010-08-05 00:10:45', 'Required Fields &ndash; Any required fields must be filled out by the user before entering site', 2, '2010-08-23 01:00:39', 2, 'active', 'required', 'Required Fields'),
('2010-08-05 00:10:45', 'Pay Fee &ndash; The User must pay a fee before entering the site', 3, '2010-08-05 00:10:45', 3, 'active', 'payment', 'Pay Dues'),
('2010-08-05 00:10:45', 'Join Network &ndash; Users must become part of a network before entering the site. Optionally, they may join groups and link friends.', 4, '2010-08-23 01:00:39', 4, 'active', 'join', 'Get Connected');

-- --------------------------------------------------------

--
-- Table structure for table `registration_task_searchable`
--

CREATE TABLE IF NOT EXISTS `registration_task_searchable` (
  `created` timestamp NOT NULL DEFAULT '0000-00-00 00:00:00',
  `modified` timestamp NOT NULL DEFAULT CURRENT_TIMESTAMP ON UPDATE CURRENT_TIMESTAMP,
  `registration_task_id` int(11) unsigned NOT NULL,
  `searchable_id` int(11) unsigned NOT NULL,
  PRIMARY KEY (`registration_task_id`,`searchable_id`),
  KEY `registration_task_searchable_task_fk` (`registration_task_id`),
  KEY `registration_task_searchable_searchable_fk` (`searchable_id`)
) ENGINE=InnoDB DEFAULT CHARSET=utf8;

--
-- Dumping data for table `registration_task_searchable`
--

INSERT INTO `registration_task_searchable` (`created`, `modified`, `registration_task_id`, `searchable_id`) VALUES
('2010-08-19 23:49:57', '2010-08-19 23:49:57', 1, 13),
('2010-08-20 12:54:32', '2010-08-20 12:54:32', 1, 16),
('2010-11-22 22:08:04', '2010-11-22 22:08:04', 1, 212),
('2010-09-18 07:32:50', '2010-09-18 07:32:50', 1, 213),
('2010-08-22 13:21:44', '2010-08-22 13:21:44', 1, 216),
('2010-08-20 13:15:36', '2010-08-20 13:15:36', 1, 270),
('2010-09-03 16:15:07', '2010-09-03 16:15:07', 1, 271),
('2010-10-19 12:46:07', '2010-10-19 12:46:07', 1, 275),
('2010-10-31 12:15:22', '2010-10-31 12:15:22', 1, 276),
('2010-11-01 12:25:01', '2010-11-01 12:25:01', 1, 278),
('2010-11-01 12:32:58', '2010-11-01 12:32:58', 1, 279),
('2010-11-02 08:44:41', '2010-11-02 08:44:41', 1, 280),
('2010-11-02 09:20:05', '2010-11-02 09:20:05', 1, 281),
('2010-11-02 19:26:59', '2010-11-02 19:26:59', 1, 282),
('2010-11-10 15:10:10', '2010-11-10 15:10:10', 1, 283),
('2010-11-10 15:14:39', '2010-11-10 15:14:39', 1, 284),
('2010-11-11 19:48:09', '2010-11-11 19:48:09', 1, 285),
('2010-11-12 11:36:15', '2010-11-12 11:36:15', 1, 286),
('2010-08-19 23:50:30', '2010-08-19 23:50:30', 2, 13),
('2010-08-20 12:54:56', '2010-08-20 12:54:56', 2, 16),
('2010-11-22 22:08:48', '2010-11-22 22:08:48', 2, 212),
('2010-09-18 07:33:28', '2010-09-18 07:33:28', 2, 213),
('2010-08-22 13:22:06', '2010-08-22 13:22:06', 2, 216),
('2010-08-22 12:43:03', '2010-08-22 12:43:03', 2, 270),
('2010-09-03 16:16:18', '2010-09-03 16:16:18', 2, 271),
('2010-10-19 12:47:13', '2010-10-19 12:47:13', 2, 275),
('2010-10-31 12:15:56', '2010-10-31 12:15:56', 2, 276),
('2010-11-01 12:25:46', '2010-11-01 12:25:46', 2, 278),
('2010-11-01 12:33:31', '2010-11-01 12:33:31', 2, 279),
('2010-11-02 08:49:37', '2010-11-02 08:49:37', 2, 280),
('2010-11-02 09:20:39', '2010-11-02 09:20:39', 2, 281),
('2010-11-02 19:27:42', '2010-11-02 19:27:42', 2, 282),
('2010-11-10 15:11:10', '2010-11-10 15:11:10', 2, 283),
('2010-11-10 15:15:44', '2010-11-10 15:15:44', 2, 284),
('2010-11-11 19:48:52', '2010-11-11 19:48:52', 2, 285),
('2010-11-12 11:36:39', '2010-11-12 11:36:39', 2, 286),
('2010-08-24 10:23:38', '2010-08-24 10:23:38', 3, 13),
('2010-08-22 12:20:29', '2010-08-22 12:20:29', 3, 16),
('2010-11-22 22:09:07', '2010-11-22 22:09:07', 3, 212),
('2010-08-22 13:22:11', '2010-08-22 13:22:11', 3, 216),
('2010-08-22 12:43:08', '2010-08-22 12:43:08', 3, 270),
('2010-09-03 16:23:16', '2010-09-03 16:23:16', 3, 271),
('2010-10-19 12:47:21', '2010-10-19 12:47:21', 3, 275),
('2010-10-31 12:16:00', '2010-10-31 12:16:00', 3, 276),
('2010-11-01 12:25:50', '2010-11-01 12:25:50', 3, 278),
('2010-11-01 12:33:53', '2010-11-01 12:33:53', 3, 279),
('2010-11-02 08:49:47', '2010-11-02 08:49:47', 3, 280),
('2010-11-02 09:20:45', '2010-11-02 09:20:45', 3, 281),
('2010-11-02 19:27:47', '2010-11-02 19:27:47', 3, 282),
('2010-11-10 15:11:12', '2010-11-10 15:11:12', 3, 283),
('2010-11-10 15:15:47', '2010-11-10 15:15:47', 3, 284),
('2010-11-11 19:48:56', '2010-11-11 19:48:56', 3, 285),
('2010-11-12 11:36:41', '2010-11-12 11:36:41', 3, 286),
('2010-08-19 23:50:36', '2010-08-19 23:50:36', 4, 13),
('2010-08-20 12:55:02', '2010-08-20 12:55:02', 4, 16),
('2010-11-22 22:09:29', '2010-11-22 22:09:29', 4, 212),
('2010-09-18 07:33:35', '2010-09-18 07:33:35', 4, 213),
('2010-08-22 13:22:14', '2010-08-22 13:22:14', 4, 216),
('2010-08-22 12:43:13', '2010-08-22 12:43:13', 4, 270),
('2010-09-03 16:23:22', '2010-09-03 16:23:22', 4, 271),
('2010-10-19 12:47:26', '2010-10-19 12:47:26', 4, 275),
('2010-10-31 12:16:09', '2010-10-31 12:16:09', 4, 276),
('2010-11-01 12:26:24', '2010-11-01 12:26:24', 4, 278),
('2010-11-01 12:34:15', '2010-11-01 12:34:15', 4, 279),
('2010-11-02 08:50:22', '2010-11-02 08:50:22', 4, 280),
('2010-11-02 09:20:54', '2010-11-02 09:20:54', 4, 281),
('2010-11-02 19:28:24', '2010-11-02 19:28:24', 4, 282),
('2010-11-10 15:11:34', '2010-11-10 15:11:34', 4, 283),
('2010-11-10 15:15:56', '2010-11-10 15:15:56', 4, 284),
('2010-11-11 19:49:01', '2010-11-11 19:49:01', 4, 285),
('2010-11-12 11:36:51', '2010-11-12 11:36:51', 4, 286);

-- --------------------------------------------------------

--
-- Table structure for table `searchable`
--

CREATE TABLE IF NOT EXISTS `searchable` (
  `access` enum('O','P','C') NOT NULL DEFAULT 'O',
  `created` timestamp NOT NULL DEFAULT '0000-00-00 00:00:00',
  `email` varchar(255) NOT NULL,
  `features` int(3) unsigned NOT NULL DEFAULT '0',
  `feature_access` int(2) unsigned NOT NULL DEFAULT '0',
  `id` int(11) unsigned NOT NULL AUTO_INCREMENT,
  `key` varchar(45) NOT NULL,
  `modified` timestamp NOT NULL DEFAULT CURRENT_TIMESTAMP ON UPDATE CURRENT_TIMESTAMP,
  `name` varchar(64) NOT NULL,
  `notify` enum('false','true') NOT NULL DEFAULT 'true',
  `status` enum('active','deleted','inactive','pending') NOT NULL DEFAULT 'active',
  `type` enum('group','network','user') NOT NULL,
  `uri_image` varchar(255) NOT NULL DEFAULT '/images/searchables/blank_image.gif',
  `uri_thumb` varchar(255) NOT NULL DEFAULT '/images/thumbs/blank_user_thumb.gif',
  `pending_bit` tinyint(3) unsigned NOT NULL DEFAULT '0',
  `isAdmin` enum('true','false') DEFAULT 'false',
  PRIMARY KEY (`id`)
) ENGINE=InnoDB  DEFAULT CHARSET=utf8 AUTO_INCREMENT=295 ;

--
-- Dumping data for table `searchable`
--

INSERT INTO `searchable` (`access`, `created`, `email`, `features`, `feature_access`, `id`, `key`, `modified`, `name`, `notify`, `status`, `type`, `uri_image`, `uri_thumb`, `pending_bit`, `isAdmin`) VALUES
('O', '0000-00-00 00:00:00', 'admin@godster.stanford.edu', 0, 0, 1, 'asdf1234', '2007-09-10 23:46:17', 'Administrator', 'false', 'active', 'user', '/images/searchables/blank_image.gif', '/images/thumbs/blank_thumb.gif', 0, 'false'),
('O', '2007-01-15 02:05:41', 'mattesnider@gmail.com', 6, 2, 13, '943f10b7abf00c6c77b7515a096e4322', '2010-09-12 19:51:19', 'Matt Snider', 'true', 'active', 'user', '/images/searchables/89a910884f2b286eaeced74755e473c1.jpg', '/images/thumbs/89a910884f2b286eaeced74755e473c1.jpg', 0, 'true'),
('P', '2007-01-15 03:35:40', 'msjaastad@comcast.net', 0, 0, 16, '7808b471478f0cfdb2b407be92c170eb', '2010-11-10 15:10:07', 'Mike Sjaastad', 'true', 'active', 'user', '/images/searchables/874b084c4e0f7472c62a5350d579316d.jpg', '/images/thumbs/53373ed1602696de02cc91396eb33c9f.jpg', 0, 'true'),
('O', '2007-09-04 00:00:00', 'juliemlr@comcast.net', 7, 7, 34, '452ebc4db96ea12d336565e85d37125a', '2010-02-05 15:47:55', 'Julie Miller', 'true', 'active', 'user', '/images/searchables/b06aacc9f2e70593358ace1fee0b7732.jpg', '/images/thumbs/b06aacc9f2e70593358ace1fee0b7732.jpg', 0, 'false'),
('O', '2008-12-15 08:40:37', 'billglasscmln@gmail.com', 0, 0, 182, 'd542599794c1cf067d90638b5d3911f3', '2009-07-17 14:35:42', 'Bill Glass', 'true', 'deleted', 'user', '/images/searchables/blank_image.gif', '/images/thumbs/blank_thumb.gif', 0, 'false'),
('O', '2008-12-15 08:43:10', 'alan.morris@comcast.net', 0, 0, 183, 'b10d25cbe07aeb3bbf6ec350cec76fcc', '2009-07-17 07:02:52', 'Alan Morris', 'true', 'deleted', 'user', '/images/searchables/blank_image.gif', '/images/thumbs/blank_thumb.gif', 0, 'false'),
('O', '2008-12-15 08:44:19', 'suegordoncmln@gmail.com', 0, 0, 184, 'ea8aeef5401513a8f81113ee9d157f22', '2009-07-17 14:36:45', 'Sue Gordon', 'true', 'deleted', 'user', '/images/searchables/blank_image.gif', '/images/thumbs/blank_thumb.gif', 0, 'false'),
('O', '2008-12-15 08:47:09', 'gregbucknercmln@gmail.com', 0, 0, 185, '82166899aa3db47b87226f5e2abfbca7', '2009-07-17 15:09:22', 'Greg Buckner', 'true', 'deleted', 'user', '/images/searchables/blank_image.gif', '/images/thumbs/blank_thumb.gif', 0, 'false'),
('O', '2008-12-15 08:49:27', 'wendygladstonecmln@gmail.com', 7, 0, 186, 'cbdf0b0d70ec00ff3d9e02bc628c01a4', '2009-07-16 11:59:26', 'wendy gladstone', 'true', 'deleted', 'user', '/images/searchables/3fbca472bff31fb7c41da389b25a52d2.jpg', '/images/thumbs/3fbca472bff31fb7c41da389b25a52d2.jpg', 0, 'false'),
('O', '2009-02-13 14:38:14', 'msjaastad@comcast.net', 0, 0, 187, '1c3d9364e7c565111f356b45b960fa92', '2009-07-17 15:30:39', 'New User', 'true', 'deleted', 'user', '/images/searchables/blank_image.gif', '/images/thumbs/blank_user_thumb.gif', 0, 'false'),
('O', '2009-02-13 14:55:46', '', 0, 0, 188, '039f356db3281f23ded673a055130d78', '2010-09-12 20:04:19', 'Chess Club', 'true', 'active', 'group', '/images/searchables/eff7d653662034991011fb03243d275f.jpg', '/images/thumbs/09e1dc6b5c6d41ee112ee897ee2a6cff.jpg', 0, 'false'),
('O', '2009-04-09 17:07:41', '', 0, 0, 189, '6c2b29f7ce5f10fac03c05731d9fc83a', '2009-06-15 08:22:42', 'Test group', 'true', 'deleted', 'group', '/images/searchables/blank_image.gif', '/images/thumbs/blank_user_thumb.gif', 0, 'false'),
('O', '2009-04-09 17:08:39', '', 0, 0, 190, 'd0b8e3467c3b76c8904167d3af24c270', '2009-06-27 15:07:51', 'Test group', 'true', 'deleted', 'group', '/images/searchables/blank_image.gif', '/images/thumbs/blank_user_thumb.gif', 0, 'false'),
('C', '2009-04-12 16:54:55', 'msjaastad@comcast.net', 6, 6, 191, '03a7d3e888dba399814adaa1f09193fa', '2010-10-21 12:24:39', 'FA Azzurri COED WeekNight D1A', 'true', 'active', 'group', '/images/searchables/280723e7b73807b84dabd5b57d134682.jpg', '/images/thumbs/280723e7b73807b84dabd5b57d134682.jpg', 0, 'false'),
('O', '2009-04-12 16:56:20', '', 0, 0, 192, 'af90adde42702ffa6835d5b868445b6c', '2009-07-16 12:08:12', 'test team', 'true', 'deleted', 'group', '/images/searchables/blank_image.gif', '/images/thumbs/blank_user_thumb.gif', 0, 'false'),
('O', '2009-05-30 16:18:46', '', 0, 0, 193, '2947a57821c4fe8f419c3433be003e6b', '2009-07-16 12:08:21', 'Testing new Team', 'true', 'deleted', 'group', '/images/searchables/blank_group.gif', '/images/thumbs/blank_group_thumb.gif', 0, 'false'),
('O', '2009-06-11 17:19:25', '', 0, 0, 194, '998e45fe9d7cc4a2113ce89b9487a495', '2009-12-29 16:52:58', 'Weekly Pick up game', 'true', 'active', 'group', '/images/searchables/ab34be55dc6f38c957810b28369ed99e.jpg', '/images/thumbs/ab34be55dc6f38c957810b28369ed99e.jpg', 0, 'false'),
('O', '2009-06-12 09:29:04', 'msjaastad@comcast.net', 0, 0, 195, 'ab6fed658f4186a1c50e95ca17c848b9', '2009-06-12 09:29:11', 'Test User 1', 'true', 'active', 'user', '/images/searchables/blank_image.gif', '/images/thumbs/blank_user_thumb.gif', 0, 'false'),
('O', '2009-06-13 10:22:38', 'msjaastad@gmail.com', 0, 0, 196, '6aeac2f5e762c7759363882b5160d303', '2009-07-25 19:00:29', 'Derek', 'true', 'deleted', 'user', '/images/searchables/blank_user.gif', '/images/thumbs/blank_user_thumb.gif', 0, 'false'),
('O', '2009-06-15 08:17:05', 'msjaastad@comcast.net', 0, 0, 197, 'd59b872a012cce6f38efbcd4cc9831f5', '2009-07-06 07:09:08', 'Derek', 'true', 'deleted', 'user', '/images/searchables/298c4a5941155b8e037dca5496df0c13.jpg', '/images/thumbs/298c4a5941155b8e037dca5496df0c13.jpg', 0, 'false'),
('O', '2009-06-17 09:50:00', 'mattesnider@gmail.com', 0, 0, 198, 'f0a32fd054c95d6c0616c1e586ce6888', '2009-06-17 09:53:21', 'matt1', 'true', 'active', 'user', '/images/searchables/blank_image.gif', '/images/thumbs/blank_user_thumb.gif', 0, 'false'),
('O', '2009-06-27 14:48:50', 'msjaastad@comcast.net', 0, 0, 199, 'c679163f4c6e8aa5c1493800ebaa923a', '2009-07-17 15:20:06', 'Robbin Parrot', 'true', 'deleted', 'user', '/images/searchables/blank_user.gif', '/images/thumbs/blank_user_thumb.gif', 0, 'false'),
('O', '2009-06-27 15:06:04', '', 0, 0, 200, 'c50318758ca67fd67b70acf8022af137', '2009-07-16 12:10:05', 'Pulcini', 'true', 'deleted', 'group', '/images/searchables/ff0042f463f20f3d67e8ac0d5626479e.jpg', '/images/thumbs/ff0042f463f20f3d67e8ac0d5626479e.jpg', 0, 'false'),
('O', '2009-07-03 12:18:17', 'joec@comcast.net', 0, 0, 201, '4720ddc5f95c1d5f08dfaa4fb3ec8388', '2009-07-06 07:33:18', 'joe comcast', 'true', 'deleted', 'user', '/images/searchables/blank_image.gif', '/images/thumbs/blank_user_thumb.gif', 2, 'false'),
('O', '2009-07-05 19:07:16', 'matt2@test.com', 0, 0, 202, '16dfa8ef79209993587a5863c9205832', '2009-07-05 19:07:50', 'matt2', 'true', 'active', 'user', '/images/searchables/blank_image.gif', '/images/thumbs/blank_user_thumb.gif', 0, 'false'),
('O', '2009-07-06 07:33:03', 'erin@georgelamptey.com', 7, 7, 203, 'a362d2a2156d013818fd78c33ccec848', '2009-08-27 17:15:23', 'Erin Linke', 'true', 'active', 'user', '/images/searchables/0ace749b77d1cd995786290d5d938e43.jpg', '/images/thumbs/0ace749b77d1cd995786290d5d938e43.jpg', 2, 'false'),
('O', '2009-07-06 10:35:15', 'mikesjaastad@yahoo.com', 0, 0, 204, 'ec97d5f4d0cf65ee6db637af264b2290', '2009-07-22 23:25:03', 'Miles Sjaastad', 'true', 'deleted', 'user', '/images/searchables/c3bda8f97a6cb2667f37cebd427f1324.jpg', '/images/thumbs/c3bda8f97a6cb2667f37cebd427f1324.jpg', 2, 'false'),
('O', '2009-07-10 18:16:06', 'matt3@test.com', 0, 0, 205, '4247db0729b67b4ac3bcfe41592c2422', '2009-07-10 18:17:08', 'matt3', 'true', 'active', 'user', '/images/searchables/blank_image.gif', '/images/thumbs/blank_user_thumb.gif', 0, 'false'),
('O', '2009-07-16 11:38:01', 'mikesjaastad@yahoo.com', 0, 0, 206, '6d4c557e2d30fe5b4f94aa874518f602', '2009-07-16 11:39:18', 'Miles Sjaastad', 'true', 'deleted', 'user', '/images/searchables/3af5eac0720263e2907fc3d3115978dc.jpg', '/images/thumbs/3af5eac0720263e2907fc3d3115978dc.jpg', 0, 'false'),
('O', '2009-07-16 11:51:14', 'mikesjaastad@yahoo.com', 0, 0, 207, '0575f6cf909815dd64c8492a08c684cf', '2009-07-16 11:52:31', 'Erin Linke', 'true', 'deleted', 'user', '/images/searchables/0dade1358ba770125380f6fd5f9f6098.jpg', '/images/thumbs/0dade1358ba770125380f6fd5f9f6098.jpg', 0, 'false'),
('O', '2009-07-16 12:04:56', 'msjaastad@comcast.net', 0, 0, 208, 'bf6bde2fc48f7a3979201956b28c6dee', '2010-05-20 11:33:32', 'Pulcini COED WeekNight D2', 'true', 'active', 'group', '/images/searchables/479dd778856d0e73cffc6d75137adb8e.jpg', '/images/thumbs/479dd778856d0e73cffc6d75137adb8e.jpg', 0, 'false'),
('O', '2009-07-20 07:12:17', 'mikesjaastad@yahoo.com', 7, 0, 209, 'f99fb2d5c120d9876167a6326e10e682', '2009-07-20 07:13:44', 'Miles Sjaastad', 'true', 'deleted', 'user', '/images/searchables/45cb8e1b0854a0ba02dcb1056ffa4442.jpg', '/images/thumbs/45cb8e1b0854a0ba02dcb1056ffa4442.jpg', 0, 'false'),
('O', '2009-07-20 07:17:40', '', 0, 0, 210, '8eae93cf3c7ff64d2277820e4ede4867', '2010-01-30 10:33:11', 'Cougars Sunday Womens Team D1', 'true', 'active', 'group', '/images/searchables/786b770aa951c21eaf387fd58a444aa8.jpg', '/images/thumbs/c27f5b8715a4495ffbed7d731e6aa001.jpg', 0, 'false'),
('O', '2009-07-25 17:50:26', 'fake@georgelamptey.com', 7, 7, 211, 'd6aec0842fe6a66be06e3f4e4d77c90b', '2009-10-03 16:09:34', 'Molly Poncetta', 'true', 'active', 'user', '/images/searchables/0bcad98ee2903291b22139b0b2df0dc5.jpg', '/images/thumbs/0bcad98ee2903291b22139b0b2df0dc5.jpg', 0, 'false'),
('O', '2009-07-25 17:55:19', 'henitz@yahoo.com', 0, 0, 212, '8091ca3a29c4ae88ae097b26785c7469', '2010-05-20 12:24:56', 'John Henitz', 'true', 'active', 'user', '/images/searchables/2b612aa594617db45b16e1b4c71148c6.jpg', '/images/thumbs/2b612aa594617db45b16e1b4c71148c6.jpg', 0, 'false'),
('O', '2009-07-25 18:04:18', 'robbin@georgelamptey.com', 7, 7, 213, '2aff692d887dab4d49d921b6c2e7e155', '2010-09-06 17:04:13', 'Robbin Parrott', 'true', 'active', 'user', '/images/searchables/de5b34e7e21cb9308ae47e5316c91168.jpg', '/images/thumbs/3252e34887508c661366e536f00507e4.jpg', 0, 'false'),
('O', '2009-07-25 18:12:14', 'peter@petercrandall.net', 0, 0, 214, '8e57a15ecae299d9dc118516cf9ebac2', '2009-09-12 18:01:08', 'Peter Crandall', 'true', 'active', 'user', '/images/searchables/blank_user.gif', '/images/thumbs/blank_user_thumb.gif', 0, 'false'),
('O', '2009-07-25 18:13:27', 'msjaastad@comcast.net', 7, 0, 215, '16b5c3defdcfff9cb0162d0075673add', '2009-10-01 08:45:36', 'Al Linke', 'true', 'active', 'user', '/images/searchables/f9afb243fe0bf3781c3855922508c00b.jpg', '/images/thumbs/d4bad79b71a4a2e01932123599216388.jpg', 0, 'false'),
('O', '2009-07-26 16:51:13', 'diego@georgelampteysoccer.com', 7, 7, 216, '5284f313aee5377b566c3603d140e496', '2009-08-27 17:29:40', 'Diego Ventura', 'true', 'active', 'user', '/images/searchables/360eed43c531e6416e32a199292304b5.jpg', '/images/thumbs/360eed43c531e6416e32a199292304b5.jpg', 2, 'false'),
('O', '2009-07-26 16:59:08', 'msjaastad@comcast.net', 0, 0, 217, '74b5504e52d1e83c952423cc169848e8', '2009-07-26 17:06:16', 'Diego Ventura', 'true', 'deleted', 'user', '/images/searchables/blank_image.gif', '/images/thumbs/blank_user_thumb.gif', 0, 'false'),
('O', '2009-07-28 18:14:39', 'erin@georgelamptey.com', 0, 0, 218, '2ac799820acaf647ebf34b0efb18f8bb', '2009-08-13 20:07:55', 'Erin Linke', 'true', 'deleted', 'user', '/images/searchables/4911deae79e8d34b25ca61af94dc39d3.jpg', '/images/thumbs/4911deae79e8d34b25ca61af94dc39d3.jpg', 0, 'false'),
('O', '2009-08-02 14:52:35', 'mattesnider@gmail.com', 0, 0, 219, 'd514db6c7865702c4beeb4a4ddf7d92d', '2009-08-02 14:53:26', 'matt4', 'true', 'active', 'user', '/images/searchables/blank_image.gif', '/images/thumbs/blank_user_thumb.gif', 0, 'false'),
('O', '2009-08-02 15:16:23', 'mattesnider@gmail.com', 0, 0, 220, '24cb0cb3c0a3bfb962fa7de455906523', '2010-02-08 11:25:49', 'matt5', 'true', 'active', 'user', '/images/searchables/blank_user.gif', '/images/thumbs/blank_user_thumb.gif', 0, 'false'),
('O', '2009-08-02 15:20:23', 'mattesnider@gmail.com', 0, 0, 221, '882609b3c64bb92494efe57daa25d48e', '2009-08-02 15:20:23', 'matt6', 'true', 'active', 'user', '/images/searchables/blank_user.gif', '/images/thumbs/blank_user_thumb.gif', 0, 'false'),
('O', '2009-08-05 06:37:41', 'msjaastad@comcast.net', 7, 7, 222, 'a32c863ee30b0d9a26e30985f4d10115', '2009-08-05 06:38:09', 'Erin Linke', 'true', 'deleted', 'user', '/images/searchables/blank_user.gif', '/images/thumbs/blank_user_thumb.gif', 0, 'false'),
('O', '2009-08-06 16:29:36', 'katie@georgelampteysoccer.com', 7, 7, 223, 'c35fef4bc18291e6c1f20511e4fa51df', '2009-08-27 17:19:04', 'Katie Bushnell', 'true', 'active', 'user', '/images/searchables/56c4ed9fe572e80df5f3ea371b5b78de.jpg', '/images/thumbs/56c4ed9fe572e80df5f3ea371b5b78de.jpg', 0, 'false'),
('O', '2009-08-14 15:35:57', '', 0, 0, 224, '6dd6e3d4097462a01cc3cb153c22626c', '2009-08-26 12:32:34', 'Test invite team', 'true', 'deleted', 'group', '/images/searchables/blank_group.gif', '/images/thumbs/blank_group_thumb.gif', 0, 'false'),
('O', '2009-08-14 15:36:10', '', 0, 0, 225, 'f15fe472c8289ff3feed290218b79dcf', '2009-08-20 07:06:11', 'test team', 'true', 'deleted', 'group', '/images/searchables/blank_group.gif', '/images/thumbs/blank_group_thumb.gif', 0, 'false'),
('O', '2009-08-14 15:37:29', '', 0, 0, 226, '92900b02e830c69cd349b6af41a421e5', '2009-08-20 07:01:11', 'test team 2', 'true', 'deleted', 'group', '/images/searchables/blank_group.gif', '/images/thumbs/blank_group_thumb.gif', 0, 'false'),
('O', '2009-08-14 15:40:48', '', 0, 0, 227, '2bbc9cc9dd12db19759fb321013de274', '2009-08-20 07:02:16', 'test team 3', 'true', 'deleted', 'group', '/images/searchables/blank_group.gif', '/images/thumbs/blank_group_thumb.gif', 0, 'false'),
('O', '2009-08-20 06:47:01', 'frankie@georgelampteysoccer.com', 7, 7, 228, '3f6d47a4e0c00ca93ad61602ee312577', '2009-09-10 18:01:53', 'Frankie Ventura', 'true', 'active', 'user', '/images/searchables/44137d81dc077b72f45efd330248fba0.jpg', '/images/thumbs/915946ed5054561ae0edbac80c184d69.jpg', 0, 'false'),
('O', '2009-12-06 10:17:46', 'msjaastad@comcast.net', 0, 0, 229, '32ba9e44148b3154e3164d70d8728bf9', '2010-05-20 16:14:47', 'Paiman Sadigh', 'true', 'active', 'user', '/images/searchables/9a4d6d0c43576d4853d602ad26eecdfb.jpg', '/images/thumbs/439f421296508c1e6efa4bacf1af6bf8.jpg', 0, 'false'),
('O', '2010-01-29 11:06:40', '', 0, 0, 239, '71cbf01fd5a55e738ec3f6957fff0f36', '2010-09-06 18:51:45', 'Silicon Valley Soccer Association', 'true', 'active', 'network', '/images/searchables/581d026e20a09644f6414655aecc3768.jpg', '/images/thumbs/3babcf19332702dabbeb7cfb12e8b364.jpg', 0, 'false'),
('O', '2010-01-29 11:07:09', 'msjaastad@comcast.net', 0, 0, 240, '4d8fd4a412cab120f0f045a409cfa74f', '2010-07-19 11:53:25', 'Weeknight Coed - Palo Alto', 'true', 'active', 'network', '/images/searchables/ba37f14e4fb773003644d4fbe6bb1ea0.jpg', '/images/thumbs/2537474f7d2467c5129dc4639acc9aac.jpg', 0, 'false'),
('P', '2010-01-29 11:07:35', '', 0, 0, 241, '94e4c771963297c1db71111eff3cbac4', '2010-06-25 11:37:41', 'Weeknight Coed - San Jose', 'true', 'deleted', 'network', '/images/searchables/bee48bb17fb2a263a53d1c74128f0bd1.jpg', '/images/thumbs/a9e2343e9e8599dc360905ce4ac250b7.jpg', 0, 'false'),
('O', '2010-01-30 07:27:20', 'michael.sjaastad@moldev.com', 0, 0, 242, '450948e59204c1ec2505358b55d0604f', '2010-05-16 17:25:27', 'Sunday Womens League', 'true', 'active', 'network', '/images/searchables/ff87e43dedafe24660a279added555c4.jpg', '/images/thumbs/753fcfdc52e551f669e7ce579baf8a4c.jpg', 0, 'false'),
('O', '2010-01-30 11:01:28', 'msjaastad@comcast.net', 0, 0, 243, 'a12db6178761acb1c4596146c3838be6', '2010-09-06 18:49:35', '    Weeknight Coed - Palo Alto Premier', 'true', 'active', 'network', '/images/searchables/9f3d3c3aadd0269232fe54e26da7d023.jpg', '/images/thumbs/d0af166c7189cd55b0b041127247e03d.jpg', 0, 'false'),
('O', '2010-01-30 11:01:42', 'msjaastad@comcast.net', 0, 0, 244, '7f0f125062b0b0be0c17b5df134eab2f', '2010-04-12 16:22:04', 'Weeknight Coed - Palo Alto D1B', 'true', 'active', 'network', '/images/searchables/657ce6ac389af43ecacda7602108fefc.jpg', '/images/thumbs/9c63772a11d9bd910a0846c76f044849.jpg', 0, 'false'),
('O', '2010-02-11 06:50:39', 'msjaastad@comcast.net', 0, 0, 245, '8b4905066711c5dedfcb6015b4a5df1d', '2010-03-10 10:58:11', 'Weeknight Coed - Palo Alto D2A', 'true', 'active', 'network', '/images/searchables/8338c7f6df7431c3c63bb6044e359d9e.jpg', '/images/thumbs/227304a5ada1a5207e45ec3484fbdf22.jpg', 0, 'false'),
('O', '2010-02-11 08:06:25', 'msjaastad@comcast.net', 0, 0, 246, 'f37a1a0c3fc439472297397cc3e6915a', '2010-03-10 10:59:03', 'Sunday Womens League D1A', 'true', 'active', 'network', '/images/searchables/45e05993a7fac2910ef36e39d2e30a6e.jpg', '/images/thumbs/3914c028f72d0d660f251b8475947913.jpg', 0, 'false'),
('O', '2010-02-11 08:06:33', 'msjaastad@comcast.net', 0, 0, 247, '71cdf41c4d138b4f468d124a2925dc9a', '2010-03-10 11:00:20', 'Sunday Womens League D1B', 'true', 'active', 'network', '/images/searchables/2106c514af3df2a207f5728f325aa43f.jpg', '/images/thumbs/af6682d12aad25bac55db5ff908e2ea5.jpg', 0, 'false'),
('P', '2010-02-12 00:00:50', '', 0, 0, 248, 'bda1f56a4f6841ad7d9901b76608a6af', '2010-07-15 20:32:05', 'Matt''s Test Team', 'true', 'deleted', 'group', '/images/searchables/blank_group.gif', '/images/thumbs/blank_group_thumb.gif', 0, 'false'),
('O', '2010-02-13 09:33:48', 'msjaastad@comcast.net', 0, 0, 249, 'cd7e08ee86dbe9951a54b1fab5b10b9e', '2010-07-19 12:09:17', 'Los Cougaros', 'true', 'active', 'group', '/images/searchables/87eef72ae03cad26a3c8a91b47ca9669.jpg', '/images/thumbs/7cf3028a9055f0b9ba6794c3b5d24442.jpg', 0, 'false'),
('O', '2010-02-15 14:56:40', '', 0, 0, 250, 'eb9fcecb33c83ca59c3ee13a6e19fbc5', '2010-04-14 09:52:48', 'Sunday Womens League D2A', 'true', 'active', 'network', '/images/searchables/75052f16a05ae9097369601cd0f807c2.jpg', '/images/thumbs/399d71c02afb8d630989751359dd3580.jpg', 0, 'false'),
('P', '2010-02-15 15:00:38', 'msjaastad@comcast.net', 0, 0, 251, 'efda19ad3865e09546be012d7b79b3cb', '2010-07-15 20:31:44', 'test group', 'true', 'deleted', 'group', '/images/searchables/blank_group.gif', '/images/thumbs/blank_group_thumb.gif', 0, 'false'),
('P', '2010-02-25 13:00:34', '', 0, 0, 252, '3331c04fb650f58e4b47e1ad7a86c3f6', '2010-07-15 20:31:16', 'test group 2', 'true', 'deleted', 'group', '/images/searchables/blank_group.gif', '/images/thumbs/blank_group_thumb.gif', 0, 'false'),
('O', '2010-04-09 08:29:16', 'mattesnider@gmail.com', 0, 0, 253, '36429428361b1b1e75296aa3c24a5eea', '2010-04-09 09:01:29', 'matt7', 'true', 'active', 'user', '/images/searchables/blank_user.gif', '/images/thumbs/blank_user_thumb.gif', 0, 'false'),
('O', '2010-04-11 15:37:48', 'jason@novaurora.com', 0, 0, 254, 'fe92927f70762d76f34ebfbd763bb77d', '2010-04-11 16:06:00', 'novaurora', 'true', 'active', 'user', '/images/searchables/blank_user.gif', '/images/thumbs/blank_user_thumb.gif', 0, 'false'),
('O', '2010-04-14 09:39:04', '', 0, 0, 255, 'c33d3a1c3dace0a231853b93f54a9a38', '2010-04-18 15:32:12', 'test', 'true', 'deleted', 'group', '/images/searchables/blank_group.gif', '/images/thumbs/blank_group_thumb.gif', 0, 'false'),
('O', '2010-06-25 11:40:54', 'msjaastad@comcast.net', 0, 0, 256, 'abb2d2e411db5ced391a64af6e6a7667', '2010-09-06 16:49:23', 'Saturday Mens over 50', 'true', 'active', 'network', '/images/searchables/0d221ddc116d6510b78978b25a5123c5.jpg', '/images/thumbs/22b1538416774630bbf1c86ff8069842.jpg', 0, 'false'),
('P', '2010-06-25 11:51:02', '', 0, 0, 257, '952080b4703400491e6e742de0343383', '2010-07-19 11:36:34', 'test network 1', 'true', 'deleted', 'network', '/images/searchables/blank_image.gif', '/images/thumbs/blank_user_thumb.gif', 0, 'false'),
('O', '2010-06-27 22:53:43', '', 0, 0, 258, 'f927e6b1d93b3659c312d73bcb32b7f5', '2010-06-27 23:09:50', 'Matt''s New Network', 'true', 'deleted', 'network', '/images/searchables/blank_image.gif', '/images/thumbs/blank_user_thumb.gif', 0, 'false'),
('O', '2010-06-27 22:56:07', '', 0, 0, 259, 'b848e9ff6f3a21a727f0871030f08f0f', '2010-06-27 23:01:39', 'Matt''s Error Free Network', 'true', 'deleted', 'network', '/images/searchables/blank_image.gif', '/images/thumbs/blank_user_thumb.gif', 0, 'false'),
('O', '2010-06-27 22:56:28', '', 0, 0, 260, 'e52cc0f168312837f5d0f6913f236cf7', '2010-06-27 23:01:05', 'matt''s really error free network', 'true', 'deleted', 'network', '/images/searchables/blank_image.gif', '/images/thumbs/blank_user_thumb.gif', 0, 'false'),
('O', '2010-06-27 23:02:14', '', 0, 0, 261, '0657dd0c4a7d450efccc6a574d824468', '2010-06-27 23:10:06', 'Matt''s Error Free Network', 'true', 'deleted', 'network', '/images/searchables/blank_image.gif', '/images/thumbs/blank_user_thumb.gif', 0, 'false'),
('P', '2010-06-27 23:02:42', '', 0, 0, 262, '9a7d90d9c2ad8555d59ce97a2fb6376d', '2010-07-19 11:37:30', 'I am a child', 'true', 'deleted', 'network', '/images/searchables/blank_image.gif', '/images/thumbs/blank_user_thumb.gif', 0, 'false'),
('O', '2010-06-27 23:10:23', '', 0, 0, 263, '4342d3d84eefe53026d40b59b0470c4a', '2010-07-15 19:45:43', 'Matt''s bitchin network', 'true', 'deleted', 'network', '/images/searchables/blank_image.gif', '/images/thumbs/blank_user_thumb.gif', 0, 'false'),
('P', '2010-06-27 23:11:02', '', 0, 0, 264, 'e21f9fedc5ecf68a5eeea8bcb7245631', '2010-07-19 11:37:15', 'Matt''s bitchin network 2', 'true', 'deleted', 'network', '/images/searchables/blank_image.gif', '/images/thumbs/blank_user_thumb.gif', 0, 'false'),
('P', '2010-06-28 09:09:41', '', 0, 0, 265, 'bb92ad85dc7a9ffc87ce4201d383ffbd', '2010-07-19 11:36:58', 'adding as a child', 'true', 'deleted', 'network', '/images/searchables/blank_image.gif', '/images/thumbs/blank_user_thumb.gif', 0, 'false'),
('O', '2010-07-15 17:44:05', 'gcantu@brightlinemed.com', 0, 0, 266, '09f8c26eeab108b7443c74538b87dd9e', '2010-07-15 18:00:07', 'Gary Cantu', 'true', 'active', 'user', '/images/searchables/blank_user.gif', '/images/thumbs/blank_user_thumb.gif', 0, 'false'),
('P', '2010-07-15 17:49:58', 'msjaastad@comcast.net', 0, 0, 267, 'a5aeb6716f7fe30510799c96a4c4e424', '2010-08-26 15:45:19', 'BrightLine Medical', 'true', 'deleted', 'group', '/images/searchables/blank_group.gif', '/images/thumbs/blank_group_thumb.gif', 0, 'false'),
('O', '2010-07-19 11:39:34', 'msjaastad@comcast.net', 0, 0, 268, '22e16f9aeba75ae1976b5d543e867a0f', '2010-09-06 16:49:46', 'Saturday Mens over 50 GROUP A', 'true', 'active', 'network', '/images/searchables/blank_image.gif', '/images/thumbs/blank_user_thumb.gif', 0, 'false'),
('O', '2010-07-19 11:39:43', 'msjaastad@comcast.net', 0, 0, 269, '2c379c237abc3b0b58a32768cccdd9af', '2010-09-06 16:47:06', 'Saturday Mens over 50 GROUP B', 'true', 'active', 'network', '/images/searchables/blank_image.gif', '/images/thumbs/blank_user_thumb.gif', 0, 'false'),
('O', '2010-08-20 13:12:47', 'msjaastad@comcast.net', 0, 0, 270, 'a3575946c1b14d5f27171e495ee698b8', '2010-08-20 13:13:35', 'reg test', 'true', 'active', 'user', '/images/searchables/blank_user.gif', '/images/thumbs/blank_user_thumb.gif', 0, 'false'),
('O', '2010-09-03 16:13:55', 'msjaastad@comcast.net', 0, 0, 271, 'e5468578f5749078eea94e8b2d3f1b97', '2010-09-03 16:14:39', 'reg test1', 'true', 'active', 'user', '/images/searchables/blank_user.gif', '/images/thumbs/blank_user_thumb.gif', 0, 'false'),
('O', '2010-09-06 16:53:54', 'msjaastad@comcast.net', 0, 0, 272, '41f8eef146d20e174c361a8e13526506', '2010-09-06 16:56:16', 'mens over 50 A team 1', 'true', 'active', 'group', '/images/searchables/blank_group.gif', '/images/thumbs/blank_group_thumb.gif', 0, 'false'),
('O', '2010-09-06 16:54:28', '', 0, 0, 273, 'e7a7acd83d1645e89d90ebd6a466c5b6', '2010-09-06 16:57:27', 'mens over 50 B team 1', 'true', 'active', 'group', '/images/searchables/blank_group.gif', '/images/thumbs/blank_group_thumb.gif', 0, 'false'),
('P', '2010-09-06 16:59:45', 'msjaastad@comcast.net', 0, 0, 274, '5075c84088b7b8652736d63bc3001916', '2010-09-06 17:01:41', 'test network 1', 'true', 'deleted', 'network', '/images/searchables/blank_image.gif', '/images/thumbs/blank_user_thumb.gif', 0, 'false'),
('O', '2010-10-19 12:55:19', 'mark@vysus.com', 0, 0, 275, '49f5f0bb6d648a0e0a908ea67f2ea585', '2010-10-19 12:55:36', 'mkinney', 'true', 'active', 'user', '/images/searchables/blank_user.gif', '/images/thumbs/blank_user_thumb.gif', 0, 'false'),
('O', '2010-10-31 12:14:42', 'matt8@test.com', 0, 0, 276, '63f50f3c66b25fe3d400eec8d28e0631', '2010-10-31 12:15:16', 'matt8', 'true', 'active', 'user', '/images/searchables/blank_user.gif', '/images/thumbs/blank_user_thumb.gif', 0, 'false'),
('O', '2010-11-01 12:21:21', 'mattesnider+100@gmail.com', 0, 0, 277, '2f819a16bd283b927c47182f1a6e867c', '2010-11-01 12:21:59', 'mattesnider+100', 'true', 'active', 'user', '/images/searchables/blank_user.gif', '/images/thumbs/blank_user_thumb.gif', 0, 'false'),
('O', '2010-11-01 12:24:20', 'mattesnider100@gmail.com', 0, 0, 278, '76c47d7ca5653d2a11a5b98a06e98bf6', '2010-11-01 12:24:54', 'mattesnider100', 'true', 'active', 'user', '/images/searchables/blank_user.gif', '/images/thumbs/blank_user_thumb.gif', 0, 'false'),
('O', '2010-11-01 12:32:34', 'mattesnider101@gmail.com', 0, 0, 279, '741233cca75850f7e401bf63908e4121', '2010-11-01 12:32:53', 'mattesnider101', 'true', 'active', 'user', '/images/searchables/blank_user.gif', '/images/thumbs/blank_user_thumb.gif', 0, 'false'),
('O', '2010-11-02 08:44:25', 'mattesnider+3@gmail.com', 0, 0, 280, '1913c59193461abcde5adc1c95837be8', '2010-11-02 08:45:12', 'mattesnider+3', 'true', 'active', 'user', '/images/searchables/blank_user.gif', '/images/thumbs/blank_user_thumb.gif', 0, 'false'),
('O', '2010-11-02 09:19:30', 'mattesnider+4@gmail.com', 0, 0, 281, '58b19f502d1ade7d1794acc417a1b3b7', '2010-11-02 09:20:20', 'mattesnider+4', 'true', 'active', 'user', '/images/searchables/blank_user.gif', '/images/thumbs/blank_user_thumb.gif', 0, 'false'),
('O', '2010-11-02 19:26:54', 'mattesnider102@gmail.com', 0, 0, 282, '241ddb292ec66f7df18074fd5e4ed26f', '2010-11-02 19:27:14', 'mattesnider102', 'true', 'active', 'user', '/images/searchables/blank_user.gif', '/images/thumbs/blank_user_thumb.gif', 0, 'false'),
('O', '2010-11-10 15:11:38', 'mattesnider105@gmail.com', 0, 0, 283, '2abd72cefd8716fe05e49116d841e748', '2010-11-10 15:12:58', 'mattesnider105', 'true', 'active', 'user', '/images/searchables/blank_user.gif', '/images/thumbs/blank_user_thumb.gif', 0, 'false'),
('O', '2010-11-10 15:17:07', 'mattesnider106@gmail.com', 0, 0, 284, 'd5420d538961bc155c2af1579e83ad91', '2010-11-10 15:20:45', 'mattesnider106', 'true', 'active', 'user', '/images/searchables/blank_user.gif', '/images/thumbs/blank_user_thumb.gif', 0, 'false'),
('O', '2010-11-11 19:50:40', 'mattesnider107@gmail.com', 0, 0, 285, '64159aaa313edd01396b14ea76e90ce8', '2010-11-11 19:50:59', 'mattesnider107', 'true', 'active', 'user', '/images/searchables/blank_user.gif', '/images/thumbs/blank_user_thumb.gif', 0, 'false'),
('O', '2010-11-12 11:39:08', 'mattesnider108@gmail.com', 0, 0, 286, '57ed807aa8c20ee98e779d0d169392d3', '2010-11-12 11:39:29', 'mattesnider108', 'true', 'active', 'user', '/images/searchables/blank_user.gif', '/images/thumbs/blank_user_thumb.gif', 0, 'false'),
('O', '2010-11-21 16:27:40', '', 0, 0, 287, '24c3a6dc578edb4b3563eadb77fe8976', '2010-11-21 16:27:40', 'Test Team Network1', 'true', 'active', 'network', '/images/searchables/blank_image.gif', '/images/thumbs/blank_user_thumb.gif', 0, 'false'),
('O', '2010-11-21 16:36:46', 'mattesnider109@gmail.com', 0, 0, 288, 'ca808a767cd11ceeb8d7bd6a29631587', '2010-11-21 16:36:46', 'mattesnider109', 'true', 'pending', 'user', '/images/searchables/blank_user.gif', '/images/thumbs/blank_user_thumb.gif', 1, 'false'),
('O', '2010-11-21 16:37:01', 'mattesnider110@gmail.com', 0, 0, 289, '6f9ac33ed7b335e9c9b6e0593c6ac834', '2010-11-21 16:37:01', 'mattesnider110', 'true', 'pending', 'user', '/images/searchables/blank_user.gif', '/images/thumbs/blank_user_thumb.gif', 1, 'false'),
('O', '2010-11-21 16:37:17', 'mattesnider111@gmail.com', 0, 0, 290, 'e7f285027f2fcc85c2820385cd5a3de0', '2010-11-21 16:37:17', 'mattesnider111', 'true', 'pending', 'user', '/images/searchables/blank_user.gif', '/images/thumbs/blank_user_thumb.gif', 1, 'false'),
('O', '2010-11-21 16:37:34', 'mattesnider112@gmail.com', 0, 0, 291, '590f424a78235f6b36a177c6d7bbb069', '2010-11-21 16:37:34', 'mattesnider112', 'true', 'pending', 'user', '/images/searchables/blank_user.gif', '/images/thumbs/blank_user_thumb.gif', 1, 'false'),
('O', '2010-11-21 16:37:46', 'mattesnider113@gmail.com', 0, 0, 292, '77c6320f9ed04308fa4ac88f074ad914', '2010-11-21 16:37:46', 'mattesnider113', 'true', 'pending', 'user', '/images/searchables/blank_user.gif', '/images/thumbs/blank_user_thumb.gif', 1, 'false'),
('O', '2010-11-21 16:38:09', 'mattesnider114@gmail.com', 0, 0, 293, 'b585cab38c50b7320e79b17408e26be1', '2010-11-21 16:38:10', 'mattesnider114', 'true', 'pending', 'user', '/images/searchables/blank_user.gif', '/images/thumbs/blank_user_thumb.gif', 1, 'false'),
('O', '2010-11-21 16:38:35', 'mattesnider115@gmail.com', 0, 0, 294, '0f063a7e27858a3526c1cd33f17dbc4f', '2010-11-21 16:38:36', 'mattesnider115', 'true', 'pending', 'user', '/images/searchables/blank_user.gif', '/images/thumbs/blank_user_thumb.gif', 1, 'false');

-- --------------------------------------------------------

--
-- Table structure for table `searchable_profile_feature`
--

CREATE TABLE IF NOT EXISTS `searchable_profile_feature` (
  `searchable_id` int(11) unsigned NOT NULL,
  `profile_feature_id` smallint(3) unsigned NOT NULL,
  PRIMARY KEY (`searchable_id`,`profile_feature_id`),
  KEY `searchable_profile_feature_searchable_fk` (`searchable_id`)
) ENGINE=InnoDB DEFAULT CHARSET=utf8;

--
-- Dumping data for table `searchable_profile_feature`
--


-- --------------------------------------------------------

--
-- Table structure for table `searchable_searchable`
--

CREATE TABLE IF NOT EXISTS `searchable_searchable` (
  `admin` enum('false','true') NOT NULL DEFAULT 'false',
  `created` timestamp NOT NULL DEFAULT '0000-00-00 00:00:00',
  `modified` timestamp NOT NULL DEFAULT CURRENT_TIMESTAMP ON UPDATE CURRENT_TIMESTAMP,
  `sadmin` enum('true','false') NOT NULL DEFAULT 'false',
  `searchableA_id` int(11) unsigned NOT NULL,
  `status` enum('active','deleted','pending') NOT NULL DEFAULT 'active',
  `searchableB_id` int(11) unsigned NOT NULL,
  PRIMARY KEY (`searchableA_id`,`searchableB_id`),
  KEY `searchable_searchable_searchableA_fk` (`searchableA_id`),
  KEY `searchable_searchable_searchableB_fk` (`searchableB_id`)
) ENGINE=InnoDB DEFAULT CHARSET=utf8;

--
-- Dumping data for table `searchable_searchable`
--

INSERT INTO `searchable_searchable` (`admin`, `created`, `modified`, `sadmin`, `searchableA_id`, `status`, `searchableB_id`) VALUES
('false', '2009-02-01 13:39:40', '2009-02-01 13:39:40', 'false', 13, 'active', 16),
('false', '2010-04-11 15:57:18', '2010-04-11 15:57:18', 'false', 13, 'active', 254),
('false', '2010-11-02 09:19:54', '2010-11-02 09:19:54', 'false', 13, 'active', 278),
('false', '2010-11-02 09:19:46', '2010-11-02 09:19:46', 'false', 13, 'active', 280),
('false', '2010-11-02 09:24:32', '2010-11-02 09:24:32', 'false', 13, 'active', 281),
('false', '2008-12-17 11:40:46', '2009-02-01 13:39:40', 'false', 16, 'active', 13),
('false', '2009-07-16 11:50:25', '2009-07-17 07:04:54', 'false', 16, 'active', 34),
('false', '2008-12-17 11:42:45', '2008-12-17 11:58:14', 'false', 16, 'active', 186),
('false', '2010-05-16 17:49:33', '2010-05-16 17:49:33', 'false', 16, 'active', 195),
('false', '2009-08-26 12:28:58', '2009-08-26 12:29:16', 'false', 16, 'active', 203),
('false', '2009-07-16 11:44:04', '2009-07-16 11:44:04', 'false', 16, 'active', 206),
('false', '2009-07-17 15:18:15', '2009-07-17 15:35:00', 'false', 16, 'active', 207),
('false', '2009-07-20 07:17:09', '2009-07-20 07:17:09', 'false', 16, 'active', 209),
('false', '2009-07-25 18:17:28', '2009-07-25 18:17:28', 'false', 16, 'active', 211),
('false', '2009-07-25 18:06:38', '2009-07-25 18:06:38', 'false', 16, 'active', 213),
('false', '2009-08-26 12:33:03', '2009-08-26 12:34:19', 'false', 16, 'active', 214),
('false', '2009-07-25 18:16:06', '2009-07-25 18:16:07', 'false', 16, 'active', 215),
('false', '2009-08-26 12:28:20', '2009-08-26 12:28:20', 'false', 16, 'active', 216),
('false', '2009-08-13 20:31:38', '2009-08-13 20:31:38', 'false', 16, 'pending', 217),
('false', '2009-07-28 18:24:10', '2009-07-28 18:24:10', 'false', 16, 'active', 218),
('false', '2009-08-13 20:26:28', '2009-08-13 20:26:28', 'false', 16, 'pending', 222),
('false', '2009-08-13 19:51:13', '2009-08-13 19:51:14', 'false', 16, 'active', 223),
('false', '2009-08-26 16:44:39', '2009-08-26 16:44:39', 'false', 16, 'active', 228),
('false', '2009-12-06 17:00:37', '2009-12-06 17:01:29', 'false', 16, 'active', 229),
('false', '2010-07-15 17:49:12', '2010-07-15 17:49:12', 'false', 16, 'pending', 266),
('false', '2010-10-19 12:58:06', '2010-10-19 12:58:06', 'false', 16, 'active', 275),
('false', '2010-11-02 19:30:55', '2010-11-02 19:30:55', 'false', 16, 'active', 278),
('false', '2010-11-02 19:30:51', '2010-11-02 19:30:51', 'false', 16, 'active', 282),
('false', '2010-11-21 16:26:39', '2010-11-21 16:26:39', 'false', 16, 'active', 286),
('false', '2010-11-21 16:27:41', '2010-11-21 16:27:41', 'false', 16, 'active', 287),
('false', '2009-07-17 07:04:54', '2009-07-17 07:04:54', 'false', 34, 'active', 16),
('false', '2009-07-16 11:45:56', '2009-07-16 11:45:56', 'false', 34, 'active', 206),
('false', '2009-07-21 17:59:18', '2009-07-21 17:59:18', 'false', 34, 'active', 207),
('false', '2009-07-25 19:02:44', '2009-07-25 19:02:44', 'false', 34, 'active', 213),
('false', '2008-12-17 11:57:19', '2009-03-02 23:14:53', 'false', 182, 'active', 185),
('false', '2009-03-02 23:14:53', '2009-03-02 23:14:53', 'false', 185, 'active', 182),
('false', '2008-12-17 11:58:14', '2008-12-17 11:58:14', 'false', 186, 'active', 16),
('true', '2009-02-15 15:55:34', '2009-07-26 17:29:24', 'false', 188, 'active', 13),
('false', '2010-02-11 06:32:41', '2010-02-11 06:32:41', 'false', 188, 'active', 16),
('false', '2009-02-15 15:55:29', '2009-07-06 07:24:19', 'false', 188, 'active', 186),
('false', '2009-07-20 07:14:28', '2009-07-20 07:14:28', 'false', 188, 'active', 209),
('true', '2009-04-09 17:07:42', '2009-04-09 17:07:42', 'true', 189, 'active', 16),
('true', '2009-04-09 17:08:39', '2009-04-09 17:08:39', 'true', 190, 'active', 16),
('false', '2009-08-13 19:53:10', '2009-08-14 19:51:22', 'false', 191, 'active', 13),
('true', '2009-04-12 16:54:56', '2009-04-12 16:54:56', 'true', 191, 'active', 16),
('false', '2009-08-13 19:52:52', '2009-08-25 16:52:07', 'false', 191, 'active', 34),
('false', '2009-06-15 08:20:13', '2009-06-15 08:20:13', 'false', 191, 'active', 197),
('false', '2009-12-05 20:42:50', '2009-12-05 20:42:50', 'false', 191, 'pending', 203),
('false', '2009-07-16 13:24:18', '2009-07-16 13:24:18', 'false', 191, 'pending', 206),
('false', '2009-07-17 15:36:00', '2009-07-17 15:36:00', 'false', 191, 'active', 207),
('false', '2009-07-20 07:14:56', '2009-07-20 07:14:56', 'false', 191, 'active', 209),
('false', '2010-05-16 16:38:52', '2010-05-16 16:38:52', 'false', 191, 'pending', 211),
('false', '2009-08-06 16:12:38', '2009-08-06 16:12:38', 'false', 191, 'active', 213),
('false', '2009-08-13 19:53:06', '2009-08-13 20:05:10', 'false', 191, 'active', 214),
('false', '2009-08-13 19:52:57', '2009-08-13 20:32:51', 'false', 191, 'active', 215),
('false', '2009-07-28 07:04:20', '2009-07-28 07:04:20', 'false', 191, 'active', 216),
('true', '2010-03-08 15:25:37', '2010-03-08 15:25:37', 'false', 191, 'active', 223),
('false', '2010-02-26 15:08:04', '2010-02-26 15:08:04', 'false', 191, 'pending', 228),
('false', '2009-12-06 15:49:22', '2009-12-06 15:49:22', 'false', 191, 'active', 229),
('false', '2010-11-02 19:33:10', '2010-11-02 19:33:10', 'false', 191, 'active', 282),
('true', '2009-04-12 16:56:20', '2009-04-12 16:56:20', 'true', 192, 'active', 16),
('true', '2009-05-30 16:18:46', '2009-05-30 16:18:46', 'true', 193, 'active', 16),
('false', '2009-08-26 00:34:07', '2009-08-26 00:37:49', 'false', 194, 'active', 13),
('true', '2009-06-11 17:19:25', '2009-06-11 17:19:25', 'true', 194, 'active', 16),
('false', '2009-07-17 14:34:28', '2009-08-26 00:14:16', 'false', 194, 'deleted', 34),
('false', '2009-06-27 15:12:33', '2009-06-27 15:12:33', 'false', 194, 'pending', 186),
('false', '2009-07-17 06:35:39', '2009-07-17 06:35:39', 'false', 194, 'pending', 206),
('false', '2009-07-17 15:36:23', '2009-07-17 15:36:23', 'false', 194, 'active', 207),
('false', '2009-07-20 07:15:19', '2009-07-20 07:15:19', 'false', 194, 'active', 209),
('false', '2010-11-22 22:16:41', '2010-11-22 22:16:41', 'false', 194, 'active', 212),
('false', '2010-11-01 12:35:14', '2010-11-01 12:35:14', 'false', 194, 'active', 279),
('false', '2010-11-02 19:29:39', '2010-11-02 19:29:39', 'false', 194, 'active', 282),
('false', '2010-11-10 15:19:13', '2010-11-10 15:19:13', 'false', 194, 'active', 284),
('false', '2010-11-11 19:52:35', '2010-11-11 19:52:35', 'false', 194, 'active', 285),
('false', '2010-11-12 11:40:41', '2010-11-12 11:40:41', 'false', 194, 'active', 286),
('false', '2010-05-16 17:49:33', '2010-05-16 17:49:33', 'false', 195, 'active', 16),
('false', '2009-06-12 09:52:37', '2009-06-12 09:52:37', 'false', 195, 'pending', 195),
('true', '2009-06-27 15:06:04', '2009-06-27 15:06:04', 'true', 200, 'active', 16),
('false', '2009-08-26 12:29:16', '2009-08-26 12:29:16', 'false', 203, 'active', 16),
('false', '2009-12-05 21:07:53', '2009-12-06 14:32:23', 'false', 203, 'active', 212),
('false', '2009-07-16 11:40:14', '2009-07-16 11:44:04', 'false', 206, 'active', 16),
('false', '2009-07-16 11:40:44', '2009-07-16 11:45:56', 'false', 206, 'active', 34),
('false', '2009-07-17 15:35:00', '2009-07-17 15:35:00', 'false', 207, 'active', 16),
('false', '2009-07-17 15:35:27', '2009-07-21 17:59:18', 'false', 207, 'active', 34),
('true', '2010-03-12 09:37:09', '2010-03-12 09:37:09', 'false', 208, 'active', 13),
('true', '2010-03-12 09:37:10', '2010-03-12 09:37:10', 'false', 208, 'active', 16),
('false', '2009-07-16 12:06:21', '2009-07-17 07:04:43', 'false', 208, 'active', 34),
('false', '2009-09-02 14:15:04', '2009-09-02 14:15:04', 'false', 208, 'pending', 203),
('false', '2009-07-16 12:06:12', '2009-07-16 12:06:12', 'false', 208, 'pending', 206),
('false', '2009-07-17 15:36:45', '2009-07-17 15:36:45', 'false', 208, 'active', 207),
('false', '2009-07-20 07:15:34', '2009-07-20 07:15:34', 'false', 208, 'active', 209),
('false', '2010-02-26 15:13:06', '2010-02-26 15:13:06', 'false', 208, 'pending', 211),
('false', '2009-07-25 17:57:28', '2009-07-25 17:57:28', 'false', 208, 'active', 212),
('false', '2009-08-06 16:13:01', '2009-08-06 16:13:01', 'false', 208, 'active', 213),
('false', '2009-09-02 14:14:39', '2009-09-02 14:18:24', 'false', 208, 'active', 215),
('false', '2009-09-02 14:14:53', '2009-09-02 14:14:53', 'false', 208, 'pending', 216),
('true', '2010-03-12 09:37:10', '2010-03-12 09:37:10', 'false', 208, 'active', 223),
('true', '2010-03-12 09:37:10', '2010-03-12 09:37:10', 'false', 208, 'active', 229),
('false', '2010-10-19 13:08:13', '2010-10-19 13:08:13', 'false', 208, 'active', 275),
('false', '2010-11-10 15:14:49', '2010-11-10 15:14:49', 'false', 208, 'active', 283),
('false', '2009-07-20 07:16:07', '2009-07-20 07:17:09', 'false', 209, 'active', 16),
('false', '2009-07-20 07:16:51', '2009-07-20 07:16:51', 'false', 209, 'pending', 197),
('false', '2009-07-20 07:16:30', '2009-07-20 07:16:30', 'false', 209, 'pending', 207),
('false', '2009-08-31 13:29:48', '2009-09-02 19:45:44', 'false', 210, 'active', 13),
('true', '2009-07-20 07:17:40', '2009-07-20 07:17:40', 'true', 210, 'active', 16),
('false', '2009-07-25 19:02:26', '2009-08-20 07:05:07', 'false', 210, 'active', 34),
('false', '2009-08-31 13:29:43', '2009-08-31 13:29:43', 'false', 210, 'pending', 203),
('false', '2009-07-20 07:19:54', '2009-07-20 07:19:54', 'false', 210, 'pending', 206),
('false', '2009-07-22 23:17:22', '2009-07-22 23:17:22', 'false', 210, 'pending', 207),
('false', '2009-07-25 19:03:38', '2009-07-28 18:28:44', 'false', 210, 'active', 211),
('false', '2009-07-25 19:03:46', '2009-08-13 20:08:24', 'false', 210, 'active', 212),
('false', '2009-08-31 13:29:55', '2009-09-01 12:00:52', 'false', 210, 'active', 213),
('false', '2009-08-31 13:30:02', '2009-08-31 13:30:02', 'false', 210, 'pending', 216),
('false', '2009-08-26 12:44:14', '2009-08-26 12:45:20', 'false', 210, 'active', 223),
('false', '2009-08-31 13:29:35', '2009-09-10 17:41:56', 'false', 210, 'active', 228),
('false', '2010-03-10 15:35:47', '2010-03-10 15:35:47', 'false', 210, 'active', 229),
('false', '2010-11-10 15:14:50', '2010-11-10 15:14:50', 'false', 210, 'active', 283),
('false', '2010-11-10 15:19:13', '2010-11-10 15:19:13', 'false', 210, 'active', 284),
('false', '2009-07-25 18:17:12', '2009-07-25 18:17:28', 'false', 211, 'active', 16),
('false', '2010-02-26 10:35:50', '2010-02-26 10:35:50', 'false', 211, 'active', 212),
('false', '2009-10-03 16:12:38', '2009-10-03 16:12:38', 'false', 211, 'pending', 213),
('false', '2010-11-22 22:16:39', '2010-11-22 22:16:39', 'false', 212, 'pending', 16),
('false', '2010-11-22 22:16:41', '2010-11-22 22:16:41', 'false', 212, 'pending', 191),
('false', '2009-12-06 14:32:23', '2009-12-06 14:32:23', 'false', 212, 'active', 203),
('false', '2009-07-25 17:58:38', '2009-07-25 17:58:38', 'false', 212, 'pending', 207),
('false', '2010-02-26 10:35:50', '2010-02-26 10:35:50', 'false', 212, 'active', 211),
('false', '2009-12-06 14:32:37', '2009-12-06 14:32:38', 'false', 212, 'active', 213),
('false', '2010-02-26 12:08:10', '2010-02-26 12:08:10', 'false', 212, 'pending', 229),
('false', '2009-07-25 18:05:34', '2009-07-25 18:06:38', 'false', 213, 'active', 16),
('false', '2009-07-25 18:05:51', '2009-07-25 19:02:44', 'false', 213, 'active', 34),
('false', '2009-07-25 18:06:18', '2009-07-25 18:06:18', 'false', 213, 'pending', 207),
('false', '2009-12-05 21:07:15', '2009-12-06 14:32:37', 'false', 213, 'active', 212),
('false', '2009-08-26 12:34:19', '2009-08-26 12:34:19', 'false', 214, 'active', 16),
('false', '2009-07-25 18:15:48', '2009-07-25 18:16:06', 'false', 215, 'active', 16),
('false', '2009-07-28 07:03:32', '2009-08-26 12:28:20', 'false', 216, 'active', 16),
('false', '2009-07-28 07:04:03', '2009-07-28 07:04:03', 'false', 216, 'pending', 207),
('false', '2009-07-28 18:17:17', '2009-07-28 18:24:10', 'false', 218, 'active', 16),
('false', '2009-08-13 18:44:17', '2009-08-13 19:51:13', 'false', 223, 'active', 16),
('false', '2010-02-26 15:09:56', '2010-02-26 15:09:56', 'false', 223, 'active', 228),
('false', '2010-02-26 12:09:59', '2010-02-26 12:09:59', 'false', 223, 'pending', 229),
('true', '2009-08-14 15:35:57', '2009-08-14 15:35:57', 'true', 224, 'active', 16),
('false', '2009-08-14 15:42:46', '2009-08-26 12:32:13', 'false', 224, 'deleted', 34),
('false', '2009-08-14 15:42:40', '2009-08-14 15:42:40', 'false', 224, 'pending', 211),
('false', '2009-08-14 15:42:54', '2009-08-14 15:42:54', 'false', 224, 'pending', 212),
('false', '2009-08-14 15:42:50', '2009-08-14 15:42:50', 'false', 224, 'pending', 213),
('false', '2009-08-14 15:43:03', '2009-08-26 12:32:09', 'false', 224, 'deleted', 214),
('true', '2009-08-14 15:36:11', '2009-08-14 15:36:11', 'true', 225, 'active', 16),
('true', '2009-08-14 15:37:29', '2009-08-14 15:37:29', 'true', 226, 'active', 16),
('true', '2009-08-14 15:40:48', '2009-08-14 15:40:48', 'true', 227, 'active', 16),
('false', '2009-08-26 16:41:40', '2009-08-26 16:44:39', 'false', 228, 'active', 16),
('false', '2009-09-10 18:04:52', '2009-09-10 18:04:52', 'false', 228, 'pending', 216),
('false', '2010-02-26 15:09:56', '2010-02-26 15:09:56', 'false', 228, 'active', 223),
('false', '2009-12-06 17:01:29', '2009-12-06 17:01:29', 'false', 229, 'active', 16),
('true', '2010-08-15 20:06:49', '2010-08-15 20:06:49', 'false', 239, 'active', 1),
('true', '2010-08-15 20:06:49', '2010-09-21 09:47:56', 'true', 239, 'active', 13),
('true', '2010-08-15 20:06:49', '2010-09-21 09:47:31', 'true', 239, 'active', 16),
('false', '2010-02-10 23:27:56', '2010-02-10 23:27:56', 'false', 239, 'active', 188),
('false', '2010-01-29 23:13:34', '2010-01-29 23:13:34', 'false', 239, 'active', 220),
('true', '2010-08-15 20:06:49', '2010-08-15 20:06:49', 'false', 239, 'active', 229),
('false', '2010-01-30 11:06:44', '2010-01-30 11:06:44', 'false', 239, 'active', 240),
('false', '2010-01-30 11:06:45', '2010-01-30 11:06:45', 'false', 239, 'active', 241),
('false', '2010-01-30 11:06:45', '2010-01-30 11:06:45', 'false', 239, 'active', 242),
('false', '2010-09-26 16:00:41', '2010-09-26 16:00:41', 'false', 239, 'active', 256),
('false', '2010-10-31 12:16:17', '2010-10-31 12:16:17', 'false', 239, 'active', 276),
('false', '2010-11-01 12:26:49', '2010-11-01 12:26:49', 'false', 239, 'active', 278),
('false', '2010-11-01 12:34:41', '2010-11-01 12:34:41', 'false', 239, 'active', 279),
('false', '2010-11-02 08:51:02', '2010-11-02 08:51:02', 'false', 239, 'active', 280),
('false', '2010-11-02 09:21:35', '2010-11-02 09:21:35', 'false', 239, 'active', 281),
('false', '2010-11-02 19:29:12', '2010-11-02 19:29:12', 'false', 239, 'active', 282),
('false', '2010-11-10 15:14:39', '2010-11-10 15:14:39', 'false', 239, 'active', 283),
('true', '2010-03-13 16:37:59', '2010-03-13 16:37:59', 'false', 240, 'active', 13),
('true', '2010-03-13 16:38:00', '2010-09-21 09:48:11', 'true', 240, 'active', 16),
('true', '2010-03-13 16:38:00', '2010-03-13 16:38:00', 'false', 240, 'active', 34),
('false', '2010-02-11 09:02:46', '2010-02-11 09:02:46', 'false', 240, 'active', 210),
('false', '2010-11-22 22:16:11', '2010-11-22 22:16:11', 'false', 240, 'active', 212),
('true', '2010-03-13 16:38:00', '2010-03-13 16:38:00', 'false', 240, 'active', 229),
('false', '2010-01-30 11:02:42', '2010-01-30 11:02:42', 'false', 240, 'active', 243),
('false', '2010-01-30 11:02:42', '2010-01-30 11:02:42', 'false', 240, 'active', 244),
('false', '2010-02-13 09:36:42', '2010-02-13 09:36:42', 'false', 240, 'active', 245),
('false', '2010-11-01 12:26:50', '2010-11-01 12:26:50', 'false', 240, 'active', 278),
('false', '2010-11-01 12:34:41', '2010-11-01 12:34:41', 'false', 240, 'active', 279),
('false', '2010-11-02 19:29:13', '2010-11-02 19:29:13', 'false', 240, 'active', 282),
('false', '2010-11-12 11:40:29', '2010-11-12 11:40:29', 'false', 240, 'active', 286),
('true', '2010-05-16 17:35:44', '2010-09-21 10:11:19', 'true', 242, 'active', 16),
('false', '2010-02-04 19:01:29', '2010-02-04 19:01:29', 'false', 242, 'active', 210),
('false', '2010-02-15 15:00:06', '2010-02-15 15:00:06', 'false', 242, 'active', 246),
('false', '2010-02-15 15:00:06', '2010-02-15 15:00:06', 'false', 242, 'active', 247),
('false', '2010-02-15 15:00:06', '2010-02-15 15:00:06', 'false', 242, 'active', 250),
('false', '2010-11-10 15:14:40', '2010-11-10 15:14:40', 'false', 242, 'active', 283),
('true', '2010-03-10 10:02:28', '2010-03-10 10:02:28', 'false', 243, 'active', 13),
('true', '2010-03-10 10:02:28', '2010-09-21 09:48:38', 'true', 243, 'active', 16),
('true', '2010-03-10 10:02:28', '2010-03-10 10:02:28', 'false', 243, 'active', 34),
('false', '2010-01-30 11:03:10', '2010-01-30 11:03:10', 'false', 243, 'active', 191),
('false', '2010-11-01 12:26:50', '2010-11-01 12:26:50', 'false', 243, 'active', 278),
('false', '2010-11-01 12:34:41', '2010-11-01 12:34:41', 'false', 243, 'active', 279),
('false', '2010-11-02 19:29:13', '2010-11-02 19:29:13', 'false', 243, 'active', 282),
('false', '2010-11-10 15:14:40', '2010-11-10 15:14:40', 'false', 243, 'active', 283),
('false', '2010-11-10 15:19:02', '2010-11-10 15:19:02', 'false', 243, 'active', 284),
('false', '2010-11-11 19:52:29', '2010-11-11 19:52:29', 'false', 243, 'active', 285),
('false', '2010-11-12 11:40:29', '2010-11-12 11:40:29', 'false', 243, 'active', 286),
('false', '2010-11-21 16:28:25', '2010-11-21 16:28:25', 'false', 243, 'active', 287),
('true', '2010-03-10 15:27:31', '2010-03-10 15:27:31', 'false', 244, 'active', 13),
('true', '2010-03-10 15:27:31', '2010-09-21 09:48:58', 'true', 244, 'active', 16),
('false', '2010-01-30 11:09:02', '2010-01-30 11:09:02', 'false', 244, 'active', 208),
('false', '2010-11-01 12:34:41', '2010-11-01 12:34:41', 'false', 244, 'active', 279),
('false', '2010-11-01 12:34:41', '2010-11-01 12:34:41', 'false', 245, 'active', 279),
('true', '2010-02-12 00:00:50', '2010-02-12 00:00:50', 'true', 248, 'active', 13),
('false', '2010-02-26 14:22:03', '2010-02-26 14:22:03', 'false', 248, 'active', 16),
('false', '2010-02-26 10:53:34', '2010-02-26 10:53:34', 'false', 248, 'pending', 34),
('false', '2010-02-26 10:53:35', '2010-02-26 10:53:35', 'false', 248, 'pending', 203),
('false', '2010-02-26 10:53:15', '2010-02-26 10:53:15', 'false', 248, 'pending', 212),
('false', '2010-02-26 10:53:15', '2010-02-26 10:53:15', 'false', 248, 'pending', 213),
('false', '2010-02-26 10:52:53', '2010-02-26 10:52:53', 'false', 248, 'pending', 214),
('false', '2010-02-26 10:52:53', '2010-02-26 10:52:53', 'false', 248, 'pending', 215),
('false', '2010-02-26 10:52:53', '2010-02-26 10:52:53', 'false', 248, 'pending', 216),
('false', '2010-05-16 17:35:54', '2010-05-16 17:35:54', 'false', 249, 'pending', 13),
('true', '2010-02-13 09:33:48', '2010-02-13 09:33:48', 'true', 249, 'active', 16),
('false', '2010-05-16 17:35:44', '2010-05-16 17:35:44', 'false', 249, 'pending', 34),
('false', '2010-07-19 12:10:18', '2010-07-19 12:10:18', 'false', 249, 'pending', 198),
('false', '2010-07-19 12:10:19', '2010-07-19 12:10:19', 'false', 249, 'pending', 202),
('false', '2010-05-16 17:35:44', '2010-05-16 17:35:44', 'false', 249, 'pending', 203),
('false', '2010-05-16 17:35:44', '2010-05-16 17:35:44', 'false', 249, 'pending', 211),
('false', '2010-07-19 12:10:19', '2010-07-19 12:10:19', 'false', 249, 'pending', 212),
('false', '2010-07-19 12:10:19', '2010-07-19 12:10:19', 'false', 249, 'pending', 213),
('false', '2010-07-19 12:10:19', '2010-07-19 12:10:19', 'false', 249, 'pending', 214),
('false', '2010-07-19 12:10:19', '2010-07-19 12:10:19', 'false', 249, 'pending', 215),
('false', '2010-07-19 12:10:19', '2010-07-19 12:10:19', 'false', 249, 'pending', 216),
('false', '2010-07-19 12:10:19', '2010-07-19 12:10:19', 'false', 249, 'pending', 223),
('false', '2010-07-19 12:10:19', '2010-07-19 12:10:19', 'false', 249, 'pending', 229),
('true', '2010-03-09 13:57:14', '2010-03-09 13:57:14', 'false', 250, 'active', 13),
('true', '2010-03-09 13:57:14', '2010-09-21 09:49:12', 'true', 250, 'active', 16),
('false', '2010-03-09 13:51:34', '2010-03-09 13:51:34', 'false', 250, 'active', 34),
('false', '2010-03-09 13:54:36', '2010-03-09 13:54:36', 'false', 250, 'active', 191),
('false', '2010-07-19 12:07:19', '2010-07-19 12:07:19', 'false', 250, 'active', 208),
('false', '2010-07-19 12:07:19', '2010-07-19 12:07:19', 'false', 250, 'active', 210),
('false', '2010-07-19 12:07:19', '2010-07-19 12:07:19', 'false', 250, 'active', 249),
('true', '2010-02-15 15:00:38', '2010-02-15 15:00:38', 'true', 251, 'active', 16),
('true', '2010-02-25 13:00:34', '2010-02-25 13:00:34', 'true', 252, 'active', 16),
('false', '2010-04-11 15:57:19', '2010-04-11 15:57:19', 'false', 254, 'active', 13),
('true', '2010-04-14 09:39:05', '2010-04-14 09:39:05', 'true', 255, 'active', 16),
('false', '2010-06-25 11:41:52', '2010-06-25 11:41:52', 'false', 256, 'active', 1),
('false', '2010-06-25 11:41:52', '2010-06-25 11:41:52', 'false', 256, 'active', 13),
('true', '2010-06-25 11:41:52', '2010-09-21 09:49:25', 'true', 256, 'active', 16),
('false', '2010-07-19 11:40:06', '2010-07-19 11:40:06', 'false', 256, 'active', 268),
('false', '2010-07-19 11:40:06', '2010-07-19 11:40:06', 'false', 256, 'active', 269),
('false', '2010-11-01 12:34:41', '2010-11-01 12:34:41', 'false', 256, 'active', 279),
('false', '2010-11-02 19:29:13', '2010-11-02 19:29:13', 'false', 256, 'active', 282),
('true', '2010-05-16 17:35:44', '2010-09-21 10:12:18', 'true', 261, 'active', 16),
('false', '2010-06-27 23:02:42', '2010-06-27 23:02:42', 'false', 261, 'active', 262),
('true', '2010-07-15 17:49:58', '2010-07-15 17:49:58', 'true', 267, 'active', 16),
('false', '2010-07-15 17:56:09', '2010-07-15 17:56:09', 'false', 267, 'active', 266),
('true', '2010-05-16 17:35:44', '2010-09-21 10:12:29', 'true', 268, 'active', 16),
('false', '2010-07-20 09:24:55', '2010-07-20 09:24:55', 'false', 268, 'active', 191),
('false', '2010-11-01 12:34:41', '2010-11-01 12:34:41', 'false', 268, 'active', 279),
('false', '2010-11-02 19:29:13', '2010-11-02 19:29:13', 'false', 268, 'active', 282),
('true', '2010-09-06 16:53:55', '2010-09-06 16:53:55', 'true', 272, 'active', 16),
('true', '2010-09-06 16:54:29', '2010-09-06 16:54:29', 'true', 273, 'active', 16),
('false', '2010-10-19 12:58:08', '2010-10-19 12:58:08', 'false', 275, 'active', 16),
('false', '2010-11-02 09:19:55', '2010-11-02 09:19:55', 'false', 278, 'active', 13),
('false', '2010-11-02 19:30:56', '2010-11-02 19:30:56', 'false', 278, 'active', 16),
('false', '2010-11-01 12:27:56', '2010-11-01 12:27:56', 'false', 278, 'pending', 191),
('false', '2010-11-01 12:35:13', '2010-11-01 12:35:13', 'false', 279, 'pending', 191),
('false', '2010-11-02 09:19:46', '2010-11-02 09:19:46', 'false', 280, 'active', 13),
('false', '2010-11-02 09:19:08', '2010-11-02 09:19:08', 'false', 280, 'pending', 191),
('false', '2010-11-02 09:24:32', '2010-11-02 09:24:32', 'false', 281, 'active', 13),
('false', '2010-11-02 09:21:48', '2010-11-02 09:21:48', 'false', 281, 'pending', 191),
('false', '2010-11-02 19:30:51', '2010-11-02 19:30:51', 'false', 282, 'active', 16),
('false', '2010-11-21 16:26:39', '2010-11-21 16:26:39', 'false', 286, 'active', 16),
('true', '2010-11-21 16:27:41', '2010-11-21 16:27:41', 'true', 287, 'active', 16),
('false', '2010-11-22 22:16:11', '2010-11-22 22:16:11', 'false', 287, 'active', 212);

-- --------------------------------------------------------

--
-- Table structure for table `searchable_wall`
--

CREATE TABLE IF NOT EXISTS `searchable_wall` (
  `id` int(11) unsigned NOT NULL AUTO_INCREMENT,
  `searchable_id` int(11) unsigned NOT NULL,
  `poster_id` int(11) unsigned NOT NULL,
  `created` timestamp NOT NULL DEFAULT CURRENT_TIMESTAMP ON UPDATE CURRENT_TIMESTAMP,
  `body` mediumtext NOT NULL,
  PRIMARY KEY (`id`),
  KEY `searchable_wall_searchable_fk` (`searchable_id`),
  KEY `searchable_wall_poster_fk` (`poster_id`)
) ENGINE=InnoDB  DEFAULT CHARSET=utf8 AUTO_INCREMENT=8 ;

--
-- Dumping data for table `searchable_wall`
--

INSERT INTO `searchable_wall` (`id`, `searchable_id`, `poster_id`, `created`, `body`) VALUES
(1, 209, 16, '2009-07-22 23:21:45', 'I''m writing a post Mile''s wall as a test'),
(2, 16, 13, '2009-08-01 12:32:47', 'The wall is working again.'),
(3, 211, 16, '2009-08-24 09:39:12', 'Looking forward to the Tournament! '),
(4, 16, 13, '2010-01-30 08:49:35', ' How come you have so many more friends than me :('),
(6, 191, 16, '2010-05-18 12:14:55', 'testing the azzurri wall'),
(7, 191, 212, '2010-05-20 15:23:38', 'nice goal last night Katie');

-- --------------------------------------------------------

--
-- Table structure for table `user`
--

CREATE TABLE IF NOT EXISTS `user` (
  `last_login` datetime NOT NULL DEFAULT '0000-00-00 00:00:00',
  `login_count` mediumint(8) unsigned NOT NULL DEFAULT '0',
  `password` varchar(128) NOT NULL DEFAULT 'f5d1278e8109edd94e1e4197e04873b9',
  `searchable_id` int(11) unsigned NOT NULL,
  `terms` enum('false','true') NOT NULL DEFAULT 'false',
  KEY `user_searchable_fk` (`searchable_id`)
) ENGINE=InnoDB DEFAULT CHARSET=utf8;

--
-- Dumping data for table `user`
--

INSERT INTO `user` (`last_login`, `login_count`, `password`, `searchable_id`, `terms`) VALUES
('2010-12-04 14:27:50', 146, '098f6bcd4621d373cade4e832627b4f6', 13, 'true'),
('2010-11-21 16:32:25', 560, '18126e7bd3f84b3f3e4df094def5b7de', 16, 'true'),
('0000-00-00 00:00:00', 0, 'f5d1278e8109edd94e1e4197e04873b9', 1, 'false'),
('2010-02-26 14:04:47', 41, '16f12f5e8379e22be995e505ebfc1b84', 34, 'false'),
('2009-02-15 09:48:04', 7, 'b1afaf079005d4c441265a4d7e9fea8c', 182, 'true'),
('2008-12-15 08:43:10', 1, '16d7a4fca7442dda3ad93c9a726597e4', 183, 'false'),
('2008-12-15 08:44:20', 1, '16d7a4fca7442dda3ad93c9a726597e4', 184, 'false'),
('2008-12-15 08:47:09', 1, '16d7a4fca7442dda3ad93c9a726597e4', 185, 'true'),
('2009-02-12 20:03:47', 5, '16d7a4fca7442dda3ad93c9a726597e4', 186, 'true'),
('2009-02-13 14:38:14', 1, 'cc6644f2f21ae81c92f70817eaad872c', 187, 'false'),
('2009-06-12 09:29:04', 1, 'cc6644f2f21ae81c92f70817eaad872c', 195, 'true'),
('2009-06-13 10:24:25', 2, '6316f30693897aaddbd22a5262013935', 196, 'true'),
('2009-07-06 07:08:06', 7, 'cc6644f2f21ae81c92f70817eaad872c', 197, 'true'),
('2009-06-17 09:53:30', 2, '73e48e15f0c49cd7f4a1da6709d91161', 198, 'false'),
('2009-06-27 15:00:54', 2, 'cc6644f2f21ae81c92f70817eaad872c', 199, 'false'),
('2009-07-03 12:18:18', 1, '64459a334d628e54c95eea3dbcac1104', 201, 'false'),
('2009-07-05 19:07:45', 2, '16d7a4fca7442dda3ad93c9a726597e4', 202, 'true'),
('2009-12-05 21:07:29', 8, '5f5be3890fa875bfe8fa797b4ba6a397', 203, 'true'),
('2009-07-06 10:35:15', 1, '6d99cb905950507a001fe09d0da02a1c', 204, 'true'),
('2009-07-10 18:17:13', 2, '16d7a4fca7442dda3ad93c9a726597e4', 205, 'false'),
('2009-07-16 11:38:01', 1, '6d99cb905950507a001fe09d0da02a1c', 206, 'false'),
('2009-07-17 15:40:26', 3, '6d99cb905950507a001fe09d0da02a1c', 207, 'false'),
('2009-07-28 18:12:30', 7, '6a81060b83b919bc115112bf840eca63', 209, 'false'),
('2009-10-22 05:47:16', 9, 'ed6658e6f22583ed66fb5e5e735b9e63', 211, 'false'),
('2010-11-22 22:07:50', 29, '527bd5b5d689e2c32ae974c6229ff785', 212, 'true'),
('2010-09-18 07:32:44', 12, '6220a62a58ce083e539b798408baa5ba', 213, 'false'),
('2009-09-12 17:51:32', 8, '099d40a025909fa930a0f702efa22e75', 214, 'false'),
('2009-10-01 09:00:00', 7, '25b39a9fcbc01e869520bfaaad06de5a', 215, 'false'),
('2010-08-22 13:21:32', 7, '078c007bd92ddec308ae2f5115c1775d', 216, 'false'),
('2009-07-26 16:59:08', 1, '078c007bd92ddec308ae2f5115c1775d', 217, 'false'),
('2009-08-25 08:46:30', 6, '5f5be3890fa875bfe8fa797b4ba6a397', 218, 'false'),
('2009-08-02 15:03:58', 3, '73e48e15f0c49cd7f4a1da6709d91161', 219, 'false'),
('2009-08-02 15:17:23', 2, '73e48e15f0c49cd7f4a1da6709d91161', 220, 'false'),
('2009-08-02 15:20:23', 1, '73e48e15f0c49cd7f4a1da6709d91161', 221, 'false'),
('2009-08-05 06:37:41', 1, '5f5be3890fa875bfe8fa797b4ba6a397', 222, 'false'),
('2010-02-26 15:09:49', 7, '8a52072cee5d17cc7bf85d6ca431fffa', 223, 'false'),
('2009-09-11 20:10:36', 7, 'd30c7f7381508c2fcd7139aaa67ce48e', 228, 'false'),
('2010-11-01 12:31:09', 15, '065523a43f03f08a1ca6ff724df5bffe', 229, 'true'),
('2010-04-09 09:01:46', 2, '098f6bcd4621d373cade4e832627b4f6', 253, 'false'),
('2010-04-11 15:38:30', 2, '4d066bbb0e40abe54f3000755a45aa6e', 254, 'false'),
('2010-07-15 21:44:46', 2, '03b083fd0aadc8883198881ba88111ab', 266, 'true'),
('2010-09-18 07:36:48', 12, '098f6bcd4621d373cade4e832627b4f6', 270, 'false'),
('2010-09-06 17:15:12', 3, '5a105e8b9d40e1329780d62ea2265d8a', 271, 'false'),
('2010-11-12 08:44:23', 6, '407c270b1b95dafa68b6f892bed0fddb', 275, 'false'),
('2010-10-31 12:15:14', 2, '098f6bcd4621d373cade4e832627b4f6', 276, 'false'),
('2010-11-01 12:20:56', 1, '1a1dc91c907325c69271ddf0c944bc72', 277, 'false'),
('2010-11-02 19:25:27', 5, '1a1dc91c907325c69271ddf0c944bc72', 278, 'false'),
('2010-11-02 19:24:51', 4, '1a1dc91c907325c69271ddf0c944bc72', 279, 'false'),
('2010-11-02 08:44:36', 2, 'f5d1278e8109edd94e1e4197e04873b9', 280, 'false'),
('2010-11-02 09:19:57', 2, 'f5d1278e8109edd94e1e4197e04873b9', 281, 'false'),
('2010-11-02 19:32:17', 3, '1a1dc91c907325c69271ddf0c944bc72', 282, 'false'),
('2010-11-10 15:13:15', 3, '1a1dc91c907325c69271ddf0c944bc72', 283, 'false'),
('2010-11-11 19:46:29', 3, '1a1dc91c907325c69271ddf0c944bc72', 284, 'false'),
('2010-11-11 19:48:05', 2, '1a1dc91c907325c69271ddf0c944bc72', 285, 'false'),
('2010-11-12 11:36:10', 2, '1a1dc91c907325c69271ddf0c944bc72', 286, 'false'),
('2010-11-21 16:30:26', 1, '1a1dc91c907325c69271ddf0c944bc72', 288, 'false'),
('2010-11-21 16:30:41', 1, '1a1dc91c907325c69271ddf0c944bc72', 289, 'false'),
('2010-11-21 16:30:57', 1, '1a1dc91c907325c69271ddf0c944bc72', 290, 'false'),
('2010-11-21 16:31:14', 1, '1a1dc91c907325c69271ddf0c944bc72', 291, 'false'),
('2010-11-21 16:31:26', 1, '1a1dc91c907325c69271ddf0c944bc72', 292, 'false'),
('2010-11-21 16:31:50', 1, '1a1dc91c907325c69271ddf0c944bc72', 293, 'false'),
('2010-11-21 16:32:15', 1, '1a1dc91c907325c69271ddf0c944bc72', 294, 'false');

--
-- Constraints for dumped tables
--

--
-- Constraints for table `message_searchable`
--
ALTER TABLE `message_searchable`
  ADD CONSTRAINT `message_searchable_searchable_fk` FOREIGN KEY (`searchable_id`) REFERENCES `searchable` (`id`);

--
-- Constraints for table `network`
--
ALTER TABLE `network`
  ADD CONSTRAINT `searchable_network_fk` FOREIGN KEY (`searchable_id`) REFERENCES `searchable` (`id`);

--
-- Constraints for table `news_searchable`
--
ALTER TABLE `news_searchable`
  ADD CONSTRAINT `news_searchable_searchable_fk` FOREIGN KEY (`searchable_id`) REFERENCES `searchable` (`id`);

--
-- Constraints for table `profile_widget_dictionary_word`
--
ALTER TABLE `profile_widget_dictionary_word`
  ADD CONSTRAINT `profile_widget_dictionary_word_profile_widget_fk` FOREIGN KEY (`profile_widget_id`) REFERENCES `profile_widget` (`id`),
  ADD CONSTRAINT `profile_widget_dictionary_word_searchable_fk` FOREIGN KEY (`searchable_id`) REFERENCES `searchable` (`id`);

--
-- Constraints for table `profile_widget_field`
--
ALTER TABLE `profile_widget_field`
  ADD CONSTRAINT `profile_widget_field_pw_fk` FOREIGN KEY (`profile_widget_id`) REFERENCES `profile_widget` (`id`);

--
-- Constraints for table `profile_widget_field_attend`
--
ALTER TABLE `profile_widget_field_attend`
  ADD CONSTRAINT `profile_widget_field_attend_fk` FOREIGN KEY (`attend_id`) REFERENCES `pwf_attend` (`id`),
  ADD CONSTRAINT `profile_widget_field_attend_pwf_fk` FOREIGN KEY (`profile_widget_field_id`) REFERENCES `profile_widget_field` (`id`),
  ADD CONSTRAINT `profile_widget_field_attend_searchable_fk` FOREIGN KEY (`searchable_id`) REFERENCES `searchable` (`id`);

--
-- Constraints for table `profile_widget_field_available_days`
--
ALTER TABLE `profile_widget_field_available_days`
  ADD CONSTRAINT `profile_widget_field_available_days_fk` FOREIGN KEY (`available_days_id`) REFERENCES `pwf_available_days` (`id`),
  ADD CONSTRAINT `profile_widget_field_available_days_pwf_fk` FOREIGN KEY (`profile_widget_field_id`) REFERENCES `profile_widget_field` (`id`),
  ADD CONSTRAINT `profile_widget_field_available_days_searchable_fk` FOREIGN KEY (`searchable_id`) REFERENCES `searchable` (`id`);

--
-- Constraints for table `profile_widget_field_category`
--
ALTER TABLE `profile_widget_field_category`
  ADD CONSTRAINT `profile_widget_field_category_fk` FOREIGN KEY (`category_id`) REFERENCES `pwf_category` (`id`),
  ADD CONSTRAINT `profile_widget_field_category_pwf_fk` FOREIGN KEY (`profile_widget_field_id`) REFERENCES `profile_widget_field` (`id`),
  ADD CONSTRAINT `profile_widget_field_category_searchable_fk` FOREIGN KEY (`searchable_id`) REFERENCES `searchable` (`id`);

--
-- Constraints for table `profile_widget_field_city`
--
ALTER TABLE `profile_widget_field_city`
  ADD CONSTRAINT `profile_widget_field_profile_widget_field_fk` FOREIGN KEY (`profile_widget_field_id`) REFERENCES `profile_widget_field` (`id`),
  ADD CONSTRAINT `profile_widget_field_city_fk` FOREIGN KEY (`city_id`) REFERENCES `pwf_city` (`id`),
  ADD CONSTRAINT `profile_widget_field_searchable_fk` FOREIGN KEY (`searchable_id`) REFERENCES `searchable` (`id`);

--
-- Constraints for table `profile_widget_field_company`
--
ALTER TABLE `profile_widget_field_company`
  ADD CONSTRAINT `profile_widget_field_company_fk` FOREIGN KEY (`company_id`) REFERENCES `pwf_company` (`id`),
  ADD CONSTRAINT `profile_widget_field_company_pwf_fk` FOREIGN KEY (`profile_widget_field_id`) REFERENCES `profile_widget_field` (`id`),
  ADD CONSTRAINT `profile_widget_field_company_searchable_fk` FOREIGN KEY (`searchable_id`) REFERENCES `searchable` (`id`);

--
-- Constraints for table `profile_widget_field_concentration`
--
ALTER TABLE `profile_widget_field_concentration`
  ADD CONSTRAINT `profile_widget_field_concentration_fk` FOREIGN KEY (`concentration_id`) REFERENCES `pwf_concentration` (`id`),
  ADD CONSTRAINT `profile_widget_field_concentration_pwf_fk` FOREIGN KEY (`profile_widget_field_id`) REFERENCES `profile_widget_field` (`id`),
  ADD CONSTRAINT `profile_widget_field_concentration_searchable_fk` FOREIGN KEY (`searchable_id`) REFERENCES `searchable` (`id`);

--
-- Constraints for table `profile_widget_field_country`
--
ALTER TABLE `profile_widget_field_country`
  ADD CONSTRAINT `profile_widget_field_country_fk` FOREIGN KEY (`country_id`) REFERENCES `pwf_country` (`id`),
  ADD CONSTRAINT `profile_widget_field_country_pwf_fk` FOREIGN KEY (`profile_widget_field_id`) REFERENCES `profile_widget_field` (`id`),
  ADD CONSTRAINT `profile_widget_field_country_searchable_fk` FOREIGN KEY (`searchable_id`) REFERENCES `searchable` (`id`);

--
-- Constraints for table `profile_widget_field_current_status`
--
ALTER TABLE `profile_widget_field_current_status`
  ADD CONSTRAINT `profile_widget_field_current_status_fk` FOREIGN KEY (`searchable_id`) REFERENCES `searchable` (`id`),
  ADD CONSTRAINT `profile_widget_field_current_status_pwf_fk` FOREIGN KEY (`profile_widget_field_id`) REFERENCES `profile_widget_field` (`id`),
  ADD CONSTRAINT `profile_widget_field_current_status_searchable_fk` FOREIGN KEY (`current_status_id`) REFERENCES `pwf_current_status` (`id`);

--
-- Constraints for table `profile_widget_field_daterange`
--
ALTER TABLE `profile_widget_field_daterange`
  ADD CONSTRAINT `profile_widget_field_daterange_pwf_fk` FOREIGN KEY (`profile_widget_field_id`) REFERENCES `profile_widget_field` (`id`),
  ADD CONSTRAINT `profile_widget_field_daterange_searchable_fk` FOREIGN KEY (`searchable_id`) REFERENCES `searchable` (`id`);

--
-- Constraints for table `profile_widget_field_datetime`
--
ALTER TABLE `profile_widget_field_datetime`
  ADD CONSTRAINT `profile_widget_field_datetime_pwf_fk` FOREIGN KEY (`profile_widget_field_id`) REFERENCES `profile_widget_field` (`id`),
  ADD CONSTRAINT `profile_widget_field_datetime_searchable_fk` FOREIGN KEY (`searchable_id`) REFERENCES `searchable` (`id`);

--
-- Constraints for table `profile_widget_field_degree`
--
ALTER TABLE `profile_widget_field_degree`
  ADD CONSTRAINT `profile_widget_field_degree_fk` FOREIGN KEY (`degree_id`) REFERENCES `pwf_degree` (`id`),
  ADD CONSTRAINT `profile_widget_field_degree_pwf_fk` FOREIGN KEY (`profile_widget_field_id`) REFERENCES `profile_widget_field` (`id`),
  ADD CONSTRAINT `profile_widget_field_degree_searchable_fk` FOREIGN KEY (`searchable_id`) REFERENCES `searchable` (`id`);

--
-- Constraints for table `profile_widget_field_fields`
--
ALTER TABLE `profile_widget_field_fields`
  ADD CONSTRAINT `profile_widget_field_fields_pwf_fk` FOREIGN KEY (`fields_id`) REFERENCES `pwf_fields` (`id`),
  ADD CONSTRAINT `profile_widget_field_fields_fk` FOREIGN KEY (`profile_widget_field_id`) REFERENCES `profile_widget_field` (`id`),
  ADD CONSTRAINT `profile_widget_field_fields_searchable_fk` FOREIGN KEY (`searchable_id`) REFERENCES `searchable` (`id`);

--
-- Constraints for table `profile_widget_field_free_agent`
--
ALTER TABLE `profile_widget_field_free_agent`
  ADD CONSTRAINT `profile_widget_field_free_agent_fk` FOREIGN KEY (`free_agent_id`) REFERENCES `pwf_free_agent` (`id`),
  ADD CONSTRAINT `profile_widget_field_free_agent_pwf_fk` FOREIGN KEY (`profile_widget_field_id`) REFERENCES `profile_widget_field` (`id`),
  ADD CONSTRAINT `profile_widget_field_free_agent_searchable_fk` FOREIGN KEY (`searchable_id`) REFERENCES `searchable` (`id`);

--
-- Constraints for table `profile_widget_field_gender`
--
ALTER TABLE `profile_widget_field_gender`
  ADD CONSTRAINT `profile_widget_field_gender_fk` FOREIGN KEY (`gender_id`) REFERENCES `pwf_gender` (`id`),
  ADD CONSTRAINT `profile_widget_field_gender_pwf_fk` FOREIGN KEY (`profile_widget_field_id`) REFERENCES `profile_widget_field` (`id`),
  ADD CONSTRAINT `profile_widget_field_gender_searchable_fk` FOREIGN KEY (`searchable_id`) REFERENCES `searchable` (`id`);

--
-- Constraints for table `profile_widget_field_group_status`
--
ALTER TABLE `profile_widget_field_group_status`
  ADD CONSTRAINT `profile_widget_field_group_status_fk` FOREIGN KEY (`searchable_id`) REFERENCES `searchable` (`id`),
  ADD CONSTRAINT `profile_widget_field_group_status_pwf_fk` FOREIGN KEY (`profile_widget_field_id`) REFERENCES `profile_widget_field` (`id`),
  ADD CONSTRAINT `profile_widget_field_group_status_searchable_fk` FOREIGN KEY (`group_status_id`) REFERENCES `pwf_group_status` (`id`);

--
-- Constraints for table `profile_widget_field_industry`
--
ALTER TABLE `profile_widget_field_industry`
  ADD CONSTRAINT `profile_widget_field_industry_fk` FOREIGN KEY (`industry_id`) REFERENCES `pwf_industry` (`id`),
  ADD CONSTRAINT `profile_widget_field_industry_pwf_fk` FOREIGN KEY (`profile_widget_field_id`) REFERENCES `profile_widget_field` (`id`),
  ADD CONSTRAINT `profile_widget_field_industry_searchable_fk` FOREIGN KEY (`searchable_id`) REFERENCES `searchable` (`id`);

--
-- Constraints for table `profile_widget_field_institute`
--
ALTER TABLE `profile_widget_field_institute`
  ADD CONSTRAINT `profile_widget_field_institute_fk` FOREIGN KEY (`institute_id`) REFERENCES `pwf_institute` (`id`),
  ADD CONSTRAINT `profile_widget_field_institute_pwf_fk` FOREIGN KEY (`profile_widget_field_id`) REFERENCES `profile_widget_field` (`id`),
  ADD CONSTRAINT `profile_widget_field_institute_searchable_fk` FOREIGN KEY (`searchable_id`) REFERENCES `searchable` (`id`);

--
-- Constraints for table `profile_widget_field_i_am_over_18`
--
ALTER TABLE `profile_widget_field_i_am_over_18`
  ADD CONSTRAINT `profile_widget_field_i_am_over_18_searchable_fk` FOREIGN KEY (`searchable_id`) REFERENCES `searchable` (`id`),
  ADD CONSTRAINT `profile_widget_field_i_am_over_18_pwf_fk` FOREIGN KEY (`profile_widget_field_id`) REFERENCES `profile_widget_field` (`id`),
  ADD CONSTRAINT `profile_widget_field_i_am_over_18_fk` FOREIGN KEY (`i_am_over_18_id`) REFERENCES `pwf_i_am_over_18` (`id`);

--
-- Constraints for table `profile_widget_field_league`
--
ALTER TABLE `profile_widget_field_league`
  ADD CONSTRAINT `profile_widget_field_league_fk` FOREIGN KEY (`league_id`) REFERENCES `pwf_league` (`id`),
  ADD CONSTRAINT `profile_widget_field_league_pwf_fk` FOREIGN KEY (`profile_widget_field_id`) REFERENCES `profile_widget_field` (`id`),
  ADD CONSTRAINT `profile_widget_field_league_searchable_fk` FOREIGN KEY (`searchable_id`) REFERENCES `searchable` (`id`);

--
-- Constraints for table `profile_widget_field_level`
--
ALTER TABLE `profile_widget_field_level`
  ADD CONSTRAINT `profile_widget_field_level_fk` FOREIGN KEY (`level_id`) REFERENCES `pwf_level` (`id`),
  ADD CONSTRAINT `profile_widget_field_level_pwf_fk` FOREIGN KEY (`profile_widget_field_id`) REFERENCES `profile_widget_field` (`id`),
  ADD CONSTRAINT `profile_widget_field_level_searchable_fk` FOREIGN KEY (`searchable_id`) REFERENCES `searchable` (`id`);

--
-- Constraints for table `profile_widget_field_main_website`
--
ALTER TABLE `profile_widget_field_main_website`
  ADD CONSTRAINT `profile_widget_field_main_website_fk` FOREIGN KEY (`main_website_id`) REFERENCES `pwf_main_website` (`id`),
  ADD CONSTRAINT `profile_widget_field_main_website_pwf_fk` FOREIGN KEY (`profile_widget_field_id`) REFERENCES `profile_widget_field` (`id`),
  ADD CONSTRAINT `profile_widget_field_main_website_searchable_fk` FOREIGN KEY (`searchable_id`) REFERENCES `searchable` (`id`);

--
-- Constraints for table `profile_widget_field_play_coed`
--
ALTER TABLE `profile_widget_field_play_coed`
  ADD CONSTRAINT `profile_widget_field_play_coed_fk` FOREIGN KEY (`play_coed_id`) REFERENCES `pwf_play_coed` (`id`),
  ADD CONSTRAINT `profile_widget_field_play_coed_pwf_fk` FOREIGN KEY (`profile_widget_field_id`) REFERENCES `profile_widget_field` (`id`),
  ADD CONSTRAINT `profile_widget_field_play_coed_searchable_fk` FOREIGN KEY (`searchable_id`) REFERENCES `searchable` (`id`);

--
-- Constraints for table `profile_widget_field_position`
--
ALTER TABLE `profile_widget_field_position`
  ADD CONSTRAINT `profile_widget_field_position_fk` FOREIGN KEY (`position_id`) REFERENCES `pwf_position` (`id`),
  ADD CONSTRAINT `profile_widget_field_position_pwf_fk` FOREIGN KEY (`profile_widget_field_id`) REFERENCES `profile_widget_field` (`id`),
  ADD CONSTRAINT `profile_widget_field_position_searchable_fk` FOREIGN KEY (`searchable_id`) REFERENCES `searchable` (`id`);

--
-- Constraints for table `profile_widget_field_position_i_play_2`
--
ALTER TABLE `profile_widget_field_position_i_play_2`
  ADD CONSTRAINT `profile_widget_field_position_i_play_2_fk` FOREIGN KEY (`position_i_play_2_id`) REFERENCES `pwf_position_i_play_2` (`id`),
  ADD CONSTRAINT `profile_widget_field_position_i_play_2_pwf_fk` FOREIGN KEY (`profile_widget_field_id`) REFERENCES `profile_widget_field` (`id`),
  ADD CONSTRAINT `profile_widget_field_position_i_play_2_searchable_fk` FOREIGN KEY (`searchable_id`) REFERENCES `searchable` (`id`);

--
-- Constraints for table `profile_widget_field_preferred_postions`
--
ALTER TABLE `profile_widget_field_preferred_postions`
  ADD CONSTRAINT `profile_widget_field_preferred_postions_fk` FOREIGN KEY (`preferred_postions_id`) REFERENCES `pwf_preferred_postions` (`id`),
  ADD CONSTRAINT `profile_widget_field_preferred_postions_pwf_fk` FOREIGN KEY (`profile_widget_field_id`) REFERENCES `profile_widget_field` (`id`),
  ADD CONSTRAINT `profile_widget_field_preferred_postions_searchable_fk` FOREIGN KEY (`searchable_id`) REFERENCES `searchable` (`id`);

--
-- Constraints for table `profile_widget_field_skill_level`
--
ALTER TABLE `profile_widget_field_skill_level`
  ADD CONSTRAINT `profile_widget_field_skill_level_fk` FOREIGN KEY (`skill_level_id`) REFERENCES `pwf_skill_level` (`id`),
  ADD CONSTRAINT `profile_widget_field_skill_level_pwf_fk` FOREIGN KEY (`profile_widget_field_id`) REFERENCES `profile_widget_field` (`id`),
  ADD CONSTRAINT `profile_widget_field_skill_level_searchable_fk` FOREIGN KEY (`searchable_id`) REFERENCES `searchable` (`id`);

--
-- Constraints for table `profile_widget_field_state`
--
ALTER TABLE `profile_widget_field_state`
  ADD CONSTRAINT `profile_widget_field_state_fk` FOREIGN KEY (`state_id`) REFERENCES `pwf_state` (`id`),
  ADD CONSTRAINT `profile_widget_field_state_pwf_fk` FOREIGN KEY (`profile_widget_field_id`) REFERENCES `profile_widget_field` (`id`),
  ADD CONSTRAINT `profile_widget_field_state_searchable_fk` FOREIGN KEY (`searchable_id`) REFERENCES `searchable` (`id`);

--
-- Constraints for table `profile_widget_field_test`
--
ALTER TABLE `profile_widget_field_test`
  ADD CONSTRAINT `profile_widget_field_test_fk` FOREIGN KEY (`test_id`) REFERENCES `pwf_test` (`id`),
  ADD CONSTRAINT `profile_widget_field_test_pwf_fk` FOREIGN KEY (`profile_widget_field_id`) REFERENCES `profile_widget_field` (`id`),
  ADD CONSTRAINT `profile_widget_field_test_searchable_fk` FOREIGN KEY (`searchable_id`) REFERENCES `searchable` (`id`);

--
-- Constraints for table `profile_widget_field_test_auto_complete`
--
ALTER TABLE `profile_widget_field_test_auto_complete`
  ADD CONSTRAINT `profile_widget_field_test_auto_complete_fk` FOREIGN KEY (`test_auto_complete_id`) REFERENCES `pwf_test_auto_complete` (`id`),
  ADD CONSTRAINT `profile_widget_field_test_auto_complete_pwf_fk` FOREIGN KEY (`profile_widget_field_id`) REFERENCES `profile_widget_field` (`id`),
  ADD CONSTRAINT `profile_widget_field_test_auto_complete_searchable_fk` FOREIGN KEY (`searchable_id`) REFERENCES `searchable` (`id`);

--
-- Constraints for table `profile_widget_field_test_select`
--
ALTER TABLE `profile_widget_field_test_select`
  ADD CONSTRAINT `profile_widget_field_test_select_fk` FOREIGN KEY (`test_select_id`) REFERENCES `pwf_test_select` (`id`),
  ADD CONSTRAINT `profile_widget_field_test_select_pwf_fk` FOREIGN KEY (`profile_widget_field_id`) REFERENCES `profile_widget_field` (`id`),
  ADD CONSTRAINT `profile_widget_field_test_select_searchable_fk` FOREIGN KEY (`searchable_id`) REFERENCES `searchable` (`id`);

--
-- Constraints for table `profile_widget_field_text`
--
ALTER TABLE `profile_widget_field_text`
  ADD CONSTRAINT `profile_widget_field_text_pwf_fk` FOREIGN KEY (`profile_widget_field_id`) REFERENCES `profile_widget_field` (`id`),
  ADD CONSTRAINT `profile_widget_field_text_searchable_fk` FOREIGN KEY (`searchable_id`) REFERENCES `searchable` (`id`);

--
-- Constraints for table `profile_widget_field_textarea`
--
ALTER TABLE `profile_widget_field_textarea`
  ADD CONSTRAINT `profile_widget_field_textarea_pwf_fk` FOREIGN KEY (`profile_widget_field_id`) REFERENCES `profile_widget_field` (`id`),
  ADD CONSTRAINT `profile_widget_field_textarea_searchable_fk` FOREIGN KEY (`searchable_id`) REFERENCES `searchable` (`id`);

--
-- Constraints for table `profile_widget_field_what_makes_matt_awesome`
--
ALTER TABLE `profile_widget_field_what_makes_matt_awesome`
  ADD CONSTRAINT `profile_widget_field_what_makes_matt_awesome_fk` FOREIGN KEY (`what_makes_matt_awesome_id`) REFERENCES `pwf_what_makes_matt_awesome` (`id`),
  ADD CONSTRAINT `profile_widget_field_what_makes_matt_awesome_pwf_fk` FOREIGN KEY (`profile_widget_field_id`) REFERENCES `profile_widget_field` (`id`),
  ADD CONSTRAINT `profile_widget_field_what_makes_matt_awesome_searchable_fk` FOREIGN KEY (`searchable_id`) REFERENCES `searchable` (`id`);

--
-- Constraints for table `profile_widget_field_will_sub`
--
ALTER TABLE `profile_widget_field_will_sub`
  ADD CONSTRAINT `profile_widget_field_will_sub_fk` FOREIGN KEY (`will_sub_id`) REFERENCES `pwf_will_sub` (`id`),
  ADD CONSTRAINT `profile_widget_field_will_sub_pwf_fk` FOREIGN KEY (`profile_widget_field_id`) REFERENCES `profile_widget_field` (`id`),
  ADD CONSTRAINT `profile_widget_field_will_sub_searchable_fk` FOREIGN KEY (`searchable_id`) REFERENCES `searchable` (`id`);

--
-- Constraints for table `registration_task_searchable`
--
ALTER TABLE `registration_task_searchable`
  ADD CONSTRAINT `registration_task_searchable_searchable_fk` FOREIGN KEY (`searchable_id`) REFERENCES `searchable` (`id`),
  ADD CONSTRAINT `registration_task_searchable_task_fk` FOREIGN KEY (`registration_task_id`) REFERENCES `registration_task` (`id`);

--
-- Constraints for table `searchable_profile_feature`
--
ALTER TABLE `searchable_profile_feature`
  ADD CONSTRAINT `searchable_profile_feature_searchable_fk` FOREIGN KEY (`searchable_id`) REFERENCES `searchable` (`id`);

--
-- Constraints for table `searchable_searchable`
--
ALTER TABLE `searchable_searchable`
  ADD CONSTRAINT `searchable_searchable_searchableA_fk` FOREIGN KEY (`searchableA_id`) REFERENCES `searchable` (`id`),
  ADD CONSTRAINT `searchable_searchable_searchableB_fk` FOREIGN KEY (`searchableB_id`) REFERENCES `searchable` (`id`);

--
-- Constraints for table `searchable_wall`
--
ALTER TABLE `searchable_wall`
  ADD CONSTRAINT `searchable_wall_poster_fk` FOREIGN KEY (`poster_id`) REFERENCES `searchable` (`id`),
  ADD CONSTRAINT `searchable_wall_searchable_fk` FOREIGN KEY (`searchable_id`) REFERENCES `searchable` (`id`);

--
-- Constraints for table `user`
--
ALTER TABLE `user`
  ADD CONSTRAINT `user_searchable_fk` FOREIGN KEY (`searchable_id`) REFERENCES `searchable` (`id`);
