-- MySQL dump 10.13  Distrib 5.1.34, for apple-darwin9.5.0 (i386)
--
-- Host: localhost    Database: cameleon
-- ------------------------------------------------------
-- Server version	5.1.34-log

/*!40101 SET @OLD_CHARACTER_SET_CLIENT=@@CHARACTER_SET_CLIENT */;
/*!40101 SET @OLD_CHARACTER_SET_RESULTS=@@CHARACTER_SET_RESULTS */;
/*!40101 SET @OLD_COLLATION_CONNECTION=@@COLLATION_CONNECTION */;
/*!40101 SET NAMES utf8 */;
/*!40103 SET @OLD_TIME_ZONE=@@TIME_ZONE */;
/*!40103 SET TIME_ZONE='+00:00' */;
/*!40014 SET @OLD_UNIQUE_CHECKS=@@UNIQUE_CHECKS, UNIQUE_CHECKS=0 */;
/*!40014 SET @OLD_FOREIGN_KEY_CHECKS=@@FOREIGN_KEY_CHECKS, FOREIGN_KEY_CHECKS=0 */;
/*!40101 SET @OLD_SQL_MODE=@@SQL_MODE, SQL_MODE='NO_AUTO_VALUE_ON_ZERO' */;
/*!40111 SET @OLD_SQL_NOTES=@@SQL_NOTES, SQL_NOTES=0 */;

--
-- Table structure for table `admin`
--

DROP TABLE IF EXISTS `admin`;
/*!40101 SET @saved_cs_client     = @@character_set_client */;
/*!40101 SET character_set_client = utf8 */;
CREATE TABLE `admin` (
  `bg_custom` tinyint(1) unsigned NOT NULL DEFAULT '0',
  `bg_type` tinyint(1) unsigned NOT NULL DEFAULT '1',
  `created` timestamp NOT NULL DEFAULT '0000-00-00 00:00:00',
  `id` smallint(5) unsigned NOT NULL AUTO_INCREMENT,
  `color_bg` varchar(6) NOT NULL DEFAULT 'EFEFEF',
  `color_hd1` varchar(6) NOT NULL DEFAULT '830A04',
  `color_hd2` varchar(6) NOT NULL DEFAULT '040A83',
  `color_hd3` varchar(6) NOT NULL DEFAULT '040A83',
  `color_hd4` varchar(6) NOT NULL DEFAULT '040A83',
  `color_label` varchar(6) NOT NULL DEFAULT '999999',
  `color_link` varchar(6) NOT NULL DEFAULT '100099',
  `color_text` varchar(6) NOT NULL DEFAULT 'EFEFEF',
  `color_visited` varchar(6) NOT NULL DEFAULT '100099',
  `has_favicon` enum('false','true') NOT NULL DEFAULT 'false',
  `has_logo` enum('false','true') NOT NULL DEFAULT 'false',
  `modified` timestamp NOT NULL DEFAULT CURRENT_TIMESTAMP ON UPDATE CURRENT_TIMESTAMP,
  PRIMARY KEY (`id`)
) ENGINE=InnoDB AUTO_INCREMENT=14 DEFAULT CHARSET=utf8;
/*!40101 SET character_set_client = @saved_cs_client */;

--
-- Dumping data for table `admin`
--

LOCK TABLES `admin` WRITE;
/*!40000 ALTER TABLE `admin` DISABLE KEYS */;
INSERT INTO `admin` VALUES (0,1,'2008-09-14 20:14:03',3,'EFEFEF','040A83','040A83','040A83','830A04','666666','000099','000000','000099','false','false','2008-09-14 20:14:03'),(0,1,'2008-09-14 23:33:27',4,'EFEFEF','830A04','040A83','040A83','830A04','666666','000099','000000','000099','false','false','2008-09-14 23:33:27'),(0,1,'2008-09-14 23:36:25',5,'EFEFEF','040A83','040A83','830A04','830A04','666666','000099','000000','000099','false','false','2008-09-14 23:36:25'),(0,1,'2008-09-14 23:58:58',6,'EFEFEF','040A83','040A83','830A04','830A04','666666','000099','000000','6464C7','false','false','2008-09-15 00:03:38'),(0,1,'2008-09-14 23:59:10',7,'EFEFEF','040A83','040A83','830A04','830A04','666666','000099','000000','000099','false','false','2008-09-16 04:35:39'),(0,2,'2008-09-16 04:15:03',8,'EFEFEF','830A04','040A83','040A83','040A83','999999','000099','EFEFEF','000099','false','false','2008-09-16 04:15:03'),(0,2,'2008-09-16 04:39:48',9,'EFEFEF','040A83','040A83','830A04','830A04','666666','000099','000000','000099','false','false','2008-09-16 04:46:19'),(0,1,'2008-09-16 04:41:06',10,'EFEFEF','040A83','040A83','830A04','830A04','666666','000099','000000','000099','false','false','2008-09-16 04:46:16'),(0,1,'2008-09-16 04:57:13',11,'EFEFEF','040A83','040A83','830A04','830A04','666666','000099','000000','000099','false','false','2008-09-16 04:59:25'),(0,2,'2008-09-16 04:59:16',12,'EFEFEF','040A83','040A83','830A04','830A04','666666','000099','000000','000099','false','false','2008-09-16 04:59:16'),(0,1,'2008-09-16 17:06:18',13,'EFEFEF','040A83','040A83','830A04','830A04','666666','100099','000000','000099','false','false','2008-09-16 17:06:18');
/*!40000 ALTER TABLE `admin` ENABLE KEYS */;
UNLOCK TABLES;

--
-- Table structure for table `db_migrations`
--

DROP TABLE IF EXISTS `db_migrations`;
/*!40101 SET @saved_cs_client     = @@character_set_client */;
/*!40101 SET character_set_client = utf8 */;
CREATE TABLE `db_migrations` (
  `id` mediumint(8) unsigned NOT NULL AUTO_INCREMENT,
  `execute_on` timestamp NOT NULL DEFAULT CURRENT_TIMESTAMP ON UPDATE CURRENT_TIMESTAMP,
  `script_name` varchar(60) NOT NULL,
  PRIMARY KEY (`id`)
) ENGINE=InnoDB AUTO_INCREMENT=31 DEFAULT CHARSET=latin1;
/*!40101 SET character_set_client = @saved_cs_client */;

--
-- Dumping data for table `db_migrations`
--

LOCK TABLES `db_migrations` WRITE;
/*!40000 ALTER TABLE `db_migrations` DISABLE KEYS */;
INSERT INTO `db_migrations` VALUES (1,'2010-10-03 12:21:01','migrations/migration-122.sql'),(2,'2010-10-03 12:21:01','migrations/migration-123.sql'),(3,'2010-10-03 12:21:01','migrations/migration-127.sql'),(4,'2010-10-03 12:21:01','migrations/migration-135.sql'),(5,'2010-10-03 12:21:01','migrations/migration-137.sql'),(6,'2010-10-03 12:21:01','migrations/migration-138.sql'),(7,'2010-10-03 12:21:01','migrations/migration-139.sql'),(8,'2010-10-03 12:21:01','migrations/migration-140.sql'),(9,'2010-10-03 12:21:01','migrations/migration-141.sql'),(10,'2010-10-03 12:21:01','migrations/migration-142.sql'),(11,'2010-10-03 12:21:01','migrations/migration-143.sql'),(12,'2010-10-03 12:21:01','migrations/migration-144.sql'),(13,'2010-10-03 12:21:01','migrations/migration-145.sql'),(14,'2010-10-03 12:21:01','migrations/migration-146.sql'),(15,'2010-10-03 12:21:01','migrations/migration-147.sql'),(16,'2010-10-03 12:21:01','migrations/migration-148.sql'),(17,'2010-10-03 12:21:01','migrations/migration-149.sql'),(18,'2010-10-03 12:21:01','migrations/migration-150.sql'),(19,'2010-10-03 12:21:01','migrations/migration-151.sql'),(20,'2010-10-03 12:21:01','migrations/migration-152.sql'),(21,'2010-10-03 12:21:01','migrations/migration-153.sql'),(22,'2010-10-03 12:21:01','migrations/migration-154.sql'),(23,'2010-10-03 12:21:01','migrations/migration-155.sql'),(24,'2010-10-03 12:21:01','migrations/migration-156.sql'),(25,'2010-10-03 12:21:01','migrations/migration-157.sql'),(26,'2010-10-03 12:21:01','migrations/migration-158.sql'),(27,'2010-10-03 12:21:01','migrations/migration-159.sql'),(28,'2010-10-03 12:21:01','migrations/migration-160.sql'),(30,'2010-10-03 13:18:15','migrations/migration-161.sql');
/*!40000 ALTER TABLE `db_migrations` ENABLE KEYS */;
UNLOCK TABLES;

--
-- Table structure for table `dictionary_stem`
--

DROP TABLE IF EXISTS `dictionary_stem`;
/*!40101 SET @saved_cs_client     = @@character_set_client */;
/*!40101 SET character_set_client = utf8 */;
CREATE TABLE `dictionary_stem` (
  `id` int(11) unsigned NOT NULL AUTO_INCREMENT,
  `created` timestamp NOT NULL DEFAULT CURRENT_TIMESTAMP ON UPDATE CURRENT_TIMESTAMP,
  `stem` varchar(32) NOT NULL,
  PRIMARY KEY (`id`),
  UNIQUE KEY `dictionary_stem_unique` (`stem`),
  FULLTEXT KEY `dictionary_stem_ft` (`stem`)
) ENGINE=MyISAM AUTO_INCREMENT=656 DEFAULT CHARSET=utf8;
/*!40101 SET character_set_client = @saved_cs_client */;

--
-- Dumping data for table `dictionary_stem`
--

LOCK TABLES `dictionary_stem` WRITE;
/*!40000 ALTER TABLE `dictionary_stem` DISABLE KEYS */;
INSERT INTO `dictionary_stem` VALUES (206,'2009-04-29 16:34:57','xhtm'),(207,'2009-04-29 16:34:57','html'),(208,'2009-04-29 16:34:57','resourc'),(209,'2009-04-29 16:34:57','esource'),(210,'2009-04-29 16:34:57','resour'),(211,'2009-04-29 16:34:57','source'),(212,'2009-04-29 16:34:57','resou'),(213,'2009-04-29 16:34:57','ource'),(214,'2009-04-29 16:34:57','reso'),(215,'2009-04-29 16:34:57','urce'),(216,'2009-04-29 16:34:57','vide'),(217,'2009-04-29 16:34:57','ideo'),(218,'2009-04-29 16:34:57','game'),(219,'2009-04-29 16:34:57','ames'),(220,'2009-04-29 16:34:57','bloggin'),(221,'2009-04-29 16:34:57','logging'),(222,'2009-04-29 16:34:57','bloggi'),(223,'2009-04-29 16:34:57','ogging'),(224,'2009-04-29 16:34:57','blogg'),(225,'2009-04-29 16:34:57','gging'),(226,'2009-04-29 16:34:57','blog'),(227,'2009-04-29 16:34:57','ging'),(228,'2009-04-29 16:34:57','backpackin'),(229,'2009-04-29 16:34:57','ackpacking'),(230,'2009-04-29 16:34:57','backpacki'),(231,'2009-04-29 16:34:57','ckpacking'),(232,'2009-04-29 16:34:57','backpack'),(233,'2009-04-29 16:34:57','kpacking'),(234,'2009-04-29 16:34:57','backpac'),(235,'2009-04-29 16:34:57','packing'),(236,'2009-04-29 16:34:57','backpa'),(237,'2009-04-29 16:34:57','acking'),(238,'2009-04-29 16:34:57','backp'),(239,'2009-04-29 16:34:57','cking'),(240,'2009-04-29 16:34:57','back'),(241,'2009-04-29 16:34:57','king'),(242,'2009-04-29 16:34:57','bicyclin'),(243,'2009-04-29 16:34:57','icycling'),(244,'2009-04-29 16:34:57','bicycli'),(245,'2009-04-29 16:34:57','cycling'),(246,'2009-04-29 16:34:57','bicycl'),(247,'2009-04-29 16:34:57','ycling'),(248,'2009-04-29 16:34:57','bicyc'),(249,'2009-04-29 16:34:57','cling'),(250,'2009-04-29 16:34:57','bicy'),(251,'2009-04-29 16:34:57','ling'),(252,'2009-04-29 16:34:57','anim'),(253,'2009-04-29 16:34:57','nime'),(254,'2009-04-29 16:34:57','mang'),(255,'2009-04-29 16:34:57','anga'),(256,'2009-04-29 16:34:57','readin'),(257,'2009-04-29 16:34:57','eading'),(258,'2009-04-29 16:34:57','readi'),(259,'2009-04-29 16:34:57','ading'),(260,'2009-04-29 16:34:57','read'),(261,'2009-04-29 16:34:57','ding'),(262,'2009-04-29 16:34:57','javascrip'),(263,'2009-04-29 16:34:57','avascript'),(264,'2009-04-29 16:34:57','javascri'),(265,'2009-04-29 16:34:57','vascript'),(266,'2009-04-29 16:34:57','javascr'),(267,'2009-04-29 16:34:57','ascript'),(268,'2009-04-29 16:34:57','javasc'),(269,'2009-04-29 16:34:57','script'),(270,'2009-04-29 16:34:57','javas'),(271,'2009-04-29 16:34:57','cript'),(272,'2009-04-29 16:34:57','java'),(273,'2009-04-29 16:34:57','ript'),(274,'2009-04-29 16:34:57','godste'),(275,'2009-04-29 16:34:57','odster'),(276,'2009-04-29 16:34:57','godst'),(277,'2009-04-29 16:34:57','dster'),(278,'2009-04-29 16:34:57','gods'),(279,'2009-04-29 16:34:57','ster'),(280,'2009-04-29 16:34:57','pleasanto'),(281,'2009-04-29 16:34:57','leasanton'),(282,'2009-04-29 16:34:57','pleasant'),(283,'2009-04-29 16:34:57','easanton'),(284,'2009-04-29 16:34:57','pleasan'),(285,'2009-04-29 16:34:57','asanton'),(286,'2009-04-29 16:34:57','pleasa'),(287,'2009-04-29 16:34:57','santon'),(288,'2009-04-29 16:34:57','pleas'),(289,'2009-04-29 16:34:57','anton'),(290,'2009-04-29 16:34:57','plea'),(291,'2009-04-29 16:34:57','nton'),(292,'2009-04-29 16:34:57','californi'),(293,'2009-04-29 16:34:57','alifornia'),(294,'2009-04-29 16:34:57','californ'),(295,'2009-04-29 16:34:57','lifornia'),(296,'2009-04-29 16:34:57','califor'),(297,'2009-04-29 16:34:57','ifornia'),(298,'2009-04-29 16:34:57','califo'),(299,'2009-04-29 16:34:57','fornia'),(300,'2009-04-29 16:34:57','calif'),(301,'2009-04-29 16:34:57','ornia'),(302,'2009-04-29 16:34:57','cali'),(303,'2009-04-29 16:34:57','rnia'),(304,'2009-04-29 16:34:57','unite'),(305,'2009-04-29 16:34:57','nited'),(306,'2009-04-29 16:34:57','unit'),(307,'2009-04-29 16:34:57','ited'),(308,'2009-04-29 16:34:57','state'),(309,'2009-04-29 16:34:57','tates'),(310,'2009-04-29 16:34:57','stat'),(311,'2009-04-29 16:34:57','ates'),(312,'2009-04-29 16:34:57','applicatio'),(313,'2009-04-29 16:34:57','pplication'),(314,'2009-04-29 16:34:57','applicati'),(315,'2009-04-29 16:34:57','plication'),(316,'2009-04-29 16:34:57','applicat'),(317,'2009-04-29 16:34:57','lication'),(318,'2009-04-29 16:34:57','applica'),(319,'2009-04-29 16:34:57','ication'),(320,'2009-04-29 16:34:57','applic'),(321,'2009-04-29 16:34:57','cation'),(322,'2009-04-29 16:34:57','appli'),(323,'2009-04-29 16:34:57','ation'),(324,'2009-04-29 16:34:57','appl'),(325,'2009-04-29 16:34:57','tion'),(326,'2009-04-29 16:34:57','develope'),(327,'2009-04-29 16:34:57','eveloper'),(328,'2009-04-29 16:34:57','develop'),(329,'2009-04-29 16:34:57','veloper'),(330,'2009-04-29 16:34:57','develo'),(331,'2009-04-29 16:34:57','eloper'),(332,'2009-04-29 16:34:57','devel'),(333,'2009-04-29 16:34:57','loper'),(334,'2009-04-29 16:34:57','deve'),(335,'2009-04-29 16:34:57','oper'),(336,'2009-04-29 16:34:57','fron'),(337,'2009-04-29 16:34:57','ront'),(338,'2009-04-29 16:34:57','architec'),(339,'2009-04-29 16:34:57','rchitect'),(340,'2009-04-29 16:34:57','archite'),(341,'2009-04-29 16:34:57','chitect'),(342,'2009-04-29 16:34:57','archit'),(343,'2009-04-29 16:34:57','hitect'),(344,'2009-04-29 16:34:57','archi'),(345,'2009-04-29 16:34:57','itect'),(346,'2009-04-29 16:34:57','arch'),(347,'2009-04-29 16:34:57','tect'),(348,'2009-04-29 16:34:57','complet'),(349,'2009-04-29 16:34:57','omplete'),(350,'2009-04-29 16:34:57','comple'),(351,'2009-04-29 16:34:57','mplete'),(352,'2009-04-29 16:34:57','compl'),(353,'2009-04-29 16:34:57','plete'),(354,'2009-04-29 16:34:57','comp'),(355,'2009-04-29 16:34:57','lete'),(356,'2009-04-29 16:34:57','wome'),(357,'2009-04-29 16:34:57','omen'),(358,'2009-05-11 17:12:32','animatio'),(359,'2009-05-11 17:12:32','nimation'),(360,'2009-05-11 17:12:32','animati'),(361,'2009-05-11 17:12:32','imation'),(362,'2009-05-11 17:12:32','animat'),(363,'2009-05-11 17:12:32','mation'),(364,'2009-05-11 17:12:32','anima'),(365,'2009-05-13 16:34:59','sunnyval'),(366,'2009-05-13 16:34:59','unnyvale'),(367,'2009-05-13 16:34:59','sunnyva'),(368,'2009-05-13 16:34:59','nnyvale'),(369,'2009-05-13 16:34:59','sunnyv'),(370,'2009-05-13 16:34:59','nyvale'),(371,'2009-05-13 16:34:59','sunny'),(372,'2009-05-13 16:34:59','yvale'),(373,'2009-05-13 16:34:59','sunn'),(374,'2009-05-13 16:34:59','vale'),(375,'2009-07-19 00:39:26','softwar'),(376,'2009-07-19 00:39:26','oftware'),(377,'2009-07-19 00:39:26','softwa'),(378,'2009-07-19 00:39:26','ftware'),(379,'2009-07-19 00:39:26','softw'),(380,'2009-07-19 00:39:26','tware'),(381,'2009-07-19 00:39:26','soft'),(382,'2009-07-19 00:39:26','ware'),(383,'2009-07-19 00:39:26','kickin'),(384,'2009-07-19 00:39:26','icking'),(385,'2009-07-19 00:39:26','kicki'),(386,'2009-07-19 00:39:26','kick'),(387,'2009-07-19 00:39:26','takin'),(388,'2009-07-19 00:39:26','aking'),(389,'2009-07-19 00:39:26','taki'),(390,'2009-07-19 00:39:26','name'),(391,'2009-07-19 00:39:26','electronic'),(392,'2009-07-19 00:39:26','lectronics'),(393,'2009-07-19 00:39:26','electroni'),(394,'2009-07-19 00:39:26','ectronics'),(395,'2009-07-19 00:39:26','electron'),(396,'2009-07-19 00:39:26','ctronics'),(397,'2009-07-19 00:39:26','electro'),(398,'2009-07-19 00:39:26','tronics'),(399,'2009-07-19 00:39:26','electr'),(400,'2009-07-19 00:39:26','ronics'),(401,'2009-07-19 00:39:26','elect'),(402,'2009-07-19 00:39:26','onics'),(403,'2009-07-19 00:39:26','elec'),(404,'2009-07-19 00:39:26','nics'),(405,'2009-07-19 00:39:26','engineerin'),(406,'2009-07-19 00:39:26','ngineering'),(407,'2009-07-19 00:39:26','engineeri'),(408,'2009-07-19 00:39:26','gineering'),(409,'2009-07-19 00:39:26','engineer'),(410,'2009-07-19 00:39:26','ineering'),(411,'2009-07-19 00:39:26','enginee'),(412,'2009-07-19 00:39:26','neering'),(413,'2009-07-19 00:39:26','engine'),(414,'2009-07-19 00:39:26','eering'),(415,'2009-07-19 00:39:26','engin'),(416,'2009-07-19 00:39:26','ering'),(417,'2009-07-19 00:39:26','engi'),(418,'2009-07-19 00:39:26','ring'),(419,'2009-07-19 00:39:26','mountai'),(420,'2009-07-19 00:39:26','ountain'),(421,'2009-07-19 00:39:26','mounta'),(422,'2009-07-19 00:39:26','untain'),(423,'2009-07-19 00:39:26','mount'),(424,'2009-07-19 00:39:26','ntain'),(425,'2009-07-19 00:39:26','moun'),(426,'2009-07-19 00:39:26','tain'),(427,'2009-07-19 00:40:13','sant'),(428,'2009-07-19 00:40:13','anta'),(429,'2009-07-19 00:40:13','barbar'),(430,'2009-07-19 00:40:13','arbara'),(431,'2009-07-19 00:40:13','barba'),(432,'2009-07-19 00:40:13','rbara'),(433,'2009-07-19 00:40:13','barb'),(434,'2009-07-19 00:40:13','bara'),(435,'2009-07-19 00:42:25','stanfor'),(436,'2009-07-19 00:42:25','tanford'),(437,'2009-07-19 00:42:25','stanfo'),(438,'2009-07-19 00:42:25','anford'),(439,'2009-07-19 00:42:25','stanf'),(440,'2009-07-19 00:42:25','nford'),(441,'2009-07-19 00:42:25','stan'),(442,'2009-07-19 00:42:25','ford'),(443,'2009-07-19 00:42:25','universit'),(444,'2009-07-19 00:42:25','niversity'),(445,'2009-07-19 00:42:25','universi'),(446,'2009-07-19 00:42:25','iversity'),(447,'2009-07-19 00:42:25','univers'),(448,'2009-07-19 00:42:25','versity'),(449,'2009-07-19 00:42:25','univer'),(450,'2009-07-19 00:42:25','ersity'),(451,'2009-07-19 00:42:25','unive'),(452,'2009-07-19 00:42:25','rsity'),(453,'2009-07-19 00:42:25','univ'),(454,'2009-07-19 00:42:25','sity'),(455,'2009-07-19 00:42:25','graduat'),(456,'2009-07-19 00:42:25','raduate'),(457,'2009-07-19 00:42:25','gradua'),(458,'2009-07-19 00:42:25','aduate'),(459,'2009-07-19 00:42:25','gradu'),(460,'2009-07-19 00:42:25','duate'),(461,'2009-07-19 00:42:25','grad'),(462,'2009-07-19 00:42:25','uate'),(463,'2009-07-19 00:42:25','undergra'),(464,'2009-07-19 00:42:25','ndergrad'),(465,'2009-07-19 00:42:25','undergr'),(466,'2009-07-19 00:42:25','dergrad'),(467,'2009-07-19 00:42:25','underg'),(468,'2009-07-19 00:42:25','ergrad'),(469,'2009-07-19 00:42:25','under'),(470,'2009-07-19 00:42:25','rgrad'),(471,'2009-07-19 00:42:25','unde'),(472,'2009-07-19 00:42:25','compute'),(473,'2009-07-19 00:42:25','omputer'),(474,'2009-07-19 00:42:25','comput'),(475,'2009-07-19 00:42:25','mputer'),(476,'2009-07-19 00:42:25','compu'),(477,'2009-07-19 00:42:25','puter'),(478,'2009-07-19 00:42:25','uter'),(479,'2009-07-19 00:42:25','scienc'),(480,'2009-07-19 00:42:25','cience'),(481,'2009-07-19 00:42:25','scien'),(482,'2009-07-19 00:42:25','ience'),(483,'2009-07-19 00:42:25','scie'),(484,'2009-07-19 00:42:25','ence'),(485,'2009-07-19 00:43:16','engineee'),(486,'2009-07-19 00:43:16','ngineeer'),(487,'2009-07-19 00:43:16','gineeer'),(488,'2009-07-19 00:43:16','ineeer'),(489,'2009-07-19 00:43:16','neeer'),(490,'2009-07-19 00:43:16','eeer'),(491,'2009-07-26 00:41:17','biolog'),(492,'2009-07-26 00:41:17','iology'),(493,'2009-07-26 00:41:17','biolo'),(494,'2009-07-26 00:41:17','ology'),(495,'2009-07-26 00:41:17','biol'),(496,'2009-07-26 00:41:17','logy'),(497,'2009-07-28 16:09:13','triump'),(498,'2009-07-28 16:09:13','riumph'),(499,'2009-07-28 16:09:13','trium'),(500,'2009-07-28 16:09:13','iumph'),(501,'2009-07-28 16:09:13','triu'),(502,'2009-07-28 16:09:13','umph'),(503,'2009-12-24 08:30:47','mattesnide'),(504,'2009-12-24 08:30:47','attesnider'),(505,'2009-12-24 08:30:47','mattesnid'),(506,'2009-12-24 08:30:47','ttesnider'),(507,'2009-12-24 08:30:47','mattesni'),(508,'2009-12-24 08:30:47','tesnider'),(509,'2009-12-24 08:30:47','mattesn'),(510,'2009-12-24 08:30:47','esnider'),(511,'2009-12-24 08:30:47','mattes'),(512,'2009-12-24 08:30:47','snider'),(513,'2009-12-24 08:30:47','matte'),(514,'2009-12-24 08:30:47','nider'),(515,'2009-12-24 08:30:47','matt'),(516,'2009-12-24 08:30:47','ider'),(517,'2009-12-24 08:30:47','peninsulasoccerleagu'),(518,'2009-12-24 08:30:47','eninsulasoccerleague'),(519,'2009-12-24 08:30:47','peninsulasoccerleag'),(520,'2009-12-24 08:30:47','ninsulasoccerleague'),(521,'2009-12-24 08:30:47','peninsulasoccerlea'),(522,'2009-12-24 08:30:47','insulasoccerleague'),(523,'2009-12-24 08:30:47','peninsulasoccerle'),(524,'2009-12-24 08:30:47','nsulasoccerleague'),(525,'2009-12-24 08:30:47','peninsulasoccerl'),(526,'2009-12-24 08:30:47','sulasoccerleague'),(527,'2009-12-24 08:30:47','peninsulasoccer'),(528,'2009-12-24 08:30:47','ulasoccerleague'),(529,'2009-12-24 08:30:47','peninsulasocce'),(530,'2009-12-24 08:30:47','lasoccerleague'),(531,'2009-12-24 08:30:47','peninsulasocc'),(532,'2009-12-24 08:30:47','asoccerleague'),(533,'2009-12-24 08:30:47','peninsulasoc'),(534,'2009-12-24 08:30:47','soccerleague'),(535,'2009-12-24 08:30:47','peninsulaso'),(536,'2009-12-24 08:30:47','occerleague'),(537,'2009-12-24 08:30:47','peninsulas'),(538,'2009-12-24 08:30:47','ccerleague'),(539,'2009-12-24 08:30:47','peninsula'),(540,'2009-12-24 08:30:47','cerleague'),(541,'2009-12-24 08:30:47','peninsul'),(542,'2009-12-24 08:30:47','erleague'),(543,'2009-12-24 08:30:47','peninsu'),(544,'2009-12-24 08:30:47','rleague'),(545,'2009-12-24 08:30:47','penins'),(546,'2009-12-24 08:30:47','league'),(547,'2009-12-24 08:30:47','penin'),(548,'2009-12-24 08:30:47','eague'),(549,'2009-12-24 08:30:47','peni'),(550,'2009-12-24 08:30:47','ague'),(551,'2009-12-24 08:30:47','supos'),(552,'2009-12-24 08:30:47','upost'),(553,'2009-12-24 08:30:47','supo'),(554,'2009-12-24 08:30:47','post'),(555,'2009-12-24 08:30:47','gopherno'),(556,'2009-12-24 08:30:47','ophernow'),(557,'2009-12-24 08:30:47','gophern'),(558,'2009-12-24 08:30:47','phernow'),(559,'2009-12-24 08:30:47','gopher'),(560,'2009-12-24 08:30:47','hernow'),(561,'2009-12-24 08:30:47','gophe'),(562,'2009-12-24 08:30:47','ernow'),(563,'2009-12-24 08:30:47','goph'),(564,'2009-12-24 08:30:47','rnow'),(565,'2009-12-24 08:30:47','tripper'),(566,'2009-12-24 08:30:47','rippert'),(567,'2009-12-24 08:30:47','trippe'),(568,'2009-12-24 08:30:47','ippert'),(569,'2009-12-24 08:30:47','tripp'),(570,'2009-12-24 08:30:47','ppert'),(571,'2009-12-24 08:30:47','trip'),(572,'2009-12-24 08:30:47','pert'),(573,'2009-12-24 08:30:47','mattsnide'),(574,'2009-12-24 08:30:47','attsnider'),(575,'2009-12-24 08:30:47','mattsnid'),(576,'2009-12-24 08:30:47','ttsnider'),(577,'2009-12-24 08:30:47','mattsni'),(578,'2009-12-24 08:30:47','tsnider'),(579,'2009-12-24 08:30:47','mattsn'),(580,'2009-12-24 08:30:47','matts'),(581,'2009-12-24 08:30:47','gmai'),(582,'2009-12-24 08:30:47','mail'),(583,'2009-12-24 08:30:47','sche'),(584,'2009-12-24 08:30:47','ched'),(585,'2009-12-27 18:01:28','societ'),(586,'2009-12-27 18:01:28','ociety'),(587,'2009-12-27 18:01:28','socie'),(588,'2009-12-27 18:01:28','ciety'),(589,'2009-12-27 18:01:28','soci'),(590,'2009-12-27 18:01:28','iety'),(591,'2010-08-14 21:17:23','ljgfjdhsg'),(592,'2010-08-14 21:17:23','jgfjdhsgd'),(593,'2010-08-14 21:17:23','ljgfjdhs'),(594,'2010-08-14 21:17:23','gfjdhsgd'),(595,'2010-08-14 21:17:23','ljgfjdh'),(596,'2010-08-14 21:17:23','fjdhsgd'),(597,'2010-08-14 21:17:23','ljgfjd'),(598,'2010-08-14 21:17:23','jdhsgd'),(599,'2010-08-14 21:17:23','ljgfj'),(600,'2010-08-14 21:17:23','dhsgd'),(601,'2010-08-14 21:17:23','ljgf'),(602,'2010-08-14 21:17:23','hsgd'),(603,'2010-08-14 21:45:38','ljkgjd'),(604,'2010-08-14 21:45:38','jkgjdh'),(605,'2010-08-14 21:45:38','ljkgj'),(606,'2010-08-14 21:45:38','kgjdh'),(607,'2010-08-14 21:45:38','ljkg'),(608,'2010-08-14 21:45:38','gjdh'),(609,'2010-08-14 22:20:18','msnide'),(610,'2010-08-14 22:20:18','msnid'),(611,'2010-08-14 22:20:18','msni'),(612,'2010-08-14 22:20:18','votize'),(613,'2010-08-14 22:20:18','otizen'),(614,'2010-08-14 22:20:18','votiz'),(615,'2010-08-14 22:20:18','tizen'),(616,'2010-08-14 22:20:18','voti'),(617,'2010-08-14 22:20:18','izen'),(618,'2010-08-14 22:25:55','hkhj'),(619,'2010-08-14 22:25:55','khjh'),(620,'2010-08-16 16:22:31','chewin'),(621,'2010-08-16 16:22:31','hewing'),(622,'2010-08-16 16:22:31','chewi'),(623,'2010-08-16 16:22:31','ewing'),(624,'2010-08-16 16:22:31','chew'),(625,'2010-08-16 16:22:31','wing'),(626,'2010-08-16 16:22:31','bubbl'),(627,'2010-08-16 16:22:31','ubble'),(628,'2010-08-16 16:22:31','bubb'),(629,'2010-08-16 16:22:31','bble'),(630,'2010-08-19 18:35:27','recreationa'),(631,'2010-08-19 18:35:27','ecreational'),(632,'2010-08-19 18:35:27','recreation'),(633,'2010-08-19 18:35:27','creational'),(634,'2010-08-19 18:35:27','recreatio'),(635,'2010-08-19 18:35:27','reational'),(636,'2010-08-19 18:35:27','recreati'),(637,'2010-08-19 18:35:27','eational'),(638,'2010-08-19 18:35:27','recreat'),(639,'2010-08-19 18:35:27','ational'),(640,'2010-08-19 18:35:27','recrea'),(641,'2010-08-19 18:35:27','tional'),(642,'2010-08-19 18:35:27','recre'),(643,'2010-08-19 18:35:27','ional'),(644,'2010-08-19 18:35:27','recr'),(645,'2010-08-19 18:35:27','onal'),(646,'2010-09-13 02:30:26','grou'),(647,'2010-09-13 02:30:26','roup'),(648,'2010-09-13 02:30:26','academi'),(649,'2010-09-13 02:30:26','cademic'),(650,'2010-09-13 02:30:26','academ'),(651,'2010-09-13 02:30:26','ademic'),(652,'2010-09-13 02:30:26','acade'),(653,'2010-09-13 02:30:26','demic'),(654,'2010-09-13 02:30:26','acad'),(655,'2010-09-13 02:30:26','emic');
/*!40000 ALTER TABLE `dictionary_stem` ENABLE KEYS */;
UNLOCK TABLES;

--
-- Table structure for table `dictionary_stem_word`
--

DROP TABLE IF EXISTS `dictionary_stem_word`;
/*!40101 SET @saved_cs_client     = @@character_set_client */;
/*!40101 SET character_set_client = utf8 */;
CREATE TABLE `dictionary_stem_word` (
  `stem_id` int(11) unsigned NOT NULL,
  `word_id` int(11) unsigned NOT NULL,
  PRIMARY KEY (`stem_id`,`word_id`),
  KEY `dictionary_stem_fk` (`stem_id`),
  KEY `dictionary_word_fk` (`word_id`)
) ENGINE=MyISAM DEFAULT CHARSET=utf8;
/*!40101 SET character_set_client = @saved_cs_client */;

--
-- Dumping data for table `dictionary_stem_word`
--

LOCK TABLES `dictionary_stem_word` WRITE;
/*!40000 ALTER TABLE `dictionary_stem_word` DISABLE KEYS */;
INSERT INTO `dictionary_stem_word` VALUES (206,70),(207,70),(208,71),(209,71),(210,71),(211,71),(212,71),(213,71),(214,71),(215,71),(216,73),(217,73),(218,74),(219,74),(220,75),(221,75),(222,75),(223,75),(224,75),(225,75),(226,75),(227,75),(228,76),(229,76),(230,76),(231,76),(232,76),(233,76),(234,76),(235,76),(236,76),(237,76),(238,76),(239,76),(240,76),(241,76),(242,77),(243,77),(244,77),(245,77),(246,77),(247,77),(248,77),(249,77),(250,77),(251,77),(252,78),(253,78),(254,79),(255,79),(256,80),(257,80),(258,80),(259,80),(260,80),(261,80),(262,69),(263,69),(264,69),(265,69),(266,69),(267,69),(268,69),(269,69),(270,69),(271,69),(272,69),(273,69),(274,68),(275,68),(276,68),(277,68),(278,68),(279,68),(280,56),(281,56),(282,56),(283,56),(284,56),(285,56),(286,56),(287,56),(288,56),(289,56),(290,56),(291,56),(292,57),(293,57),(294,57),(295,57),(296,57),(297,57),(298,57),(299,57),(300,57),(301,57),(302,57),(303,57),(304,58),(305,58),(306,58),(307,58),(308,59),(309,59),(310,59),(311,59),(312,60),(313,60),(314,60),(315,60),(316,60),(317,60),(318,60),(319,60),(320,60),(321,60),(322,60),(323,60),(324,60),(325,60),(326,61),(327,61),(328,61),(329,61),(330,61),(331,61),(332,61),(333,61),(334,61),(335,61),(336,64),(337,64),(338,65),(339,65),(340,65),(341,65),(342,65),(343,65),(344,65),(345,65),(346,65),(347,65),(348,67),(349,67),(350,67),(351,67),(352,67),(353,67),(354,67),(355,67),(356,81),(357,81),(358,82),(359,82),(360,82),(361,82),(362,82),(363,82),(364,82),(365,83),(366,83),(367,83),(368,83),(369,83),(370,83),(371,83),(372,83),(373,83),(374,83),(375,84),(376,84),(377,84),(378,84),(379,84),(380,84),(381,84),(382,84),(383,86),(384,86),(385,86),(386,86),(387,87),(388,87),(389,87),(391,89),(392,89),(393,89),(394,89),(395,89),(396,89),(397,89),(398,89),(399,89),(400,89),(401,89),(402,89),(403,89),(404,89),(405,90),(406,90),(407,90),(408,90),(409,90),(410,90),(411,90),(412,90),(413,90),(414,90),(415,90),(416,90),(417,90),(418,90),(419,91),(420,91),(421,91),(422,91),(423,91),(424,91),(425,91),(426,91),(427,93),(428,93),(429,94),(430,94),(431,94),(432,94),(433,94),(434,94),(435,95),(436,95),(437,95),(438,95),(439,95),(440,95),(441,95),(442,95),(443,96),(444,96),(445,96),(446,96),(447,96),(448,96),(449,96),(450,96),(451,96),(452,96),(453,96),(454,96),(455,97),(456,97),(457,97),(458,97),(459,97),(460,97),(461,98),(462,97),(463,98),(464,98),(465,98),(466,98),(467,98),(468,98),(470,98),(471,98),(472,99),(473,99),(474,99),(475,99),(476,99),(477,99),(478,99),(479,100),(480,100),(481,100),(482,100),(483,100),(484,100),(485,101),(486,101),(487,101),(488,101),(489,101),(490,101),(491,102),(492,102),(493,102),(494,102),(495,102),(496,102),(497,103),(498,103),(499,103),(500,103),(501,103),(502,103),(503,104),(504,104),(505,104),(506,104),(507,104),(508,104),(509,104),(510,104),(511,104),(512,109),(513,104),(514,109),(515,109),(516,109),(517,113),(518,113),(519,113),(520,113),(521,113),(522,113),(523,113),(524,113),(525,113),(526,113),(527,113),(528,113),(529,113),(530,113),(531,113),(532,113),(533,113),(534,113),(535,113),(536,113),(537,113),(538,113),(539,113),(540,113),(541,113),(542,113),(543,113),(544,113),(545,113),(546,113),(547,113),(548,113),(549,113),(550,113),(551,112),(552,112),(553,112),(554,112),(555,111),(556,111),(557,111),(558,111),(559,111),(560,111),(561,111),(562,111),(563,111),(564,111),(565,110),(566,110),(567,110),(568,110),(569,110),(570,110),(571,110),(572,110),(573,109),(574,109),(575,109),(576,109),(577,109),(578,109),(579,109),(580,109),(581,105),(582,105),(583,114),(584,114),(585,115),(586,115),(587,115),(588,115),(589,115),(590,115),(591,117),(592,117),(593,117),(594,117),(595,117),(596,117),(597,117),(598,117),(599,117),(600,117),(601,117),(602,117),(603,118),(604,118),(605,118),(606,118),(607,118),(608,118),(609,120),(610,120),(611,120),(612,121),(613,121),(614,121),(615,121),(616,121),(617,121),(618,122),(619,122),(620,123),(621,123),(622,123),(623,123),(624,123),(625,123),(626,124),(627,124),(628,124),(629,124),(630,125),(631,125),(632,125),(633,125),(634,125),(635,125),(636,125),(637,125),(638,125),(639,125),(640,125),(641,125),(642,125),(643,125),(644,125),(645,125),(646,126),(647,126),(648,127),(649,127),(650,127),(651,127),(652,127),(653,127),(654,127),(655,127);
/*!40000 ALTER TABLE `dictionary_stem_word` ENABLE KEYS */;
UNLOCK TABLES;

--
-- Table structure for table `dictionary_word`
--

DROP TABLE IF EXISTS `dictionary_word`;
/*!40101 SET @saved_cs_client     = @@character_set_client */;
/*!40101 SET character_set_client = utf8 */;
CREATE TABLE `dictionary_word` (
  `id` int(11) unsigned NOT NULL AUTO_INCREMENT,
  `created` timestamp NOT NULL DEFAULT CURRENT_TIMESTAMP ON UPDATE CURRENT_TIMESTAMP,
  `word` varchar(32) NOT NULL,
  PRIMARY KEY (`id`),
  UNIQUE KEY `dictionary_word_unique` (`word`),
  FULLTEXT KEY `dictionary_word_ft` (`word`)
) ENGINE=MyISAM AUTO_INCREMENT=128 DEFAULT CHARSET=utf8;
/*!40101 SET character_set_client = @saved_cs_client */;

--
-- Dumping data for table `dictionary_word`
--

LOCK TABLES `dictionary_word` WRITE;
/*!40000 ALTER TABLE `dictionary_word` DISABLE KEYS */;
INSERT INTO `dictionary_word` VALUES (55,'2009-04-29 16:34:57','male'),(56,'2009-04-29 16:34:57','pleasanton'),(57,'2009-04-29 16:34:57','california'),(58,'2009-04-29 16:34:57','united'),(59,'2009-04-29 16:34:57','states'),(60,'2009-04-29 16:34:57','application'),(61,'2009-04-29 16:34:57','developer'),(62,'2009-04-29 16:34:57','currently'),(63,'2009-04-29 16:34:57','lead'),(64,'2009-04-29 16:34:57','front'),(65,'2009-04-29 16:34:57','architect'),(66,'2009-04-29 16:34:57','mint'),(67,'2009-04-29 16:34:57','complete'),(68,'2009-04-29 16:34:57','godster'),(69,'2009-04-29 16:34:57','javascript'),(70,'2009-04-29 16:34:57','xhtml'),(71,'2009-04-29 16:34:57','resource'),(72,'2009-04-29 16:34:57','blog'),(73,'2009-04-29 16:34:57','video'),(74,'2009-04-29 16:34:57','games'),(75,'2009-04-29 16:34:57','blogging'),(76,'2009-04-29 16:34:57','backpacking'),(77,'2009-04-29 16:34:57','bicycling'),(78,'2009-04-29 16:34:57','anime'),(79,'2009-04-29 16:34:57','manga'),(80,'2009-04-29 16:34:57','reading'),(81,'2009-04-29 16:34:57','women'),(82,'2009-05-11 17:12:32','animation'),(83,'2009-05-13 16:34:59','sunnyvale'),(84,'2009-07-19 00:39:26','software'),(85,'2009-07-19 00:39:26','porn'),(86,'2009-07-19 00:39:26','kicking'),(87,'2009-07-19 00:39:26','taking'),(88,'2009-07-19 00:39:26','names'),(89,'2009-07-19 00:39:26','electronics'),(90,'2009-07-19 00:39:26','engineering'),(91,'2009-07-19 00:39:26','mountain'),(92,'2009-07-19 00:39:26','view'),(93,'2009-07-19 00:40:13','santa'),(94,'2009-07-19 00:40:13','barbara'),(95,'2009-07-19 00:42:25','stanford'),(96,'2009-07-19 00:42:25','university'),(97,'2009-07-19 00:42:25','graduate'),(98,'2009-07-19 00:42:25','undergrad'),(99,'2009-07-19 00:42:25','computer'),(100,'2009-07-19 00:42:25','science'),(101,'2009-07-19 00:43:16','engineeer'),(102,'2009-07-26 00:41:17','biology'),(103,'2009-07-28 16:09:13','triumph'),(104,'2009-12-24 08:30:47','mattesnider'),(105,'2009-12-24 08:30:47','gmail'),(106,'2009-12-24 08:30:47','alma'),(107,'2009-12-24 08:30:47','palo'),(108,'2009-12-24 08:30:47','alto'),(109,'2009-12-24 08:30:47','mattsnider'),(110,'2009-12-24 08:30:47','trippert'),(111,'2009-12-24 08:30:47','gophernow'),(112,'2009-12-24 08:30:47','supost'),(113,'2009-12-24 08:30:47','peninsulasoccerleague'),(114,'2009-12-24 08:30:47','sched'),(115,'2009-12-27 18:01:28','society'),(116,'2010-02-03 17:14:08','test'),(117,'2010-08-14 21:17:23','ljgfjdhsgd'),(118,'2010-08-14 21:45:38','ljkgjdh'),(119,'2010-08-14 21:46:12','matt'),(120,'2010-08-14 22:20:18','msnider'),(121,'2010-08-14 22:20:18','votizen'),(122,'2010-08-14 22:25:55','hkhjh'),(123,'2010-08-16 16:22:31','chewing'),(124,'2010-08-16 16:22:31','bubble'),(125,'2010-08-19 18:35:27','recreational'),(126,'2010-09-13 02:30:26','group'),(127,'2010-09-13 02:30:26','academic');
/*!40000 ALTER TABLE `dictionary_word` ENABLE KEYS */;
UNLOCK TABLES;

--
-- Table structure for table `group`
--

DROP TABLE IF EXISTS `group`;
/*!40101 SET @saved_cs_client     = @@character_set_client */;
/*!40101 SET character_set_client = utf8 */;
CREATE TABLE `group` (
  `category_id` smallint(3) NOT NULL DEFAULT '1',
  `company_id` mediumint(8) DEFAULT NULL,
  `searchable_id` mediumint(8) unsigned NOT NULL AUTO_INCREMENT,
  PRIMARY KEY (`searchable_id`),
  KEY `type_child` (`category_id`)
) ENGINE=MyISAM AUTO_INCREMENT=258 DEFAULT CHARSET=utf8;
/*!40101 SET character_set_client = @saved_cs_client */;

--
-- Dumping data for table `group`
--

LOCK TABLES `group` WRITE;
/*!40000 ALTER TABLE `group` DISABLE KEYS */;
INSERT INTO `group` VALUES (1,NULL,187),(1,NULL,197),(1,NULL,198),(1,NULL,199),(1,NULL,245),(1,NULL,246),(1,NULL,247),(1,NULL,248),(1,NULL,249),(1,NULL,250),(1,NULL,251),(1,NULL,252),(1,NULL,256),(1,NULL,257);
/*!40000 ALTER TABLE `group` ENABLE KEYS */;
UNLOCK TABLES;

--
-- Table structure for table `message`
--

DROP TABLE IF EXISTS `message`;
/*!40101 SET @saved_cs_client     = @@character_set_client */;
/*!40101 SET character_set_client = utf8 */;
CREATE TABLE `message` (
  `body` text NOT NULL,
  `created` timestamp NOT NULL DEFAULT CURRENT_TIMESTAMP ON UPDATE CURRENT_TIMESTAMP,
  `id` int(11) unsigned NOT NULL AUTO_INCREMENT,
  `subject` varchar(120) NOT NULL,
  `thread` varchar(50) NOT NULL,
  PRIMARY KEY (`id`),
  UNIQUE KEY `thread` (`id`,`thread`)
) ENGINE=MyISAM AUTO_INCREMENT=331 DEFAULT CHARSET=utf8;
/*!40101 SET character_set_client = @saved_cs_client */;

--
-- Dumping data for table `message`
--

LOCK TABLES `message` WRITE;
/*!40000 ALTER TABLE `message` DISABLE KEYS */;
INSERT INTO `message` VALUES ('is this still working?','2009-06-13 19:44:40',277,'test','40c8ec9434c6c67295c9a068e0fc612b'),('yes.','2009-06-13 19:44:59',278,'re: test','40c8ec9434c6c67295c9a068e0fc612b'),('hunnenudlesuppe','2009-07-05 20:13:10',279,'Message from Group: D&D Society','6966980426d949c860b75706963debf7'),('Death to smoochie.','2009-12-13 08:30:54',280,'Message from the Cameleon team: ','cecfbeaeb3a04a1380fcfad3dca9e5c9'),('test','2010-01-30 06:36:19',281,'Message from the Cameleon team: ','93419526e2ad254c377ba5ffa3043765'),('test','2010-02-14 07:42:58',282,'Writing a new message.','asdf1'),('test','2010-02-14 07:44:16',283,'Writing a new message.','asdf2'),('test','2010-02-14 07:44:29',284,'Writing a new message.','asdf3'),('test','2010-02-14 07:44:40',285,'Writing a new message.','asdf4'),('test','2010-02-14 07:45:32',286,'Writing a new message.','asdf5'),('test','2010-02-14 07:45:50',287,'Writing a new message.','asdf6'),('test','2010-02-14 07:47:05',288,'Writing a new message.','asdf7'),('test','2010-02-14 07:48:40',289,'Composing a new message','asdf8'),('test','2010-02-14 07:48:57',290,'Composing a new message 2','asdf9'),('I\'m your biggest fan!','2010-02-14 08:10:11',291,'Hi Sue','asdf10'),('that\'s what I\'m talking about','2010-02-14 08:11:45',292,'re: test','40c8ec9434c6c67295c9a068e0fc612b'),('297','2010-02-14 09:10:12',299,'re: re: re: re: re: test','40c8ec9434c6c67295c9a068e0fc612b'),('try again','2010-02-14 08:26:11',294,'re: re: re: test','40c8ec9434c6c67295c9a068e0fc612b'),('wtf','2010-02-14 08:26:40',295,'re: re: re: test','40c8ec9434c6c67295c9a068e0fc612b'),('testing','2010-02-14 08:28:27',296,'re: re: re: re: test','40c8ec9434c6c67295c9a068e0fc612b'),('testing','2010-02-14 08:28:55',297,'re: re: re: re: test','40c8ec9434c6c67295c9a068e0fc612b'),('one more time','2010-02-14 08:29:55',298,'re: re: re: re: re: test','40c8ec9434c6c67295c9a068e0fc612b'),('300','2010-02-14 09:11:56',300,'re: re: re: re: re: re: test','40c8ec9434c6c67295c9a068e0fc612b'),('no, really','2010-02-15 17:10:00',301,'you guys are assholes','asdf11'),('test','2010-02-15 17:11:16',302,'test','asdf12'),('test','2010-02-15 17:19:29',303,'test','asdf13'),('test','2010-02-15 17:32:06',304,'test','asdf14'),('test','2010-02-15 17:33:40',305,'test','asdf15'),('test','2010-02-15 20:25:28',306,'test message','asdf16'),('word','2010-02-15 20:34:23',307,'re: test','asdf13'),('test','2010-02-15 21:11:19',308,'test group message','asdf17'),('test','2010-02-15 21:12:34',309,'test group 2','asdf18'),('t','2010-02-15 21:17:58',310,'test group 3','asdf19'),('test','2010-02-15 21:18:58',311,'test group 4','asdf20'),('test','2010-02-15 21:30:02',312,'test message users','b2c63d86a01096f1aad243b1aaa55032'),('test','2010-02-19 16:46:40',313,'re: test','40c8ec9434c6c67295c9a068e0fc612b'),('test','2010-02-19 16:54:25',314,'re: test','40c8ec9434c6c67295c9a068e0fc612b'),('test','2010-02-19 17:21:55',315,'hi all','7d3c6b0b9afd103d80091cc3bb9c6706'),('test message to julie','2010-02-19 17:49:52',316,'message to julie','5531bbfada8ee76ca972b35cf747b239'),('hi again','2010-02-19 18:04:17',318,'re: message to julie','5531bbfada8ee76ca972b35cf747b239'),('test all members content','2010-02-19 18:13:43',319,'test all members subject','936c2ca9ece47512f02bdfa16b100c12'),('test admin message','2010-02-19 18:17:03',320,'test admin subject','7f994e8812ece366518d2e6a21eb30b6'),('test admin body','2010-02-19 18:18:31',321,'test admin subject','7a0680b592439c712592d796006d333f'),('testing','2010-02-26 17:51:50',322,'hi matt','f7af800281543ab3d329da722bc80321'),('again','2010-02-26 18:07:18',323,'re: hi matt','f7af800281543ab3d329da722bc80321'),('test message','2010-02-27 03:57:16',324,'test','72842d8c6daf58ee5d99ebb002bbceca'),('ha... these inputs look funny in safari.','2010-03-03 04:49:37',325,'yo!!!','cf9a81b41c392138cba9111eb01c4c58'),('test','2010-03-04 16:44:57',326,'test','c2f45f06da5173612d574ece914217bb'),('test','2010-03-04 16:45:10',327,'test','89be29213f2d59b0eb50ccc6b01c0605'),('test','2010-03-04 17:05:47',328,'test','d093c6aa186034c172138ddd9ad638c3'),('test','2010-04-12 17:17:22',329,'test','78053c16b7f59a6a1adb0e0ba2b9ba19'),('buyah!','2010-05-09 06:21:09',330,'my girls','4905c8f5563f6197f82ea22c8c7a4943');
/*!40000 ALTER TABLE `message` ENABLE KEYS */;
UNLOCK TABLES;

--
-- Table structure for table `message_board`
--

DROP TABLE IF EXISTS `message_board`;
/*!40101 SET @saved_cs_client     = @@character_set_client */;
/*!40101 SET character_set_client = utf8 */;
CREATE TABLE `message_board` (
  `body` mediumtext NOT NULL,
  `created` timestamp NOT NULL DEFAULT '0000-00-00 00:00:00',
  `creator_searchable_id` int(11) unsigned NOT NULL,
  `id` int(11) unsigned NOT NULL AUTO_INCREMENT,
  `ikey` varchar(45) NOT NULL,
  `modified` timestamp NOT NULL DEFAULT CURRENT_TIMESTAMP ON UPDATE CURRENT_TIMESTAMP,
  `original_id` int(11) unsigned NOT NULL,
  `parent_id` int(11) unsigned NOT NULL,
  `searchable_id` int(11) unsigned NOT NULL,
  `status` enum('active','deleted','invalid') NOT NULL DEFAULT 'active',
  `title` varchar(128) NOT NULL,
  PRIMARY KEY (`id`),
  UNIQUE KEY `ikey` (`ikey`),
  KEY `searchableId` (`searchable_id`,`status`),
  KEY `parentId` (`parent_id`,`status`),
  KEY `message_board_searchable_fk` (`searchable_id`),
  KEY `message_board_creator_searchable_fk` (`creator_searchable_id`),
  KEY `message_board_original_mb_fk` (`original_id`),
  KEY `message_board_parent_mb_fk_fk` (`parent_id`),
  FULLTEXT KEY `bodyTitleText` (`body`,`title`)
) ENGINE=MyISAM AUTO_INCREMENT=19 DEFAULT CHARSET=utf8;
/*!40101 SET character_set_client = @saved_cs_client */;

--
-- Dumping data for table `message_board`
--

LOCK TABLES `message_board` WRITE;
/*!40000 ALTER TABLE `message_board` DISABLE KEYS */;
INSERT INTO `message_board` VALUES ('fuck','2009-02-18 08:56:17',13,15,'ed3551789fc0376ff8938b6827b16eae','2009-02-18 08:56:52',0,0,13,'deleted','%$#*'),('matt is cool','2009-02-22 19:27:58',13,16,'0e6175061abc25d19ad94fdf84a63ef6','2009-02-22 19:28:17',0,0,13,'deleted','test'),('test','2009-08-01 19:06:45',13,17,'cd84d9ba87f839044df81b56aa7667f3','2009-08-01 19:06:45',0,0,13,'active','test message'),('I hate weddings','2009-08-01 19:10:19',13,18,'2131f8ecf18db66a758f718dc729e00e','2009-08-01 19:36:16',0,0,16,'deleted','test message');
/*!40000 ALTER TABLE `message_board` ENABLE KEYS */;
UNLOCK TABLES;

--
-- Table structure for table `message_searchable`
--

DROP TABLE IF EXISTS `message_searchable`;
/*!40101 SET @saved_cs_client     = @@character_set_client */;
/*!40101 SET character_set_client = utf8 */;
CREATE TABLE `message_searchable` (
  `deleted` datetime NOT NULL DEFAULT '0000-00-00 00:00:00',
  `hidden` datetime NOT NULL DEFAULT '0000-00-00 00:00:00',
  `invalid` datetime NOT NULL DEFAULT '0000-00-00 00:00:00',
  `is_sender` enum('false','true') NOT NULL DEFAULT 'false',
  `message_id` int(11) unsigned NOT NULL,
  `read` datetime NOT NULL DEFAULT '0000-00-00 00:00:00',
  `replied` datetime NOT NULL DEFAULT '0000-00-00 00:00:00',
  `searchable_id` int(11) unsigned NOT NULL,
  `status` enum('deleted','hidden','read','replied','invalid','unread') NOT NULL DEFAULT 'unread',
  `unread` datetime NOT NULL DEFAULT '0000-00-00 00:00:00',
  PRIMARY KEY (`is_sender`,`message_id`,`searchable_id`)
) ENGINE=InnoDB DEFAULT CHARSET=utf8;
/*!40101 SET character_set_client = @saved_cs_client */;

--
-- Dumping data for table `message_searchable`
--

LOCK TABLES `message_searchable` WRITE;
/*!40000 ALTER TABLE `message_searchable` DISABLE KEYS */;
INSERT INTO `message_searchable` VALUES ('2009-07-05 14:51:21','0000-00-00 00:00:00','0000-00-00 00:00:00','false',277,'2009-11-28 14:29:12','0000-00-00 00:00:00',13,'read','2009-11-28 14:29:08'),('0000-00-00 00:00:00','0000-00-00 00:00:00','0000-00-00 00:00:00','false',278,'2009-06-13 12:45:13','0000-00-00 00:00:00',16,'read','0000-00-00 00:00:00'),('2009-07-05 14:51:21','0000-00-00 00:00:00','0000-00-00 00:00:00','false',279,'2009-11-28 14:29:12','0000-00-00 00:00:00',13,'read','2009-11-28 14:29:08'),('0000-00-00 00:00:00','0000-00-00 00:00:00','0000-00-00 00:00:00','false',280,'2009-12-13 00:31:03','0000-00-00 00:00:00',13,'read','0000-00-00 00:00:00'),('2009-12-13 10:46:09','0000-00-00 00:00:00','0000-00-00 00:00:00','false',280,'0000-00-00 00:00:00','0000-00-00 00:00:00',16,'deleted','0000-00-00 00:00:00'),('0000-00-00 00:00:00','0000-00-00 00:00:00','0000-00-00 00:00:00','false',280,'0000-00-00 00:00:00','0000-00-00 00:00:00',34,'unread','0000-00-00 00:00:00'),('0000-00-00 00:00:00','0000-00-00 00:00:00','0000-00-00 00:00:00','false',280,'0000-00-00 00:00:00','0000-00-00 00:00:00',182,'unread','0000-00-00 00:00:00'),('0000-00-00 00:00:00','0000-00-00 00:00:00','0000-00-00 00:00:00','false',280,'0000-00-00 00:00:00','0000-00-00 00:00:00',183,'unread','0000-00-00 00:00:00'),('0000-00-00 00:00:00','0000-00-00 00:00:00','0000-00-00 00:00:00','false',280,'0000-00-00 00:00:00','0000-00-00 00:00:00',184,'unread','0000-00-00 00:00:00'),('0000-00-00 00:00:00','0000-00-00 00:00:00','0000-00-00 00:00:00','false',280,'0000-00-00 00:00:00','0000-00-00 00:00:00',185,'unread','0000-00-00 00:00:00'),('0000-00-00 00:00:00','0000-00-00 00:00:00','0000-00-00 00:00:00','false',280,'0000-00-00 00:00:00','0000-00-00 00:00:00',186,'unread','0000-00-00 00:00:00'),('0000-00-00 00:00:00','0000-00-00 00:00:00','0000-00-00 00:00:00','false',280,'0000-00-00 00:00:00','0000-00-00 00:00:00',188,'unread','0000-00-00 00:00:00'),('0000-00-00 00:00:00','0000-00-00 00:00:00','0000-00-00 00:00:00','false',280,'0000-00-00 00:00:00','0000-00-00 00:00:00',189,'unread','0000-00-00 00:00:00'),('0000-00-00 00:00:00','0000-00-00 00:00:00','0000-00-00 00:00:00','false',280,'0000-00-00 00:00:00','0000-00-00 00:00:00',190,'unread','0000-00-00 00:00:00'),('0000-00-00 00:00:00','0000-00-00 00:00:00','0000-00-00 00:00:00','false',280,'0000-00-00 00:00:00','0000-00-00 00:00:00',191,'unread','0000-00-00 00:00:00'),('0000-00-00 00:00:00','0000-00-00 00:00:00','0000-00-00 00:00:00','false',280,'0000-00-00 00:00:00','0000-00-00 00:00:00',192,'unread','0000-00-00 00:00:00'),('0000-00-00 00:00:00','0000-00-00 00:00:00','0000-00-00 00:00:00','false',280,'0000-00-00 00:00:00','0000-00-00 00:00:00',193,'unread','0000-00-00 00:00:00'),('0000-00-00 00:00:00','0000-00-00 00:00:00','0000-00-00 00:00:00','false',280,'0000-00-00 00:00:00','0000-00-00 00:00:00',194,'unread','0000-00-00 00:00:00'),('0000-00-00 00:00:00','0000-00-00 00:00:00','0000-00-00 00:00:00','false',280,'0000-00-00 00:00:00','0000-00-00 00:00:00',195,'unread','0000-00-00 00:00:00'),('0000-00-00 00:00:00','0000-00-00 00:00:00','0000-00-00 00:00:00','false',280,'0000-00-00 00:00:00','0000-00-00 00:00:00',196,'unread','0000-00-00 00:00:00'),('0000-00-00 00:00:00','0000-00-00 00:00:00','0000-00-00 00:00:00','false',281,'2010-01-29 22:36:27','0000-00-00 00:00:00',13,'read','0000-00-00 00:00:00'),('0000-00-00 00:00:00','0000-00-00 00:00:00','0000-00-00 00:00:00','false',281,'0000-00-00 00:00:00','0000-00-00 00:00:00',16,'unread','0000-00-00 00:00:00'),('0000-00-00 00:00:00','0000-00-00 00:00:00','0000-00-00 00:00:00','false',281,'0000-00-00 00:00:00','0000-00-00 00:00:00',34,'unread','0000-00-00 00:00:00'),('0000-00-00 00:00:00','0000-00-00 00:00:00','0000-00-00 00:00:00','false',281,'0000-00-00 00:00:00','0000-00-00 00:00:00',182,'unread','0000-00-00 00:00:00'),('0000-00-00 00:00:00','0000-00-00 00:00:00','0000-00-00 00:00:00','false',281,'0000-00-00 00:00:00','0000-00-00 00:00:00',183,'unread','0000-00-00 00:00:00'),('0000-00-00 00:00:00','0000-00-00 00:00:00','0000-00-00 00:00:00','false',281,'0000-00-00 00:00:00','0000-00-00 00:00:00',184,'unread','0000-00-00 00:00:00'),('0000-00-00 00:00:00','0000-00-00 00:00:00','0000-00-00 00:00:00','false',281,'0000-00-00 00:00:00','0000-00-00 00:00:00',185,'unread','0000-00-00 00:00:00'),('0000-00-00 00:00:00','0000-00-00 00:00:00','0000-00-00 00:00:00','false',281,'0000-00-00 00:00:00','0000-00-00 00:00:00',186,'unread','0000-00-00 00:00:00'),('0000-00-00 00:00:00','0000-00-00 00:00:00','0000-00-00 00:00:00','false',281,'0000-00-00 00:00:00','0000-00-00 00:00:00',188,'unread','0000-00-00 00:00:00'),('0000-00-00 00:00:00','0000-00-00 00:00:00','0000-00-00 00:00:00','false',281,'0000-00-00 00:00:00','0000-00-00 00:00:00',189,'unread','0000-00-00 00:00:00'),('0000-00-00 00:00:00','0000-00-00 00:00:00','0000-00-00 00:00:00','false',281,'0000-00-00 00:00:00','0000-00-00 00:00:00',190,'unread','0000-00-00 00:00:00'),('0000-00-00 00:00:00','0000-00-00 00:00:00','0000-00-00 00:00:00','false',281,'0000-00-00 00:00:00','0000-00-00 00:00:00',191,'unread','0000-00-00 00:00:00'),('0000-00-00 00:00:00','0000-00-00 00:00:00','0000-00-00 00:00:00','false',281,'0000-00-00 00:00:00','0000-00-00 00:00:00',192,'unread','0000-00-00 00:00:00'),('0000-00-00 00:00:00','0000-00-00 00:00:00','0000-00-00 00:00:00','false',281,'0000-00-00 00:00:00','0000-00-00 00:00:00',193,'unread','0000-00-00 00:00:00'),('0000-00-00 00:00:00','0000-00-00 00:00:00','0000-00-00 00:00:00','false',281,'0000-00-00 00:00:00','0000-00-00 00:00:00',194,'unread','0000-00-00 00:00:00'),('0000-00-00 00:00:00','0000-00-00 00:00:00','0000-00-00 00:00:00','false',281,'0000-00-00 00:00:00','0000-00-00 00:00:00',195,'unread','0000-00-00 00:00:00'),('0000-00-00 00:00:00','0000-00-00 00:00:00','0000-00-00 00:00:00','false',281,'0000-00-00 00:00:00','0000-00-00 00:00:00',196,'unread','0000-00-00 00:00:00'),('0000-00-00 00:00:00','0000-00-00 00:00:00','0000-00-00 00:00:00','false',282,'0000-00-00 00:00:00','0000-00-00 00:00:00',16,'unread','0000-00-00 00:00:00'),('0000-00-00 00:00:00','0000-00-00 00:00:00','0000-00-00 00:00:00','false',283,'0000-00-00 00:00:00','0000-00-00 00:00:00',16,'unread','0000-00-00 00:00:00'),('0000-00-00 00:00:00','0000-00-00 00:00:00','0000-00-00 00:00:00','false',284,'0000-00-00 00:00:00','0000-00-00 00:00:00',16,'unread','0000-00-00 00:00:00'),('0000-00-00 00:00:00','0000-00-00 00:00:00','0000-00-00 00:00:00','false',285,'0000-00-00 00:00:00','0000-00-00 00:00:00',16,'unread','0000-00-00 00:00:00'),('0000-00-00 00:00:00','0000-00-00 00:00:00','0000-00-00 00:00:00','false',286,'0000-00-00 00:00:00','0000-00-00 00:00:00',16,'unread','0000-00-00 00:00:00'),('0000-00-00 00:00:00','0000-00-00 00:00:00','0000-00-00 00:00:00','false',287,'0000-00-00 00:00:00','0000-00-00 00:00:00',16,'unread','0000-00-00 00:00:00'),('0000-00-00 00:00:00','0000-00-00 00:00:00','0000-00-00 00:00:00','false',288,'0000-00-00 00:00:00','0000-00-00 00:00:00',16,'unread','0000-00-00 00:00:00'),('0000-00-00 00:00:00','0000-00-00 00:00:00','0000-00-00 00:00:00','false',289,'0000-00-00 00:00:00','0000-00-00 00:00:00',16,'unread','0000-00-00 00:00:00'),('0000-00-00 00:00:00','0000-00-00 00:00:00','0000-00-00 00:00:00','false',290,'0000-00-00 00:00:00','0000-00-00 00:00:00',16,'unread','0000-00-00 00:00:00'),('0000-00-00 00:00:00','0000-00-00 00:00:00','0000-00-00 00:00:00','false',291,'0000-00-00 00:00:00','0000-00-00 00:00:00',184,'unread','0000-00-00 00:00:00'),('0000-00-00 00:00:00','0000-00-00 00:00:00','0000-00-00 00:00:00','false',292,'0000-00-00 00:00:00','0000-00-00 00:00:00',16,'unread','0000-00-00 00:00:00'),('0000-00-00 00:00:00','0000-00-00 00:00:00','0000-00-00 00:00:00','false',293,'0000-00-00 00:00:00','0000-00-00 00:00:00',16,'unread','0000-00-00 00:00:00'),('0000-00-00 00:00:00','0000-00-00 00:00:00','0000-00-00 00:00:00','false',294,'0000-00-00 00:00:00','0000-00-00 00:00:00',16,'unread','0000-00-00 00:00:00'),('0000-00-00 00:00:00','0000-00-00 00:00:00','0000-00-00 00:00:00','false',295,'0000-00-00 00:00:00','0000-00-00 00:00:00',16,'unread','0000-00-00 00:00:00'),('0000-00-00 00:00:00','0000-00-00 00:00:00','0000-00-00 00:00:00','false',297,'0000-00-00 00:00:00','0000-00-00 00:00:00',16,'unread','0000-00-00 00:00:00'),('0000-00-00 00:00:00','0000-00-00 00:00:00','0000-00-00 00:00:00','false',298,'0000-00-00 00:00:00','0000-00-00 00:00:00',16,'unread','0000-00-00 00:00:00'),('0000-00-00 00:00:00','0000-00-00 00:00:00','0000-00-00 00:00:00','false',299,'0000-00-00 00:00:00','0000-00-00 00:00:00',16,'unread','0000-00-00 00:00:00'),('0000-00-00 00:00:00','0000-00-00 00:00:00','0000-00-00 00:00:00','false',300,'0000-00-00 00:00:00','0000-00-00 00:00:00',16,'unread','0000-00-00 00:00:00'),('0000-00-00 00:00:00','0000-00-00 00:00:00','0000-00-00 00:00:00','false',301,'2010-02-15 09:10:00','0000-00-00 00:00:00',13,'read','0000-00-00 00:00:00'),('0000-00-00 00:00:00','0000-00-00 00:00:00','0000-00-00 00:00:00','false',301,'0000-00-00 00:00:00','0000-00-00 00:00:00',16,'unread','0000-00-00 00:00:00'),('0000-00-00 00:00:00','0000-00-00 00:00:00','0000-00-00 00:00:00','false',301,'0000-00-00 00:00:00','0000-00-00 00:00:00',189,'unread','0000-00-00 00:00:00'),('0000-00-00 00:00:00','0000-00-00 00:00:00','0000-00-00 00:00:00','false',301,'0000-00-00 00:00:00','0000-00-00 00:00:00',190,'unread','0000-00-00 00:00:00'),('0000-00-00 00:00:00','0000-00-00 00:00:00','0000-00-00 00:00:00','false',302,'2010-02-15 09:11:17','0000-00-00 00:00:00',13,'read','0000-00-00 00:00:00'),('0000-00-00 00:00:00','0000-00-00 00:00:00','0000-00-00 00:00:00','false',302,'0000-00-00 00:00:00','0000-00-00 00:00:00',16,'unread','0000-00-00 00:00:00'),('0000-00-00 00:00:00','0000-00-00 00:00:00','0000-00-00 00:00:00','false',302,'0000-00-00 00:00:00','0000-00-00 00:00:00',189,'unread','0000-00-00 00:00:00'),('0000-00-00 00:00:00','0000-00-00 00:00:00','0000-00-00 00:00:00','false',302,'0000-00-00 00:00:00','0000-00-00 00:00:00',190,'unread','0000-00-00 00:00:00'),('0000-00-00 00:00:00','0000-00-00 00:00:00','0000-00-00 00:00:00','false',303,'2010-02-15 09:19:40','0000-00-00 00:00:00',13,'read','0000-00-00 00:00:00'),('0000-00-00 00:00:00','0000-00-00 00:00:00','0000-00-00 00:00:00','false',303,'0000-00-00 00:00:00','0000-00-00 00:00:00',16,'unread','0000-00-00 00:00:00'),('0000-00-00 00:00:00','0000-00-00 00:00:00','0000-00-00 00:00:00','false',303,'0000-00-00 00:00:00','0000-00-00 00:00:00',189,'unread','0000-00-00 00:00:00'),('0000-00-00 00:00:00','0000-00-00 00:00:00','0000-00-00 00:00:00','false',303,'0000-00-00 00:00:00','0000-00-00 00:00:00',190,'unread','0000-00-00 00:00:00'),('0000-00-00 00:00:00','0000-00-00 00:00:00','0000-00-00 00:00:00','false',304,'0000-00-00 00:00:00','0000-00-00 00:00:00',16,'unread','0000-00-00 00:00:00'),('0000-00-00 00:00:00','0000-00-00 00:00:00','0000-00-00 00:00:00','false',306,'2010-02-15 12:25:38','0000-00-00 00:00:00',13,'read','0000-00-00 00:00:00'),('0000-00-00 00:00:00','0000-00-00 00:00:00','0000-00-00 00:00:00','false',306,'0000-00-00 00:00:00','0000-00-00 00:00:00',16,'unread','0000-00-00 00:00:00'),('0000-00-00 00:00:00','0000-00-00 00:00:00','0000-00-00 00:00:00','false',306,'0000-00-00 00:00:00','0000-00-00 00:00:00',189,'unread','0000-00-00 00:00:00'),('0000-00-00 00:00:00','0000-00-00 00:00:00','0000-00-00 00:00:00','false',306,'0000-00-00 00:00:00','0000-00-00 00:00:00',190,'unread','0000-00-00 00:00:00'),('0000-00-00 00:00:00','0000-00-00 00:00:00','0000-00-00 00:00:00','false',307,'2010-02-15 12:34:23','0000-00-00 00:00:00',13,'read','0000-00-00 00:00:00'),('0000-00-00 00:00:00','0000-00-00 00:00:00','0000-00-00 00:00:00','false',308,'2010-02-15 13:11:19','0000-00-00 00:00:00',13,'read','0000-00-00 00:00:00'),('0000-00-00 00:00:00','0000-00-00 00:00:00','0000-00-00 00:00:00','false',308,'0000-00-00 00:00:00','0000-00-00 00:00:00',16,'unread','0000-00-00 00:00:00'),('2010-02-15 13:32:19','0000-00-00 00:00:00','0000-00-00 00:00:00','false',309,'0000-00-00 00:00:00','0000-00-00 00:00:00',13,'deleted','0000-00-00 00:00:00'),('0000-00-00 00:00:00','0000-00-00 00:00:00','0000-00-00 00:00:00','false',309,'0000-00-00 00:00:00','0000-00-00 00:00:00',16,'unread','0000-00-00 00:00:00'),('2010-02-15 13:32:24','0000-00-00 00:00:00','0000-00-00 00:00:00','false',310,'0000-00-00 00:00:00','0000-00-00 00:00:00',13,'deleted','0000-00-00 00:00:00'),('0000-00-00 00:00:00','0000-00-00 00:00:00','0000-00-00 00:00:00','false',310,'0000-00-00 00:00:00','0000-00-00 00:00:00',16,'unread','0000-00-00 00:00:00'),('0000-00-00 00:00:00','0000-00-00 00:00:00','0000-00-00 00:00:00','false',310,'0000-00-00 00:00:00','0000-00-00 00:00:00',34,'unread','0000-00-00 00:00:00'),('0000-00-00 00:00:00','0000-00-00 00:00:00','0000-00-00 00:00:00','false',310,'0000-00-00 00:00:00','0000-00-00 00:00:00',182,'unread','0000-00-00 00:00:00'),('0000-00-00 00:00:00','0000-00-00 00:00:00','0000-00-00 00:00:00','false',310,'0000-00-00 00:00:00','0000-00-00 00:00:00',183,'unread','0000-00-00 00:00:00'),('0000-00-00 00:00:00','0000-00-00 00:00:00','0000-00-00 00:00:00','false',310,'0000-00-00 00:00:00','0000-00-00 00:00:00',184,'unread','0000-00-00 00:00:00'),('0000-00-00 00:00:00','0000-00-00 00:00:00','0000-00-00 00:00:00','false',310,'0000-00-00 00:00:00','0000-00-00 00:00:00',185,'unread','0000-00-00 00:00:00'),('0000-00-00 00:00:00','0000-00-00 00:00:00','0000-00-00 00:00:00','false',310,'0000-00-00 00:00:00','0000-00-00 00:00:00',186,'unread','0000-00-00 00:00:00'),('0000-00-00 00:00:00','0000-00-00 00:00:00','0000-00-00 00:00:00','false',310,'0000-00-00 00:00:00','0000-00-00 00:00:00',188,'unread','0000-00-00 00:00:00'),('0000-00-00 00:00:00','0000-00-00 00:00:00','0000-00-00 00:00:00','false',310,'0000-00-00 00:00:00','0000-00-00 00:00:00',189,'unread','0000-00-00 00:00:00'),('0000-00-00 00:00:00','0000-00-00 00:00:00','0000-00-00 00:00:00','false',310,'0000-00-00 00:00:00','0000-00-00 00:00:00',190,'unread','0000-00-00 00:00:00'),('0000-00-00 00:00:00','0000-00-00 00:00:00','0000-00-00 00:00:00','false',310,'0000-00-00 00:00:00','0000-00-00 00:00:00',191,'unread','0000-00-00 00:00:00'),('0000-00-00 00:00:00','0000-00-00 00:00:00','0000-00-00 00:00:00','false',310,'0000-00-00 00:00:00','0000-00-00 00:00:00',192,'unread','0000-00-00 00:00:00'),('0000-00-00 00:00:00','0000-00-00 00:00:00','0000-00-00 00:00:00','false',310,'0000-00-00 00:00:00','0000-00-00 00:00:00',193,'unread','0000-00-00 00:00:00'),('0000-00-00 00:00:00','0000-00-00 00:00:00','0000-00-00 00:00:00','false',310,'0000-00-00 00:00:00','0000-00-00 00:00:00',194,'unread','0000-00-00 00:00:00'),('0000-00-00 00:00:00','0000-00-00 00:00:00','0000-00-00 00:00:00','false',310,'0000-00-00 00:00:00','0000-00-00 00:00:00',195,'unread','0000-00-00 00:00:00'),('0000-00-00 00:00:00','0000-00-00 00:00:00','0000-00-00 00:00:00','false',310,'0000-00-00 00:00:00','0000-00-00 00:00:00',196,'unread','0000-00-00 00:00:00'),('2010-02-15 13:32:10','0000-00-00 00:00:00','0000-00-00 00:00:00','false',311,'2010-02-15 13:19:09','0000-00-00 00:00:00',13,'deleted','0000-00-00 00:00:00'),('0000-00-00 00:00:00','0000-00-00 00:00:00','0000-00-00 00:00:00','false',311,'0000-00-00 00:00:00','0000-00-00 00:00:00',16,'unread','0000-00-00 00:00:00'),('0000-00-00 00:00:00','0000-00-00 00:00:00','0000-00-00 00:00:00','false',311,'0000-00-00 00:00:00','0000-00-00 00:00:00',189,'unread','0000-00-00 00:00:00'),('0000-00-00 00:00:00','0000-00-00 00:00:00','0000-00-00 00:00:00','false',311,'0000-00-00 00:00:00','0000-00-00 00:00:00',190,'unread','0000-00-00 00:00:00'),('0000-00-00 00:00:00','0000-00-00 00:00:00','0000-00-00 00:00:00','false',312,'0000-00-00 00:00:00','0000-00-00 00:00:00',34,'unread','0000-00-00 00:00:00'),('0000-00-00 00:00:00','0000-00-00 00:00:00','0000-00-00 00:00:00','false',312,'0000-00-00 00:00:00','0000-00-00 00:00:00',183,'unread','0000-00-00 00:00:00'),('0000-00-00 00:00:00','0000-00-00 00:00:00','0000-00-00 00:00:00','false',314,'0000-00-00 00:00:00','0000-00-00 00:00:00',16,'unread','0000-00-00 00:00:00'),('0000-00-00 00:00:00','0000-00-00 00:00:00','0000-00-00 00:00:00','false',315,'2010-02-19 09:21:56','0000-00-00 00:00:00',13,'read','0000-00-00 00:00:00'),('0000-00-00 00:00:00','0000-00-00 00:00:00','0000-00-00 00:00:00','false',315,'0000-00-00 00:00:00','0000-00-00 00:00:00',16,'unread','0000-00-00 00:00:00'),('0000-00-00 00:00:00','0000-00-00 00:00:00','0000-00-00 00:00:00','false',315,'0000-00-00 00:00:00','0000-00-00 00:00:00',34,'unread','0000-00-00 00:00:00'),('0000-00-00 00:00:00','0000-00-00 00:00:00','0000-00-00 00:00:00','false',315,'0000-00-00 00:00:00','0000-00-00 00:00:00',183,'unread','0000-00-00 00:00:00'),('0000-00-00 00:00:00','0000-00-00 00:00:00','0000-00-00 00:00:00','false',315,'0000-00-00 00:00:00','0000-00-00 00:00:00',184,'unread','0000-00-00 00:00:00'),('0000-00-00 00:00:00','0000-00-00 00:00:00','0000-00-00 00:00:00','false',315,'0000-00-00 00:00:00','0000-00-00 00:00:00',185,'unread','0000-00-00 00:00:00'),('0000-00-00 00:00:00','0000-00-00 00:00:00','0000-00-00 00:00:00','false',315,'0000-00-00 00:00:00','0000-00-00 00:00:00',189,'unread','0000-00-00 00:00:00'),('0000-00-00 00:00:00','0000-00-00 00:00:00','0000-00-00 00:00:00','false',315,'0000-00-00 00:00:00','0000-00-00 00:00:00',190,'unread','0000-00-00 00:00:00'),('0000-00-00 00:00:00','0000-00-00 00:00:00','0000-00-00 00:00:00','false',316,'0000-00-00 00:00:00','0000-00-00 00:00:00',34,'unread','0000-00-00 00:00:00'),('0000-00-00 00:00:00','0000-00-00 00:00:00','0000-00-00 00:00:00','false',318,'0000-00-00 00:00:00','0000-00-00 00:00:00',34,'unread','0000-00-00 00:00:00'),('0000-00-00 00:00:00','0000-00-00 00:00:00','0000-00-00 00:00:00','false',319,'2010-02-19 10:13:52','0000-00-00 00:00:00',13,'read','0000-00-00 00:00:00'),('0000-00-00 00:00:00','0000-00-00 00:00:00','0000-00-00 00:00:00','false',319,'2010-03-09 09:37:05','0000-00-00 00:00:00',16,'read','0000-00-00 00:00:00'),('0000-00-00 00:00:00','0000-00-00 00:00:00','0000-00-00 00:00:00','false',319,'0000-00-00 00:00:00','0000-00-00 00:00:00',189,'unread','0000-00-00 00:00:00'),('0000-00-00 00:00:00','0000-00-00 00:00:00','0000-00-00 00:00:00','false',319,'0000-00-00 00:00:00','0000-00-00 00:00:00',190,'unread','0000-00-00 00:00:00'),('0000-00-00 00:00:00','0000-00-00 00:00:00','0000-00-00 00:00:00','false',321,'2010-02-19 10:18:41','0000-00-00 00:00:00',13,'read','0000-00-00 00:00:00'),('0000-00-00 00:00:00','0000-00-00 00:00:00','0000-00-00 00:00:00','false',321,'2010-03-09 09:36:55','0000-00-00 00:00:00',16,'read','0000-00-00 00:00:00'),('0000-00-00 00:00:00','0000-00-00 00:00:00','0000-00-00 00:00:00','false',321,'0000-00-00 00:00:00','0000-00-00 00:00:00',34,'unread','0000-00-00 00:00:00'),('0000-00-00 00:00:00','0000-00-00 00:00:00','0000-00-00 00:00:00','false',321,'0000-00-00 00:00:00','0000-00-00 00:00:00',182,'unread','0000-00-00 00:00:00'),('0000-00-00 00:00:00','0000-00-00 00:00:00','0000-00-00 00:00:00','false',321,'0000-00-00 00:00:00','0000-00-00 00:00:00',183,'unread','0000-00-00 00:00:00'),('0000-00-00 00:00:00','0000-00-00 00:00:00','0000-00-00 00:00:00','false',321,'0000-00-00 00:00:00','0000-00-00 00:00:00',184,'unread','0000-00-00 00:00:00'),('0000-00-00 00:00:00','0000-00-00 00:00:00','0000-00-00 00:00:00','false',321,'0000-00-00 00:00:00','0000-00-00 00:00:00',185,'unread','0000-00-00 00:00:00'),('0000-00-00 00:00:00','0000-00-00 00:00:00','0000-00-00 00:00:00','false',321,'0000-00-00 00:00:00','0000-00-00 00:00:00',186,'unread','0000-00-00 00:00:00'),('0000-00-00 00:00:00','0000-00-00 00:00:00','0000-00-00 00:00:00','false',321,'0000-00-00 00:00:00','0000-00-00 00:00:00',188,'unread','0000-00-00 00:00:00'),('0000-00-00 00:00:00','0000-00-00 00:00:00','0000-00-00 00:00:00','false',321,'0000-00-00 00:00:00','0000-00-00 00:00:00',189,'unread','0000-00-00 00:00:00'),('0000-00-00 00:00:00','0000-00-00 00:00:00','0000-00-00 00:00:00','false',321,'0000-00-00 00:00:00','0000-00-00 00:00:00',190,'unread','0000-00-00 00:00:00'),('0000-00-00 00:00:00','0000-00-00 00:00:00','0000-00-00 00:00:00','false',321,'0000-00-00 00:00:00','0000-00-00 00:00:00',191,'unread','0000-00-00 00:00:00'),('0000-00-00 00:00:00','0000-00-00 00:00:00','0000-00-00 00:00:00','false',321,'0000-00-00 00:00:00','0000-00-00 00:00:00',192,'unread','0000-00-00 00:00:00'),('0000-00-00 00:00:00','0000-00-00 00:00:00','0000-00-00 00:00:00','false',321,'0000-00-00 00:00:00','0000-00-00 00:00:00',193,'unread','0000-00-00 00:00:00'),('0000-00-00 00:00:00','0000-00-00 00:00:00','0000-00-00 00:00:00','false',321,'0000-00-00 00:00:00','0000-00-00 00:00:00',194,'unread','0000-00-00 00:00:00'),('0000-00-00 00:00:00','0000-00-00 00:00:00','0000-00-00 00:00:00','false',321,'0000-00-00 00:00:00','0000-00-00 00:00:00',195,'unread','0000-00-00 00:00:00'),('0000-00-00 00:00:00','0000-00-00 00:00:00','0000-00-00 00:00:00','false',321,'0000-00-00 00:00:00','0000-00-00 00:00:00',196,'unread','0000-00-00 00:00:00'),('0000-00-00 00:00:00','0000-00-00 00:00:00','0000-00-00 00:00:00','false',322,'2010-02-26 10:07:00','0000-00-00 00:00:00',13,'read','0000-00-00 00:00:00'),('0000-00-00 00:00:00','0000-00-00 00:00:00','0000-00-00 00:00:00','false',323,'2010-02-26 10:07:37','0000-00-00 00:00:00',13,'read','0000-00-00 00:00:00'),('0000-00-00 00:00:00','0000-00-00 00:00:00','0000-00-00 00:00:00','false',324,'2010-02-26 19:57:30','0000-00-00 00:00:00',13,'read','0000-00-00 00:00:00'),('0000-00-00 00:00:00','0000-00-00 00:00:00','0000-00-00 00:00:00','false',324,'2010-03-09 09:36:41','0000-00-00 00:00:00',16,'read','0000-00-00 00:00:00'),('0000-00-00 00:00:00','0000-00-00 00:00:00','0000-00-00 00:00:00','false',324,'0000-00-00 00:00:00','0000-00-00 00:00:00',189,'unread','0000-00-00 00:00:00'),('0000-00-00 00:00:00','0000-00-00 00:00:00','0000-00-00 00:00:00','false',324,'0000-00-00 00:00:00','0000-00-00 00:00:00',190,'unread','0000-00-00 00:00:00'),('0000-00-00 00:00:00','0000-00-00 00:00:00','0000-00-00 00:00:00','false',325,'2010-04-15 14:48:30','0000-00-00 00:00:00',13,'read','0000-00-00 00:00:00'),('0000-00-00 00:00:00','0000-00-00 00:00:00','0000-00-00 00:00:00','false',326,'2010-04-15 14:48:25','0000-00-00 00:00:00',13,'read','0000-00-00 00:00:00'),('0000-00-00 00:00:00','0000-00-00 00:00:00','0000-00-00 00:00:00','false',326,'0000-00-00 00:00:00','0000-00-00 00:00:00',182,'unread','0000-00-00 00:00:00'),('0000-00-00 00:00:00','0000-00-00 00:00:00','0000-00-00 00:00:00','false',327,'2010-03-09 09:07:30','0000-00-00 00:00:00',16,'read','0000-00-00 00:00:00'),('0000-00-00 00:00:00','0000-00-00 00:00:00','0000-00-00 00:00:00','false',327,'0000-00-00 00:00:00','0000-00-00 00:00:00',34,'unread','0000-00-00 00:00:00'),('0000-00-00 00:00:00','0000-00-00 00:00:00','0000-00-00 00:00:00','false',327,'0000-00-00 00:00:00','0000-00-00 00:00:00',185,'unread','0000-00-00 00:00:00'),('0000-00-00 00:00:00','0000-00-00 00:00:00','0000-00-00 00:00:00','false',327,'0000-00-00 00:00:00','0000-00-00 00:00:00',188,'unread','0000-00-00 00:00:00'),('0000-00-00 00:00:00','0000-00-00 00:00:00','0000-00-00 00:00:00','false',327,'0000-00-00 00:00:00','0000-00-00 00:00:00',190,'unread','0000-00-00 00:00:00'),('0000-00-00 00:00:00','0000-00-00 00:00:00','0000-00-00 00:00:00','false',327,'0000-00-00 00:00:00','0000-00-00 00:00:00',191,'unread','0000-00-00 00:00:00'),('0000-00-00 00:00:00','0000-00-00 00:00:00','0000-00-00 00:00:00','false',327,'0000-00-00 00:00:00','0000-00-00 00:00:00',192,'unread','0000-00-00 00:00:00'),('0000-00-00 00:00:00','0000-00-00 00:00:00','0000-00-00 00:00:00','false',328,'2010-03-09 09:07:22','0000-00-00 00:00:00',16,'read','0000-00-00 00:00:00'),('0000-00-00 00:00:00','0000-00-00 00:00:00','0000-00-00 00:00:00','false',328,'0000-00-00 00:00:00','0000-00-00 00:00:00',191,'unread','0000-00-00 00:00:00'),('0000-00-00 00:00:00','0000-00-00 00:00:00','0000-00-00 00:00:00','false',329,'2010-04-13 23:46:51','0000-00-00 00:00:00',13,'read','0000-00-00 00:00:00'),('0000-00-00 00:00:00','0000-00-00 00:00:00','0000-00-00 00:00:00','false',330,'0000-00-00 00:00:00','0000-00-00 00:00:00',34,'unread','0000-00-00 00:00:00'),('0000-00-00 00:00:00','0000-00-00 00:00:00','0000-00-00 00:00:00','false',330,'0000-00-00 00:00:00','0000-00-00 00:00:00',184,'unread','0000-00-00 00:00:00'),('0000-00-00 00:00:00','0000-00-00 00:00:00','0000-00-00 00:00:00','true',277,'0000-00-00 00:00:00','0000-00-00 00:00:00',16,'unread','0000-00-00 00:00:00'),('0000-00-00 00:00:00','0000-00-00 00:00:00','0000-00-00 00:00:00','true',278,'0000-00-00 00:00:00','0000-00-00 00:00:00',13,'unread','0000-00-00 00:00:00'),('0000-00-00 00:00:00','0000-00-00 00:00:00','0000-00-00 00:00:00','true',279,'0000-00-00 00:00:00','0000-00-00 00:00:00',198,'unread','0000-00-00 00:00:00'),('0000-00-00 00:00:00','0000-00-00 00:00:00','0000-00-00 00:00:00','true',280,'0000-00-00 00:00:00','0000-00-00 00:00:00',1,'unread','0000-00-00 00:00:00'),('0000-00-00 00:00:00','0000-00-00 00:00:00','0000-00-00 00:00:00','true',281,'0000-00-00 00:00:00','0000-00-00 00:00:00',1,'unread','0000-00-00 00:00:00'),('0000-00-00 00:00:00','0000-00-00 00:00:00','0000-00-00 00:00:00','true',282,'0000-00-00 00:00:00','0000-00-00 00:00:00',13,'unread','0000-00-00 00:00:00'),('0000-00-00 00:00:00','0000-00-00 00:00:00','0000-00-00 00:00:00','true',283,'0000-00-00 00:00:00','0000-00-00 00:00:00',13,'unread','0000-00-00 00:00:00'),('0000-00-00 00:00:00','0000-00-00 00:00:00','0000-00-00 00:00:00','true',284,'0000-00-00 00:00:00','0000-00-00 00:00:00',13,'unread','0000-00-00 00:00:00'),('0000-00-00 00:00:00','0000-00-00 00:00:00','0000-00-00 00:00:00','true',285,'0000-00-00 00:00:00','0000-00-00 00:00:00',13,'unread','0000-00-00 00:00:00'),('0000-00-00 00:00:00','0000-00-00 00:00:00','0000-00-00 00:00:00','true',286,'0000-00-00 00:00:00','0000-00-00 00:00:00',13,'unread','0000-00-00 00:00:00'),('0000-00-00 00:00:00','0000-00-00 00:00:00','0000-00-00 00:00:00','true',287,'0000-00-00 00:00:00','0000-00-00 00:00:00',13,'unread','0000-00-00 00:00:00'),('2010-02-13 23:54:21','0000-00-00 00:00:00','0000-00-00 00:00:00','true',288,'0000-00-00 00:00:00','0000-00-00 00:00:00',13,'deleted','0000-00-00 00:00:00'),('2010-02-13 23:54:32','0000-00-00 00:00:00','0000-00-00 00:00:00','true',289,'0000-00-00 00:00:00','0000-00-00 00:00:00',13,'deleted','0000-00-00 00:00:00'),('0000-00-00 00:00:00','0000-00-00 00:00:00','0000-00-00 00:00:00','true',290,'0000-00-00 00:00:00','0000-00-00 00:00:00',13,'unread','0000-00-00 00:00:00'),('0000-00-00 00:00:00','0000-00-00 00:00:00','0000-00-00 00:00:00','true',291,'0000-00-00 00:00:00','0000-00-00 00:00:00',13,'unread','0000-00-00 00:00:00'),('0000-00-00 00:00:00','0000-00-00 00:00:00','0000-00-00 00:00:00','true',292,'2010-02-14 00:17:38','0000-00-00 00:00:00',13,'read','0000-00-00 00:00:00'),('0000-00-00 00:00:00','0000-00-00 00:00:00','0000-00-00 00:00:00','true',293,'2010-02-14 00:26:40','0000-00-00 00:00:00',13,'read','0000-00-00 00:00:00'),('0000-00-00 00:00:00','0000-00-00 00:00:00','0000-00-00 00:00:00','true',294,'0000-00-00 00:00:00','0000-00-00 00:00:00',13,'unread','0000-00-00 00:00:00'),('0000-00-00 00:00:00','0000-00-00 00:00:00','0000-00-00 00:00:00','true',295,'2010-02-14 00:29:29','0000-00-00 00:00:00',13,'read','0000-00-00 00:00:00'),('0000-00-00 00:00:00','0000-00-00 00:00:00','0000-00-00 00:00:00','true',297,'2010-02-14 01:10:13','0000-00-00 00:00:00',13,'read','0000-00-00 00:00:00'),('0000-00-00 00:00:00','0000-00-00 00:00:00','0000-00-00 00:00:00','true',298,'2010-02-14 01:11:45','0000-00-00 00:00:00',13,'read','0000-00-00 00:00:00'),('0000-00-00 00:00:00','0000-00-00 00:00:00','0000-00-00 00:00:00','true',299,'2010-02-14 01:11:51','0000-00-00 00:00:00',13,'read','0000-00-00 00:00:00'),('0000-00-00 00:00:00','0000-00-00 00:00:00','0000-00-00 00:00:00','true',300,'2010-02-14 01:11:57','0000-00-00 00:00:00',13,'read','0000-00-00 00:00:00'),('0000-00-00 00:00:00','0000-00-00 00:00:00','0000-00-00 00:00:00','true',301,'2010-02-15 09:10:00','0000-00-00 00:00:00',13,'read','0000-00-00 00:00:00'),('0000-00-00 00:00:00','0000-00-00 00:00:00','0000-00-00 00:00:00','true',302,'2010-02-15 09:11:17','0000-00-00 00:00:00',13,'read','0000-00-00 00:00:00'),('0000-00-00 00:00:00','0000-00-00 00:00:00','0000-00-00 00:00:00','true',303,'2010-02-15 09:19:40','0000-00-00 00:00:00',13,'read','0000-00-00 00:00:00'),('0000-00-00 00:00:00','0000-00-00 00:00:00','0000-00-00 00:00:00','true',304,'2010-02-15 09:32:07','0000-00-00 00:00:00',13,'read','0000-00-00 00:00:00'),('0000-00-00 00:00:00','0000-00-00 00:00:00','0000-00-00 00:00:00','true',306,'0000-00-00 00:00:00','0000-00-00 00:00:00',1,'unread','0000-00-00 00:00:00'),('0000-00-00 00:00:00','0000-00-00 00:00:00','0000-00-00 00:00:00','true',307,'2010-02-15 12:34:23','0000-00-00 00:00:00',13,'read','0000-00-00 00:00:00'),('0000-00-00 00:00:00','0000-00-00 00:00:00','0000-00-00 00:00:00','true',308,'0000-00-00 00:00:00','0000-00-00 00:00:00',187,'unread','0000-00-00 00:00:00'),('0000-00-00 00:00:00','0000-00-00 00:00:00','0000-00-00 00:00:00','true',309,'0000-00-00 00:00:00','0000-00-00 00:00:00',187,'unread','0000-00-00 00:00:00'),('0000-00-00 00:00:00','0000-00-00 00:00:00','0000-00-00 00:00:00','true',310,'0000-00-00 00:00:00','0000-00-00 00:00:00',187,'unread','0000-00-00 00:00:00'),('0000-00-00 00:00:00','0000-00-00 00:00:00','0000-00-00 00:00:00','true',311,'0000-00-00 00:00:00','0000-00-00 00:00:00',187,'unread','0000-00-00 00:00:00'),('0000-00-00 00:00:00','0000-00-00 00:00:00','0000-00-00 00:00:00','true',312,'2010-02-15 13:31:47','0000-00-00 00:00:00',13,'read','0000-00-00 00:00:00'),('0000-00-00 00:00:00','0000-00-00 00:00:00','0000-00-00 00:00:00','true',314,'0000-00-00 00:00:00','0000-00-00 00:00:00',16,'unread','0000-00-00 00:00:00'),('0000-00-00 00:00:00','0000-00-00 00:00:00','0000-00-00 00:00:00','true',315,'2010-02-19 09:21:56','0000-00-00 00:00:00',13,'read','0000-00-00 00:00:00'),('0000-00-00 00:00:00','0000-00-00 00:00:00','0000-00-00 00:00:00','true',316,'2010-02-19 10:03:56','0000-00-00 00:00:00',13,'read','0000-00-00 00:00:00'),('0000-00-00 00:00:00','0000-00-00 00:00:00','0000-00-00 00:00:00','true',318,'2010-02-19 10:04:17','0000-00-00 00:00:00',13,'read','0000-00-00 00:00:00'),('0000-00-00 00:00:00','0000-00-00 00:00:00','0000-00-00 00:00:00','true',319,'0000-00-00 00:00:00','0000-00-00 00:00:00',187,'unread','0000-00-00 00:00:00'),('0000-00-00 00:00:00','0000-00-00 00:00:00','0000-00-00 00:00:00','true',321,'0000-00-00 00:00:00','0000-00-00 00:00:00',1,'unread','0000-00-00 00:00:00'),('0000-00-00 00:00:00','0000-00-00 00:00:00','0000-00-00 00:00:00','true',322,'2010-02-26 09:51:51','0000-00-00 00:00:00',16,'read','0000-00-00 00:00:00'),('0000-00-00 00:00:00','0000-00-00 00:00:00','0000-00-00 00:00:00','true',323,'2010-02-26 10:07:19','0000-00-00 00:00:00',16,'read','0000-00-00 00:00:00'),('0000-00-00 00:00:00','0000-00-00 00:00:00','0000-00-00 00:00:00','true',324,'0000-00-00 00:00:00','0000-00-00 00:00:00',187,'unread','0000-00-00 00:00:00'),('0000-00-00 00:00:00','0000-00-00 00:00:00','0000-00-00 00:00:00','true',325,'2010-03-02 20:49:38','0000-00-00 00:00:00',16,'read','0000-00-00 00:00:00'),('0000-00-00 00:00:00','0000-00-00 00:00:00','0000-00-00 00:00:00','true',326,'0000-00-00 00:00:00','0000-00-00 00:00:00',1,'unread','0000-00-00 00:00:00'),('0000-00-00 00:00:00','0000-00-00 00:00:00','0000-00-00 00:00:00','true',327,'0000-00-00 00:00:00','0000-00-00 00:00:00',1,'unread','0000-00-00 00:00:00'),('0000-00-00 00:00:00','0000-00-00 00:00:00','0000-00-00 00:00:00','true',328,'0000-00-00 00:00:00','0000-00-00 00:00:00',235,'unread','0000-00-00 00:00:00'),('0000-00-00 00:00:00','0000-00-00 00:00:00','0000-00-00 00:00:00','true',329,'2010-04-12 10:17:22','0000-00-00 00:00:00',193,'read','0000-00-00 00:00:00'),('2010-08-19 22:04:38','0000-00-00 00:00:00','0000-00-00 00:00:00','true',330,'2010-05-08 23:25:37','0000-00-00 00:00:00',13,'deleted','0000-00-00 00:00:00');
/*!40000 ALTER TABLE `message_searchable` ENABLE KEYS */;
UNLOCK TABLES;

--
-- Table structure for table `network`
--

DROP TABLE IF EXISTS `network`;
/*!40101 SET @saved_cs_client     = @@character_set_client */;
/*!40101 SET character_set_client = utf8 */;
CREATE TABLE `network` (
  `searchable_id` int(11) unsigned NOT NULL,
  PRIMARY KEY (`searchable_id`),
  KEY `searchable_network_fk` (`searchable_id`)
) ENGINE=InnoDB DEFAULT CHARSET=utf8;
/*!40101 SET character_set_client = @saved_cs_client */;

--
-- Dumping data for table `network`
--

LOCK TABLES `network` WRITE;
/*!40000 ALTER TABLE `network` DISABLE KEYS */;
INSERT INTO `network` VALUES (234),(235),(236),(237),(238),(239),(240),(241),(242),(243),(244);
/*!40000 ALTER TABLE `network` ENABLE KEYS */;
UNLOCK TABLES;

--
-- Table structure for table `network_searchable`
--

DROP TABLE IF EXISTS `network_searchable`;
/*!40101 SET @saved_cs_client     = @@character_set_client */;
/*!40101 SET character_set_client = utf8 */;
CREATE TABLE `network_searchable` (
  `network_id` int(11) unsigned NOT NULL,
  `searchable_id` int(11) unsigned NOT NULL,
  PRIMARY KEY (`network_id`,`searchable_id`),
  KEY `network_searchable_network_fk` (`network_id`),
  KEY `network_searchable_searchable_fk` (`searchable_id`),
  CONSTRAINT `network_searchable_network_fk` FOREIGN KEY (`network_id`) REFERENCES `network` (`searchable_id`),
  CONSTRAINT `network_searchable_searchable_fk` FOREIGN KEY (`searchable_id`) REFERENCES `searchable` (`id`)
) ENGINE=InnoDB DEFAULT CHARSET=utf8;
/*!40101 SET character_set_client = @saved_cs_client */;

--
-- Dumping data for table `network_searchable`
--

LOCK TABLES `network_searchable` WRITE;
/*!40000 ALTER TABLE `network_searchable` DISABLE KEYS */;
/*!40000 ALTER TABLE `network_searchable` ENABLE KEYS */;
UNLOCK TABLES;

--
-- Table structure for table `news`
--

DROP TABLE IF EXISTS `news`;
/*!40101 SET @saved_cs_client     = @@character_set_client */;
/*!40101 SET character_set_client = utf8 */;
CREATE TABLE `news` (
  `body` mediumtext NOT NULL,
  `created` timestamp NOT NULL DEFAULT '0000-00-00 00:00:00',
  `date` timestamp NOT NULL DEFAULT '0000-00-00 00:00:00',
  `expires` timestamp NOT NULL DEFAULT '0000-00-00 00:00:00',
  `id` int(11) unsigned NOT NULL AUTO_INCREMENT,
  `modified` timestamp NOT NULL DEFAULT CURRENT_TIMESTAMP ON UPDATE CURRENT_TIMESTAMP,
  `type` char(1) NOT NULL,
  `title` varchar(255) NOT NULL,
  PRIMARY KEY (`id`)
) ENGINE=InnoDB AUTO_INCREMENT=20 DEFAULT CHARSET=utf8;
/*!40101 SET character_set_client = @saved_cs_client */;

--
-- Dumping data for table `news`
--

LOCK TABLES `news` WRITE;
/*!40000 ALTER TABLE `news` DISABLE KEYS */;
INSERT INTO `news` VALUES ('This is some good news.','2009-07-05 23:57:28','2009-09-12 21:30:00','2009-10-12 21:30:00',2,'2009-07-05 23:57:28','N','Test news'),('time to eat skinny cows','2009-07-05 23:59:54','2009-09-12 21:30:00','2009-09-12 22:30:00',5,'2009-07-05 23:59:54','E','Test Event'),('Two heads are better than one. So Matt will be heading over to Mike\'s place in order to explore the site and understand potential bugs. Mile\'s is invited as well, as his input is extremely valuable to our toddler audience.','2009-07-26 01:15:04','2009-07-26 23:00:00','2009-07-27 00:00:00',7,'2009-07-26 01:15:04','E','Meeting  Mike\'s Place'),('test','2009-12-08 19:43:02','2009-12-08 19:42:37','0000-00-00 00:00:00',8,'2009-12-08 19:43:02','N','testtest'),('test content','2010-03-29 15:53:40','2010-03-29 15:47:30','2010-03-31 15:47:30',12,'2010-03-29 16:40:22','N','test title'),('test','2010-04-12 17:18:01','2010-04-12 17:17:42','2010-05-12 17:17:42',13,'2010-04-12 17:18:01','N','test'),('Hidey Ho!','2010-05-11 15:44:38','2010-05-11 15:44:04','2010-06-11 15:44:04',14,'2010-05-11 15:44:38','N','New Test News'),('What?','2010-05-11 15:51:16','2010-05-11 15:44:44','2010-06-11 15:44:44',15,'2010-05-11 15:51:16','N','Ask Jeeves'),('Holy shit!','2010-05-11 16:21:40','2010-05-11 16:19:48','2010-06-11 16:19:48',16,'2010-05-11 16:41:09','A','The sky is falling'),('test','2010-09-26 21:11:14','2010-09-26 21:10:55','2010-10-26 21:10:55',17,'2010-09-26 21:11:14','N','test'),('wtf','2010-09-26 21:12:40','2010-09-26 21:12:18','2010-10-26 21:12:18',18,'2010-09-26 21:12:40','N','wtf'),('damn','2010-09-26 21:16:16','2010-09-26 21:12:41','2010-10-26 21:12:41',19,'2010-09-26 21:16:16','N','%$#*');
/*!40000 ALTER TABLE `news` ENABLE KEYS */;
UNLOCK TABLES;

--
-- Table structure for table `news_searchable`
--

DROP TABLE IF EXISTS `news_searchable`;
/*!40101 SET @saved_cs_client     = @@character_set_client */;
/*!40101 SET character_set_client = utf8 */;
CREATE TABLE `news_searchable` (
  `modified` timestamp NOT NULL DEFAULT CURRENT_TIMESTAMP ON UPDATE CURRENT_TIMESTAMP,
  `created` timestamp NOT NULL DEFAULT '0000-00-00 00:00:00',
  `id` int(11) unsigned NOT NULL AUTO_INCREMENT,
  `news_id` int(11) unsigned NOT NULL,
  `searchable_id` int(11) unsigned NOT NULL,
  PRIMARY KEY (`id`),
  UNIQUE KEY `news_searchable_unqiue_key` (`news_id`,`searchable_id`),
  KEY `news_searchable_searchable_fk` (`searchable_id`),
  CONSTRAINT `news_searchable_news_fk` FOREIGN KEY (`news_id`) REFERENCES `news` (`id`),
  CONSTRAINT `news_searchable_searchable_fk` FOREIGN KEY (`searchable_id`) REFERENCES `searchable` (`id`)
) ENGINE=InnoDB AUTO_INCREMENT=99 DEFAULT CHARSET=utf8;
/*!40101 SET character_set_client = @saved_cs_client */;

--
-- Dumping data for table `news_searchable`
--

LOCK TABLES `news_searchable` WRITE;
/*!40000 ALTER TABLE `news_searchable` DISABLE KEYS */;
INSERT INTO `news_searchable` VALUES ('2010-05-11 15:44:38','2010-05-11 15:44:38',1,14,13),('2010-05-11 15:44:38','2010-05-11 15:44:38',2,14,16),('2010-05-11 15:44:38','2010-05-11 15:44:38',3,14,34),('2010-05-11 15:44:38','2010-05-11 15:44:38',4,14,182),('2010-05-11 15:44:38','2010-05-11 15:44:38',5,14,183),('2010-05-11 15:44:38','2010-05-11 15:44:38',6,14,184),('2010-05-11 15:44:38','2010-05-11 15:44:38',7,14,185),('2010-05-11 15:44:38','2010-05-11 15:44:38',8,14,186),('2010-05-11 15:44:38','2010-05-11 15:44:38',9,14,188),('2010-05-11 15:44:38','2010-05-11 15:44:38',10,14,189),('2010-05-11 15:44:38','2010-05-11 15:44:38',11,14,190),('2010-05-11 15:44:38','2010-05-11 15:44:38',12,14,191),('2010-05-11 15:44:38','2010-05-11 15:44:38',13,14,192),('2010-05-11 15:44:38','2010-05-11 15:44:38',14,14,193),('2010-05-11 15:44:38','2010-05-11 15:44:38',15,14,194),('2010-05-11 15:44:38','2010-05-11 15:44:38',16,14,195),('2010-05-11 15:44:38','2010-05-11 15:44:38',17,14,196),('2010-05-11 15:51:16','2010-05-11 15:51:16',18,15,13),('2010-05-11 15:51:16','2010-05-11 15:51:16',19,15,16),('2010-05-11 15:51:16','2010-05-11 15:51:16',20,15,189),('2010-05-11 15:51:16','2010-05-11 15:51:16',21,15,190),('2010-05-11 16:21:40','2010-05-11 16:21:40',22,16,13),('2010-05-11 16:21:40','2010-05-11 16:21:40',23,16,16),('2010-05-11 16:21:40','2010-05-11 16:21:40',24,16,34),('2010-05-11 16:21:40','2010-05-11 16:21:40',25,16,182),('2010-05-11 16:21:40','2010-05-11 16:21:40',26,16,183),('2010-05-11 16:21:40','2010-05-11 16:21:40',27,16,184),('2010-05-11 16:21:40','2010-05-11 16:21:40',28,16,185),('2010-05-11 16:21:40','2010-05-11 16:21:40',29,16,186),('2010-05-11 16:21:40','2010-05-11 16:21:40',30,16,188),('2010-05-11 16:21:40','2010-05-11 16:21:40',31,16,189),('2010-05-11 16:21:40','2010-05-11 16:21:40',32,16,190),('2010-05-11 16:21:40','2010-05-11 16:21:40',33,16,191),('2010-05-11 16:21:40','2010-05-11 16:21:40',34,16,192),('2010-05-11 16:21:40','2010-05-11 16:21:40',35,16,193),('2010-05-11 16:21:40','2010-05-11 16:21:40',36,16,194),('2010-05-11 16:21:40','2010-05-11 16:21:40',37,16,195),('2010-05-11 16:21:40','2010-05-11 16:21:40',38,16,196),('2010-09-26 21:11:14','2010-09-26 21:11:14',39,17,13),('2010-09-26 21:11:14','2010-09-26 21:11:14',40,17,16),('2010-09-26 21:11:14','2010-09-26 21:11:14',41,17,34),('2010-09-26 21:11:14','2010-09-26 21:11:14',42,17,182),('2010-09-26 21:11:14','2010-09-26 21:11:14',43,17,183),('2010-09-26 21:11:14','2010-09-26 21:11:14',44,17,184),('2010-09-26 21:11:14','2010-09-26 21:11:14',45,17,185),('2010-09-26 21:11:14','2010-09-26 21:11:14',46,17,186),('2010-09-26 21:11:14','2010-09-26 21:11:14',47,17,188),('2010-09-26 21:11:14','2010-09-26 21:11:14',48,17,189),('2010-09-26 21:11:14','2010-09-26 21:11:14',49,17,190),('2010-09-26 21:11:14','2010-09-26 21:11:14',50,17,191),('2010-09-26 21:11:14','2010-09-26 21:11:14',51,17,192),('2010-09-26 21:11:14','2010-09-26 21:11:14',52,17,193),('2010-09-26 21:11:14','2010-09-26 21:11:14',53,17,194),('2010-09-26 21:11:14','2010-09-26 21:11:14',54,17,195),('2010-09-26 21:11:14','2010-09-26 21:11:14',55,17,196),('2010-09-26 21:11:14','2010-09-26 21:11:14',56,17,253),('2010-09-26 21:11:14','2010-09-26 21:11:14',57,17,254),('2010-09-26 21:11:14','2010-09-26 21:11:14',58,17,255),('2010-09-26 21:12:40','2010-09-26 21:12:40',59,18,13),('2010-09-26 21:12:40','2010-09-26 21:12:40',60,18,16),('2010-09-26 21:12:40','2010-09-26 21:12:40',61,18,34),('2010-09-26 21:12:40','2010-09-26 21:12:40',62,18,182),('2010-09-26 21:12:40','2010-09-26 21:12:40',63,18,183),('2010-09-26 21:12:40','2010-09-26 21:12:40',64,18,184),('2010-09-26 21:12:40','2010-09-26 21:12:40',65,18,185),('2010-09-26 21:12:40','2010-09-26 21:12:40',66,18,186),('2010-09-26 21:12:40','2010-09-26 21:12:40',67,18,188),('2010-09-26 21:12:40','2010-09-26 21:12:40',68,18,189),('2010-09-26 21:12:40','2010-09-26 21:12:40',69,18,190),('2010-09-26 21:12:40','2010-09-26 21:12:40',70,18,191),('2010-09-26 21:12:40','2010-09-26 21:12:40',71,18,192),('2010-09-26 21:12:40','2010-09-26 21:12:40',72,18,193),('2010-09-26 21:12:40','2010-09-26 21:12:40',73,18,194),('2010-09-26 21:12:40','2010-09-26 21:12:40',74,18,195),('2010-09-26 21:12:40','2010-09-26 21:12:40',75,18,196),('2010-09-26 21:12:40','2010-09-26 21:12:40',76,18,253),('2010-09-26 21:12:40','2010-09-26 21:12:40',77,18,254),('2010-09-26 21:12:40','2010-09-26 21:12:40',78,18,255),('2010-09-26 21:16:16','2010-09-26 21:16:16',79,19,13),('2010-09-26 21:16:16','2010-09-26 21:16:16',80,19,16),('2010-09-26 21:16:16','2010-09-26 21:16:16',81,19,34),('2010-09-26 21:16:16','2010-09-26 21:16:16',82,19,182),('2010-09-26 21:16:16','2010-09-26 21:16:16',83,19,183),('2010-09-26 21:16:16','2010-09-26 21:16:16',84,19,184),('2010-09-26 21:16:16','2010-09-26 21:16:16',85,19,185),('2010-09-26 21:16:16','2010-09-26 21:16:16',86,19,186),('2010-09-26 21:16:16','2010-09-26 21:16:16',87,19,188),('2010-09-26 21:16:16','2010-09-26 21:16:16',88,19,189),('2010-09-26 21:16:16','2010-09-26 21:16:16',89,19,190),('2010-09-26 21:16:16','2010-09-26 21:16:16',90,19,191),('2010-09-26 21:16:16','2010-09-26 21:16:16',91,19,192),('2010-09-26 21:16:16','2010-09-26 21:16:16',92,19,193),('2010-09-26 21:16:16','2010-09-26 21:16:16',93,19,194),('2010-09-26 21:16:16','2010-09-26 21:16:16',94,19,195),('2010-09-26 21:16:16','2010-09-26 21:16:16',95,19,196),('2010-09-26 21:16:16','2010-09-26 21:16:16',96,19,253),('2010-09-26 21:16:16','2010-09-26 21:16:16',97,19,254),('2010-09-26 21:16:16','2010-09-26 21:16:16',98,19,255);
/*!40000 ALTER TABLE `news_searchable` ENABLE KEYS */;
UNLOCK TABLES;

--
-- Table structure for table `notification`
--

DROP TABLE IF EXISTS `notification`;
/*!40101 SET @saved_cs_client     = @@character_set_client */;
/*!40101 SET character_set_client = utf8 */;
CREATE TABLE `notification` (
  `modified` timestamp NOT NULL DEFAULT CURRENT_TIMESTAMP ON UPDATE CURRENT_TIMESTAMP,
  `created` timestamp NOT NULL DEFAULT '0000-00-00 00:00:00',
  `id` int(11) unsigned NOT NULL AUTO_INCREMENT,
  `related_id` int(11) unsigned DEFAULT NULL,
  `searchable_by_id` int(11) unsigned NOT NULL,
  `searchable_to_id` int(11) unsigned NOT NULL,
  `status` enum('active','deleted') NOT NULL,
  `type` enum('member','message','news') NOT NULL,
  `copy` varchar(255) DEFAULT NULL,
  PRIMARY KEY (`id`),
  KEY `notification_searchable_to_fk` (`searchable_by_id`),
  KEY `notification_searchable_by_fk` (`searchable_to_id`),
  CONSTRAINT `notification_searchable_by_fk` FOREIGN KEY (`searchable_to_id`) REFERENCES `searchable` (`id`),
  CONSTRAINT `notification_searchable_to_fk` FOREIGN KEY (`searchable_by_id`) REFERENCES `searchable` (`id`)
) ENGINE=InnoDB AUTO_INCREMENT=376 DEFAULT CHARSET=utf8;
/*!40101 SET character_set_client = @saved_cs_client */;

--
-- Dumping data for table `notification`
--

LOCK TABLES `notification` WRITE;
/*!40000 ALTER TABLE `notification` DISABLE KEYS */;
INSERT INTO `notification` VALUES ('2010-03-01 07:12:46','2010-02-26 17:51:50',6,0,1,13,'deleted','message',NULL),('2010-03-01 07:13:23','2010-02-26 18:07:18',7,323,16,13,'deleted','message',NULL),('2010-03-01 07:13:50','2010-02-26 18:35:02',8,NULL,188,13,'deleted','member',NULL),('2010-03-09 17:36:41','2010-02-27 03:57:16',9,324,187,16,'deleted','message',NULL),('2010-03-09 17:36:41','2010-02-27 03:57:16',10,324,187,189,'deleted','message',NULL),('2010-03-09 17:36:41','2010-02-27 03:57:16',11,324,187,190,'deleted','message',NULL),('2010-02-27 17:02:57','2010-02-27 16:53:59',78,16,1,1,'deleted','news',NULL),('2010-03-01 07:15:24','2010-02-27 16:53:59',79,16,1,13,'deleted','news',NULL),('2010-02-27 17:02:57','2010-02-27 16:53:59',80,16,1,16,'deleted','news',NULL),('2010-02-27 17:02:57','2010-02-27 16:53:59',81,16,1,34,'deleted','news',NULL),('2010-02-27 17:02:57','2010-02-27 16:53:59',82,16,1,182,'deleted','news',NULL),('2010-02-27 17:02:57','2010-02-27 16:53:59',83,16,1,183,'deleted','news',NULL),('2010-02-27 17:02:57','2010-02-27 16:53:59',84,16,1,184,'deleted','news',NULL),('2010-02-27 17:02:57','2010-02-27 16:53:59',85,16,1,185,'deleted','news',NULL),('2010-02-27 17:02:57','2010-02-27 16:53:59',86,16,1,186,'deleted','news',NULL),('2010-02-27 17:02:57','2010-02-27 16:53:59',87,16,1,187,'deleted','news',NULL),('2010-02-27 17:02:57','2010-02-27 16:53:59',88,16,1,188,'deleted','news',NULL),('2010-02-27 17:02:57','2010-02-27 16:53:59',89,16,1,189,'deleted','news',NULL),('2010-02-27 17:02:57','2010-02-27 16:53:59',90,16,1,190,'deleted','news',NULL),('2010-02-27 17:02:57','2010-02-27 16:53:59',91,16,1,191,'deleted','news',NULL),('2010-02-27 17:02:57','2010-02-27 16:53:59',92,16,1,192,'deleted','news',NULL),('2010-02-27 17:02:57','2010-02-27 16:53:59',93,16,1,193,'deleted','news',NULL),('2010-02-27 17:02:57','2010-02-27 16:53:59',94,16,1,194,'deleted','news',NULL),('2010-02-27 17:02:57','2010-02-27 16:53:59',95,16,1,195,'deleted','news',NULL),('2010-02-27 17:02:57','2010-02-27 16:53:59',96,16,1,196,'deleted','news',NULL),('2010-02-27 17:02:57','2010-02-27 16:53:59',97,16,1,197,'deleted','news',NULL),('2010-02-27 17:02:57','2010-02-27 16:53:59',98,16,1,198,'deleted','news',NULL),('2010-02-27 17:02:57','2010-02-27 16:53:59',99,16,1,234,'deleted','news',NULL),('2010-02-27 17:02:57','2010-02-27 16:53:59',100,16,1,235,'deleted','news',NULL),('2010-02-27 17:02:57','2010-02-27 16:53:59',101,16,1,236,'deleted','news',NULL),('2010-02-27 17:02:57','2010-02-27 16:53:59',102,16,1,237,'deleted','news',NULL),('2010-02-27 17:02:57','2010-02-27 16:53:59',103,16,1,238,'deleted','news',NULL),('2010-02-27 17:02:57','2010-02-27 16:53:59',104,16,1,239,'deleted','news',NULL),('2010-02-27 17:02:57','2010-02-27 16:53:59',105,16,1,240,'deleted','news',NULL),('2010-02-27 17:02:57','2010-02-27 16:53:59',106,16,1,241,'deleted','news',NULL),('2010-02-27 17:02:57','2010-02-27 16:53:59',107,16,1,242,'deleted','news',NULL),('2010-02-27 17:02:57','2010-02-27 16:53:59',108,16,1,243,'deleted','news',NULL),('2010-02-27 17:02:57','2010-02-27 16:53:59',109,16,1,244,'deleted','news',NULL),('2010-02-27 17:02:57','2010-02-27 16:53:59',110,16,1,252,'deleted','news',NULL),('2010-03-03 04:49:38','2010-03-03 04:49:37',111,325,16,13,'deleted','message',NULL),('2010-04-15 21:48:25','2010-03-04 16:44:57',112,326,1,182,'deleted','message',NULL),('2010-03-09 17:07:30','2010-03-04 16:45:10',113,327,1,34,'deleted','message',NULL),('2010-03-09 17:07:30','2010-03-04 16:45:10',114,327,1,185,'deleted','message',NULL),('2010-03-09 17:07:30','2010-03-04 16:45:10',115,327,1,188,'deleted','message',NULL),('2010-03-09 17:07:30','2010-03-04 16:45:10',116,327,1,190,'deleted','message',NULL),('2010-03-09 17:07:30','2010-03-04 16:45:10',117,327,1,192,'deleted','message',NULL),('2010-03-09 17:07:30','2010-03-04 16:45:10',118,327,1,16,'deleted','message',NULL),('2010-03-09 17:07:30','2010-03-04 16:45:10',119,327,1,191,'deleted','message',NULL),('2010-03-09 17:07:22','2010-03-04 17:05:47',120,328,235,16,'deleted','message',NULL),('2010-03-09 17:07:22','2010-03-04 17:05:47',121,328,235,191,'deleted','message',NULL),('2010-03-29 15:53:40','2010-03-29 15:53:40',122,12,1,1,'active','news',NULL),('2010-04-09 15:22:27','2010-03-29 15:53:40',123,12,1,13,'deleted','news',NULL),('2010-03-29 15:53:40','2010-03-29 15:53:40',124,12,1,16,'active','news',NULL),('2010-03-29 15:53:40','2010-03-29 15:53:40',125,12,1,34,'active','news',NULL),('2010-03-29 15:53:40','2010-03-29 15:53:40',126,12,1,182,'active','news',NULL),('2010-03-29 15:53:40','2010-03-29 15:53:40',127,12,1,183,'active','news',NULL),('2010-03-29 15:53:40','2010-03-29 15:53:40',128,12,1,184,'active','news',NULL),('2010-03-29 15:53:40','2010-03-29 15:53:40',129,12,1,185,'active','news',NULL),('2010-03-29 15:53:40','2010-03-29 15:53:40',130,12,1,186,'active','news',NULL),('2010-03-29 15:53:40','2010-03-29 15:53:40',131,12,1,187,'active','news',NULL),('2010-03-29 15:53:40','2010-03-29 15:53:40',132,12,1,188,'active','news',NULL),('2010-03-29 15:53:40','2010-03-29 15:53:40',133,12,1,189,'active','news',NULL),('2010-03-29 15:53:40','2010-03-29 15:53:40',134,12,1,190,'active','news',NULL),('2010-03-29 15:53:40','2010-03-29 15:53:40',135,12,1,191,'active','news',NULL),('2010-03-29 15:53:40','2010-03-29 15:53:40',136,12,1,192,'active','news',NULL),('2010-03-29 15:53:40','2010-03-29 15:53:40',137,12,1,193,'active','news',NULL),('2010-03-29 15:53:40','2010-03-29 15:53:40',138,12,1,194,'active','news',NULL),('2010-03-29 15:53:40','2010-03-29 15:53:40',139,12,1,195,'active','news',NULL),('2010-03-29 15:53:40','2010-03-29 15:53:40',140,12,1,196,'active','news',NULL),('2010-03-29 15:53:40','2010-03-29 15:53:40',141,12,1,197,'active','news',NULL),('2010-03-29 15:53:40','2010-03-29 15:53:40',142,12,1,198,'active','news',NULL),('2010-03-29 15:53:40','2010-03-29 15:53:40',143,12,1,234,'active','news',NULL),('2010-03-29 15:53:40','2010-03-29 15:53:40',144,12,1,235,'active','news',NULL),('2010-03-29 15:53:40','2010-03-29 15:53:40',145,12,1,236,'active','news',NULL),('2010-03-29 15:53:40','2010-03-29 15:53:40',146,12,1,237,'active','news',NULL),('2010-03-29 15:53:40','2010-03-29 15:53:40',147,12,1,238,'active','news',NULL),('2010-03-29 15:53:40','2010-03-29 15:53:40',148,12,1,239,'active','news',NULL),('2010-03-29 15:53:40','2010-03-29 15:53:40',149,12,1,240,'active','news',NULL),('2010-03-29 15:53:40','2010-03-29 15:53:40',150,12,1,241,'active','news',NULL),('2010-03-29 15:53:40','2010-03-29 15:53:40',151,12,1,242,'active','news',NULL),('2010-03-29 15:53:40','2010-03-29 15:53:40',152,12,1,243,'active','news',NULL),('2010-03-29 15:53:40','2010-03-29 15:53:40',153,12,1,244,'active','news',NULL),('2010-03-29 15:53:40','2010-03-29 15:53:40',154,12,1,252,'active','news',NULL),('2010-08-20 05:03:41','2010-04-12 17:06:17',155,NULL,193,13,'deleted','member',NULL),('2010-04-12 17:17:22','2010-04-12 17:17:22',156,329,193,13,'deleted','message',NULL),('2010-04-12 17:18:01','2010-04-12 17:18:01',157,13,1,1,'active','news',NULL),('2010-05-11 16:10:18','2010-04-12 17:18:01',158,13,1,13,'deleted','news',NULL),('2010-04-12 17:18:01','2010-04-12 17:18:01',159,13,1,16,'active','news',NULL),('2010-04-12 17:18:01','2010-04-12 17:18:01',160,13,1,34,'active','news',NULL),('2010-04-12 17:18:01','2010-04-12 17:18:01',161,13,1,182,'active','news',NULL),('2010-04-12 17:18:01','2010-04-12 17:18:01',162,13,1,183,'active','news',NULL),('2010-04-12 17:18:01','2010-04-12 17:18:01',163,13,1,184,'active','news',NULL),('2010-04-12 17:18:01','2010-04-12 17:18:01',164,13,1,185,'active','news',NULL),('2010-04-12 17:18:01','2010-04-12 17:18:01',165,13,1,186,'active','news',NULL),('2010-04-12 17:18:01','2010-04-12 17:18:01',166,13,1,187,'active','news',NULL),('2010-04-12 17:18:01','2010-04-12 17:18:01',167,13,1,188,'active','news',NULL),('2010-04-12 17:18:01','2010-04-12 17:18:01',168,13,1,189,'active','news',NULL),('2010-04-12 17:18:01','2010-04-12 17:18:01',169,13,1,190,'active','news',NULL),('2010-04-12 17:18:01','2010-04-12 17:18:01',170,13,1,191,'active','news',NULL),('2010-04-12 17:18:01','2010-04-12 17:18:01',171,13,1,192,'active','news',NULL),('2010-04-12 17:18:01','2010-04-12 17:18:01',172,13,1,193,'active','news',NULL),('2010-04-12 17:18:01','2010-04-12 17:18:01',173,13,1,194,'active','news',NULL),('2010-04-12 17:18:01','2010-04-12 17:18:01',174,13,1,195,'active','news',NULL),('2010-04-12 17:18:01','2010-04-12 17:18:01',175,13,1,196,'active','news',NULL),('2010-04-12 17:18:01','2010-04-12 17:18:01',176,13,1,197,'active','news',NULL),('2010-04-12 17:18:01','2010-04-12 17:18:01',177,13,1,198,'active','news',NULL),('2010-04-12 17:18:01','2010-04-12 17:18:01',178,13,1,234,'active','news',NULL),('2010-04-12 17:18:01','2010-04-12 17:18:01',179,13,1,235,'active','news',NULL),('2010-04-12 17:18:01','2010-04-12 17:18:01',180,13,1,236,'active','news',NULL),('2010-04-12 17:18:01','2010-04-12 17:18:01',181,13,1,237,'active','news',NULL),('2010-04-12 17:18:01','2010-04-12 17:18:01',182,13,1,238,'active','news',NULL),('2010-04-12 17:18:01','2010-04-12 17:18:01',183,13,1,239,'active','news',NULL),('2010-04-12 17:18:01','2010-04-12 17:18:01',184,13,1,240,'active','news',NULL),('2010-04-12 17:18:01','2010-04-12 17:18:01',185,13,1,241,'active','news',NULL),('2010-04-12 17:18:01','2010-04-12 17:18:01',186,13,1,242,'active','news',NULL),('2010-04-12 17:18:01','2010-04-12 17:18:01',187,13,1,243,'active','news',NULL),('2010-04-12 17:18:01','2010-04-12 17:18:01',188,13,1,244,'active','news',NULL),('2010-04-12 17:18:01','2010-04-12 17:18:01',189,13,1,252,'active','news',NULL),('2010-04-14 04:23:05','2010-04-14 04:23:05',190,NULL,13,34,'active','member',NULL),('2010-05-09 05:52:40','2010-05-09 05:52:40',191,0,1,1,'active','message',NULL),('2010-05-09 05:52:41','2010-05-09 05:52:41',192,0,1,16,'active','message',NULL),('2010-05-09 05:52:41','2010-05-09 05:52:41',193,0,1,34,'active','message',NULL),('2010-05-09 05:52:41','2010-05-09 05:52:41',194,0,1,182,'active','message',NULL),('2010-05-09 05:52:41','2010-05-09 05:52:41',195,0,1,183,'active','message',NULL),('2010-05-09 05:52:41','2010-05-09 05:52:41',196,0,1,184,'active','message',NULL),('2010-05-09 05:52:41','2010-05-09 05:52:41',197,0,1,185,'active','message',NULL),('2010-05-09 05:52:41','2010-05-09 05:52:41',198,0,1,186,'active','message',NULL),('2010-05-09 05:52:41','2010-05-09 05:52:41',199,0,1,188,'active','message',NULL),('2010-05-09 05:52:41','2010-05-09 05:52:41',200,0,1,189,'active','message',NULL),('2010-05-09 05:52:41','2010-05-09 05:52:41',201,0,1,190,'active','message',NULL),('2010-05-09 05:52:41','2010-05-09 05:52:41',202,0,1,191,'active','message',NULL),('2010-05-09 05:52:41','2010-05-09 05:52:41',203,0,1,192,'active','message',NULL),('2010-05-09 05:52:41','2010-05-09 05:52:41',204,0,1,193,'active','message',NULL),('2010-05-09 05:52:41','2010-05-09 05:52:41',205,0,1,194,'active','message',NULL),('2010-05-09 05:52:41','2010-05-09 05:52:41',206,0,1,195,'active','message',NULL),('2010-05-09 05:52:41','2010-05-09 05:52:41',207,0,1,196,'active','message',NULL),('2010-05-09 05:54:19','2010-05-09 05:54:19',208,0,1,16,'active','message',NULL),('2010-05-09 05:54:19','2010-05-09 05:54:19',209,0,1,191,'active','message',NULL),('2010-05-09 05:54:39','2010-05-09 05:54:39',210,0,1,34,'active','message',NULL),('2010-05-09 05:54:39','2010-05-09 05:54:39',211,0,1,185,'active','message',NULL),('2010-05-09 05:54:39','2010-05-09 05:54:39',212,0,1,16,'active','message',NULL),('2010-05-09 05:54:39','2010-05-09 05:54:39',213,0,1,191,'active','message',NULL),('2010-05-09 05:54:39','2010-05-09 05:54:39',214,0,1,189,'active','message',NULL),('2010-05-09 05:54:39','2010-05-09 05:54:39',215,0,1,190,'active','message',NULL),('2010-05-09 05:56:04','2010-05-09 05:56:04',216,0,13,188,'active','message',NULL),('2010-05-09 06:19:52','2010-05-09 06:19:52',217,0,13,34,'active','message',NULL),('2010-05-09 06:19:53','2010-05-09 06:19:53',218,0,13,183,'active','message',NULL),('2010-05-09 06:21:09','2010-05-09 06:21:09',219,330,13,34,'deleted','message',NULL),('2010-05-09 06:21:09','2010-05-09 06:21:09',220,330,13,184,'deleted','message',NULL),('2010-05-09 06:29:13','2010-05-09 06:29:13',221,NULL,13,182,'active','member',NULL),('2010-05-09 06:29:24','2010-05-09 06:29:24',222,NULL,13,183,'active','member',NULL),('2010-05-11 15:44:38','2010-05-11 15:44:38',223,196,1,1,'active','news',NULL),('2010-08-23 17:19:27','2010-05-11 15:44:38',224,196,1,13,'deleted','news',NULL),('2010-05-11 15:44:38','2010-05-11 15:44:38',225,196,1,16,'active','news',NULL),('2010-05-11 15:44:38','2010-05-11 15:44:38',226,196,1,34,'active','news',NULL),('2010-05-11 15:44:38','2010-05-11 15:44:38',227,196,1,182,'active','news',NULL),('2010-05-11 15:44:38','2010-05-11 15:44:38',228,196,1,183,'active','news',NULL),('2010-05-11 15:44:38','2010-05-11 15:44:38',229,196,1,184,'active','news',NULL),('2010-05-11 15:44:38','2010-05-11 15:44:38',230,196,1,185,'active','news',NULL),('2010-05-11 15:44:38','2010-05-11 15:44:38',231,196,1,186,'active','news',NULL),('2010-05-11 15:44:38','2010-05-11 15:44:38',232,196,1,187,'active','news',NULL),('2010-05-11 15:44:38','2010-05-11 15:44:38',233,196,1,188,'active','news',NULL),('2010-05-11 15:44:38','2010-05-11 15:44:38',234,196,1,189,'active','news',NULL),('2010-05-11 15:44:38','2010-05-11 15:44:38',235,196,1,190,'active','news',NULL),('2010-05-11 15:44:38','2010-05-11 15:44:38',236,196,1,191,'active','news',NULL),('2010-05-11 15:44:38','2010-05-11 15:44:38',237,196,1,192,'active','news',NULL),('2010-05-11 15:44:38','2010-05-11 15:44:38',238,196,1,193,'active','news',NULL),('2010-05-11 15:44:38','2010-05-11 15:44:38',239,196,1,194,'active','news',NULL),('2010-05-11 15:44:38','2010-05-11 15:44:38',240,196,1,195,'active','news',NULL),('2010-05-11 15:44:38','2010-05-11 15:44:38',241,196,1,196,'active','news',NULL),('2010-05-11 15:44:38','2010-05-11 15:44:38',242,196,1,197,'active','news',NULL),('2010-05-11 15:44:38','2010-05-11 15:44:38',243,196,1,198,'active','news',NULL),('2010-05-11 15:44:38','2010-05-11 15:44:38',244,196,1,234,'active','news',NULL),('2010-05-11 15:44:38','2010-05-11 15:44:38',245,196,1,235,'active','news',NULL),('2010-05-11 15:44:38','2010-05-11 15:44:38',246,196,1,236,'active','news',NULL),('2010-05-11 15:44:38','2010-05-11 15:44:38',247,196,1,237,'active','news',NULL),('2010-05-11 15:44:38','2010-05-11 15:44:38',248,196,1,238,'active','news',NULL),('2010-05-11 15:44:38','2010-05-11 15:44:38',249,196,1,239,'active','news',NULL),('2010-05-11 15:44:38','2010-05-11 15:44:38',250,196,1,240,'active','news',NULL),('2010-05-11 15:44:38','2010-05-11 15:44:38',251,196,1,241,'active','news',NULL),('2010-05-11 15:44:38','2010-05-11 15:44:38',252,196,1,242,'active','news',NULL),('2010-05-11 15:44:38','2010-05-11 15:44:38',253,196,1,243,'active','news',NULL),('2010-05-11 15:44:38','2010-05-11 15:44:38',254,196,1,244,'active','news',NULL),('2010-05-11 15:44:38','2010-05-11 15:44:38',255,196,1,252,'active','news',NULL),('2010-05-11 15:51:16','2010-05-11 15:51:16',256,190,1,1,'active','news',NULL),('2010-08-20 05:03:50','2010-05-11 15:51:16',257,190,1,13,'deleted','news',NULL),('2010-05-11 15:51:16','2010-05-11 15:51:16',258,190,1,16,'active','news',NULL),('2010-05-11 15:51:16','2010-05-11 15:51:16',259,190,1,34,'active','news',NULL),('2010-05-11 15:51:16','2010-05-11 15:51:16',260,190,1,182,'active','news',NULL),('2010-05-11 15:51:16','2010-05-11 15:51:16',261,190,1,183,'active','news',NULL),('2010-05-11 15:51:16','2010-05-11 15:51:16',262,190,1,184,'active','news',NULL),('2010-05-11 15:51:16','2010-05-11 15:51:16',263,190,1,185,'active','news',NULL),('2010-05-11 15:51:16','2010-05-11 15:51:16',264,190,1,186,'active','news',NULL),('2010-05-11 15:51:16','2010-05-11 15:51:16',265,190,1,187,'active','news',NULL),('2010-05-11 15:51:16','2010-05-11 15:51:16',266,190,1,188,'active','news',NULL),('2010-05-11 15:51:16','2010-05-11 15:51:16',267,190,1,189,'active','news',NULL),('2010-05-11 15:51:16','2010-05-11 15:51:16',268,190,1,190,'active','news',NULL),('2010-05-11 15:51:16','2010-05-11 15:51:16',269,190,1,191,'active','news',NULL),('2010-05-11 15:51:16','2010-05-11 15:51:16',270,190,1,192,'active','news',NULL),('2010-05-11 15:51:16','2010-05-11 15:51:16',271,190,1,193,'active','news',NULL),('2010-05-11 15:51:16','2010-05-11 15:51:16',272,190,1,194,'active','news',NULL),('2010-05-11 15:51:16','2010-05-11 15:51:16',273,190,1,195,'active','news',NULL),('2010-05-11 15:51:16','2010-05-11 15:51:16',274,190,1,196,'active','news',NULL),('2010-05-11 15:51:16','2010-05-11 15:51:16',275,190,1,197,'active','news',NULL),('2010-05-11 15:51:16','2010-05-11 15:51:16',276,190,1,198,'active','news',NULL),('2010-05-11 15:51:16','2010-05-11 15:51:16',277,190,1,234,'active','news',NULL),('2010-05-11 15:51:16','2010-05-11 15:51:16',278,190,1,235,'active','news',NULL),('2010-05-11 15:51:16','2010-05-11 15:51:16',279,190,1,236,'active','news',NULL),('2010-05-11 15:51:16','2010-05-11 15:51:16',280,190,1,237,'active','news',NULL),('2010-05-11 15:51:16','2010-05-11 15:51:16',281,190,1,238,'active','news',NULL),('2010-05-11 15:51:16','2010-05-11 15:51:16',282,190,1,239,'active','news',NULL),('2010-05-11 15:51:16','2010-05-11 15:51:16',283,190,1,240,'active','news',NULL),('2010-05-11 15:51:16','2010-05-11 15:51:16',284,190,1,241,'active','news',NULL),('2010-05-11 15:51:16','2010-05-11 15:51:16',285,190,1,242,'active','news',NULL),('2010-05-11 15:51:16','2010-05-11 15:51:16',286,190,1,243,'active','news',NULL),('2010-05-11 15:51:16','2010-05-11 15:51:16',287,190,1,244,'active','news',NULL),('2010-05-11 15:51:16','2010-05-11 15:51:16',288,190,1,252,'active','news',NULL),('2010-05-11 16:21:40','2010-05-11 16:21:40',289,196,1,1,'active','news',NULL),('2010-08-23 17:20:11','2010-05-11 16:21:40',290,196,1,13,'deleted','news',NULL),('2010-05-11 16:21:40','2010-05-11 16:21:40',291,196,1,16,'active','news',NULL),('2010-05-11 16:21:40','2010-05-11 16:21:40',292,196,1,34,'active','news',NULL),('2010-05-11 16:21:40','2010-05-11 16:21:40',293,196,1,182,'active','news',NULL),('2010-05-11 16:21:40','2010-05-11 16:21:40',294,196,1,183,'active','news',NULL),('2010-05-11 16:21:40','2010-05-11 16:21:40',295,196,1,184,'active','news',NULL),('2010-05-11 16:21:40','2010-05-11 16:21:40',296,196,1,185,'active','news',NULL),('2010-05-11 16:21:40','2010-05-11 16:21:40',297,196,1,186,'active','news',NULL),('2010-05-11 16:21:40','2010-05-11 16:21:40',298,196,1,188,'active','news',NULL),('2010-05-11 16:21:40','2010-05-11 16:21:40',299,196,1,189,'active','news',NULL),('2010-05-11 16:21:40','2010-05-11 16:21:40',300,196,1,190,'active','news',NULL),('2010-05-11 16:21:40','2010-05-11 16:21:40',301,196,1,191,'active','news',NULL),('2010-05-11 16:21:40','2010-05-11 16:21:40',302,196,1,192,'active','news',NULL),('2010-05-11 16:21:40','2010-05-11 16:21:40',303,196,1,193,'active','news',NULL),('2010-05-11 16:21:40','2010-05-11 16:21:40',304,196,1,194,'active','news',NULL),('2010-05-11 16:21:40','2010-05-11 16:21:40',305,196,1,195,'active','news',NULL),('2010-05-11 16:21:40','2010-05-11 16:21:40',306,196,1,196,'active','news',NULL),('2010-10-03 01:49:20','2010-09-03 04:12:34',307,NULL,257,13,'deleted','member',NULL),('2010-10-03 01:49:24','2010-09-03 04:12:46',308,NULL,257,13,'deleted','member',NULL),('2010-09-03 04:32:03','2010-09-03 04:32:03',309,NULL,13,257,'active','member',NULL),('2010-09-03 04:34:19','2010-09-03 04:34:19',310,NULL,257,13,'active','member',NULL),('2010-09-03 05:19:26','2010-09-03 05:19:26',311,NULL,257,34,'active','member',NULL),('2010-09-03 05:23:26','2010-09-03 05:23:26',312,NULL,257,183,'active','member',NULL),('2010-09-26 21:11:14','2010-09-26 21:11:14',313,255,1,1,'active','news',NULL),('2010-09-26 21:16:31','2010-09-26 21:11:14',314,255,1,13,'deleted','news',NULL),('2010-09-26 21:11:14','2010-09-26 21:11:14',315,255,1,16,'active','news',NULL),('2010-09-26 21:11:14','2010-09-26 21:11:14',316,255,1,34,'active','news',NULL),('2010-09-26 21:11:14','2010-09-26 21:11:14',317,255,1,182,'active','news',NULL),('2010-09-26 21:11:14','2010-09-26 21:11:14',318,255,1,183,'active','news',NULL),('2010-09-26 21:11:14','2010-09-26 21:11:14',319,255,1,184,'active','news',NULL),('2010-09-26 21:11:14','2010-09-26 21:11:14',320,255,1,185,'active','news',NULL),('2010-09-26 21:11:14','2010-09-26 21:11:14',321,255,1,186,'active','news',NULL),('2010-09-26 21:11:14','2010-09-26 21:11:14',322,255,1,188,'active','news',NULL),('2010-09-26 21:11:14','2010-09-26 21:11:14',323,255,1,189,'active','news',NULL),('2010-09-26 21:11:14','2010-09-26 21:11:14',324,255,1,190,'active','news',NULL),('2010-09-26 21:11:14','2010-09-26 21:11:14',325,255,1,191,'active','news',NULL),('2010-09-26 21:11:14','2010-09-26 21:11:14',326,255,1,192,'active','news',NULL),('2010-09-26 21:11:14','2010-09-26 21:11:14',327,255,1,193,'active','news',NULL),('2010-09-26 21:11:14','2010-09-26 21:11:14',328,255,1,194,'active','news',NULL),('2010-09-26 21:11:14','2010-09-26 21:11:14',329,255,1,195,'active','news',NULL),('2010-09-26 21:11:14','2010-09-26 21:11:14',330,255,1,196,'active','news',NULL),('2010-09-26 21:11:14','2010-09-26 21:11:14',331,255,1,253,'active','news',NULL),('2010-09-26 21:11:14','2010-09-26 21:11:14',332,255,1,254,'active','news',NULL),('2010-09-26 21:11:14','2010-09-26 21:11:14',333,255,1,255,'active','news',NULL),('2010-09-26 21:12:40','2010-09-26 21:12:40',334,255,1,1,'active','news',NULL),('2010-09-26 21:16:33','2010-09-26 21:12:40',335,255,1,13,'deleted','news',NULL),('2010-09-26 21:12:40','2010-09-26 21:12:40',336,255,1,16,'active','news',NULL),('2010-09-26 21:12:40','2010-09-26 21:12:40',337,255,1,34,'active','news',NULL),('2010-09-26 21:12:40','2010-09-26 21:12:40',338,255,1,182,'active','news',NULL),('2010-09-26 21:12:40','2010-09-26 21:12:40',339,255,1,183,'active','news',NULL),('2010-09-26 21:12:40','2010-09-26 21:12:40',340,255,1,184,'active','news',NULL),('2010-09-26 21:12:40','2010-09-26 21:12:40',341,255,1,185,'active','news',NULL),('2010-09-26 21:12:40','2010-09-26 21:12:40',342,255,1,186,'active','news',NULL),('2010-09-26 21:12:40','2010-09-26 21:12:40',343,255,1,188,'active','news',NULL),('2010-09-26 21:12:40','2010-09-26 21:12:40',344,255,1,189,'active','news',NULL),('2010-09-26 21:12:40','2010-09-26 21:12:40',345,255,1,190,'active','news',NULL),('2010-09-26 21:12:40','2010-09-26 21:12:40',346,255,1,191,'active','news',NULL),('2010-09-26 21:12:40','2010-09-26 21:12:40',347,255,1,192,'active','news',NULL),('2010-09-26 21:12:40','2010-09-26 21:12:40',348,255,1,193,'active','news',NULL),('2010-09-26 21:12:40','2010-09-26 21:12:40',349,255,1,194,'active','news',NULL),('2010-09-26 21:12:40','2010-09-26 21:12:40',350,255,1,195,'active','news',NULL),('2010-09-26 21:12:40','2010-09-26 21:12:40',351,255,1,196,'active','news',NULL),('2010-09-26 21:12:40','2010-09-26 21:12:40',352,255,1,253,'active','news',NULL),('2010-09-26 21:12:40','2010-09-26 21:12:40',353,255,1,254,'active','news',NULL),('2010-09-26 21:12:40','2010-09-26 21:12:40',354,255,1,255,'active','news',NULL),('2010-09-26 21:16:16','2010-09-26 21:16:16',355,19,1,1,'active','news',NULL),('2010-09-26 21:16:16','2010-09-26 21:16:16',356,19,1,13,'active','news',NULL),('2010-09-26 21:16:16','2010-09-26 21:16:16',357,19,1,16,'active','news',NULL),('2010-09-26 21:16:16','2010-09-26 21:16:16',358,19,1,34,'active','news',NULL),('2010-09-26 21:16:16','2010-09-26 21:16:16',359,19,1,182,'active','news',NULL),('2010-09-26 21:16:16','2010-09-26 21:16:16',360,19,1,183,'active','news',NULL),('2010-09-26 21:16:16','2010-09-26 21:16:16',361,19,1,184,'active','news',NULL),('2010-09-26 21:16:16','2010-09-26 21:16:16',362,19,1,185,'active','news',NULL),('2010-09-26 21:16:16','2010-09-26 21:16:16',363,19,1,186,'active','news',NULL),('2010-09-26 21:16:16','2010-09-26 21:16:16',364,19,1,188,'active','news',NULL),('2010-09-26 21:16:16','2010-09-26 21:16:16',365,19,1,189,'active','news',NULL),('2010-09-26 21:16:16','2010-09-26 21:16:16',366,19,1,190,'active','news',NULL),('2010-09-26 21:16:16','2010-09-26 21:16:16',367,19,1,191,'active','news',NULL),('2010-09-26 21:16:16','2010-09-26 21:16:16',368,19,1,192,'active','news',NULL),('2010-09-26 21:16:16','2010-09-26 21:16:16',369,19,1,193,'active','news',NULL),('2010-09-26 21:16:16','2010-09-26 21:16:16',370,19,1,194,'active','news',NULL),('2010-09-26 21:16:16','2010-09-26 21:16:16',371,19,1,195,'active','news',NULL),('2010-09-26 21:16:16','2010-09-26 21:16:16',372,19,1,196,'active','news',NULL),('2010-09-26 21:16:16','2010-09-26 21:16:16',373,19,1,253,'active','news',NULL),('2010-09-26 21:16:16','2010-09-26 21:16:16',374,19,1,254,'active','news',NULL),('2010-09-26 21:16:16','2010-09-26 21:16:16',375,19,1,255,'active','news',NULL);
/*!40000 ALTER TABLE `notification` ENABLE KEYS */;
UNLOCK TABLES;

--
-- Table structure for table `profile_features`
--

DROP TABLE IF EXISTS `profile_features`;
/*!40101 SET @saved_cs_client     = @@character_set_client */;
/*!40101 SET character_set_client = utf8 */;
CREATE TABLE `profile_features` (
  `id` smallint(3) unsigned NOT NULL AUTO_INCREMENT,
  `name` varchar(32) NOT NULL,
  PRIMARY KEY (`id`)
) ENGINE=MyISAM AUTO_INCREMENT=4 DEFAULT CHARSET=utf8;
/*!40101 SET character_set_client = @saved_cs_client */;

--
-- Dumping data for table `profile_features`
--

LOCK TABLES `profile_features` WRITE;
/*!40000 ALTER TABLE `profile_features` DISABLE KEYS */;
INSERT INTO `profile_features` VALUES (1,'related'),(2,'board'),(3,'wall');
/*!40000 ALTER TABLE `profile_features` ENABLE KEYS */;
UNLOCK TABLES;

--
-- Table structure for table `profile_widget`
--

DROP TABLE IF EXISTS `profile_widget`;
/*!40101 SET @saved_cs_client     = @@character_set_client */;
/*!40101 SET character_set_client = utf8 */;
CREATE TABLE `profile_widget` (
  `created` timestamp NOT NULL DEFAULT '0000-00-00 00:00:00',
  `fieldn` smallint(3) unsigned NOT NULL,
  `id` mediumint(8) unsigned NOT NULL AUTO_INCREMENT,
  `modified` timestamp NOT NULL DEFAULT CURRENT_TIMESTAMP ON UPDATE CURRENT_TIMESTAMP,
  `multi` enum('false','true') NOT NULL,
  `name` varchar(32) NOT NULL,
  `name_tab` varchar(32) NOT NULL,
  `order` tinyint(2) unsigned NOT NULL,
  `searchable_type_bit` smallint(3) unsigned NOT NULL DEFAULT '1',
  `status` enum('active','deleted','inactive') NOT NULL,
  PRIMARY KEY (`id`)
) ENGINE=InnoDB AUTO_INCREMENT=29 DEFAULT CHARSET=utf8;
/*!40101 SET character_set_client = @saved_cs_client */;

--
-- Dumping data for table `profile_widget`
--

LOCK TABLES `profile_widget` WRITE;
/*!40000 ALTER TABLE `profile_widget` DISABLE KEYS */;
INSERT INTO `profile_widget` VALUES ('2008-11-03 17:12:47',8,1,'2010-04-24 13:22:41','false','Biographical Info','basic',3,1,'active'),('2008-11-08 21:25:14',10,2,'2010-08-20 06:28:14','false','Contact Info','contact',1,3,'active'),('2008-11-08 22:27:49',7,3,'2010-04-24 13:22:46','true','Education Info','education',5,1,'active'),('2008-11-08 22:29:32',9,4,'2010-04-24 13:22:46','true','Work History Info','work history',6,1,'active'),('2008-11-08 22:33:06',1,5,'2009-03-09 03:53:06','false','Portrait Info','portrait',6,7,'active'),('2008-11-03 17:12:47',7,6,'2008-11-03 17:12:47','false','Biographical Info','basic',1,1,'deleted'),('2008-12-07 19:18:14',6,7,'2010-08-25 06:53:34','false','General','general',4,3,'active'),('2009-03-09 15:43:57',17,19,'2009-03-21 04:34:15','false','test group','test',1,2,'deleted'),('2009-03-21 04:55:59',0,20,'2009-03-21 04:55:59','false','testUser','userUser',1,1,'deleted'),('2009-03-21 04:59:32',0,21,'2009-03-21 04:59:32','false','testGroup','testgroup',1,2,'deleted'),('2009-03-21 05:00:01',7,22,'2010-09-13 15:32:44','false','testGroup','testgroup',2,3,'active'),('2009-04-05 22:49:38',0,23,'2009-04-05 22:49:38','false','temp','temp',8,1,'deleted'),('2009-04-07 15:51:14',11,24,'2009-04-07 16:34:09','false','test','test',8,2,'deleted'),('2009-04-07 15:53:12',0,25,'2009-04-07 15:53:12','false','test','test',9,2,'deleted'),('2009-06-13 23:19:27',3,26,'2009-06-13 23:27:18','false','Test Widget','testWidget',9,1,'deleted'),('2009-12-21 08:03:27',0,27,'2009-12-21 08:04:02','false','Widget','widget',9,3,'deleted'),('2010-02-03 17:13:21',1,28,'2010-02-03 17:13:42','false','Network Field','networkoptions',8,4,'active');
/*!40000 ALTER TABLE `profile_widget` ENABLE KEYS */;
UNLOCK TABLES;

--
-- Table structure for table `profile_widget_dictionary_word`
--

DROP TABLE IF EXISTS `profile_widget_dictionary_word`;
/*!40101 SET @saved_cs_client     = @@character_set_client */;
/*!40101 SET character_set_client = utf8 */;
CREATE TABLE `profile_widget_dictionary_word` (
  `created` timestamp NOT NULL DEFAULT CURRENT_TIMESTAMP ON UPDATE CURRENT_TIMESTAMP,
  `f` int(3) unsigned NOT NULL,
  `profile_widget_id` mediumint(8) unsigned NOT NULL,
  `searchable_id` int(11) unsigned NOT NULL,
  `word_id` int(11) unsigned NOT NULL,
  PRIMARY KEY (`profile_widget_id`,`searchable_id`,`word_id`),
  KEY `profile_widget_dictionary_word_profile_widget_fk` (`profile_widget_id`),
  KEY `profile_widget_dictionary_word_word_fk` (`word_id`),
  KEY `profile_widget_dictionary_word_searchable_fk` (`searchable_id`),
  CONSTRAINT `profile_widget_dictionary_word_profile_widget_fk` FOREIGN KEY (`profile_widget_id`) REFERENCES `profile_widget` (`id`),
  CONSTRAINT `profile_widget_dictionary_word_searchable_fk` FOREIGN KEY (`searchable_id`) REFERENCES `searchable` (`id`)
) ENGINE=InnoDB DEFAULT CHARSET=utf8;
/*!40101 SET character_set_client = @saved_cs_client */;

--
-- Dumping data for table `profile_widget_dictionary_word`
--

LOCK TABLES `profile_widget_dictionary_word` WRITE;
/*!40000 ALTER TABLE `profile_widget_dictionary_word` DISABLE KEYS */;
INSERT INTO `profile_widget_dictionary_word` VALUES ('2010-09-13 02:29:05',1,1,13,57),('2010-09-13 02:29:05',1,1,13,58),('2010-09-13 02:29:05',1,1,13,59),('2010-09-13 02:29:05',1,1,13,60),('2010-09-13 02:29:05',1,1,13,61),('2010-09-13 02:29:05',1,1,13,63),('2010-09-13 02:29:05',1,1,13,64),('2010-09-13 02:29:05',2,1,13,65),('2010-09-13 02:29:05',1,1,13,66),('2010-09-13 02:29:05',1,1,13,67),('2010-09-13 02:29:05',1,1,13,68),('2010-09-13 02:29:05',2,1,13,69),('2010-09-13 02:29:05',1,1,13,70),('2010-09-13 02:29:05',1,1,13,71),('2010-09-13 02:29:05',1,1,13,72),('2010-09-13 02:29:05',1,1,13,73),('2010-09-13 02:29:05',1,1,13,74),('2010-09-13 02:29:05',1,1,13,75),('2010-09-13 02:29:05',1,1,13,76),('2010-09-13 02:29:05',1,1,13,77),('2010-09-13 02:29:05',1,1,13,78),('2010-09-13 02:29:05',1,1,13,79),('2010-09-13 02:29:05',1,1,13,80),('2010-09-13 02:29:05',1,1,13,81),('2010-09-13 02:29:05',1,1,13,82),('2009-05-13 16:34:42',1,1,16,55),('2009-06-13 20:01:45',1,1,188,55),('2010-09-13 02:28:36',1,2,13,57),('2010-09-13 02:28:36',1,2,13,58),('2010-09-13 02:28:36',1,2,13,59),('2010-09-13 02:28:36',1,2,13,66),('2010-09-13 02:28:36',1,2,13,106),('2010-09-13 02:28:36',1,2,13,107),('2010-09-13 02:28:36',1,2,13,108),('2010-09-13 02:28:36',1,2,13,109),('2010-09-13 02:28:36',1,2,13,110),('2010-09-13 02:28:36',1,2,13,111),('2010-09-13 02:28:36',1,2,13,112),('2010-09-13 02:28:36',1,2,13,116),('2010-09-13 02:28:36',1,2,13,119),('2009-05-13 16:35:00',1,2,16,57),('2009-05-13 16:35:00',1,2,16,58),('2009-05-13 16:35:00',1,2,16,59),('2009-05-13 16:35:00',1,2,16,83),('2010-02-08 16:42:07',1,2,198,57),('2010-02-08 16:42:07',1,2,198,107),('2010-02-08 16:42:07',1,2,198,108),('2010-08-24 17:48:00',1,2,254,116),('2010-08-24 17:48:00',1,2,254,119),('2010-08-24 17:53:19',1,2,255,116),('2010-08-24 17:53:19',1,2,255,119),('2010-10-03 02:18:31',2,2,258,116),('2010-08-19 18:47:17',1,3,13,57),('2010-08-19 18:47:17',1,3,13,90),('2010-08-19 18:47:17',1,3,13,93),('2010-08-19 18:47:17',1,3,13,94),('2010-08-19 18:47:17',1,3,13,95),('2010-08-19 18:47:17',1,3,13,96),('2010-08-19 18:47:17',2,3,13,97),('2010-08-19 18:47:17',1,3,13,99),('2010-08-16 16:27:51',1,4,13,57),('2010-08-16 16:27:51',1,4,13,58),('2010-08-16 16:27:51',1,4,13,59),('2010-08-16 16:27:51',1,4,13,63),('2010-08-16 16:27:51',1,4,13,64),('2010-08-16 16:27:51',1,4,13,66),('2010-08-16 16:27:51',1,4,13,84),('2010-08-16 16:27:51',1,4,13,86),('2010-08-16 16:27:51',1,4,13,89),('2010-08-16 16:27:51',1,4,13,90),('2010-08-16 16:27:51',1,4,13,91),('2010-08-16 16:27:51',1,4,13,92),('2010-08-16 16:27:51',1,4,13,101),('2010-08-16 16:27:51',2,4,13,121),('2010-08-16 16:27:51',1,4,13,123),('2010-08-16 16:27:51',1,4,13,124),('2010-08-19 18:35:28',1,7,13,125),('2010-09-13 02:30:26',2,7,187,116),('2010-09-13 02:30:26',1,7,187,125),('2010-09-13 02:30:26',1,7,187,126),('2010-09-13 02:30:26',1,7,187,127),('2009-12-27 18:01:28',1,7,198,115),('2010-10-03 02:18:31',1,7,258,116),('2009-07-28 16:09:14',1,22,13,103),('2010-10-03 02:18:31',1,22,258,55),('2010-02-03 17:14:08',1,28,234,116);
/*!40000 ALTER TABLE `profile_widget_dictionary_word` ENABLE KEYS */;
UNLOCK TABLES;

--
-- Table structure for table `profile_widget_field`
--

DROP TABLE IF EXISTS `profile_widget_field`;
/*!40101 SET @saved_cs_client     = @@character_set_client */;
/*!40101 SET character_set_client = utf8 */;
CREATE TABLE `profile_widget_field` (
  `created` timestamp NOT NULL DEFAULT '0000-00-00 00:00:00',
  `data_table` enum('attend','autocomplete','category','city','company','concentration','country','daterange','datetime','degree','gender','industry','institute','position','select','state','testselect','text','textarea','tryme') NOT NULL,
  `id` mediumint(8) unsigned NOT NULL AUTO_INCREMENT,
  `label` varchar(32) NOT NULL,
  `modified` timestamp NOT NULL DEFAULT CURRENT_TIMESTAMP ON UPDATE CURRENT_TIMESTAMP,
  `maxlength` int(10) DEFAULT NULL,
  `name` varchar(32) NOT NULL,
  `order` tinyint(2) unsigned NOT NULL,
  `profile_widget_id` mediumint(8) unsigned NOT NULL,
  `status` enum('active','deleted','inactive') NOT NULL,
  `type` enum('autocomplete','datetime','daterange','list','portrait','textarea','text','select') NOT NULL,
  `update_searchable` enum('false','true') NOT NULL DEFAULT 'false',
  `required` enum('false','true') NOT NULL DEFAULT 'false',
  `default_value` varchar(255) DEFAULT NULL,
  PRIMARY KEY (`id`),
  KEY `profile_widget_field_pw_fk` (`profile_widget_id`),
  CONSTRAINT `profile_widget_field_pw_fk` FOREIGN KEY (`profile_widget_id`) REFERENCES `profile_widget` (`id`)
) ENGINE=InnoDB AUTO_INCREMENT=131 DEFAULT CHARSET=utf8 COMMENT='InnoDB free: 4310016 kB';
/*!40101 SET character_set_client = @saved_cs_client */;

--
-- Dumping data for table `profile_widget_field`
--

LOCK TABLES `profile_widget_field` WRITE;
/*!40000 ALTER TABLE `profile_widget_field` DISABLE KEYS */;
INSERT INTO `profile_widget_field` VALUES ('2008-11-03 17:13:47','gender',1,'Gender','2010-04-23 14:37:41',0,'gender',1,1,'inactive','select','false','false',NULL),('2008-11-03 17:13:47','datetime',2,'Birthday','2009-07-26 06:08:56',0,'birthday',2,1,'active','datetime','false','true',NULL),('2008-11-03 17:13:47','city',3,'Hometown','2008-11-03 17:14:00',255,'city',3,1,'active','autocomplete','false','false',NULL),('2008-11-03 17:13:47','country',4,'Country','2009-06-28 02:43:00',0,'country',5,1,'active','select','false','false',NULL),('2008-11-03 17:13:47','state',5,'State','2008-11-03 17:14:00',NULL,'state',4,1,'active','select','false','false',NULL),('2008-11-03 17:13:47','textarea',6,'About Me','2008-11-03 17:14:00',NULL,'about',6,1,'active','textarea','false','false',NULL),('2008-11-03 17:13:47','textarea',7,'Interests & Hobbies','2008-11-03 17:14:00',NULL,'interest',7,1,'active','list','false','false',NULL),('2008-11-09 21:42:57','text',8,'Email','2010-08-14 21:20:00',255,'email',1,2,'active','text','false','true','test'),('2008-11-09 21:42:57','text',9,'Mobile','2008-11-09 21:42:57',15,'mobile',2,2,'active','text','false','false',NULL),('2008-11-09 21:42:57','text',10,'Phone','2010-06-19 23:10:33',16,'phone',3,2,'active','text','false','false',''),('2008-11-09 21:42:57','text',11,'Address','2008-11-09 21:42:57',255,'address',4,2,'active','text','false','false',NULL),('2008-11-09 21:42:57','city',12,'City','2010-02-06 17:36:01',255,'city',5,2,'active','autocomplete','false','false',NULL),('2008-11-09 21:42:57','state',13,'State','2008-11-09 21:42:57',NULL,'state',6,2,'active','select','false','false',NULL),('2008-11-09 21:42:57','country',14,'Country','2008-11-09 21:42:57',NULL,'country',7,2,'active','select','false','false',NULL),('2008-11-09 21:42:57','text',15,'Zipcode','2008-11-09 21:42:57',10,'zipcode',8,2,'active','text','false','false',NULL),('2008-11-09 21:42:57','textarea',16,'Website','2008-11-09 21:42:57',NULL,'website',9,2,'active','list','false','false',NULL),('2008-11-09 22:45:10','institute',17,'Institute','2008-11-09 22:45:10',255,'institute',1,3,'active','autocomplete','false','false',NULL),('2008-11-09 22:45:10','text',18,'Year','2008-11-09 22:45:10',NULL,'year',2,3,'active','select','false','false',NULL),('2008-11-09 22:45:10','attend',19,'Student Status','2008-11-09 22:45:10',NULL,'attend',3,3,'active','select','false','false',NULL),('2008-11-09 22:45:10','degree',20,'Degree','2008-11-09 22:45:10',NULL,'degree',4,3,'active','select','false','false',NULL),('2008-11-09 22:45:10','concentration',21,'Concentration or Major 1','2008-11-09 22:45:10',128,'concentration1',5,3,'active','autocomplete','false','false',NULL),('2008-11-09 22:45:10','concentration',22,'Concentration or Major 2','2008-11-09 22:45:10',128,'concentration2',6,3,'active','autocomplete','false','false',NULL),('2008-11-09 22:45:10','concentration',23,'Concentration or Major 3','2008-11-09 22:45:10',128,'concentration3',7,3,'active','autocomplete','false','false',NULL),('2008-11-20 04:41:57','text',24,'Company','2008-11-20 04:41:57',128,'company',1,4,'active','text','false','false',NULL),('2008-11-20 04:41:57','text',25,'Website','2008-11-20 04:41:57',255,'website',2,4,'active','text','false','false',NULL),('2008-11-20 04:41:57','position',26,'Position / Title','2008-11-20 04:41:57',128,'position',3,4,'active','autocomplete','false','false',NULL),('2008-11-20 04:41:57','textarea',27,'Descrption','2008-11-20 04:41:57',NULL,'description',4,4,'active','textarea','false','false',NULL),('2008-11-20 04:41:57','industry',28,'Industry','2008-11-20 04:41:57',NULL,'industry',5,4,'active','select','false','false',NULL),('2008-11-20 04:41:57','city',29,'City','2008-11-20 04:41:57',255,'city',6,4,'active','autocomplete','false','false',NULL),('2008-11-20 04:41:57','state',30,'State','2008-11-20 04:41:57',NULL,'state',7,4,'active','select','false','false',NULL),('2008-11-20 04:41:57','country',31,'Country','2008-11-20 04:41:57',NULL,'country',8,4,'active','select','false','false',NULL),('2008-11-20 04:41:57','daterange',32,'Time Period','2008-11-20 04:41:57',NULL,'period',9,4,'active','daterange','false','false',NULL),('2008-11-24 16:32:03','text',33,'Image','2008-11-24 16:32:03',NULL,'uriImage',1,5,'active','portrait','true','false',NULL),('2008-11-24 16:32:03','text',34,'Thumb','2008-11-24 16:32:03',NULL,'uriThumb',2,5,'active','portrait','true','false',NULL),('2008-12-07 19:26:19','text',35,'Name','2008-12-07 19:26:19',64,'name',1,7,'active','text','false','false',NULL),('2008-12-07 19:26:19','category',36,'Category','2008-12-07 19:26:19',NULL,'category',2,7,'active','select','false','false',NULL),('2008-12-07 19:26:19','datetime',37,'Inception Date','2008-12-07 19:26:19',NULL,'inception',3,7,'active','datetime','false','false',NULL),('2008-12-07 19:26:19','textarea',38,'Description','2010-08-27 15:41:54',65535,'description',4,7,'active','textarea','false','true',''),('2008-12-07 19:26:19','textarea',39,'Interests','2008-12-07 19:26:19',NULL,'interest',5,7,'active','list','false','false',NULL),('2009-03-15 23:59:07','daterange',46,'daterange1','2009-03-20 15:44:10',64,'daterange1',11,19,'active','daterange','false','false',NULL),('2009-03-15 23:59:58','datetime',47,'datetime1','2009-03-20 15:46:20',64,'datetime1',12,19,'active','datetime','false','false',NULL),('2009-03-16 00:02:55','textarea',48,'list1','2009-03-16 00:07:11',64,'list1',13,19,'active','list','false','false',NULL),('2009-03-16 01:24:46','text',49,'text1','2009-03-16 01:24:46',64,'text1',15,19,'active','text','false','false',NULL),('2009-03-16 02:25:41','textarea',50,'textarea1','2009-03-16 02:25:41',64,'textarea1',16,19,'active','textarea','false','false',NULL),('2009-03-16 02:25:58','datetime',51,'test','2009-03-16 02:25:58',64,'test',17,19,'deleted','datetime','false','false',NULL),('2009-03-21 05:00:39','datetime',52,'datetime','2009-03-21 05:00:39',64,'datetime',1,22,'deleted','datetime','false','false',NULL),('2009-03-21 05:03:31','daterange',53,'daterange','2009-12-22 19:27:15',64,'daterange',2,22,'inactive','daterange','false','false',NULL),('2009-03-21 05:04:06','textarea',54,'list','2009-03-21 05:24:36',65535,'list',3,22,'active','list','false','false',NULL),('2009-03-21 05:25:32','text',55,'text','2009-03-21 05:25:32',64,'text',4,22,'active','text','false','false',NULL),('2009-03-21 05:25:54','textarea',56,'textarea','2010-09-13 15:32:03',65535,'textarea',5,22,'active','textarea','false','false','wtf'),('2009-03-23 16:10:03','datetime',57,'deleteme','2009-03-23 16:10:03',64,'deleteme',11,22,'deleted','datetime','false','false',NULL),('2009-03-23 17:07:17','autocomplete',58,'autocomplete','2009-03-23 17:07:17',64,'autocomplete',14,22,'active','autocomplete','false','false',NULL),('2009-04-02 15:43:19','select',59,'select','2009-07-24 17:19:55',64,'select',25,22,'deleted','select','false','false',NULL),('2009-04-02 16:21:46','gender',61,'gender','2009-04-20 16:45:17',64,'gender',27,22,'active','select','false','true',NULL),('2009-04-05 17:48:50','datetime',62,'datetime','2009-04-05 17:48:50',64,'datetime',28,22,'active','datetime','false','false',NULL),('2009-04-06 00:25:11','textarea',63,'test1','2009-04-06 00:38:52',65535,'test1',29,22,'deleted','list','false','false',NULL),('2009-04-06 00:27:35','daterange',64,'test2','2009-04-06 00:27:35',64,'test2',30,22,'deleted','daterange','false','false',NULL),('2009-04-06 00:28:40','daterange',65,'test3','2009-04-06 00:28:40',64,'test3',31,22,'deleted','daterange','false','false',NULL),('2009-04-06 00:30:35','textarea',66,'test4','2009-04-06 00:30:35',65535,'test4',32,22,'deleted','list','false','false',NULL),('2009-04-06 00:32:26','textarea',67,'test6','2009-04-06 00:37:25',65535,'test6',33,22,'deleted','list','false','false',NULL),('2009-04-06 00:34:24','textarea',68,'test7','2009-04-06 00:34:24',65535,'test7',33,22,'deleted','list','false','false',NULL),('2009-04-06 00:35:15','textarea',69,'test5','2009-04-06 00:35:15',65535,'test5',35,22,'deleted','list','false','false',NULL),('2009-04-06 00:52:18','textarea',70,'test8','2009-04-06 00:52:18',65535,'test8',36,22,'deleted','list','false','false',NULL),('2009-04-06 00:53:07','text',71,'test9','2009-04-06 00:53:07',64,'test9',37,22,'deleted','text','false','false',NULL),('2009-04-06 01:03:53','text',72,'test10','2009-04-06 01:09:58',64,'test10',38,22,'deleted','text','false','false',NULL),('2009-04-06 01:05:09','',73,'test11','2009-04-06 01:05:09',64,'test11',39,22,'deleted','select','false','false',NULL),('2009-04-06 01:07:59','',74,'test12','2009-04-06 01:07:59',64,'test12',40,22,'deleted','autocomplete','false','false',NULL),('2009-04-06 01:08:36','',75,'test13','2009-04-06 01:08:36',64,'test13',41,22,'deleted','autocomplete','false','false',NULL),('2009-04-06 01:38:28','text',76,'test2','2009-04-06 01:38:28',64,'test2',42,22,'deleted','text','false','false',NULL),('2009-04-06 01:42:28','text',77,'test','2009-04-06 01:42:28',64,'test',44,22,'deleted','text','false','false',NULL),('2009-04-06 01:43:48','text',78,'test','2009-04-06 01:43:48',64,'test',45,22,'deleted','portrait','false','false',NULL),('2009-04-06 01:46:05','text',79,'test','2009-04-06 01:46:05',64,'test',46,22,'deleted','portrait','false','false',NULL),('2009-04-06 01:47:23','textarea',80,'test','2009-04-06 01:47:23',65535,'test',48,22,'deleted','list','false','false',NULL),('2009-04-06 01:48:43','textarea',81,'test','2009-04-06 01:48:43',65535,'test',49,22,'deleted','list','false','false',NULL),('2009-04-06 01:49:30','textarea',82,'test','2009-04-06 01:49:30',65535,'test',50,22,'deleted','list','false','false',NULL),('2009-04-06 01:51:24','textarea',83,'test','2009-04-06 01:51:24',65535,'test',51,22,'deleted','list','false','false',NULL),('2009-04-06 01:51:52','daterange',84,'test','2009-04-06 01:51:52',64,'test',52,22,'deleted','daterange','false','false',NULL),('2009-04-06 01:52:05','datetime',85,'test','2009-04-06 01:52:05',64,'test',53,22,'deleted','datetime','false','false',NULL),('2009-04-06 01:52:35','text',86,'test','2009-04-06 01:52:35',64,'test',56,22,'deleted','text','false','false',NULL),('2009-04-06 01:53:05','text',87,'test','2009-04-06 01:53:05',64,'test',57,22,'deleted','text','false','false',NULL),('2009-04-06 01:53:13','textarea',88,'test','2009-04-06 01:53:13',65535,'test',58,22,'deleted','textarea','false','false',NULL),('2009-04-06 03:08:43','',89,'ac','2009-04-06 03:08:43',64,'ac',59,22,'deleted','autocomplete','false','false',NULL),('2009-04-06 03:16:36','',90,'ac2','2009-04-06 03:16:36',64,'ac2',60,22,'deleted','autocomplete','false','false',NULL),('2009-04-06 03:17:06','',91,'sel5','2009-04-06 03:17:06',64,'sel5',61,22,'deleted','select','false','false',NULL),('2009-04-07 16:07:16','daterange',92,'test','2009-04-07 16:07:16',64,'test',1,24,'deleted','daterange','false','false',NULL),('2009-04-07 16:07:43','text',93,'wag','2009-04-07 16:16:40',64,'wag',2,24,'deleted','portrait','false','false',NULL),('2009-04-07 16:08:03','text',94,'wagd','2009-04-07 16:08:03',64,'wagd',2,24,'deleted','portrait','false','false',NULL),('2009-04-07 16:10:10','textarea',95,'teas','2009-04-07 16:10:10',65535,'teas',4,24,'deleted','list','false','false',NULL),('2009-04-07 16:12:15','textarea',96,'tea','2009-04-07 16:12:15',65535,'tea',4,24,'deleted','list','false','false',NULL),('2009-04-07 16:19:57','datetime',97,'tests','2009-04-07 16:19:57',64,'tests',6,24,'deleted','datetime','false','false',NULL),('2009-04-07 16:23:23','datetime',98,'asdad','2009-04-07 16:23:23',64,'asdad',7,24,'deleted','datetime','false','false',NULL),('2009-04-07 16:23:59','datetime',99,'asdadw','2009-04-07 16:23:59',64,'asdadw',7,24,'deleted','datetime','false','false',NULL),('2009-04-07 16:24:38','datetime',100,'asdadwe','2009-04-07 16:24:38',64,'asdadwe',7,24,'deleted','datetime','false','false',NULL),('2009-04-07 16:24:55','datetime',101,'asdadwes','2009-04-07 16:24:55',64,'asdadwes',7,24,'deleted','datetime','false','false',NULL),('2009-04-07 16:34:09','datetime',102,'asdf','2009-04-07 16:34:09',64,'asdf',11,24,'deleted','datetime','false','false',NULL),('2009-04-07 16:34:28','datetime',103,'asdf','2009-04-07 16:34:28',64,'asdf',62,22,'deleted','datetime','false','false',NULL),('2009-04-27 16:32:37','datetime',104,'test birthday','2009-04-27 16:32:47',64,'test_birthday',8,1,'deleted','datetime','false','true',NULL),('2009-06-13 23:20:48','textarea',105,'list','2009-06-13 23:20:48',65535,'list',1,26,'deleted','list','false','false',NULL),('2009-06-13 23:21:15','testselect',106,'testSelect','2009-06-13 23:21:28',64,'testselect',2,26,'deleted','select','false','false',NULL),('2009-06-13 23:27:18','text',107,'test','2009-06-13 23:27:18',64,'test',3,26,'active','portrait','false','false',NULL),('2009-07-26 00:21:54','testselect',108,'testselect','2009-07-26 00:22:42',64,'testselect',67,22,'active','select','false','false',NULL),('2009-12-21 18:21:46','textarea',109,'testlist2','2009-12-21 18:21:46',65535,'testlist2',68,22,'deleted','list','false','false',NULL),('2009-12-21 18:47:49','textarea',110,'test','2009-12-21 18:47:49',65535,'test',69,22,'deleted','list','false','false',NULL),('2009-12-21 18:49:07','text',111,'wtf','2009-12-21 18:49:07',64,'wtf',70,22,'deleted','','false','false',NULL),('2009-12-21 18:50:24','textarea',112,'wtf','2009-12-21 18:50:24',65535,'wtf',71,22,'deleted','list','false','false',NULL),('2009-12-21 19:32:44','textarea',113,'test','2009-12-21 19:32:44',65535,'test',72,22,'deleted','list','false','false',NULL),('2009-12-21 19:34:50','textarea',114,'wtf','2009-12-21 19:34:57',65535,'wtf',73,22,'deleted','list','false','true',NULL),('2010-02-03 17:13:42','text',115,'test','2010-02-03 17:13:42',64,'test',1,28,'active','text','false','false',NULL),('2010-05-28 03:17:15','',119,'t1','2010-05-28 03:18:38',65535,'t1',79,22,'deleted','textarea','false','false','textarea'),('2010-05-28 03:20:55','',120,'selectA','2010-05-28 16:53:31',64,'selecta',1,22,'deleted','select','false','false','meh'),('2010-05-28 16:55:19','',121,'selectB','2010-05-28 17:10:17',64,'selectb',1,22,'deleted','select','false','false','test'),('2010-05-28 16:56:34','',122,'selectC','2010-05-28 17:10:01',64,'selectc',1,22,'deleted','select','false','false','test'),('2010-05-28 16:57:02','',123,'selectD','2010-05-28 17:09:46',64,'selectd',1,22,'deleted','select','false','false','test'),('2010-05-28 16:59:34','',124,'selectE','2010-05-28 17:09:09',64,'selecte',1,22,'deleted','select','false','false','test'),('2010-05-28 17:00:25','',125,'selectF','2010-05-28 17:08:08',64,'selectf',1,22,'deleted','select','false','false','test'),('2010-05-28 17:03:31','',126,'selectG','2010-05-28 17:07:51',64,'selectg',1,22,'deleted','select','false','false','tst'),('2010-05-28 17:06:02','',127,'selectH','2010-05-28 17:06:42',64,'selecth',1,22,'deleted','select','false','false','test'),('2010-06-21 00:38:05','datetime',128,'test','2010-06-21 00:38:50',64,'test',10,2,'deleted','datetime','false','false',''),('2010-08-20 06:28:14','textarea',129,'deleteme','2010-08-20 06:28:28',65535,'deleteme',10,2,'deleted','list','false','false',''),('2010-08-25 06:53:34','text',130,'t1','2010-08-25 06:53:47',64,'t1',6,7,'deleted','text','false','false','');
/*!40000 ALTER TABLE `profile_widget_field` ENABLE KEYS */;
UNLOCK TABLES;

--
-- Table structure for table `profile_widget_field_attend`
--

DROP TABLE IF EXISTS `profile_widget_field_attend`;
/*!40101 SET @saved_cs_client     = @@character_set_client */;
/*!40101 SET character_set_client = utf8 */;
CREATE TABLE `profile_widget_field_attend` (
  `attend_id` mediumint(8) unsigned NOT NULL,
  `created` datetime NOT NULL,
  `id` int(10) unsigned NOT NULL AUTO_INCREMENT,
  `ikey` varchar(75) NOT NULL,
  `profile_widget_field_id` mediumint(8) unsigned NOT NULL,
  `searchable_id` int(11) unsigned NOT NULL,
  `status` enum('deleted','active') NOT NULL DEFAULT 'active',
  PRIMARY KEY (`id`),
  KEY `normal` (`profile_widget_field_id`,`searchable_id`),
  KEY `profile_widget_field_attend_searchable_fk` (`searchable_id`),
  KEY `profile_widget_field_attend_pwf_fk` (`profile_widget_field_id`),
  KEY `profile_widget_field_attend_fk` (`attend_id`),
  CONSTRAINT `profile_widget_field_attend_fk` FOREIGN KEY (`attend_id`) REFERENCES `pwf_attend` (`id`),
  CONSTRAINT `profile_widget_field_attend_pwf_fk` FOREIGN KEY (`profile_widget_field_id`) REFERENCES `profile_widget_field` (`id`),
  CONSTRAINT `profile_widget_field_attend_searchable_fk` FOREIGN KEY (`searchable_id`) REFERENCES `searchable` (`id`)
) ENGINE=InnoDB AUTO_INCREMENT=40 DEFAULT CHARSET=utf8;
/*!40101 SET character_set_client = @saved_cs_client */;

--
-- Dumping data for table `profile_widget_field_attend`
--

LOCK TABLES `profile_widget_field_attend` WRITE;
/*!40000 ALTER TABLE `profile_widget_field_attend` DISABLE KEYS */;
INSERT INTO `profile_widget_field_attend` VALUES (2,'2010-08-19 11:45:05',37,'fe6bce6347fd92d968899f493ae5e742',19,13,'deleted'),(2,'2010-08-19 11:47:18',38,'e03e005c1ed3db3acdb7a35edd3346c7',19,13,'active'),(2,'2010-08-19 11:47:18',39,'a16d283ea56a578b6c380e6156b9c9df',19,13,'active');
/*!40000 ALTER TABLE `profile_widget_field_attend` ENABLE KEYS */;
UNLOCK TABLES;

--
-- Table structure for table `profile_widget_field_autocomplete`
--

DROP TABLE IF EXISTS `profile_widget_field_autocomplete`;
/*!40101 SET @saved_cs_client     = @@character_set_client */;
/*!40101 SET character_set_client = utf8 */;
CREATE TABLE `profile_widget_field_autocomplete` (
  `autocomplete_id` mediumint(8) unsigned NOT NULL,
  `created` datetime NOT NULL DEFAULT '0000-00-00 00:00:00',
  `id` int(10) unsigned NOT NULL AUTO_INCREMENT,
  `ikey` varchar(75) NOT NULL,
  `profile_widget_field_id` mediumint(8) unsigned NOT NULL,
  `searchable_id` int(11) unsigned NOT NULL,
  `status` enum('deleted','active') NOT NULL DEFAULT 'active',
  PRIMARY KEY (`id`),
  KEY `normal` (`profile_widget_field_id`,`searchable_id`),
  KEY `profile_widget_field_autocomplete_searchable_fk` (`searchable_id`),
  KEY `profile_widget_field_autocomplete_pwf_fk` (`profile_widget_field_id`),
  KEY `profile_widget_field_autocomplete_fk` (`autocomplete_id`)
) ENGINE=MyISAM DEFAULT CHARSET=utf8;
/*!40101 SET character_set_client = @saved_cs_client */;

--
-- Dumping data for table `profile_widget_field_autocomplete`
--

LOCK TABLES `profile_widget_field_autocomplete` WRITE;
/*!40000 ALTER TABLE `profile_widget_field_autocomplete` DISABLE KEYS */;
/*!40000 ALTER TABLE `profile_widget_field_autocomplete` ENABLE KEYS */;
UNLOCK TABLES;

--
-- Table structure for table `profile_widget_field_category`
--

DROP TABLE IF EXISTS `profile_widget_field_category`;
/*!40101 SET @saved_cs_client     = @@character_set_client */;
/*!40101 SET character_set_client = utf8 */;
CREATE TABLE `profile_widget_field_category` (
  `created` datetime NOT NULL,
  `category_id` mediumint(8) unsigned NOT NULL,
  `id` int(10) unsigned NOT NULL AUTO_INCREMENT,
  `ikey` varchar(75) NOT NULL,
  `profile_widget_field_id` mediumint(8) unsigned NOT NULL,
  `searchable_id` int(11) unsigned NOT NULL,
  `status` enum('deleted','active') NOT NULL DEFAULT 'active',
  PRIMARY KEY (`id`),
  KEY `normal` (`profile_widget_field_id`,`searchable_id`),
  KEY `profile_widget_field_category_searchable_fk` (`searchable_id`),
  KEY `profile_widget_field_category_pwf_fk` (`profile_widget_field_id`),
  KEY `profile_widget_field_category_fk` (`category_id`),
  CONSTRAINT `profile_widget_field_category_fk` FOREIGN KEY (`category_id`) REFERENCES `pwf_category` (`id`),
  CONSTRAINT `profile_widget_field_category_pwf_fk` FOREIGN KEY (`profile_widget_field_id`) REFERENCES `profile_widget_field` (`id`),
  CONSTRAINT `profile_widget_field_category_searchable_fk` FOREIGN KEY (`searchable_id`) REFERENCES `searchable` (`id`)
) ENGINE=InnoDB AUTO_INCREMENT=26 DEFAULT CHARSET=utf8;
/*!40101 SET character_set_client = @saved_cs_client */;

--
-- Dumping data for table `profile_widget_field_category`
--

LOCK TABLES `profile_widget_field_category` WRITE;
/*!40000 ALTER TABLE `profile_widget_field_category` DISABLE KEYS */;
INSERT INTO `profile_widget_field_category` VALUES ('2008-12-18 09:00:06',1,7,'cab54f0f8b3b75a8b7486c9adedf28f361',36,187,'deleted'),('2008-12-18 09:01:33',1,8,'ca8497c3b1d034ce7aaf059804b5c88db6',36,187,'deleted'),('2008-12-18 09:43:23',1,9,'ca5ca41a86596a5ed567d15af0be224952',36,187,'deleted'),('2008-12-18 09:53:11',1,10,'ca571e646d4ea4d46a8fde33d07167efe5',36,187,'deleted'),('2008-12-18 09:54:38',1,11,'ca856a813b7846e2494aa7289c89720b09',36,187,'deleted'),('2008-12-18 09:55:40',1,12,'caae95296e27d7f695f891cd26b4f37078',36,187,'deleted'),('2008-12-18 09:56:36',1,13,'ca7829e6d847f0b9d897d940aa3f3b7b46',36,187,'deleted'),('2008-12-18 09:57:34',1,14,'cacab070d53bd0d200746fb852a922064a',36,187,'deleted'),('2008-12-18 09:57:44',1,15,'caf1e9e809306242b3cf6803cec01d1771',36,187,'deleted'),('2009-07-02 09:34:59',1,16,'ca700bd04bff3c163ba03a7c2ac16bb560',36,197,'active'),('2009-07-02 09:51:19',4,17,'ca1f9caf93105becc0a30fd4e263bd7e15',36,198,'deleted'),('2009-07-02 09:56:17',1,18,'caf1e5284674fd1e360873c29337ebe2d7',36,199,'active'),('2010-02-11 23:26:07',1,19,'ca6f059f05075f145901781a79283b97af',36,248,'active'),('2010-02-11 23:38:27',1,20,'ca25ad4e66620054335366eb4f523c4783',36,249,'active'),('2010-02-11 23:39:54',1,21,'cade6f4bd5fdbd5c00066691ac471c8eeb',36,250,'active'),('2010-02-11 23:42:16',1,22,'ca08eb59c87e6003ac7c574364b2af90aa',36,251,'active'),('2010-02-11 23:45:42',1,23,'cafb7d56379eaf39cbc4b4a84863847c78',36,252,'active'),('2010-08-19 11:35:28',1,24,'940dd5834fabd6a07a95958fab7d85d5',36,13,'active'),('2010-09-12 19:30:26',1,25,'e4260608fea8bf8c5280dc4c663e8617',36,187,'active');
/*!40000 ALTER TABLE `profile_widget_field_category` ENABLE KEYS */;
UNLOCK TABLES;

--
-- Table structure for table `profile_widget_field_city`
--

DROP TABLE IF EXISTS `profile_widget_field_city`;
/*!40101 SET @saved_cs_client     = @@character_set_client */;
/*!40101 SET character_set_client = utf8 */;
CREATE TABLE `profile_widget_field_city` (
  `city_id` mediumint(8) unsigned NOT NULL,
  `created` datetime NOT NULL,
  `id` int(10) unsigned NOT NULL AUTO_INCREMENT,
  `ikey` varchar(75) NOT NULL,
  `profile_widget_field_id` mediumint(8) unsigned NOT NULL,
  `searchable_id` int(11) unsigned NOT NULL,
  `status` enum('deleted','active') NOT NULL DEFAULT 'active',
  PRIMARY KEY (`id`),
  KEY `normal` (`profile_widget_field_id`,`searchable_id`),
  KEY `profile_widget_field_city_searchable_fk` (`searchable_id`),
  KEY `profile_widget_field_city_pwf_fk` (`profile_widget_field_id`),
  KEY `profile_widget_field_city_fk` (`city_id`),
  CONSTRAINT `profile_widget_field_city_fk` FOREIGN KEY (`city_id`) REFERENCES `pwf_city` (`id`),
  CONSTRAINT `profile_widget_field_city_pwf_fk` FOREIGN KEY (`profile_widget_field_id`) REFERENCES `profile_widget_field` (`id`),
  CONSTRAINT `profile_widget_field_city_searchable_fk` FOREIGN KEY (`searchable_id`) REFERENCES `searchable` (`id`)
) ENGINE=InnoDB AUTO_INCREMENT=186 DEFAULT CHARSET=utf8;
/*!40101 SET character_set_client = @saved_cs_client */;

--
-- Dumping data for table `profile_widget_field_city`
--

LOCK TABLES `profile_widget_field_city` WRITE;
/*!40000 ALTER TABLE `profile_widget_field_city` DISABLE KEYS */;
INSERT INTO `profile_widget_field_city` VALUES (717,'2008-11-24 08:07:30',12,'ciat7808b471478f0cfdb2b407be92c170eb',12,13,'deleted'),(728,'2008-11-26 13:55:38',15,'ciat3907fb00750c85df3b7d65a1587a4aa7',3,13,'deleted'),(1,'2008-11-27 14:35:58',16,'ciat943f10b7abf00c6c77b7515a096e4322',19,13,'active'),(2,'2008-11-27 14:35:58',17,'ciat452ebc4db96ec12d336565e85e37125a',20,13,'active'),(728,'2008-11-27 21:57:47',18,'ciat76c65def23053e0eea4fac87af8b07b2',3,13,'deleted'),(699,'2008-11-28 10:27:43',20,'ciat9fdb62f932adf55af2c0e09e55861964',29,13,'deleted'),(699,'2008-12-01 08:40:41',21,'ciat023b39a74b7b4acd060dedc0431c3dbc',29,13,'deleted'),(699,'2008-12-01 08:45:37',22,'ciat761067fbba1d6ef159173bfb8109abc2',29,13,'deleted'),(699,'2008-12-01 09:01:48',24,'ciat0e46c9990c6daf3876b5166b2bc79fdc',29,13,'deleted'),(699,'2008-12-01 09:03:15',25,'ciat080f43a3371b1354a238d626779f4175',29,13,'deleted'),(699,'2008-12-01 09:20:22',26,'ciatec5de3e8dc6bd121a79794021bf20cb1',29,13,'deleted'),(728,'2008-12-07 11:23:52',27,'ciatf379a3ed36544a264646efdfe79a9212',3,13,'deleted'),(728,'2008-12-07 11:24:01',28,'ciat1751a9a215df522dcf207ba51b327643',3,13,'deleted'),(699,'2008-12-09 09:00:18',29,'ciatecc92a19f0de821519b715d10cbf7c62',29,13,'deleted'),(699,'2008-12-09 09:00:47',30,'ciatd4f700c81022c855e0041af836222bb4',29,13,'deleted'),(728,'2008-12-09 09:07:09',31,'ciat39f3a91f7def5376b696f85ccde52382',3,13,'deleted'),(728,'2008-12-09 09:08:05',32,'ciat8cf639fc4bb4f35a2bb4105e85ff9957',3,13,'deleted'),(728,'2008-12-09 09:09:18',33,'ciat02e8ca2ad17d56e17e1fc2edcbee4d40',3,13,'deleted'),(728,'2008-12-09 09:12:00',34,'ciatfc815a0b7bc84dce6b9c6f8ca4c28ad5',3,13,'deleted'),(728,'2008-12-09 09:14:25',35,'ciat7a16092a4fa489c835c716ea3815f704',3,13,'deleted'),(728,'2008-12-09 09:15:05',36,'ciatd5b2bbd3e57d6c19003667a447475589',3,13,'deleted'),(728,'2008-12-09 09:15:26',37,'ciat0a716fe8c7745e51a3185fc8be6ca23a',3,13,'deleted'),(728,'2008-12-09 09:15:40',38,'ciatba2f0015122a5955f8b3a50240fb91b2',3,13,'deleted'),(728,'2008-12-09 09:18:53',39,'ciat6c3cf77d52820cd0fe646d38bc2145ca',3,13,'deleted'),(728,'2008-12-09 09:19:28',40,'ciat6e6d5361da6fb4a2d24b4ef90f224f46',3,13,'deleted'),(728,'2008-12-09 09:20:03',41,'ciatad7030d0d43a7f5903f38cc76af762a5',3,13,'deleted'),(728,'2008-12-09 09:20:30',42,'ciat301c8eb1f76e106ec1bcf7a70ad25ffd',3,13,'deleted'),(728,'2008-12-09 09:21:38',43,'ciat7fc63ff01769c4fa7d9279e97e307829',3,13,'deleted'),(728,'2008-12-09 09:21:58',44,'ciat1c104b9c0accfca52ef21728eaf01453',3,13,'deleted'),(728,'2008-12-09 09:22:49',45,'ciat9866b8a83d35abdd89ed76d565d71f75',3,13,'deleted'),(671,'2008-12-15 08:45:16',46,'ciate594b22cf15b445f7476775aa508e9c3',3,184,'active'),(847,'2008-12-15 08:48:34',47,'ciatd34ff18d819ea9dfeda0f638eae589f0',3,185,'active'),(753,'2008-12-15 08:50:46',48,'ciat85af7dbb0532ca29713840ae3711fa89',3,186,'active'),(728,'2009-04-11 10:08:09',49,'ciat10e64da97df296012bccffbd03474c1e',3,13,'deleted'),(728,'2009-04-11 10:08:20',50,'ciat051928341be67dcba03f0e04104d9047',3,13,'deleted'),(728,'2009-04-11 10:08:32',51,'ciatf57a2f557b098c43f11ab969efe1504b',3,13,'deleted'),(728,'2009-04-11 10:09:40',52,'ciatcfda59a6d56ad73a26d084cb2e182f31',3,13,'deleted'),(728,'2009-04-11 10:31:27',53,'ciata89b9b817d1c710e6ef5000032e1c514',3,13,'deleted'),(728,'2009-04-11 10:32:07',54,'ciata87ff679a2f3e71d9181a67b7542122c',3,13,'deleted'),(728,'2009-04-11 10:32:19',55,'ciatc01fde2578043635c831a96524f9b679',3,13,'deleted'),(728,'2009-04-11 10:33:33',56,'ciat6aed000af86a084f9cb0264161e29dd3',3,13,'deleted'),(728,'2009-04-11 10:35:20',57,'ciat2bada0d8cffac40c988e44a273ba58d7',3,13,'deleted'),(728,'2009-04-11 10:36:03',58,'ciat1dc9eec5d23c9b8fbb75ab425f6e032f',3,13,'deleted'),(728,'2009-04-11 10:50:52',59,'ciatd7f6db68da03fee4df7856f3323dd380',3,13,'deleted'),(728,'2009-04-11 10:51:34',60,'ciat5c572eca050594c7bc3c36e7e8ab9550',3,13,'deleted'),(728,'2009-04-11 10:52:34',61,'ciat6c9401f2e592de95c20042ebcc16a102',3,13,'deleted'),(728,'2009-04-11 10:54:20',62,'ciat0dd1bc593a91620daecf7723d2235624',3,13,'deleted'),(728,'2009-04-11 11:28:37',63,'ciat11f524c3fbfeeca4aa916edcb6b6392e',3,13,'deleted'),(728,'2009-04-11 11:30:02',64,'ciat2e1e29f5fc4f906c2145acc6840b29ff',3,13,'deleted'),(728,'2009-04-11 12:02:44',65,'ciate6bfd869a81f98ce424bfff9642fbe39',3,13,'deleted'),(728,'2009-04-11 12:03:42',66,'ciat2f0928c25ff3f884e8d2fa38835bd328',3,13,'deleted'),(728,'2009-04-11 12:04:17',67,'ciat010b229957fa385ab3198cbaad6e4e59',3,13,'deleted'),(728,'2009-04-11 12:04:43',68,'ciat97785e0500ad16c18574c64189ccf4b4',3,13,'deleted'),(728,'2009-04-11 12:05:03',69,'ciatdb18ad102e99e047876c7c51ff482d5a',3,13,'deleted'),(728,'2009-04-11 14:06:54',70,'ciatd37b9e2b497aa9312965a132d98279b0',3,13,'deleted'),(728,'2009-04-11 14:09:35',71,'ciat134dd796229f80f23b75af20495b8d50',3,13,'deleted'),(728,'2009-04-11 14:11:24',72,'ciat8944871f1c9865a77a3d9c92cadf124d',3,13,'deleted'),(728,'2009-04-11 14:11:42',73,'ciat5bbc7cc2da7217ccaf66f733b3fef728',3,13,'deleted'),(728,'2009-04-11 14:15:47',74,'ciat1392a70e4978d9890a1a1d40a11edbe8',3,13,'deleted'),(728,'2009-04-11 14:17:49',75,'ciate7896283fcae240c9abb874a70a5afd2',3,13,'deleted'),(728,'2009-04-11 14:27:03',76,'ciatd2f53008ecf7568f1abeb455e1dcf5e4',3,13,'deleted'),(728,'2009-04-11 14:27:54',77,'ciat86d4303e4f27966fade0cf152d9ae234',3,13,'deleted'),(717,'2009-04-11 15:42:52',78,'ciat0bf4193e64622cc35e7af3715e30f1d6',12,13,'deleted'),(717,'2009-04-11 15:44:22',79,'ciat348a43bb0eadc84915bcd8d95f373b0f',12,13,'deleted'),(717,'2009-04-11 15:45:27',80,'ciatf7dd39d47c6f28f7877155ccffad0192',12,13,'deleted'),(699,'2009-04-11 15:47:10',81,'ciata7eb3f86b0d99361a5053a41d7d38576',29,13,'deleted'),(728,'2009-04-11 16:58:17',82,'ciat13fbe66c4c51b5105b28e59790cba2b9',3,13,'deleted'),(728,'2009-04-25 00:02:54',83,'ciatc0faf875b8596a0999b426631c0b5ff8',3,13,'deleted'),(728,'2009-04-25 00:04:10',84,'ciatc814dd85265b778fe3fc122c1b2e3202',3,13,'deleted'),(728,'2009-04-25 00:07:19',85,'ciatdb93e1f9860b074ef224878a047a5407',3,13,'deleted'),(728,'2009-04-25 00:10:23',86,'ciateecb119bb23b452aa17063227d6af855',3,13,'deleted'),(728,'2009-04-25 00:11:48',87,'ciatea160c1a93b80943bb632999ff3e6130',3,13,'deleted'),(728,'2009-04-25 01:00:36',88,'ciat89bdedf8c38bda669ba5aba697d7703b',3,13,'deleted'),(728,'2009-04-25 01:00:45',89,'ciated3d2c21991e3bef5e069713af9fa6ca',3,13,'deleted'),(728,'2009-04-26 11:25:34',90,'ciat59b6525364c77d1e6f9c79c53e387954',3,13,'deleted'),(728,'2009-04-26 11:26:13',91,'ciat7dd2ae7db7d18ee7c9425e38df1af5e2',3,13,'deleted'),(728,'2009-04-26 11:27:35',92,'ciat56503192b14190d3826780d47c0d3bf3',3,13,'deleted'),(728,'2009-04-26 11:28:06',93,'ciat8248f16fa738b0bfe6013edf69d873bf',3,13,'deleted'),(728,'2009-04-26 11:29:09',94,'ciat3dd6195e97200112e1a769f118b4fa6f',3,13,'deleted'),(728,'2009-04-26 11:29:53',95,'ciat5bc33927ca8779dcd219b9dfaa1195a5',3,13,'deleted'),(728,'2009-04-26 11:30:27',96,'ciat0df9db3088320cff4c7b2e2ec39d1610',3,13,'deleted'),(728,'2009-04-26 11:31:58',97,'ciat0727459d2e79f13a818513aee75a1f90',3,13,'deleted'),(728,'2009-04-26 11:32:31',98,'ciat4c1062cc42d7e3c64306cbee964db44f',3,13,'deleted'),(728,'2009-04-26 11:33:08',99,'ciatd72eecc6b164864790fe25f2bd64a8ab',3,13,'deleted'),(728,'2009-04-26 11:34:17',100,'ciatb4fd263bb699f424cdb6a662af0049b2',3,13,'deleted'),(728,'2009-04-26 11:34:40',101,'ciatd921c3c762b1522c475ac8fc0811bb0f',3,13,'deleted'),(728,'2009-04-26 11:35:16',102,'ciat9e106e26d5ec709ce1b63d12c5447791',3,13,'deleted'),(728,'2009-04-26 11:36:06',103,'ciat972ededf6c4d7c1405ef53f27d961eda',3,13,'deleted'),(728,'2009-04-26 11:38:08',104,'ciat226b5bf02bf8b97501335e2792e5abc7',3,13,'deleted'),(728,'2009-04-26 11:39:33',105,'ciat088d6dc6ddb3113e9b902711ccdfafef',3,13,'deleted'),(728,'2009-04-26 12:14:33',106,'ciata3788c8c64fd65c470e23e7534c3ebc8',3,13,'deleted'),(728,'2009-04-26 12:16:22',107,'ciat4b777618f85e4ce92de27c69a6cc104c',3,13,'deleted'),(728,'2009-04-26 12:27:15',108,'ciatdd87a43132f3ce443d1e50b29019de3b',3,13,'deleted'),(728,'2009-04-26 12:57:40',109,'ciat58c02631651a8ffcb2632ab4d96a3da2',3,13,'deleted'),(728,'2009-04-26 12:58:55',110,'ciat20c86a628232a67e7bd46f76fba7ce12',3,13,'deleted'),(728,'2009-04-26 13:16:40',111,'ciat58ec72df0caca51df569d0b497c33805',3,13,'deleted'),(728,'2009-04-26 13:20:41',112,'ciat0c71f0a8c36a3212e6569e6186febd41',3,13,'deleted'),(728,'2009-04-26 13:21:28',113,'ciatca55e81c481f3ae701c4362514ce6abd',3,13,'deleted'),(728,'2009-04-26 13:22:15',114,'ciat9c0ddedc5328cfa7f7f97cab05b1338b',3,13,'deleted'),(728,'2009-04-26 13:24:05',115,'ciatb56e3960d3b3075f46e862488ed4979a',3,13,'deleted'),(728,'2009-04-26 13:28:49',116,'ciat0197fd56abb69bf33e16d0abdc2a439f',3,13,'deleted'),(728,'2009-04-26 13:57:56',117,'ciat7f6411f044f4af764d78c7f31af15b2c',3,13,'deleted'),(728,'2009-04-26 14:01:45',118,'ciata87bbbbe08344d9c9fd3f6d86bb7cc88',3,13,'deleted'),(728,'2009-04-26 14:03:12',119,'ciatd0b9a6a56ca7fd6ebad617bcda8365a6',3,13,'deleted'),(728,'2009-04-26 14:21:25',120,'ciat2ab5569b4274a31c7f2b7c67cd9ba9e2',3,13,'deleted'),(728,'2009-04-26 14:24:26',121,'ciat5f94d747fbf97bbec48a0bc22602e968',3,13,'deleted'),(728,'2009-04-26 14:48:02',122,'ciatc386cba5332d11385672ee52d036e8c1',3,13,'deleted'),(728,'2009-04-26 14:49:36',123,'ciat6578ea8c336aa704c7e8ea2c5f19353b',3,13,'deleted'),(728,'2009-04-26 14:53:28',124,'ciat691f1c02ba340056657d9fd9f5bf017c',3,13,'deleted'),(728,'2009-04-26 14:55:08',125,'ciat182340c28a4350468fce307ff1bab29e',3,13,'deleted'),(728,'2009-04-26 14:55:24',126,'ciatd55eaf8506f9046a88b8730781830194',3,13,'deleted'),(728,'2009-04-26 14:55:46',127,'ciatd63036cfba56a5c3cb75ab14b33fe677',3,13,'deleted'),(728,'2009-04-26 14:56:33',128,'ciat3f1656d9668dffcf8119e3ecff873558',3,13,'deleted'),(728,'2009-04-26 15:01:30',129,'ciat7e05295a468401ec66e8c337855022ed',3,13,'deleted'),(728,'2009-04-26 15:03:44',130,'ciatb414506974c8c8d9d1e4d0cf5ced4c76',3,13,'deleted'),(728,'2009-04-27 08:51:21',131,'ciat2298d401e38ecd89706918103116ca07',3,13,'deleted'),(728,'2009-04-27 08:53:48',132,'ciat053b47ac39ef2ea08d354ee54baadabb',3,13,'deleted'),(728,'2009-04-27 08:54:44',133,'ciatdb922619896fd0e04b6e58c897c61841',3,13,'deleted'),(728,'2009-04-27 08:55:54',134,'ciatd87d3902e1c4efdc9d79e94c4921bb40',3,13,'deleted'),(728,'2009-04-27 09:01:00',135,'ciat46384036044a604b6b3316fc167fc15f',3,13,'deleted'),(728,'2009-04-27 09:02:10',136,'ciat2edc8ba7ff417abef3ae5ae12ca63796',3,13,'deleted'),(728,'2009-04-27 09:03:36',137,'ciat2794f1ac7a5d4610b2694d8ab3227b8f',3,13,'deleted'),(728,'2009-04-27 09:03:55',138,'ciat19bc916108fc6938f52cb96f7e087941',3,13,'deleted'),(728,'2009-04-27 09:09:30',139,'ciat74c4481c34e417ac39d1de6b4f854c4f',3,13,'deleted'),(728,'2009-04-27 09:10:43',140,'ciat7b951cd08a561a4284fe7ed5a8b79496',3,13,'deleted'),(728,'2009-04-27 09:12:07',141,'ciat5d4d48d0359e45e4fdf997818d6407fd',3,13,'deleted'),(728,'2009-04-27 09:16:04',142,'ciatd4dd111a4fd973394238aca5c05bebe3',3,13,'deleted'),(728,'2009-04-27 09:21:31',143,'ciat29cb2d8a436d82bf5dbcca7ea09edc5c',3,13,'deleted'),(728,'2009-04-29 09:32:05',144,'ciat0959768e03df8e636579e41f3f9d2ea2',3,13,'deleted'),(728,'2009-04-29 09:34:57',145,'ciatbf424cb7b0dea050a42b9739eb261a3a',3,13,'deleted'),(728,'2009-04-29 09:42:19',146,'ciat4d2356339f13e4b3d5aec55ba88a6019',3,13,'deleted'),(728,'2009-04-29 09:43:22',147,'ciataf44c4c56f385c43f2529f9b1b018f6a',3,13,'deleted'),(728,'2009-05-11 10:12:32',148,'ciatb28d8e3ccb1ff9d46fa2d9e70222c9e7',3,13,'deleted'),(728,'2009-05-11 10:13:22',149,'ciat53e4db6f596904f154b5efa09193e3ab',3,13,'deleted'),(728,'2009-05-13 09:29:01',150,'ciate523eebf638ca962ed5639f247e5bcbf',3,13,'deleted'),(785,'2009-05-13 09:35:00',151,'ciat478423056f0942a464052ccc8e0d064d',12,16,'active'),(728,'2009-05-31 10:21:13',152,'ciatb4c740208036d64c467b9cb682edb0c5',3,13,'deleted'),(728,'2009-05-31 10:21:25',153,'ciat09d1d2fa86fbc25c85269b522d96b9a9',3,13,'deleted'),(699,'2009-07-18 17:39:26',154,'ciat773de9ea713363557c90891deddea6c8',29,13,'deleted'),(848,'2009-07-18 17:40:13',155,'ciat2fae3af07a8228d1d41c509494c4b461',29,13,'deleted'),(699,'2009-07-18 17:40:29',156,'ciat4cf54a3d780b9294815e5f249164f20f',29,13,'deleted'),(699,'2009-07-18 17:43:16',157,'ciat5f26cc984eaa1376b07fc0439d531dba',29,13,'deleted'),(717,'2009-12-24 00:30:47',158,'ciat824fb1d8857f81886fbbaef32efe761a',12,13,'deleted'),(717,'2010-02-08 08:42:01',159,'ciat612d4156179bfba91c1ff1a3c1f518c2',12,198,'deleted'),(717,'2010-02-08 08:42:07',160,'ciat3da32e079aabc819820a748599af7887',12,198,'active'),(717,'2010-04-15 14:17:57',161,'ciatd367e09a965275ca20a3fd11bb492666',12,13,'deleted'),(717,'2010-04-15 14:18:11',162,'ciatc83ae807fcaf9e0e8f750aec83700842',12,13,'deleted'),(717,'2010-04-15 14:18:25',163,'ciat67ad90b332cb8d8a0956d654c2ed37b5',12,13,'deleted'),(717,'2010-06-21 10:17:23',164,'ciat28f04d418b356001a097fd9d4cd8c56a',12,13,'deleted'),(717,'2010-06-21 10:17:34',165,'ciata2e7ae61e380251c3d000f0f5db8e0de',12,13,'deleted'),(717,'2010-06-21 10:18:36',166,'ciat34f803a65e02c537184906e107f932e8',12,13,'deleted'),(717,'2010-06-21 10:19:26',167,'ciate1b2469d8666b82e06c236fc52424fb8',12,13,'deleted'),(717,'2010-06-21 10:20:22',168,'ciat66b63f33bfd3e668d468742ad34a28fd',12,13,'deleted'),(717,'2010-06-21 10:21:28',169,'ciat2c80a400abf63815e21585c5c33629b8',12,13,'deleted'),(717,'2010-06-21 10:24:40',170,'ciat9b2024be0522d2b24b89d32a599149ba',12,13,'deleted'),(717,'2010-08-16 09:20:17',171,'ciat46e0a5278bb36ce2d35356304b137c88',12,13,'deleted'),(717,'2010-08-16 09:20:28',172,'ciat36245290c5aa000dd20a0164f00d6929',12,13,'deleted'),(699,'2010-08-16 09:20:40',173,'ciatdcd2e28da06fa75c066e8fafdbe54e23',29,13,'deleted'),(699,'2010-08-16 09:22:32',174,'ciat3cc833bc4d40b67bb70a72b02f81d41c',29,13,'deleted'),(699,'2010-08-16 09:22:32',175,'ciat67a35ef6e013b8e5cd3b87abde8b7405',29,13,'deleted'),(699,'2010-08-16 09:24:20',176,'ciatc54edc2c906c3caeedc9e3103dfd0f8b',29,13,'deleted'),(699,'2010-08-16 09:27:52',177,'ciat44974e50e1dbf4bd9f21443f7269cff6',29,13,'active'),(717,'2010-08-19 11:32:00',178,'01cb322d72502b5c0f5bbdd7c147ff1d',12,13,'deleted'),(717,'2010-08-19 11:32:08',179,'7036958bcc04353313010a7435262b09',12,13,'deleted'),(717,'2010-08-20 10:19:30',180,'2981b5ccecd2240d2598da85b278a773',12,13,'deleted'),(717,'2010-08-21 13:15:27',181,'c8886fa9a667e7730d293b723df80c83',12,13,'deleted'),(717,'2010-08-21 13:16:29',182,'dd4db3d7dd3a16d71c468ba82fc20e19',12,13,'deleted'),(717,'2010-09-12 19:28:29',183,'259b345e91ee1b9754f942c1758c99e8',12,13,'deleted'),(717,'2010-09-12 19:28:36',184,'c082a1b9768bcdcfc3022eb888884c16',12,13,'active'),(728,'2010-09-12 19:28:57',185,'87725e16b5e4258dcb5af5005aa962ca',3,13,'deleted');
/*!40000 ALTER TABLE `profile_widget_field_city` ENABLE KEYS */;
UNLOCK TABLES;

--
-- Table structure for table `profile_widget_field_company`
--

DROP TABLE IF EXISTS `profile_widget_field_company`;
/*!40101 SET @saved_cs_client     = @@character_set_client */;
/*!40101 SET character_set_client = utf8 */;
CREATE TABLE `profile_widget_field_company` (
  `company_id` mediumint(8) unsigned NOT NULL,
  `created` datetime NOT NULL,
  `id` int(10) unsigned NOT NULL AUTO_INCREMENT,
  `ikey` varchar(75) NOT NULL,
  `profile_widget_field_id` mediumint(8) unsigned NOT NULL,
  `searchable_id` int(11) unsigned NOT NULL,
  `status` enum('deleted','active') NOT NULL DEFAULT 'active',
  PRIMARY KEY (`id`),
  KEY `normal` (`profile_widget_field_id`,`searchable_id`),
  KEY `profile_widget_field_company_searchable_fk` (`searchable_id`),
  KEY `profile_widget_field_company_pwf_fk` (`profile_widget_field_id`),
  KEY `profile_widget_field_company_fk` (`company_id`),
  CONSTRAINT `profile_widget_field_company_fk` FOREIGN KEY (`company_id`) REFERENCES `pwf_company` (`id`),
  CONSTRAINT `profile_widget_field_company_pwf_fk` FOREIGN KEY (`profile_widget_field_id`) REFERENCES `profile_widget_field` (`id`),
  CONSTRAINT `profile_widget_field_company_searchable_fk` FOREIGN KEY (`searchable_id`) REFERENCES `searchable` (`id`)
) ENGINE=InnoDB DEFAULT CHARSET=utf8;
/*!40101 SET character_set_client = @saved_cs_client */;

--
-- Dumping data for table `profile_widget_field_company`
--

LOCK TABLES `profile_widget_field_company` WRITE;
/*!40000 ALTER TABLE `profile_widget_field_company` DISABLE KEYS */;
/*!40000 ALTER TABLE `profile_widget_field_company` ENABLE KEYS */;
UNLOCK TABLES;

--
-- Table structure for table `profile_widget_field_concentration`
--

DROP TABLE IF EXISTS `profile_widget_field_concentration`;
/*!40101 SET @saved_cs_client     = @@character_set_client */;
/*!40101 SET character_set_client = utf8 */;
CREATE TABLE `profile_widget_field_concentration` (
  `concentration_id` mediumint(8) unsigned NOT NULL,
  `created` datetime NOT NULL,
  `id` int(10) unsigned NOT NULL AUTO_INCREMENT,
  `ikey` varchar(75) NOT NULL,
  `profile_widget_field_id` mediumint(8) unsigned NOT NULL,
  `searchable_id` int(11) unsigned NOT NULL,
  `status` enum('deleted','active') NOT NULL DEFAULT 'active',
  PRIMARY KEY (`id`),
  KEY `normal` (`profile_widget_field_id`,`searchable_id`),
  KEY `profile_widget_field_concentration_searchable_fk` (`searchable_id`),
  KEY `profile_widget_field_concentration_pwf_fk` (`profile_widget_field_id`),
  KEY `profile_widget_field_concentration_fk` (`concentration_id`),
  CONSTRAINT `profile_widget_field_concentration_fk` FOREIGN KEY (`concentration_id`) REFERENCES `pwf_concentration` (`id`),
  CONSTRAINT `profile_widget_field_concentration_pwf_fk` FOREIGN KEY (`profile_widget_field_id`) REFERENCES `profile_widget_field` (`id`),
  CONSTRAINT `profile_widget_field_concentration_searchable_fk` FOREIGN KEY (`searchable_id`) REFERENCES `searchable` (`id`)
) ENGINE=InnoDB AUTO_INCREMENT=32 DEFAULT CHARSET=utf8;
/*!40101 SET character_set_client = @saved_cs_client */;

--
-- Dumping data for table `profile_widget_field_concentration`
--

LOCK TABLES `profile_widget_field_concentration` WRITE;
/*!40000 ALTER TABLE `profile_widget_field_concentration` DISABLE KEYS */;
INSERT INTO `profile_widget_field_concentration` VALUES (12,'2009-04-11 16:53:53',13,'conconci68cc84f0834098558e316e76dc5d8c7b',21,13,'deleted'),(13,'2009-04-11 16:53:53',14,'conconci3cec07e9ba5f5bb252d13f5f431e4bbb',21,13,'deleted'),(12,'2009-04-11 16:54:11',15,'conconci4049f890b5f59ee17a2554a1e271cc46',21,13,'deleted'),(13,'2009-04-11 16:54:11',16,'conconci09c1279b01289fa282367675519325a1',21,13,'deleted'),(12,'2009-04-11 16:57:36',17,'conconci828c3938b662961ed8f775ed638b97f2',21,13,'deleted'),(13,'2009-04-11 16:57:36',18,'conconci3871bd64012152bfb53fdf04b401193f',21,13,'deleted'),(12,'2009-04-11 17:00:00',19,'conconci87755e2bb813ed0ad03d9801b4e0320d',21,13,'deleted'),(13,'2009-04-11 17:00:00',20,'conconcic1160f0432464eb6110ada4a0ac56917',21,13,'deleted'),(12,'2009-07-18 17:42:25',21,'conconcie1054bf2d703bca1e8fe101d3ac5efcd',21,13,'deleted'),(13,'2009-07-18 17:42:25',22,'conconcic91ef42552e1027b5d648beeffa1be50',21,13,'deleted'),(13,'2009-07-18 17:42:25',23,'conconcie1054bf2d703bca1e8fe101d3ac5efcd',22,13,'deleted'),(12,'2009-07-18 17:42:34',24,'conconci0fce7805546cf456c1d9e8b443e770f9',21,13,'deleted'),(13,'2009-07-18 17:42:34',25,'conconci259c22cfdc742412a89fe293b53c6e94',21,13,'deleted'),(12,'2009-07-25 17:45:43',26,'conconcia74e88cfc53686ce828fb037d0f2041e',21,13,'deleted'),(12,'2009-07-25 17:47:04',27,'conconci8be00c69e615ab5846e629f5bb39fd95',21,13,'deleted'),(13,'2009-07-25 17:47:04',28,'conconciaf88d16112663ef32519c582073f44c4',21,13,'deleted'),(13,'2010-08-19 11:35:42',29,'b6d0c47b70f82f733293a789641763e4',21,13,'deleted'),(13,'2010-08-19 11:45:05',30,'6386262be4e3cd21ea2560fa2f7a6927',21,13,'deleted'),(13,'2010-08-19 11:47:18',31,'b8e558300dbc37841ea739160da9f102',21,13,'active');
/*!40000 ALTER TABLE `profile_widget_field_concentration` ENABLE KEYS */;
UNLOCK TABLES;

--
-- Table structure for table `profile_widget_field_country`
--

DROP TABLE IF EXISTS `profile_widget_field_country`;
/*!40101 SET @saved_cs_client     = @@character_set_client */;
/*!40101 SET character_set_client = utf8 */;
CREATE TABLE `profile_widget_field_country` (
  `country_id` mediumint(8) unsigned NOT NULL,
  `created` datetime NOT NULL,
  `id` int(10) unsigned NOT NULL AUTO_INCREMENT,
  `ikey` varchar(75) NOT NULL,
  `profile_widget_field_id` mediumint(8) unsigned NOT NULL,
  `searchable_id` int(11) unsigned NOT NULL,
  `status` enum('deleted','active') NOT NULL DEFAULT 'active',
  PRIMARY KEY (`id`),
  KEY `normal` (`profile_widget_field_id`,`searchable_id`),
  KEY `profile_widget_field_country_searchable_fk` (`searchable_id`),
  KEY `profile_widget_field_country_pwf_fk` (`profile_widget_field_id`),
  KEY `profile_widget_field_country_fk` (`country_id`),
  CONSTRAINT `profile_widget_field_country_fk` FOREIGN KEY (`country_id`) REFERENCES `pwf_country` (`id`),
  CONSTRAINT `profile_widget_field_country_pwf_fk` FOREIGN KEY (`profile_widget_field_id`) REFERENCES `profile_widget_field` (`id`),
  CONSTRAINT `profile_widget_field_country_searchable_fk` FOREIGN KEY (`searchable_id`) REFERENCES `searchable` (`id`)
) ENGINE=InnoDB AUTO_INCREMENT=192 DEFAULT CHARSET=utf8;
/*!40101 SET character_set_client = @saved_cs_client */;

--
-- Dumping data for table `profile_widget_field_country`
--

LOCK TABLES `profile_widget_field_country` WRITE;
/*!40000 ALTER TABLE `profile_widget_field_country` DISABLE KEYS */;
INSERT INTO `profile_widget_field_country` VALUES (229,'2008-11-24 08:07:30',16,'coucouci7808b471478f0cfdb2b407be92c170eb',14,13,'deleted'),(229,'2008-11-26 13:55:38',19,'coucouci3907fb00750c85df3b7d65a1587a4aa7',4,13,'deleted'),(229,'2008-11-27 21:57:47',20,'coucouci76c65def23053e0eea4fac87af8b07b2',4,13,'deleted'),(229,'2008-11-28 10:20:22',22,'coucoucicec635e58838ff3c8907acbe1bda1191',31,13,'deleted'),(229,'2008-11-28 10:22:29',23,'coucoucic0922ade21becf758819c686aaca845b',31,13,'deleted'),(229,'2008-11-28 10:27:00',24,'coucouci4b4a96575767e162b8c6013ec6712d40',31,13,'deleted'),(229,'2008-11-28 10:27:43',25,'coucouci9fdb62f932adf55af2c0e09e55861964',31,13,'deleted'),(229,'2008-12-01 08:40:41',26,'coucouci023b39a74b7b4acd060dedc0431c3dbc',31,13,'deleted'),(229,'2008-12-01 08:45:37',27,'coucouci761067fbba1d6ef159173bfb8109abc2',31,13,'deleted'),(229,'2008-12-01 09:01:48',29,'coucouci0e46c9990c6daf3876b5166b2bc79fdc',31,13,'deleted'),(229,'2008-12-01 09:03:15',30,'coucouci080f43a3371b1354a238d626779f4175',31,13,'deleted'),(229,'2008-12-01 09:20:22',31,'coucouciec5de3e8dc6bd121a79794021bf20cb1',31,13,'deleted'),(229,'2008-12-07 11:23:52',32,'coucoucif379a3ed36544a264646efdfe79a9212',4,13,'deleted'),(229,'2008-12-07 11:24:01',33,'coucouci1751a9a215df522dcf207ba51b327643',4,13,'deleted'),(229,'2008-12-09 09:00:18',34,'coucouciecc92a19f0de821519b715d10cbf7c62',31,13,'deleted'),(229,'2008-12-09 09:00:47',35,'coucoucid4f700c81022c855e0041af836222bb4',31,13,'deleted'),(229,'2008-12-09 09:07:09',36,'coucouci39f3a91f7def5376b696f85ccde52382',4,13,'deleted'),(229,'2008-12-09 09:08:05',37,'coucouci8cf639fc4bb4f35a2bb4105e85ff9957',4,13,'deleted'),(229,'2008-12-09 09:09:18',38,'coucouci02e8ca2ad17d56e17e1fc2edcbee4d40',4,13,'deleted'),(229,'2008-12-09 09:12:00',39,'coucoucifc815a0b7bc84dce6b9c6f8ca4c28ad5',4,13,'deleted'),(229,'2008-12-09 09:14:25',40,'coucouci7a16092a4fa489c835c716ea3815f704',4,13,'deleted'),(229,'2008-12-09 09:15:05',41,'coucoucid5b2bbd3e57d6c19003667a447475589',4,13,'deleted'),(229,'2008-12-09 09:15:26',42,'coucouci0a716fe8c7745e51a3185fc8be6ca23a',4,13,'deleted'),(229,'2008-12-09 09:15:40',43,'coucouciba2f0015122a5955f8b3a50240fb91b2',4,13,'deleted'),(229,'2008-12-09 09:18:53',44,'coucouci6c3cf77d52820cd0fe646d38bc2145ca',4,13,'deleted'),(229,'2008-12-09 09:19:28',45,'coucouci6e6d5361da6fb4a2d24b4ef90f224f46',4,13,'deleted'),(229,'2008-12-09 09:20:03',46,'coucouciad7030d0d43a7f5903f38cc76af762a5',4,13,'deleted'),(229,'2008-12-09 09:20:30',47,'coucouci301c8eb1f76e106ec1bcf7a70ad25ffd',4,13,'deleted'),(229,'2008-12-09 09:21:38',48,'coucouci7fc63ff01769c4fa7d9279e97e307829',4,13,'deleted'),(229,'2008-12-09 09:21:58',49,'coucouci1c104b9c0accfca52ef21728eaf01453',4,13,'deleted'),(229,'2008-12-09 09:22:49',50,'coucouci9866b8a83d35abdd89ed76d565d71f75',4,13,'deleted'),(229,'2009-04-11 10:08:09',51,'coucouci10e64da97df296012bccffbd03474c1e',4,13,'deleted'),(229,'2009-04-11 10:08:20',52,'coucouci051928341be67dcba03f0e04104d9047',4,13,'deleted'),(229,'2009-04-11 10:08:32',53,'coucoucif57a2f557b098c43f11ab969efe1504b',4,13,'deleted'),(229,'2009-04-11 10:09:40',54,'coucoucicfda59a6d56ad73a26d084cb2e182f31',4,13,'deleted'),(229,'2009-04-11 10:31:27',55,'coucoucia89b9b817d1c710e6ef5000032e1c514',4,13,'deleted'),(229,'2009-04-11 10:32:07',56,'coucoucia87ff679a2f3e71d9181a67b7542122c',4,13,'deleted'),(229,'2009-04-11 10:32:19',57,'coucoucic01fde2578043635c831a96524f9b679',4,13,'deleted'),(229,'2009-04-11 10:33:33',58,'coucouci6aed000af86a084f9cb0264161e29dd3',4,13,'deleted'),(229,'2009-04-11 10:35:20',59,'coucouci2bada0d8cffac40c988e44a273ba58d7',4,13,'deleted'),(229,'2009-04-11 10:36:03',60,'coucouci1dc9eec5d23c9b8fbb75ab425f6e032f',4,13,'deleted'),(229,'2009-04-11 10:50:52',61,'coucoucid7f6db68da03fee4df7856f3323dd380',4,13,'deleted'),(229,'2009-04-11 10:51:34',62,'coucouci5c572eca050594c7bc3c36e7e8ab9550',4,13,'deleted'),(229,'2009-04-11 10:52:34',63,'coucouci6c9401f2e592de95c20042ebcc16a102',4,13,'deleted'),(229,'2009-04-11 10:54:20',64,'coucouci0dd1bc593a91620daecf7723d2235624',4,13,'deleted'),(229,'2009-04-11 11:28:37',65,'coucouci11f524c3fbfeeca4aa916edcb6b6392e',4,13,'deleted'),(229,'2009-04-11 11:30:02',66,'coucouci2e1e29f5fc4f906c2145acc6840b29ff',4,13,'deleted'),(229,'2009-04-11 12:02:44',67,'coucoucie6bfd869a81f98ce424bfff9642fbe39',4,13,'deleted'),(229,'2009-04-11 12:03:42',68,'coucouci2f0928c25ff3f884e8d2fa38835bd328',4,13,'deleted'),(229,'2009-04-11 12:04:17',69,'coucouci010b229957fa385ab3198cbaad6e4e59',4,13,'deleted'),(229,'2009-04-11 12:04:43',70,'coucouci97785e0500ad16c18574c64189ccf4b4',4,13,'deleted'),(229,'2009-04-11 12:05:03',71,'coucoucidb18ad102e99e047876c7c51ff482d5a',4,13,'deleted'),(229,'2009-04-11 14:06:54',72,'coucoucid37b9e2b497aa9312965a132d98279b0',4,13,'deleted'),(229,'2009-04-11 14:09:35',73,'coucouci134dd796229f80f23b75af20495b8d50',4,13,'deleted'),(229,'2009-04-11 14:11:24',74,'coucouci8944871f1c9865a77a3d9c92cadf124d',4,13,'deleted'),(229,'2009-04-11 14:11:42',75,'coucouci5bbc7cc2da7217ccaf66f733b3fef728',4,13,'deleted'),(229,'2009-04-11 14:15:47',76,'coucouci1392a70e4978d9890a1a1d40a11edbe8',4,13,'deleted'),(229,'2009-04-11 14:17:49',77,'coucoucie7896283fcae240c9abb874a70a5afd2',4,13,'deleted'),(229,'2009-04-11 14:27:03',78,'coucoucid2f53008ecf7568f1abeb455e1dcf5e4',4,13,'deleted'),(229,'2009-04-11 14:27:54',79,'coucouci86d4303e4f27966fade0cf152d9ae234',4,13,'deleted'),(229,'2009-04-11 15:42:52',80,'coucouci0bf4193e64622cc35e7af3715e30f1d6',14,13,'deleted'),(229,'2009-04-11 15:44:22',81,'coucouci348a43bb0eadc84915bcd8d95f373b0f',14,13,'deleted'),(229,'2009-04-11 15:45:27',82,'coucoucif7dd39d47c6f28f7877155ccffad0192',14,13,'deleted'),(229,'2009-04-11 15:47:10',83,'coucoucia7eb3f86b0d99361a5053a41d7d38576',31,13,'deleted'),(229,'2009-04-11 16:58:17',84,'coucouci13fbe66c4c51b5105b28e59790cba2b9',4,13,'deleted'),(229,'2009-04-25 00:02:54',85,'coucoucic0faf875b8596a0999b426631c0b5ff8',4,13,'deleted'),(229,'2009-04-25 00:04:10',86,'coucoucic814dd85265b778fe3fc122c1b2e3202',4,13,'deleted'),(229,'2009-04-25 00:07:19',87,'coucoucidb93e1f9860b074ef224878a047a5407',4,13,'deleted'),(229,'2009-04-25 00:10:23',88,'coucoucieecb119bb23b452aa17063227d6af855',4,13,'deleted'),(229,'2009-04-25 00:11:48',89,'coucouciea160c1a93b80943bb632999ff3e6130',4,13,'deleted'),(229,'2009-04-25 01:00:36',90,'coucouci89bdedf8c38bda669ba5aba697d7703b',4,13,'deleted'),(229,'2009-04-25 01:00:45',91,'coucoucied3d2c21991e3bef5e069713af9fa6ca',4,13,'deleted'),(229,'2009-04-26 11:25:34',92,'coucouci59b6525364c77d1e6f9c79c53e387954',4,13,'deleted'),(229,'2009-04-26 11:26:13',93,'coucouci7dd2ae7db7d18ee7c9425e38df1af5e2',4,13,'deleted'),(229,'2009-04-26 11:27:35',94,'coucouci56503192b14190d3826780d47c0d3bf3',4,13,'deleted'),(229,'2009-04-26 11:28:06',95,'coucouci8248f16fa738b0bfe6013edf69d873bf',4,13,'deleted'),(229,'2009-04-26 11:29:09',96,'coucouci3dd6195e97200112e1a769f118b4fa6f',4,13,'deleted'),(229,'2009-04-26 11:29:53',97,'coucouci5bc33927ca8779dcd219b9dfaa1195a5',4,13,'deleted'),(229,'2009-04-26 11:30:27',98,'coucouci0df9db3088320cff4c7b2e2ec39d1610',4,13,'deleted'),(229,'2009-04-26 11:31:58',99,'coucouci0727459d2e79f13a818513aee75a1f90',4,13,'deleted'),(229,'2009-04-26 11:32:31',100,'coucouci4c1062cc42d7e3c64306cbee964db44f',4,13,'deleted'),(229,'2009-04-26 11:33:08',101,'coucoucid72eecc6b164864790fe25f2bd64a8ab',4,13,'deleted'),(229,'2009-04-26 11:34:17',102,'coucoucib4fd263bb699f424cdb6a662af0049b2',4,13,'deleted'),(229,'2009-04-26 11:34:40',103,'coucoucid921c3c762b1522c475ac8fc0811bb0f',4,13,'deleted'),(229,'2009-04-26 11:35:16',104,'coucouci9e106e26d5ec709ce1b63d12c5447791',4,13,'deleted'),(229,'2009-04-26 11:36:06',105,'coucouci972ededf6c4d7c1405ef53f27d961eda',4,13,'deleted'),(229,'2009-04-26 11:38:08',106,'coucouci226b5bf02bf8b97501335e2792e5abc7',4,13,'deleted'),(229,'2009-04-26 11:39:33',107,'coucouci088d6dc6ddb3113e9b902711ccdfafef',4,13,'deleted'),(229,'2009-04-26 12:14:33',108,'coucoucia3788c8c64fd65c470e23e7534c3ebc8',4,13,'deleted'),(229,'2009-04-26 12:16:22',109,'coucouci4b777618f85e4ce92de27c69a6cc104c',4,13,'deleted'),(229,'2009-04-26 12:27:15',110,'coucoucidd87a43132f3ce443d1e50b29019de3b',4,13,'deleted'),(229,'2009-04-26 12:57:40',111,'coucouci58c02631651a8ffcb2632ab4d96a3da2',4,13,'deleted'),(229,'2009-04-26 12:58:55',112,'coucouci20c86a628232a67e7bd46f76fba7ce12',4,13,'deleted'),(229,'2009-04-26 13:16:40',113,'coucouci58ec72df0caca51df569d0b497c33805',4,13,'deleted'),(229,'2009-04-26 13:20:41',114,'coucouci0c71f0a8c36a3212e6569e6186febd41',4,13,'deleted'),(229,'2009-04-26 13:21:28',115,'coucoucica55e81c481f3ae701c4362514ce6abd',4,13,'deleted'),(229,'2009-04-26 13:22:15',116,'coucouci9c0ddedc5328cfa7f7f97cab05b1338b',4,13,'deleted'),(229,'2009-04-26 13:24:05',117,'coucoucib56e3960d3b3075f46e862488ed4979a',4,13,'deleted'),(229,'2009-04-26 13:28:49',118,'coucouci0197fd56abb69bf33e16d0abdc2a439f',4,13,'deleted'),(229,'2009-04-26 13:57:56',119,'coucouci7f6411f044f4af764d78c7f31af15b2c',4,13,'deleted'),(229,'2009-04-26 14:01:45',120,'coucoucia87bbbbe08344d9c9fd3f6d86bb7cc88',4,13,'deleted'),(229,'2009-04-26 14:03:12',121,'coucoucid0b9a6a56ca7fd6ebad617bcda8365a6',4,13,'deleted'),(229,'2009-04-26 14:21:25',122,'coucouci2ab5569b4274a31c7f2b7c67cd9ba9e2',4,13,'deleted'),(229,'2009-04-26 14:24:26',123,'coucouci5f94d747fbf97bbec48a0bc22602e968',4,13,'deleted'),(229,'2009-04-26 14:48:02',124,'coucoucic386cba5332d11385672ee52d036e8c1',4,13,'deleted'),(229,'2009-04-26 14:49:36',125,'coucouci6578ea8c336aa704c7e8ea2c5f19353b',4,13,'deleted'),(229,'2009-04-26 14:53:28',126,'coucouci691f1c02ba340056657d9fd9f5bf017c',4,13,'deleted'),(229,'2009-04-26 14:55:08',127,'coucouci182340c28a4350468fce307ff1bab29e',4,13,'deleted'),(229,'2009-04-26 14:55:24',128,'coucoucid55eaf8506f9046a88b8730781830194',4,13,'deleted'),(229,'2009-04-26 14:55:46',129,'coucoucid63036cfba56a5c3cb75ab14b33fe677',4,13,'deleted'),(229,'2009-04-26 14:56:33',130,'coucouci3f1656d9668dffcf8119e3ecff873558',4,13,'deleted'),(229,'2009-04-26 15:01:30',131,'coucouci7e05295a468401ec66e8c337855022ed',4,13,'deleted'),(229,'2009-04-26 15:03:44',132,'coucoucib414506974c8c8d9d1e4d0cf5ced4c76',4,13,'deleted'),(229,'2009-04-27 08:51:21',133,'coucouci2298d401e38ecd89706918103116ca07',4,13,'deleted'),(229,'2009-04-27 08:53:48',134,'coucouci053b47ac39ef2ea08d354ee54baadabb',4,13,'deleted'),(229,'2009-04-27 08:54:44',135,'coucoucidb922619896fd0e04b6e58c897c61841',4,13,'deleted'),(229,'2009-04-27 08:55:54',136,'coucoucid87d3902e1c4efdc9d79e94c4921bb40',4,13,'deleted'),(229,'2009-04-27 09:01:00',137,'coucouci46384036044a604b6b3316fc167fc15f',4,13,'deleted'),(229,'2009-04-27 09:02:10',138,'coucouci2edc8ba7ff417abef3ae5ae12ca63796',4,13,'deleted'),(229,'2009-04-27 09:03:36',139,'coucouci2794f1ac7a5d4610b2694d8ab3227b8f',4,13,'deleted'),(229,'2009-04-27 09:03:55',140,'coucouci19bc916108fc6938f52cb96f7e087941',4,13,'deleted'),(229,'2009-04-27 09:09:30',141,'coucouci74c4481c34e417ac39d1de6b4f854c4f',4,13,'deleted'),(229,'2009-04-27 09:10:43',142,'coucouci7b951cd08a561a4284fe7ed5a8b79496',4,13,'deleted'),(229,'2009-04-27 09:12:07',143,'coucouci5d4d48d0359e45e4fdf997818d6407fd',4,13,'deleted'),(229,'2009-04-27 09:16:04',144,'coucoucid4dd111a4fd973394238aca5c05bebe3',4,13,'deleted'),(229,'2009-04-27 09:21:31',145,'coucouci29cb2d8a436d82bf5dbcca7ea09edc5c',4,13,'deleted'),(229,'2009-04-29 09:32:05',146,'coucouci0959768e03df8e636579e41f3f9d2ea2',4,13,'deleted'),(229,'2009-04-29 09:34:57',147,'coucoucibf424cb7b0dea050a42b9739eb261a3a',4,13,'deleted'),(229,'2009-04-29 09:42:19',148,'coucouci4d2356339f13e4b3d5aec55ba88a6019',4,13,'deleted'),(229,'2009-04-29 09:43:22',149,'coucouciaf44c4c56f385c43f2529f9b1b018f6a',4,13,'deleted'),(229,'2009-05-11 10:12:32',150,'coucoucib28d8e3ccb1ff9d46fa2d9e70222c9e7',4,13,'deleted'),(229,'2009-05-11 10:13:22',151,'coucouci53e4db6f596904f154b5efa09193e3ab',4,13,'deleted'),(229,'2009-05-13 09:29:01',152,'coucoucie523eebf638ca962ed5639f247e5bcbf',4,13,'deleted'),(229,'2009-05-13 09:35:00',153,'coucouci478423056f0942a464052ccc8e0d064d',14,16,'active'),(229,'2009-05-31 10:21:13',154,'coucoucib4c740208036d64c467b9cb682edb0c5',4,13,'deleted'),(229,'2009-05-31 10:21:25',155,'coucouci09d1d2fa86fbc25c85269b522d96b9a9',4,13,'deleted'),(229,'2009-07-18 17:39:26',156,'coucouci773de9ea713363557c90891deddea6c8',31,13,'deleted'),(229,'2009-07-18 17:40:13',157,'coucouci2fae3af07a8228d1d41c509494c4b461',31,13,'deleted'),(229,'2009-07-18 17:40:29',158,'coucouci4cf54a3d780b9294815e5f249164f20f',31,13,'deleted'),(229,'2009-07-18 17:43:16',159,'coucouci5f26cc984eaa1376b07fc0439d531dba',31,13,'deleted'),(229,'2009-07-24 09:49:29',160,'coucouciafd2cd234908613bcd2de4dfc1f06ce0',4,13,'deleted'),(229,'2009-07-27 21:03:47',161,'coucouci14b14198b6e26157b7eba06b390ab763',4,13,'deleted'),(229,'2009-07-27 21:15:38',162,'coucouci37d097caf1299d9aa79c2c2b843d2d78',4,13,'deleted'),(229,'2009-07-27 21:15:57',163,'coucouci74564920d4b9f130298880d010c929cd',4,13,'deleted'),(229,'2009-07-27 21:16:32',164,'coucouci66b8d6392a59b5ce703c28340d8b3565',4,13,'deleted'),(229,'2009-12-24 00:30:47',165,'coucouci824fb1d8857f81886fbbaef32efe761a',14,13,'deleted'),(229,'2010-04-15 14:17:57',166,'coucoucid367e09a965275ca20a3fd11bb492666',14,13,'deleted'),(229,'2010-04-15 14:18:11',167,'coucoucic83ae807fcaf9e0e8f750aec83700842',14,13,'deleted'),(229,'2010-04-15 14:18:25',168,'coucouci67ad90b332cb8d8a0956d654c2ed37b5',14,13,'deleted'),(229,'2010-06-21 10:17:23',169,'coucouci28f04d418b356001a097fd9d4cd8c56a',14,13,'deleted'),(229,'2010-06-21 10:17:34',170,'coucoucia2e7ae61e380251c3d000f0f5db8e0de',14,13,'deleted'),(229,'2010-06-21 10:18:36',171,'coucouci34f803a65e02c537184906e107f932e8',14,13,'deleted'),(229,'2010-06-21 10:19:26',172,'coucoucie1b2469d8666b82e06c236fc52424fb8',14,13,'deleted'),(229,'2010-06-21 10:20:22',173,'coucouci66b63f33bfd3e668d468742ad34a28fd',14,13,'deleted'),(229,'2010-06-21 10:21:28',174,'coucouci2c80a400abf63815e21585c5c33629b8',14,13,'deleted'),(229,'2010-06-21 10:24:40',175,'coucouci9b2024be0522d2b24b89d32a599149ba',14,13,'deleted'),(229,'2010-08-16 09:20:17',176,'coucouci54ed4b7fd1992847bbc3a4fdbe51c84c',14,13,'deleted'),(229,'2010-08-16 09:20:28',177,'coucoucie80c126c9df6edbc5d060f57c6ba827d',14,13,'deleted'),(229,'2010-08-16 09:20:40',178,'coucouci3938a76d0694fa9e8dc8a0d6c8abc62b',31,13,'deleted'),(229,'2010-08-16 09:22:32',179,'coucouci521d2bb26acf75e51168d4218984b084',31,13,'deleted'),(229,'2010-08-16 09:22:32',180,'coucouci669e49c2523aea311355ca1a888c7839',31,13,'deleted'),(229,'2010-08-16 09:24:20',181,'coucouci8774b6c62bcdc9fa54315355c4a9daeb',31,13,'deleted'),(229,'2010-08-16 09:27:52',182,'coucoucidd095f78189d3bb166eb90d030cb4317',31,13,'active'),(229,'2010-08-19 11:32:00',183,'b832c2ecb21c9ec6f5621f7adff02ba1',14,13,'deleted'),(229,'2010-08-19 11:32:08',184,'9d3e4e38e3fbb2fb856e61791672c50f',14,13,'deleted'),(229,'2010-08-20 10:19:30',185,'09d760791f98028c063f53015a39a2cb',14,13,'deleted'),(229,'2010-08-21 13:15:27',186,'19393887f4efa60374730baf7f2662f9',14,13,'deleted'),(229,'2010-08-21 13:16:29',187,'abbce313de2fa81265bd2e7ae168a23b',14,13,'deleted'),(229,'2010-09-12 19:28:29',188,'6098c618edee77d8d3ee0cbc880c3151',14,13,'deleted'),(229,'2010-09-12 19:28:36',189,'df6c00ae68e658572bb829654c840db0',14,13,'active'),(229,'2010-09-12 19:28:57',190,'1c56e602fb0acc3d512e4cb90fd0ca54',4,13,'deleted'),(229,'2010-09-12 19:29:06',191,'378093db37dad14fafc543642e7b3ffe',4,13,'active');
/*!40000 ALTER TABLE `profile_widget_field_country` ENABLE KEYS */;
UNLOCK TABLES;

--
-- Table structure for table `profile_widget_field_daterange`
--

DROP TABLE IF EXISTS `profile_widget_field_daterange`;
/*!40101 SET @saved_cs_client     = @@character_set_client */;
/*!40101 SET character_set_client = utf8 */;
CREATE TABLE `profile_widget_field_daterange` (
  `created` datetime NOT NULL,
  `id` int(10) unsigned NOT NULL AUTO_INCREMENT,
  `ikey` varchar(75) NOT NULL,
  `profile_widget_field_id` mediumint(8) unsigned NOT NULL,
  `searchable_id` int(11) unsigned NOT NULL,
  `valueA` datetime NOT NULL,
  `valueB` datetime NOT NULL,
  `current` enum('false','true') NOT NULL DEFAULT 'false',
  `status` enum('deleted','active') NOT NULL DEFAULT 'active',
  PRIMARY KEY (`id`),
  KEY `normal` (`profile_widget_field_id`,`searchable_id`),
  KEY `profile_widget_field_daterange_searchable_fk` (`searchable_id`),
  KEY `profile_widget_field_daterange_pwf_fk` (`profile_widget_field_id`),
  CONSTRAINT `profile_widget_field_daterange_pwf_fk` FOREIGN KEY (`profile_widget_field_id`) REFERENCES `profile_widget_field` (`id`),
  CONSTRAINT `profile_widget_field_daterange_searchable_fk` FOREIGN KEY (`searchable_id`) REFERENCES `searchable` (`id`)
) ENGINE=InnoDB AUTO_INCREMENT=20 DEFAULT CHARSET=utf8;
/*!40101 SET character_set_client = @saved_cs_client */;

--
-- Dumping data for table `profile_widget_field_daterange`
--

LOCK TABLES `profile_widget_field_daterange` WRITE;
/*!40000 ALTER TABLE `profile_widget_field_daterange` DISABLE KEYS */;
INSERT INTO `profile_widget_field_daterange` VALUES ('2008-12-01 09:03:15',7,'drdrci080f43a3371b1354a238d626779f4175',32,13,'1993-04-00 00:00:00','2004-03-00 00:00:00','false','deleted'),('2008-12-01 09:20:22',8,'drdrciec5de3e8dc6bd121a79794021bf20cb1',32,13,'1993-04-00 00:00:00','2004-03-00 00:00:00','true','deleted'),('2008-12-09 09:00:18',9,'drdrciecc92a19f0de821519b715d10cbf7c62',32,13,'1993-04-00 00:00:00','2004-03-00 00:00:00','false','deleted'),('2008-12-09 09:00:47',10,'drdrcid4f700c81022c855e0041af836222bb4',32,13,'2006-08-00 00:00:00','2004-03-00 00:00:00','false','deleted'),('2009-04-11 15:47:10',11,'drdrcia7eb3f86b0d99361a5053a41d7d38576',32,13,'2006-08-00 00:00:00','2004-03-00 00:00:00','false','deleted'),('2009-07-18 17:39:26',12,'drdrci773de9ea713363557c90891deddea6c8',32,13,'2006-08-00 00:00:00','2004-03-00 00:00:00','true','deleted'),('2009-07-18 17:40:13',13,'drdrci2fae3af07a8228d1d41c509494c4b461',32,13,'2006-08-00 00:00:00','2004-03-00 00:00:00','true','deleted'),('2009-07-18 17:40:29',14,'drdrci4cf54a3d780b9294815e5f249164f20f',32,13,'2006-08-00 00:00:00','2004-03-00 00:00:00','true','deleted'),('2009-07-18 17:43:16',15,'drdrci5f26cc984eaa1376b07fc0439d531dba',32,13,'2006-08-00 00:00:00','2004-03-00 00:00:00','true','deleted'),('2010-08-16 09:20:40',16,'drdrciec5228ba0e0f91de158d54c8697f12e7',32,13,'2006-08-00 00:00:00','2004-03-00 00:00:00','false','deleted'),('2010-08-16 09:22:32',17,'drdrcif03f2891c182d0080519ad9a69e5ca09',32,13,'2006-08-00 00:00:00','2010-09-00 00:00:00','true','deleted'),('2010-08-16 09:24:20',18,'drdrci3e67a4a27287a6271baedc8227c7eaed',32,13,'2006-08-00 00:00:00','2010-09-00 00:00:00','true','deleted'),('2010-08-16 09:27:52',19,'drdrci23cd35010f77a8232723c0753cd65892',32,13,'2006-08-00 00:00:00','2010-09-00 00:00:00','true','active');
/*!40000 ALTER TABLE `profile_widget_field_daterange` ENABLE KEYS */;
UNLOCK TABLES;

--
-- Table structure for table `profile_widget_field_datetime`
--

DROP TABLE IF EXISTS `profile_widget_field_datetime`;
/*!40101 SET @saved_cs_client     = @@character_set_client */;
/*!40101 SET character_set_client = utf8 */;
CREATE TABLE `profile_widget_field_datetime` (
  `created` datetime NOT NULL,
  `id` int(10) unsigned NOT NULL AUTO_INCREMENT,
  `ikey` varchar(75) NOT NULL,
  `profile_widget_field_id` mediumint(8) unsigned NOT NULL,
  `searchable_id` int(11) unsigned NOT NULL,
  `value` datetime NOT NULL,
  `status` enum('deleted','active') NOT NULL DEFAULT 'active',
  PRIMARY KEY (`id`),
  KEY `normal` (`profile_widget_field_id`,`searchable_id`),
  KEY `profile_widget_field_datetime_searchable_fk` (`searchable_id`),
  KEY `profile_widget_field_datetime_pwf_fk` (`profile_widget_field_id`),
  CONSTRAINT `profile_widget_field_datetime_pwf_fk` FOREIGN KEY (`profile_widget_field_id`) REFERENCES `profile_widget_field` (`id`),
  CONSTRAINT `profile_widget_field_datetime_searchable_fk` FOREIGN KEY (`searchable_id`) REFERENCES `searchable` (`id`)
) ENGINE=InnoDB AUTO_INCREMENT=147 DEFAULT CHARSET=utf8;
/*!40101 SET character_set_client = @saved_cs_client */;

--
-- Dumping data for table `profile_widget_field_datetime`
--

LOCK TABLES `profile_widget_field_datetime` WRITE;
/*!40000 ALTER TABLE `profile_widget_field_datetime` DISABLE KEYS */;
INSERT INTO `profile_widget_field_datetime` VALUES ('2008-11-26 13:55:38',5,'dtdtci3907fb00750c85df3b7d65a1587a4aa7',2,13,'1982-06-02 00:00:00','deleted'),('2008-11-27 21:57:47',6,'dtdtci76c65def23053e0eea4fac87af8b07b2',2,13,'1982-06-02 00:00:00','deleted'),('2008-12-07 11:23:52',7,'dtdtcif379a3ed36544a264646efdfe79a9212',2,13,'1982-06-03 00:00:00','deleted'),('2008-12-07 11:24:01',8,'dtdtci1751a9a215df522dcf207ba51b327643',2,13,'1982-06-02 00:00:00','deleted'),('2008-12-09 09:07:09',10,'dtdtci39f3a91f7def5376b696f85ccde52382',2,13,'1982-06-02 00:00:00','deleted'),('2008-12-09 09:08:05',11,'dtdtci8cf639fc4bb4f35a2bb4105e85ff9957',2,13,'1982-06-02 00:00:00','deleted'),('2008-12-09 09:09:18',12,'dtdtci02e8ca2ad17d56e17e1fc2edcbee4d40',2,13,'1982-06-02 00:00:00','deleted'),('2008-12-09 09:12:00',13,'dtdtcifc815a0b7bc84dce6b9c6f8ca4c28ad5',2,13,'1982-06-02 00:00:00','deleted'),('2008-12-09 09:14:25',14,'dtdtci7a16092a4fa489c835c716ea3815f704',2,13,'1982-06-02 00:00:00','deleted'),('2008-12-09 09:15:05',15,'dtdtcid5b2bbd3e57d6c19003667a447475589',2,13,'1982-06-02 00:00:00','deleted'),('2008-12-09 09:15:26',16,'dtdtci0a716fe8c7745e51a3185fc8be6ca23a',2,13,'1982-06-02 00:00:00','deleted'),('2008-12-09 09:15:40',17,'dtdtciba2f0015122a5955f8b3a50240fb91b2',2,13,'1982-06-02 00:00:00','deleted'),('2008-12-09 09:18:53',18,'dtdtci6c3cf77d52820cd0fe646d38bc2145ca',2,13,'1982-06-02 00:00:00','deleted'),('2008-12-09 09:19:28',19,'dtdtci6e6d5361da6fb4a2d24b4ef90f224f46',2,13,'1982-06-02 00:00:00','deleted'),('2008-12-09 09:20:03',20,'dtdtciad7030d0d43a7f5903f38cc76af762a5',2,13,'1982-06-02 00:00:00','deleted'),('2008-12-09 09:20:30',21,'dtdtci301c8eb1f76e106ec1bcf7a70ad25ffd',2,13,'1982-06-02 00:00:00','deleted'),('2008-12-09 09:21:38',22,'dtdtci7fc63ff01769c4fa7d9279e97e307829',2,13,'1982-06-02 00:00:00','deleted'),('2008-12-09 09:21:58',23,'dtdtci1c104b9c0accfca52ef21728eaf01453',2,13,'1982-06-02 00:00:00','deleted'),('2008-12-09 09:22:49',24,'dtdtci9866b8a83d35abdd89ed76d565d71f75',2,13,'1982-06-02 00:00:00','deleted'),('2008-12-15 08:45:16',25,'dtdtcie594b22cf15b445f7476775aa508e9c3',2,184,'1980-07-10 00:00:00','active'),('2008-12-15 08:48:34',26,'dtdtcid34ff18d819ea9dfeda0f638eae589f0',2,185,'1985-04-01 00:00:00','active'),('2008-12-15 08:50:46',27,'dtdtci85af7dbb0532ca29713840ae3711fa89',2,186,'1995-02-01 00:00:00','active'),('2009-04-11 10:08:09',28,'dtdtci10e64da97df296012bccffbd03474c1e',2,13,'1982-06-02 00:00:00','deleted'),('2009-04-11 10:08:20',29,'dtdtci051928341be67dcba03f0e04104d9047',2,13,'1982-06-02 00:00:00','deleted'),('2009-04-11 10:08:32',30,'dtdtcif57a2f557b098c43f11ab969efe1504b',2,13,'1982-06-02 00:00:00','deleted'),('2009-04-11 10:09:40',31,'dtdtcicfda59a6d56ad73a26d084cb2e182f31',2,13,'1982-06-02 00:00:00','deleted'),('2009-04-11 10:31:27',32,'dtdtcia89b9b817d1c710e6ef5000032e1c514',2,13,'1982-06-02 00:00:00','deleted'),('2009-04-11 10:32:07',33,'dtdtcia87ff679a2f3e71d9181a67b7542122c',2,13,'1982-06-02 00:00:00','deleted'),('2009-04-11 10:32:19',34,'dtdtcic01fde2578043635c831a96524f9b679',2,13,'1982-06-02 00:00:00','deleted'),('2009-04-11 10:33:33',35,'dtdtci6aed000af86a084f9cb0264161e29dd3',2,13,'1982-06-02 00:00:00','deleted'),('2009-04-11 10:35:20',36,'dtdtci2bada0d8cffac40c988e44a273ba58d7',2,13,'1982-06-02 00:00:00','deleted'),('2009-04-11 10:36:03',37,'dtdtci1dc9eec5d23c9b8fbb75ab425f6e032f',2,13,'1982-06-02 00:00:00','deleted'),('2009-04-11 10:50:52',38,'dtdtcid7f6db68da03fee4df7856f3323dd380',2,13,'1982-06-02 00:00:00','deleted'),('2009-04-11 10:51:34',39,'dtdtci5c572eca050594c7bc3c36e7e8ab9550',2,13,'1982-06-02 00:00:00','deleted'),('2009-04-11 10:52:34',40,'dtdtci6c9401f2e592de95c20042ebcc16a102',2,13,'1982-06-02 00:00:00','deleted'),('2009-04-11 10:54:20',41,'dtdtci0dd1bc593a91620daecf7723d2235624',2,13,'1982-06-02 00:00:00','deleted'),('2009-04-11 11:28:37',42,'dtdtci11f524c3fbfeeca4aa916edcb6b6392e',2,13,'1982-06-02 00:00:00','deleted'),('2009-04-11 11:30:02',43,'dtdtci2e1e29f5fc4f906c2145acc6840b29ff',2,13,'1982-06-02 00:00:00','deleted'),('2009-04-11 12:02:44',44,'dtdtcie6bfd869a81f98ce424bfff9642fbe39',2,13,'1982-06-02 00:00:00','deleted'),('2009-04-11 12:03:42',45,'dtdtci2f0928c25ff3f884e8d2fa38835bd328',2,13,'1982-06-02 00:00:00','deleted'),('2009-04-11 12:04:17',46,'dtdtci010b229957fa385ab3198cbaad6e4e59',2,13,'1982-06-02 00:00:00','deleted'),('2009-04-11 12:04:43',47,'dtdtci97785e0500ad16c18574c64189ccf4b4',2,13,'1982-06-02 00:00:00','deleted'),('2009-04-11 12:05:03',48,'dtdtcidb18ad102e99e047876c7c51ff482d5a',2,13,'1982-06-02 00:00:00','deleted'),('2009-04-11 14:06:54',49,'dtdtcid37b9e2b497aa9312965a132d98279b0',2,13,'1982-06-02 00:00:00','deleted'),('2009-04-11 14:09:35',50,'dtdtci134dd796229f80f23b75af20495b8d50',2,13,'1982-06-02 00:00:00','deleted'),('2009-04-11 14:11:24',51,'dtdtci8944871f1c9865a77a3d9c92cadf124d',2,13,'1982-06-02 00:00:00','deleted'),('2009-04-11 14:11:42',52,'dtdtci5bbc7cc2da7217ccaf66f733b3fef728',2,13,'1982-06-02 00:00:00','deleted'),('2009-04-11 14:15:47',53,'dtdtci1392a70e4978d9890a1a1d40a11edbe8',2,13,'1982-06-02 00:00:00','deleted'),('2009-04-11 14:17:49',54,'dtdtcie7896283fcae240c9abb874a70a5afd2',2,13,'1982-06-02 00:00:00','deleted'),('2009-04-11 14:27:03',55,'dtdtcid2f53008ecf7568f1abeb455e1dcf5e4',2,13,'1982-06-02 00:00:00','deleted'),('2009-04-11 14:27:54',56,'dtdtci86d4303e4f27966fade0cf152d9ae234',2,13,'1982-06-02 00:00:00','deleted'),('2009-04-11 16:58:17',57,'dtdtci13fbe66c4c51b5105b28e59790cba2b9',2,13,'1982-06-02 00:00:00','deleted'),('2009-04-25 00:02:54',58,'dtdtcic0faf875b8596a0999b426631c0b5ff8',2,13,'1982-06-02 00:00:00','deleted'),('2009-04-25 00:04:10',59,'dtdtcic814dd85265b778fe3fc122c1b2e3202',2,13,'1982-06-02 00:00:00','deleted'),('2009-04-25 00:07:19',60,'dtdtcidb93e1f9860b074ef224878a047a5407',2,13,'1982-06-02 00:00:00','deleted'),('2009-04-25 00:10:23',61,'dtdtcieecb119bb23b452aa17063227d6af855',2,13,'1982-06-02 00:00:00','deleted'),('2009-04-25 00:11:48',62,'dtdtciea160c1a93b80943bb632999ff3e6130',2,13,'1982-06-02 00:00:00','deleted'),('2009-04-25 01:00:36',63,'dtdtci89bdedf8c38bda669ba5aba697d7703b',2,13,'1982-06-02 00:00:00','deleted'),('2009-04-25 01:00:45',64,'dtdtcied3d2c21991e3bef5e069713af9fa6ca',2,13,'1982-06-02 00:00:00','deleted'),('2009-04-26 11:25:34',65,'dtdtci59b6525364c77d1e6f9c79c53e387954',2,13,'1982-06-02 00:00:00','deleted'),('2009-04-26 11:26:13',66,'dtdtci7dd2ae7db7d18ee7c9425e38df1af5e2',2,13,'1982-06-02 00:00:00','deleted'),('2009-04-26 11:27:35',67,'dtdtci56503192b14190d3826780d47c0d3bf3',2,13,'1982-06-02 00:00:00','deleted'),('2009-04-26 11:28:06',68,'dtdtci8248f16fa738b0bfe6013edf69d873bf',2,13,'1982-06-02 00:00:00','deleted'),('2009-04-26 11:29:09',69,'dtdtci3dd6195e97200112e1a769f118b4fa6f',2,13,'1982-06-02 00:00:00','deleted'),('2009-04-26 11:29:53',70,'dtdtci5bc33927ca8779dcd219b9dfaa1195a5',2,13,'1982-06-02 00:00:00','deleted'),('2009-04-26 11:30:27',71,'dtdtci0df9db3088320cff4c7b2e2ec39d1610',2,13,'1982-06-02 00:00:00','deleted'),('2009-04-26 11:31:58',72,'dtdtci0727459d2e79f13a818513aee75a1f90',2,13,'1982-06-02 00:00:00','deleted'),('2009-04-26 11:32:31',73,'dtdtci4c1062cc42d7e3c64306cbee964db44f',2,13,'1982-06-02 00:00:00','deleted'),('2009-04-26 11:33:08',74,'dtdtcid72eecc6b164864790fe25f2bd64a8ab',2,13,'1982-06-02 00:00:00','deleted'),('2009-04-26 11:34:17',75,'dtdtcib4fd263bb699f424cdb6a662af0049b2',2,13,'1982-06-02 00:00:00','deleted'),('2009-04-26 11:34:40',76,'dtdtcid921c3c762b1522c475ac8fc0811bb0f',2,13,'1982-06-02 00:00:00','deleted'),('2009-04-26 11:35:16',77,'dtdtci9e106e26d5ec709ce1b63d12c5447791',2,13,'1982-06-02 00:00:00','deleted'),('2009-04-26 11:36:06',78,'dtdtci972ededf6c4d7c1405ef53f27d961eda',2,13,'1982-06-02 00:00:00','deleted'),('2009-04-26 11:38:08',79,'dtdtci226b5bf02bf8b97501335e2792e5abc7',2,13,'1982-06-02 00:00:00','deleted'),('2009-04-26 11:39:33',80,'dtdtci088d6dc6ddb3113e9b902711ccdfafef',2,13,'1982-06-02 00:00:00','deleted'),('2009-04-26 12:14:33',81,'dtdtcia3788c8c64fd65c470e23e7534c3ebc8',2,13,'1982-06-02 00:00:00','deleted'),('2009-04-26 12:16:22',82,'dtdtci4b777618f85e4ce92de27c69a6cc104c',2,13,'1982-06-02 00:00:00','deleted'),('2009-04-26 12:27:15',83,'dtdtcidd87a43132f3ce443d1e50b29019de3b',2,13,'1982-06-02 00:00:00','deleted'),('2009-04-26 12:57:40',84,'dtdtci58c02631651a8ffcb2632ab4d96a3da2',2,13,'1982-06-02 00:00:00','deleted'),('2009-04-26 12:58:55',85,'dtdtci20c86a628232a67e7bd46f76fba7ce12',2,13,'1982-06-02 00:00:00','deleted'),('2009-04-26 13:16:40',86,'dtdtci58ec72df0caca51df569d0b497c33805',2,13,'1982-06-02 00:00:00','deleted'),('2009-04-26 13:20:41',87,'dtdtci0c71f0a8c36a3212e6569e6186febd41',2,13,'1982-06-02 00:00:00','deleted'),('2009-04-26 13:21:28',88,'dtdtcica55e81c481f3ae701c4362514ce6abd',2,13,'1982-06-02 00:00:00','deleted'),('2009-04-26 13:22:15',89,'dtdtci9c0ddedc5328cfa7f7f97cab05b1338b',2,13,'1982-06-02 00:00:00','deleted'),('2009-04-26 13:24:05',90,'dtdtcib56e3960d3b3075f46e862488ed4979a',2,13,'1982-06-02 00:00:00','deleted'),('2009-04-26 13:28:49',91,'dtdtci0197fd56abb69bf33e16d0abdc2a439f',2,13,'1982-06-02 00:00:00','deleted'),('2009-04-26 13:57:56',92,'dtdtci7f6411f044f4af764d78c7f31af15b2c',2,13,'1982-06-02 00:00:00','deleted'),('2009-04-26 14:01:45',93,'dtdtcia87bbbbe08344d9c9fd3f6d86bb7cc88',2,13,'1982-06-02 00:00:00','deleted'),('2009-04-26 14:03:12',94,'dtdtcid0b9a6a56ca7fd6ebad617bcda8365a6',2,13,'1982-06-02 00:00:00','deleted'),('2009-04-26 14:21:25',95,'dtdtci2ab5569b4274a31c7f2b7c67cd9ba9e2',2,13,'1982-06-02 00:00:00','deleted'),('2009-04-26 14:24:26',96,'dtdtci5f94d747fbf97bbec48a0bc22602e968',2,13,'1982-06-02 00:00:00','deleted'),('2009-04-26 14:48:02',97,'dtdtcic386cba5332d11385672ee52d036e8c1',2,13,'1982-06-02 00:00:00','deleted'),('2009-04-26 14:49:36',98,'dtdtci6578ea8c336aa704c7e8ea2c5f19353b',2,13,'1982-06-02 00:00:00','deleted'),('2009-04-26 14:53:28',99,'dtdtci691f1c02ba340056657d9fd9f5bf017c',2,13,'1982-06-02 00:00:00','deleted'),('2009-04-26 14:55:08',100,'dtdtci182340c28a4350468fce307ff1bab29e',2,13,'1982-06-02 00:00:00','deleted'),('2009-04-26 14:55:24',101,'dtdtcid55eaf8506f9046a88b8730781830194',2,13,'1982-06-02 00:00:00','deleted'),('2009-04-26 14:55:46',102,'dtdtcid63036cfba56a5c3cb75ab14b33fe677',2,13,'1982-06-02 00:00:00','deleted'),('2009-04-26 14:56:33',103,'dtdtci3f1656d9668dffcf8119e3ecff873558',2,13,'1982-06-02 00:00:00','deleted'),('2009-04-26 15:01:30',104,'dtdtci7e05295a468401ec66e8c337855022ed',2,13,'1982-06-02 00:00:00','deleted'),('2009-04-26 15:03:44',105,'dtdtcib414506974c8c8d9d1e4d0cf5ced4c76',2,13,'1982-06-02 00:00:00','deleted'),('2009-04-27 08:51:21',106,'dtdtci2298d401e38ecd89706918103116ca07',2,13,'1982-06-02 00:00:00','deleted'),('2009-04-27 08:53:48',107,'dtdtci053b47ac39ef2ea08d354ee54baadabb',2,13,'1982-06-02 00:00:00','deleted'),('2009-04-27 08:54:44',108,'dtdtcidb922619896fd0e04b6e58c897c61841',2,13,'1982-06-02 00:00:00','deleted'),('2009-04-27 08:55:54',109,'dtdtcid87d3902e1c4efdc9d79e94c4921bb40',2,13,'1982-06-02 00:00:00','deleted'),('2009-04-27 09:01:00',110,'dtdtci46384036044a604b6b3316fc167fc15f',2,13,'1982-06-02 00:00:00','deleted'),('2009-04-27 09:02:10',111,'dtdtci2edc8ba7ff417abef3ae5ae12ca63796',2,13,'1982-06-02 00:00:00','deleted'),('2009-04-27 09:03:36',112,'dtdtci2794f1ac7a5d4610b2694d8ab3227b8f',2,13,'1982-06-02 00:00:00','deleted'),('2009-04-27 09:03:55',113,'dtdtci19bc916108fc6938f52cb96f7e087941',2,13,'1982-06-02 00:00:00','deleted'),('2009-04-27 09:09:30',114,'dtdtci74c4481c34e417ac39d1de6b4f854c4f',2,13,'1982-06-02 00:00:00','deleted'),('2009-04-27 09:10:43',115,'dtdtci7b951cd08a561a4284fe7ed5a8b79496',2,13,'1982-06-02 00:00:00','deleted'),('2009-04-27 09:12:07',116,'dtdtci5d4d48d0359e45e4fdf997818d6407fd',2,13,'1982-06-02 00:00:00','deleted'),('2009-04-27 09:16:04',117,'dtdtcid4dd111a4fd973394238aca5c05bebe3',2,13,'1982-06-02 00:00:00','deleted'),('2009-04-27 09:21:31',118,'dtdtci29cb2d8a436d82bf5dbcca7ea09edc5c',2,13,'1982-06-02 00:00:00','deleted'),('2009-04-29 09:32:05',119,'dtdtci0959768e03df8e636579e41f3f9d2ea2',2,13,'1982-06-02 00:00:00','deleted'),('2009-04-29 09:34:57',120,'dtdtcibf424cb7b0dea050a42b9739eb261a3a',2,13,'1982-06-02 00:00:00','deleted'),('2009-04-29 09:42:19',121,'dtdtci4d2356339f13e4b3d5aec55ba88a6019',2,13,'1982-06-02 00:00:00','deleted'),('2009-04-29 09:43:22',122,'dtdtciaf44c4c56f385c43f2529f9b1b018f6a',2,13,'1982-06-02 00:00:00','deleted'),('2009-05-11 10:12:32',123,'dtdtcib28d8e3ccb1ff9d46fa2d9e70222c9e7',2,13,'1982-06-02 00:00:00','deleted'),('2009-05-11 10:13:22',124,'dtdtci53e4db6f596904f154b5efa09193e3ab',2,13,'1982-06-02 00:00:00','deleted'),('2009-05-13 09:29:01',125,'dtdtcie523eebf638ca962ed5639f247e5bcbf',2,13,'1982-06-02 00:00:00','deleted'),('2009-05-31 10:21:13',126,'dtdtcib4c740208036d64c467b9cb682edb0c5',2,13,'1982-06-02 00:00:00','deleted'),('2009-05-31 10:21:25',127,'dtdtci09d1d2fa86fbc25c85269b522d96b9a9',2,13,'1982-06-02 00:00:00','deleted'),('2009-07-24 09:49:29',128,'dtdtciafd2cd234908613bcd2de4dfc1f06ce0',2,13,'1982-06-02 00:00:00','deleted'),('2009-07-27 21:03:47',129,'dtdtci14b14198b6e26157b7eba06b390ab763',2,13,'1982-06-02 00:00:00','deleted'),('2009-07-27 21:15:38',130,'dtdtci37d097caf1299d9aa79c2c2b843d2d78',2,13,'1982-06-02 00:00:00','deleted'),('2009-07-27 21:15:57',131,'dtdtci74564920d4b9f130298880d010c929cd',2,13,'1982-06-02 00:00:00','deleted'),('2009-07-27 21:16:32',132,'dtdtci66b8d6392a59b5ce703c28340d8b3565',2,13,'1982-06-02 00:00:00','deleted'),('2010-08-14 14:45:51',133,'dtdtci64643d45d435df80dcd3227c92883ae7',2,13,'1982-06-02 00:00:00','deleted'),('2010-08-14 14:46:12',134,'dtdtcid24e9f62a522e1f1953be6d3384f8f98',2,13,'1982-06-02 00:00:00','deleted'),('2010-08-14 15:20:18',135,'dtdtcic764279c1a9024c00a1852b86016f2ed',2,13,'2006-02-04 00:00:00','deleted'),('2010-08-14 15:25:55',136,'dtdtcic3eb0856923059d6cbaf1dfb93b3b55d',2,13,'2008-06-02 00:00:00','deleted'),('2010-08-14 15:27:09',137,'dtdtcib324e63e1b5893eadeae133f4b160452',2,13,'1982-06-02 00:00:00','deleted'),('2010-08-19 22:00:49',138,'195271e35caceb2075519c13b607e322',2,13,'1982-06-02 00:00:00','deleted'),('2010-08-19 22:01:29',139,'aaa09aec9b53df91d1d6dec029045c84',2,13,'1982-06-02 00:00:00','deleted'),('2010-08-19 22:01:39',140,'af825d5487def6c23f24419d4b3206bf',2,13,'1982-06-02 00:00:00','deleted'),('2010-08-21 13:53:59',141,'a2a1d9a77617334b5ca1325649d507b4',2,13,'1982-06-02 00:00:00','deleted'),('2010-08-24 10:48:00',142,'2f427c2ba7885089096f6eb16c9da1c0',2,254,'2008-06-02 00:00:00','active'),('2010-08-24 10:53:19',143,'69b776fd1287e68a765a370d5b7795c3',2,255,'2009-02-02 00:00:00','active'),('2010-09-12 19:28:57',144,'4e42b9521a83702a213c07dc8b4e37bf',2,13,'1982-06-02 00:00:00','deleted'),('2010-09-12 19:29:06',145,'f3d63aaa2fe4a139e5a572a512b50303',2,13,'1982-06-02 00:00:00','active'),('2010-10-02 19:18:31',146,'c4954d3aaad78dcd3c5b9320eb86fcf1',2,258,'1982-06-02 00:00:00','active');
/*!40000 ALTER TABLE `profile_widget_field_datetime` ENABLE KEYS */;
UNLOCK TABLES;

--
-- Table structure for table `profile_widget_field_degree`
--

DROP TABLE IF EXISTS `profile_widget_field_degree`;
/*!40101 SET @saved_cs_client     = @@character_set_client */;
/*!40101 SET character_set_client = utf8 */;
CREATE TABLE `profile_widget_field_degree` (
  `created` datetime NOT NULL,
  `degree_id` mediumint(8) unsigned NOT NULL,
  `id` int(10) unsigned NOT NULL AUTO_INCREMENT,
  `ikey` varchar(75) NOT NULL,
  `profile_widget_field_id` mediumint(8) unsigned NOT NULL,
  `searchable_id` int(11) unsigned NOT NULL,
  `status` enum('deleted','active') NOT NULL DEFAULT 'active',
  PRIMARY KEY (`id`),
  KEY `normal` (`profile_widget_field_id`,`searchable_id`),
  KEY `profile_widget_field_degree_searchable_fk` (`searchable_id`),
  KEY `profile_widget_field_degree_pwf_fk` (`profile_widget_field_id`),
  KEY `profile_widget_field_degree_fk` (`degree_id`),
  CONSTRAINT `profile_widget_field_degree_fk` FOREIGN KEY (`degree_id`) REFERENCES `pwf_degree` (`id`),
  CONSTRAINT `profile_widget_field_degree_pwf_fk` FOREIGN KEY (`profile_widget_field_id`) REFERENCES `profile_widget_field` (`id`),
  CONSTRAINT `profile_widget_field_degree_searchable_fk` FOREIGN KEY (`searchable_id`) REFERENCES `searchable` (`id`)
) ENGINE=InnoDB AUTO_INCREMENT=41 DEFAULT CHARSET=utf8;
/*!40101 SET character_set_client = @saved_cs_client */;

--
-- Dumping data for table `profile_widget_field_degree`
--

LOCK TABLES `profile_widget_field_degree` WRITE;
/*!40000 ALTER TABLE `profile_widget_field_degree` DISABLE KEYS */;
INSERT INTO `profile_widget_field_degree` VALUES ('2008-11-27 18:32:47',6,6,'dedeci943f10b7abf00c6c77b7515a096e4322',20,13,'deleted'),('2008-11-27 18:32:47',2,7,'dedeci452ebc4db96ec12d336565e85e37125a',20,13,'deleted'),('2008-11-27 21:58:17',6,8,'dedeci2d38b498e789c44636473f095a6070ac',20,13,'deleted'),('2008-11-27 21:58:17',2,9,'dedeci56f2adb3621e53ea278ae1abba795d50',20,13,'deleted'),('2008-11-27 22:04:30',6,12,'dedeci4e9019139d9ad49f7983904b497d50b2',20,13,'deleted'),('2008-11-27 22:04:30',2,13,'dedeci18ebf96a2f92ee2fb5a254536239cc38',20,13,'deleted'),('2008-11-27 22:08:08',6,14,'dedeci4dff7cccfc092f41b8170fc6d7dc93c0',20,13,'deleted'),('2008-11-27 22:08:08',2,15,'dedecibcbf5e0ae48ef7e5439863381d1a69bf',20,13,'deleted'),('2009-04-11 15:45:51',2,16,'dedecia4b571e3226f43fe7d658ce1c92c4b40',20,13,'deleted'),('2009-04-11 15:47:02',2,17,'dedecidef32002582287e0636afa7edb65a192',20,13,'deleted'),('2009-04-11 16:53:53',6,18,'dedeci68cc84f0834098558e316e76dc5d8c7b',20,13,'deleted'),('2009-04-11 16:53:53',2,19,'dedeci3cec07e9ba5f5bb252d13f5f431e4bbb',20,13,'deleted'),('2009-04-11 16:54:11',6,20,'dedeci4049f890b5f59ee17a2554a1e271cc46',20,13,'deleted'),('2009-04-11 16:54:11',2,21,'dedeci09c1279b01289fa282367675519325a1',20,13,'deleted'),('2009-04-11 16:57:36',6,22,'dedeci828c3938b662961ed8f775ed638b97f2',20,13,'deleted'),('2009-04-11 16:57:36',2,23,'dedeci3871bd64012152bfb53fdf04b401193f',20,13,'deleted'),('2009-04-11 17:00:00',6,24,'dedeci87755e2bb813ed0ad03d9801b4e0320d',20,13,'deleted'),('2009-04-11 17:00:00',2,25,'dedecic1160f0432464eb6110ada4a0ac56917',20,13,'deleted'),('2009-07-18 17:42:25',6,26,'dedecie1054bf2d703bca1e8fe101d3ac5efcd',20,13,'deleted'),('2009-07-18 17:42:25',2,27,'dedecic91ef42552e1027b5d648beeffa1be50',20,13,'deleted'),('2009-07-18 17:42:34',6,28,'dedeci0fce7805546cf456c1d9e8b443e770f9',20,13,'deleted'),('2009-07-18 17:42:34',2,29,'dedeci259c22cfdc742412a89fe293b53c6e94',20,13,'deleted'),('2009-07-25 17:41:17',6,30,'dedeci9b22a40256b079f338827b0ff1f4792b',20,13,'deleted'),('2009-07-25 17:41:17',2,31,'dedeci186ba2b5d093634fd7a873faea7e41ba',20,13,'deleted'),('2009-07-25 17:45:43',6,32,'dedecia74e88cfc53686ce828fb037d0f2041e',20,13,'deleted'),('2009-07-25 17:45:43',2,33,'dedecied45e77e699645c84f3f27b7b5ad1e2d',20,13,'deleted'),('2009-07-25 17:47:04',6,34,'dedeci8be00c69e615ab5846e629f5bb39fd95',20,13,'deleted'),('2009-07-25 17:47:04',2,35,'dedeciaf88d16112663ef32519c582073f44c4',20,13,'deleted'),('2010-08-19 11:35:42',2,36,'68e8eb09987caec1b0873174506a1aeb',20,13,'deleted'),('2010-08-19 11:45:05',2,37,'d276c4a6c84bd21b2ea103bf7d1ca5a4',20,13,'deleted'),('2010-08-19 11:45:05',6,38,'f8b9f7b86c9b28d0b2a597d9691f5e35',20,13,'deleted'),('2010-08-19 11:47:18',2,39,'c7ed92444d95fab0119eb16392536dec',20,13,'active'),('2010-08-19 11:47:18',6,40,'bbccc347e3bd3daccb309423f84d5fae',20,13,'active');
/*!40000 ALTER TABLE `profile_widget_field_degree` ENABLE KEYS */;
UNLOCK TABLES;

--
-- Table structure for table `profile_widget_field_gender`
--

DROP TABLE IF EXISTS `profile_widget_field_gender`;
/*!40101 SET @saved_cs_client     = @@character_set_client */;
/*!40101 SET character_set_client = utf8 */;
CREATE TABLE `profile_widget_field_gender` (
  `created` datetime NOT NULL,
  `gender_id` mediumint(8) unsigned NOT NULL,
  `id` int(10) unsigned NOT NULL AUTO_INCREMENT,
  `ikey` varchar(75) NOT NULL,
  `profile_widget_field_id` mediumint(8) unsigned NOT NULL,
  `searchable_id` int(11) unsigned NOT NULL,
  `status` enum('deleted','active') NOT NULL DEFAULT 'active',
  PRIMARY KEY (`id`),
  KEY `normal` (`profile_widget_field_id`,`searchable_id`),
  KEY `profile_widget_field_gender_searchable_fk` (`searchable_id`),
  KEY `profile_widget_field_gender_pwf_fk` (`profile_widget_field_id`),
  KEY `profile_widget_field_gender_fk` (`gender_id`),
  CONSTRAINT `profile_widget_field_gender_fk` FOREIGN KEY (`gender_id`) REFERENCES `pwf_gender` (`id`),
  CONSTRAINT `profile_widget_field_gender_pwf_fk` FOREIGN KEY (`profile_widget_field_id`) REFERENCES `profile_widget_field` (`id`),
  CONSTRAINT `profile_widget_field_gender_searchable_fk` FOREIGN KEY (`searchable_id`) REFERENCES `searchable` (`id`)
) ENGINE=InnoDB AUTO_INCREMENT=142 DEFAULT CHARSET=utf8;
/*!40101 SET character_set_client = @saved_cs_client */;

--
-- Dumping data for table `profile_widget_field_gender`
--

LOCK TABLES `profile_widget_field_gender` WRITE;
/*!40000 ALTER TABLE `profile_widget_field_gender` DISABLE KEYS */;
INSERT INTO `profile_widget_field_gender` VALUES ('2008-11-26 13:55:38',1,13,'gegeci3907fb00750c85df3b7d65a1587a4aa7',1,13,'deleted'),('2008-11-27 21:57:47',1,14,'gegeci76c65def23053e0eea4fac87af8b07b2',1,13,'deleted'),('2008-12-07 11:23:52',1,15,'gegecif379a3ed36544a264646efdfe79a9212',1,13,'deleted'),('2008-12-07 11:24:01',1,16,'gegeci1751a9a215df522dcf207ba51b327643',1,13,'deleted'),('2008-12-09 09:07:09',1,17,'gegeci39f3a91f7def5376b696f85ccde52382',1,13,'deleted'),('2008-12-09 09:08:05',1,18,'gegeci8cf639fc4bb4f35a2bb4105e85ff9957',1,13,'deleted'),('2008-12-09 09:09:18',1,19,'gegeci02e8ca2ad17d56e17e1fc2edcbee4d40',1,13,'deleted'),('2008-12-09 09:12:00',1,20,'gegecifc815a0b7bc84dce6b9c6f8ca4c28ad5',1,13,'deleted'),('2008-12-09 09:14:25',1,21,'gegeci7a16092a4fa489c835c716ea3815f704',1,13,'deleted'),('2008-12-09 09:15:05',1,22,'gegecid5b2bbd3e57d6c19003667a447475589',1,13,'deleted'),('2008-12-09 09:15:26',1,23,'gegeci0a716fe8c7745e51a3185fc8be6ca23a',1,13,'deleted'),('2008-12-09 09:15:40',1,24,'gegeciba2f0015122a5955f8b3a50240fb91b2',1,13,'deleted'),('2008-12-09 09:18:53',1,25,'gegeci6c3cf77d52820cd0fe646d38bc2145ca',1,13,'deleted'),('2008-12-09 09:19:28',1,26,'gegeci6e6d5361da6fb4a2d24b4ef90f224f46',1,13,'deleted'),('2008-12-09 09:20:03',1,27,'gegeciad7030d0d43a7f5903f38cc76af762a5',1,13,'deleted'),('2008-12-09 09:20:30',1,28,'gegeci301c8eb1f76e106ec1bcf7a70ad25ffd',1,13,'deleted'),('2008-12-09 09:21:38',1,29,'gegeci7fc63ff01769c4fa7d9279e97e307829',1,13,'deleted'),('2008-12-09 09:21:58',1,30,'gegeci1c104b9c0accfca52ef21728eaf01453',1,13,'deleted'),('2008-12-09 09:22:49',1,31,'gegeci9866b8a83d35abdd89ed76d565d71f75',1,13,'deleted'),('2008-12-15 08:45:16',2,32,'gegecie594b22cf15b445f7476775aa508e9c3',1,184,'active'),('2008-12-15 08:48:34',1,33,'gegecid34ff18d819ea9dfeda0f638eae589f0',1,185,'active'),('2008-12-15 08:50:46',2,34,'gegeci85af7dbb0532ca29713840ae3711fa89',1,186,'active'),('2009-04-11 10:08:09',1,35,'gegeci10e64da97df296012bccffbd03474c1e',1,13,'deleted'),('2009-04-11 10:08:20',1,36,'gegeci051928341be67dcba03f0e04104d9047',1,13,'deleted'),('2009-04-11 10:08:32',1,37,'gegecif57a2f557b098c43f11ab969efe1504b',1,13,'deleted'),('2009-04-11 10:09:40',1,38,'gegecicfda59a6d56ad73a26d084cb2e182f31',1,13,'deleted'),('2009-04-11 10:31:27',1,39,'gegecia89b9b817d1c710e6ef5000032e1c514',1,13,'deleted'),('2009-04-11 10:32:07',1,40,'gegecia87ff679a2f3e71d9181a67b7542122c',1,13,'deleted'),('2009-04-11 10:32:19',1,41,'gegecic01fde2578043635c831a96524f9b679',1,13,'deleted'),('2009-04-11 10:33:33',1,42,'gegeci6aed000af86a084f9cb0264161e29dd3',1,13,'deleted'),('2009-04-11 10:35:20',1,43,'gegeci2bada0d8cffac40c988e44a273ba58d7',1,13,'deleted'),('2009-04-11 10:36:03',1,44,'gegeci1dc9eec5d23c9b8fbb75ab425f6e032f',1,13,'deleted'),('2009-04-11 10:50:52',1,45,'gegecid7f6db68da03fee4df7856f3323dd380',1,13,'deleted'),('2009-04-11 10:51:34',1,46,'gegeci5c572eca050594c7bc3c36e7e8ab9550',1,13,'deleted'),('2009-04-11 10:52:34',1,47,'gegeci6c9401f2e592de95c20042ebcc16a102',1,13,'deleted'),('2009-04-11 10:54:20',1,48,'gegeci0dd1bc593a91620daecf7723d2235624',1,13,'deleted'),('2009-04-11 11:28:37',1,49,'gegeci11f524c3fbfeeca4aa916edcb6b6392e',1,13,'deleted'),('2009-04-11 11:30:02',1,50,'gegeci2e1e29f5fc4f906c2145acc6840b29ff',1,13,'deleted'),('2009-04-11 12:02:44',1,51,'gegecie6bfd869a81f98ce424bfff9642fbe39',1,13,'deleted'),('2009-04-11 12:03:42',1,52,'gegeci2f0928c25ff3f884e8d2fa38835bd328',1,13,'deleted'),('2009-04-11 12:04:17',1,53,'gegeci010b229957fa385ab3198cbaad6e4e59',1,13,'deleted'),('2009-04-11 12:04:43',1,54,'gegeci97785e0500ad16c18574c64189ccf4b4',1,13,'deleted'),('2009-04-11 12:05:03',1,55,'gegecidb18ad102e99e047876c7c51ff482d5a',1,13,'deleted'),('2009-04-11 14:06:54',1,56,'gegecid37b9e2b497aa9312965a132d98279b0',1,13,'deleted'),('2009-04-11 14:09:35',1,57,'gegeci134dd796229f80f23b75af20495b8d50',1,13,'deleted'),('2009-04-11 14:11:24',1,58,'gegeci8944871f1c9865a77a3d9c92cadf124d',1,13,'deleted'),('2009-04-11 14:11:42',1,59,'gegeci5bbc7cc2da7217ccaf66f733b3fef728',1,13,'deleted'),('2009-04-11 14:15:47',1,60,'gegeci1392a70e4978d9890a1a1d40a11edbe8',1,13,'deleted'),('2009-04-11 14:17:49',1,61,'gegecie7896283fcae240c9abb874a70a5afd2',1,13,'deleted'),('2009-04-11 14:27:03',1,62,'gegecid2f53008ecf7568f1abeb455e1dcf5e4',1,13,'deleted'),('2009-04-11 14:27:54',1,63,'gegeci86d4303e4f27966fade0cf152d9ae234',1,13,'deleted'),('2009-04-11 16:58:17',1,64,'gegeci13fbe66c4c51b5105b28e59790cba2b9',1,13,'deleted'),('2009-04-25 00:02:54',1,65,'gegecic0faf875b8596a0999b426631c0b5ff8',1,13,'deleted'),('2009-04-25 00:04:10',1,66,'gegecic814dd85265b778fe3fc122c1b2e3202',1,13,'deleted'),('2009-04-25 00:07:19',1,67,'gegecidb93e1f9860b074ef224878a047a5407',1,13,'deleted'),('2009-04-25 00:10:23',1,68,'gegecieecb119bb23b452aa17063227d6af855',1,13,'deleted'),('2009-04-25 00:11:48',1,69,'gegeciea160c1a93b80943bb632999ff3e6130',1,13,'deleted'),('2009-04-25 01:00:36',1,70,'gegeci89bdedf8c38bda669ba5aba697d7703b',1,13,'deleted'),('2009-04-25 01:00:45',1,71,'gegecied3d2c21991e3bef5e069713af9fa6ca',1,13,'deleted'),('2009-04-26 11:25:34',1,72,'gegeci59b6525364c77d1e6f9c79c53e387954',1,13,'deleted'),('2009-04-26 11:26:13',1,73,'gegeci7dd2ae7db7d18ee7c9425e38df1af5e2',1,13,'deleted'),('2009-04-26 11:27:35',1,74,'gegeci56503192b14190d3826780d47c0d3bf3',1,13,'deleted'),('2009-04-26 11:28:06',1,75,'gegeci8248f16fa738b0bfe6013edf69d873bf',1,13,'deleted'),('2009-04-26 11:29:09',1,76,'gegeci3dd6195e97200112e1a769f118b4fa6f',1,13,'deleted'),('2009-04-26 11:29:53',1,77,'gegeci5bc33927ca8779dcd219b9dfaa1195a5',1,13,'deleted'),('2009-04-26 11:30:27',1,78,'gegeci0df9db3088320cff4c7b2e2ec39d1610',1,13,'deleted'),('2009-04-26 11:31:58',1,79,'gegeci0727459d2e79f13a818513aee75a1f90',1,13,'deleted'),('2009-04-26 11:32:31',1,80,'gegeci4c1062cc42d7e3c64306cbee964db44f',1,13,'deleted'),('2009-04-26 11:33:08',1,81,'gegecid72eecc6b164864790fe25f2bd64a8ab',1,13,'deleted'),('2009-04-26 11:34:17',1,82,'gegecib4fd263bb699f424cdb6a662af0049b2',1,13,'deleted'),('2009-04-26 11:34:40',1,83,'gegecid921c3c762b1522c475ac8fc0811bb0f',1,13,'deleted'),('2009-04-26 11:35:16',1,84,'gegeci9e106e26d5ec709ce1b63d12c5447791',1,13,'deleted'),('2009-04-26 11:36:06',1,85,'gegeci972ededf6c4d7c1405ef53f27d961eda',1,13,'deleted'),('2009-04-26 11:38:08',1,86,'gegeci226b5bf02bf8b97501335e2792e5abc7',1,13,'deleted'),('2009-04-26 11:39:33',1,87,'gegeci088d6dc6ddb3113e9b902711ccdfafef',1,13,'deleted'),('2009-04-26 12:14:33',1,88,'gegecia3788c8c64fd65c470e23e7534c3ebc8',1,13,'deleted'),('2009-04-26 12:16:22',1,89,'gegeci4b777618f85e4ce92de27c69a6cc104c',1,13,'deleted'),('2009-04-26 12:27:15',1,90,'gegecidd87a43132f3ce443d1e50b29019de3b',1,13,'deleted'),('2009-04-26 12:57:40',1,91,'gegeci58c02631651a8ffcb2632ab4d96a3da2',1,13,'deleted'),('2009-04-26 12:58:55',1,92,'gegeci20c86a628232a67e7bd46f76fba7ce12',1,13,'deleted'),('2009-04-26 13:16:40',1,93,'gegeci58ec72df0caca51df569d0b497c33805',1,13,'deleted'),('2009-04-26 13:20:41',1,94,'gegeci0c71f0a8c36a3212e6569e6186febd41',1,13,'deleted'),('2009-04-26 13:21:28',1,95,'gegecica55e81c481f3ae701c4362514ce6abd',1,13,'deleted'),('2009-04-26 13:22:15',1,96,'gegeci9c0ddedc5328cfa7f7f97cab05b1338b',1,13,'deleted'),('2009-04-26 13:24:05',1,97,'gegecib56e3960d3b3075f46e862488ed4979a',1,13,'deleted'),('2009-04-26 13:28:49',1,98,'gegeci0197fd56abb69bf33e16d0abdc2a439f',1,13,'deleted'),('2009-04-26 13:57:56',1,99,'gegeci7f6411f044f4af764d78c7f31af15b2c',1,13,'deleted'),('2009-04-26 14:01:45',1,100,'gegecia87bbbbe08344d9c9fd3f6d86bb7cc88',1,13,'deleted'),('2009-04-26 14:03:12',1,101,'gegecid0b9a6a56ca7fd6ebad617bcda8365a6',1,13,'deleted'),('2009-04-26 14:21:25',1,102,'gegeci2ab5569b4274a31c7f2b7c67cd9ba9e2',1,13,'deleted'),('2009-04-26 14:24:26',1,103,'gegeci5f94d747fbf97bbec48a0bc22602e968',1,13,'deleted'),('2009-04-26 14:48:02',1,104,'gegecic386cba5332d11385672ee52d036e8c1',1,13,'deleted'),('2009-04-26 14:49:36',1,105,'gegeci6578ea8c336aa704c7e8ea2c5f19353b',1,13,'deleted'),('2009-04-26 14:53:28',1,106,'gegeci691f1c02ba340056657d9fd9f5bf017c',1,13,'deleted'),('2009-04-26 14:55:08',1,107,'gegeci182340c28a4350468fce307ff1bab29e',1,13,'deleted'),('2009-04-26 14:55:24',1,108,'gegecid55eaf8506f9046a88b8730781830194',1,13,'deleted'),('2009-04-26 14:55:46',1,109,'gegecid63036cfba56a5c3cb75ab14b33fe677',1,13,'deleted'),('2009-04-26 14:56:33',1,110,'gegeci3f1656d9668dffcf8119e3ecff873558',1,13,'deleted'),('2009-04-26 15:01:30',1,111,'gegeci7e05295a468401ec66e8c337855022ed',1,13,'deleted'),('2009-04-26 15:03:44',1,112,'gegecib414506974c8c8d9d1e4d0cf5ced4c76',1,13,'deleted'),('2009-04-27 08:51:21',1,113,'gegeci2298d401e38ecd89706918103116ca07',1,13,'deleted'),('2009-04-27 08:53:48',1,114,'gegeci053b47ac39ef2ea08d354ee54baadabb',1,13,'deleted'),('2009-04-27 08:54:44',1,115,'gegecidb922619896fd0e04b6e58c897c61841',1,13,'deleted'),('2009-04-27 08:55:54',1,116,'gegecid87d3902e1c4efdc9d79e94c4921bb40',1,13,'deleted'),('2009-04-27 09:01:00',1,117,'gegeci46384036044a604b6b3316fc167fc15f',1,13,'deleted'),('2009-04-27 09:02:10',1,118,'gegeci2edc8ba7ff417abef3ae5ae12ca63796',1,13,'deleted'),('2009-04-27 09:03:36',1,119,'gegeci2794f1ac7a5d4610b2694d8ab3227b8f',1,13,'deleted'),('2009-04-27 09:03:55',1,120,'gegeci19bc916108fc6938f52cb96f7e087941',1,13,'deleted'),('2009-04-27 09:09:30',1,121,'gegeci74c4481c34e417ac39d1de6b4f854c4f',1,13,'deleted'),('2009-04-27 09:10:43',1,122,'gegeci7b951cd08a561a4284fe7ed5a8b79496',1,13,'deleted'),('2009-04-27 09:12:07',1,123,'gegeci5d4d48d0359e45e4fdf997818d6407fd',1,13,'deleted'),('2009-04-27 09:16:04',1,124,'gegecid4dd111a4fd973394238aca5c05bebe3',1,13,'deleted'),('2009-04-27 09:21:31',1,125,'gegeci29cb2d8a436d82bf5dbcca7ea09edc5c',1,13,'deleted'),('2009-04-29 09:32:05',1,126,'gegeci0959768e03df8e636579e41f3f9d2ea2',1,13,'deleted'),('2009-04-29 09:34:57',1,127,'gegecibf424cb7b0dea050a42b9739eb261a3a',1,13,'deleted'),('2009-04-29 09:42:19',1,128,'gegeci4d2356339f13e4b3d5aec55ba88a6019',1,13,'deleted'),('2009-04-29 09:43:22',1,129,'gegeciaf44c4c56f385c43f2529f9b1b018f6a',1,13,'deleted'),('2009-05-11 10:12:32',1,130,'gegecib28d8e3ccb1ff9d46fa2d9e70222c9e7',1,13,'deleted'),('2009-05-11 10:13:22',1,131,'gegeci53e4db6f596904f154b5efa09193e3ab',1,13,'deleted'),('2009-05-13 09:29:01',1,132,'gegecie523eebf638ca962ed5639f247e5bcbf',1,13,'deleted'),('2009-05-13 09:34:42',1,133,'gegecic2c2a04512b35d13102459f8784f1a2d',1,16,'active'),('2009-05-31 10:21:13',1,134,'gegecib4c740208036d64c467b9cb682edb0c5',1,13,'deleted'),('2009-05-31 10:21:25',1,135,'gegeci09d1d2fa86fbc25c85269b522d96b9a9',1,13,'deleted'),('2009-06-13 13:01:45',1,136,'gegeci7b852316cf9d2d41bec07321928afe96',1,188,'active'),('2009-07-24 09:49:29',3,137,'gegeciafd2cd234908613bcd2de4dfc1f06ce0',1,13,'deleted'),('2009-07-27 21:03:47',1,138,'gegeci14b14198b6e26157b7eba06b390ab763',1,13,'deleted'),('2009-07-27 21:15:38',3,139,'gegeci37d097caf1299d9aa79c2c2b843d2d78',1,13,'deleted'),('2009-07-27 21:15:57',3,140,'gegeci74564920d4b9f130298880d010c929cd',1,13,'deleted'),('2010-10-02 19:18:31',1,141,'614d2a3ade0f71525cf34ee71d462677',61,258,'active');
/*!40000 ALTER TABLE `profile_widget_field_gender` ENABLE KEYS */;
UNLOCK TABLES;

--
-- Table structure for table `profile_widget_field_industry`
--

DROP TABLE IF EXISTS `profile_widget_field_industry`;
/*!40101 SET @saved_cs_client     = @@character_set_client */;
/*!40101 SET character_set_client = utf8 */;
CREATE TABLE `profile_widget_field_industry` (
  `created` datetime NOT NULL,
  `id` int(10) unsigned NOT NULL AUTO_INCREMENT,
  `industry_id` mediumint(8) unsigned NOT NULL,
  `ikey` varchar(75) NOT NULL,
  `profile_widget_field_id` mediumint(8) unsigned NOT NULL,
  `searchable_id` int(11) unsigned NOT NULL,
  `status` enum('deleted','active') NOT NULL DEFAULT 'active',
  PRIMARY KEY (`id`),
  KEY `normal` (`profile_widget_field_id`,`searchable_id`),
  KEY `profile_widget_field_industry_searchable_fk` (`searchable_id`),
  KEY `profile_widget_field_industry_pwf_fk` (`profile_widget_field_id`),
  KEY `profile_widget_field_industry_fk` (`industry_id`),
  CONSTRAINT `profile_widget_field_industry_fk` FOREIGN KEY (`industry_id`) REFERENCES `pwf_industry` (`id`),
  CONSTRAINT `profile_widget_field_industry_pwf_fk` FOREIGN KEY (`profile_widget_field_id`) REFERENCES `profile_widget_field` (`id`),
  CONSTRAINT `profile_widget_field_industry_searchable_fk` FOREIGN KEY (`searchable_id`) REFERENCES `searchable` (`id`)
) ENGINE=InnoDB AUTO_INCREMENT=23 DEFAULT CHARSET=utf8;
/*!40101 SET character_set_client = @saved_cs_client */;

--
-- Dumping data for table `profile_widget_field_industry`
--

LOCK TABLES `profile_widget_field_industry` WRITE;
/*!40000 ALTER TABLE `profile_widget_field_industry` DISABLE KEYS */;
INSERT INTO `profile_widget_field_industry` VALUES ('2008-11-28 10:20:22',1,45,'indindcicec635e58838ff3c8907acbe1bda1191',28,13,'deleted'),('2008-11-28 10:22:29',2,45,'indindcic0922ade21becf758819c686aaca845b',28,13,'deleted'),('2008-11-28 10:27:00',3,45,'indindci4b4a96575767e162b8c6013ec6712d40',28,13,'deleted'),('2008-11-28 10:27:43',4,45,'indindci9fdb62f932adf55af2c0e09e55861964',28,13,'deleted'),('2008-12-01 08:40:41',5,45,'indindci023b39a74b7b4acd060dedc0431c3dbc',28,13,'deleted'),('2008-12-01 08:45:37',6,45,'indindci761067fbba1d6ef159173bfb8109abc2',28,13,'deleted'),('2008-12-01 09:01:48',8,45,'indindci0e46c9990c6daf3876b5166b2bc79fdc',28,13,'deleted'),('2008-12-01 09:03:15',9,45,'indindci080f43a3371b1354a238d626779f4175',28,13,'deleted'),('2008-12-01 09:20:22',10,45,'indindciec5de3e8dc6bd121a79794021bf20cb1',28,13,'deleted'),('2008-12-09 09:00:18',11,45,'indindciecc92a19f0de821519b715d10cbf7c62',28,13,'deleted'),('2008-12-09 09:00:47',12,45,'indindcid4f700c81022c855e0041af836222bb4',28,13,'deleted'),('2009-04-11 15:47:10',13,45,'indindcia7eb3f86b0d99361a5053a41d7d38576',28,13,'deleted'),('2009-07-18 17:39:26',14,45,'indindci773de9ea713363557c90891deddea6c8',28,13,'deleted'),('2009-07-18 17:40:13',15,45,'indindci2fae3af07a8228d1d41c509494c4b461',28,13,'deleted'),('2009-07-18 17:40:29',16,45,'indindci4cf54a3d780b9294815e5f249164f20f',28,13,'deleted'),('2009-07-18 17:43:16',17,45,'indindci5f26cc984eaa1376b07fc0439d531dba',28,13,'deleted'),('2010-08-16 09:20:40',18,45,'indindcie55af742bab1473ac9890c51f33566ac',28,13,'deleted'),('2010-08-16 09:22:32',19,45,'indindci130ab94a0a69cbc88000cd3fdd5dfc3f',28,13,'deleted'),('2010-08-16 09:22:32',20,45,'indindci5adeb1bd420402c8547709afad8418e3',28,13,'deleted'),('2010-08-16 09:24:20',21,45,'indindci6f5809b05f3a59ef25c47294cb2b1dd1',28,13,'deleted'),('2010-08-16 09:27:52',22,45,'indindcie4e3c64abf3b559d38b9eb8edfb6841a',28,13,'active');
/*!40000 ALTER TABLE `profile_widget_field_industry` ENABLE KEYS */;
UNLOCK TABLES;

--
-- Table structure for table `profile_widget_field_institute`
--

DROP TABLE IF EXISTS `profile_widget_field_institute`;
/*!40101 SET @saved_cs_client     = @@character_set_client */;
/*!40101 SET character_set_client = utf8 */;
CREATE TABLE `profile_widget_field_institute` (
  `created` datetime NOT NULL,
  `id` int(10) unsigned NOT NULL AUTO_INCREMENT,
  `ikey` varchar(75) NOT NULL,
  `institute_id` mediumint(8) unsigned NOT NULL,
  `profile_widget_field_id` mediumint(8) unsigned NOT NULL,
  `searchable_id` int(11) unsigned NOT NULL,
  `status` enum('deleted','active') NOT NULL DEFAULT 'active',
  PRIMARY KEY (`id`),
  KEY `normal` (`profile_widget_field_id`,`searchable_id`),
  KEY `profile_widget_field_institute_searchable_fk` (`searchable_id`),
  KEY `profile_widget_field_institute_pwf_fk` (`profile_widget_field_id`),
  KEY `profile_widget_field_institute_fk` (`institute_id`),
  CONSTRAINT `profile_widget_field_institute_fk` FOREIGN KEY (`institute_id`) REFERENCES `pwf_institute` (`id`),
  CONSTRAINT `profile_widget_field_institute_pwf_fk` FOREIGN KEY (`profile_widget_field_id`) REFERENCES `profile_widget_field` (`id`),
  CONSTRAINT `profile_widget_field_institute_searchable_fk` FOREIGN KEY (`searchable_id`) REFERENCES `searchable` (`id`)
) ENGINE=InnoDB AUTO_INCREMENT=41 DEFAULT CHARSET=utf8;
/*!40101 SET character_set_client = @saved_cs_client */;

--
-- Dumping data for table `profile_widget_field_institute`
--

LOCK TABLES `profile_widget_field_institute` WRITE;
/*!40000 ALTER TABLE `profile_widget_field_institute` DISABLE KEYS */;
INSERT INTO `profile_widget_field_institute` VALUES ('2008-11-27 18:32:47',8,'insinsci943f10b7abf00c6c77b7515a096e4322',2268,17,13,'deleted'),('2008-11-27 18:32:47',9,'insinsci452ebc4db96ec12d336565e85e37125a',2269,17,13,'deleted'),('2008-11-27 21:58:17',10,'insinsci2d38b498e789c44636473f095a6070ac',2268,17,13,'deleted'),('2008-11-27 21:58:17',11,'insinsci56f2adb3621e53ea278ae1abba795d50',2269,17,13,'deleted'),('2008-11-27 22:04:30',14,'insinsci4e9019139d9ad49f7983904b497d50b2',2268,17,13,'deleted'),('2008-11-27 22:04:30',15,'insinsci18ebf96a2f92ee2fb5a254536239cc38',2269,17,13,'deleted'),('2008-11-27 22:08:08',16,'insinsci4dff7cccfc092f41b8170fc6d7dc93c0',2268,17,13,'deleted'),('2008-11-27 22:08:08',17,'insinscibcbf5e0ae48ef7e5439863381d1a69bf',2269,17,13,'deleted'),('2009-04-11 15:45:51',18,'insinscia4b571e3226f43fe7d658ce1c92c4b40',2269,17,13,'deleted'),('2009-04-11 15:47:02',19,'insinscidef32002582287e0636afa7edb65a192',2269,17,13,'deleted'),('2009-04-11 16:53:53',20,'insinsci68cc84f0834098558e316e76dc5d8c7b',2245,17,13,'deleted'),('2009-04-11 16:53:53',21,'insinsci3cec07e9ba5f5bb252d13f5f431e4bbb',2269,17,13,'deleted'),('2009-04-11 16:54:11',22,'insinsci4049f890b5f59ee17a2554a1e271cc46',2245,17,13,'deleted'),('2009-04-11 16:54:11',23,'insinsci09c1279b01289fa282367675519325a1',2269,17,13,'deleted'),('2009-04-11 16:57:36',24,'insinsci828c3938b662961ed8f775ed638b97f2',2245,17,13,'deleted'),('2009-04-11 16:57:36',25,'insinsci3871bd64012152bfb53fdf04b401193f',2269,17,13,'deleted'),('2009-04-11 17:00:00',26,'insinsci87755e2bb813ed0ad03d9801b4e0320d',2245,17,13,'deleted'),('2009-04-11 17:00:00',27,'insinscic1160f0432464eb6110ada4a0ac56917',2269,17,13,'deleted'),('2009-07-18 17:42:25',28,'insinscie1054bf2d703bca1e8fe101d3ac5efcd',1888,17,13,'deleted'),('2009-07-18 17:42:25',29,'insinscic91ef42552e1027b5d648beeffa1be50',2269,17,13,'deleted'),('2009-07-18 17:42:34',30,'insinsci0fce7805546cf456c1d9e8b443e770f9',1888,17,13,'deleted'),('2009-07-18 17:42:34',31,'insinsci259c22cfdc742412a89fe293b53c6e94',2269,17,13,'deleted'),('2009-07-25 17:45:43',32,'insinscia74e88cfc53686ce828fb037d0f2041e',1888,17,13,'deleted'),('2009-07-25 17:47:04',33,'insinsci8be00c69e615ab5846e629f5bb39fd95',1888,17,13,'deleted'),('2009-07-25 17:47:04',34,'insinsciaf88d16112663ef32519c582073f44c4',2269,17,13,'deleted'),('2010-08-19 11:35:42',35,'1422a2c4ab776b8c428c4793a421e380',2269,17,13,'deleted'),('2010-08-19 11:35:42',36,'b4c6e0295d45b5b88dc76bee7aa12b97',2270,17,13,'deleted'),('2010-08-19 11:45:05',37,'376d347a0aef24f754dbc877052f9a60',2269,17,13,'deleted'),('2010-08-19 11:45:05',38,'a486d0edbab683f94369792c98678bec',2270,17,13,'deleted'),('2010-08-19 11:47:18',39,'85fe4cea2e7fd672036f88503f3f3183',2269,17,13,'active'),('2010-08-19 11:47:18',40,'437156476a5d4efedd01ecca049e088d',2270,17,13,'active');
/*!40000 ALTER TABLE `profile_widget_field_institute` ENABLE KEYS */;
UNLOCK TABLES;

--
-- Table structure for table `profile_widget_field_position`
--

DROP TABLE IF EXISTS `profile_widget_field_position`;
/*!40101 SET @saved_cs_client     = @@character_set_client */;
/*!40101 SET character_set_client = utf8 */;
CREATE TABLE `profile_widget_field_position` (
  `created` datetime NOT NULL,
  `id` int(10) unsigned NOT NULL AUTO_INCREMENT,
  `ikey` varchar(75) NOT NULL,
  `position_id` mediumint(8) unsigned NOT NULL,
  `profile_widget_field_id` mediumint(8) unsigned NOT NULL,
  `searchable_id` int(11) unsigned NOT NULL,
  `status` enum('deleted','active') NOT NULL DEFAULT 'active',
  PRIMARY KEY (`id`),
  KEY `normal` (`profile_widget_field_id`,`searchable_id`),
  KEY `profile_widget_field_position_searchable_fk` (`searchable_id`),
  KEY `profile_widget_field_position_pwf_fk` (`profile_widget_field_id`),
  KEY `profile_widget_field_position_fk` (`position_id`),
  CONSTRAINT `profile_widget_field_position_fk` FOREIGN KEY (`position_id`) REFERENCES `pwf_position` (`id`),
  CONSTRAINT `profile_widget_field_position_pwf_fk` FOREIGN KEY (`profile_widget_field_id`) REFERENCES `profile_widget_field` (`id`),
  CONSTRAINT `profile_widget_field_position_searchable_fk` FOREIGN KEY (`searchable_id`) REFERENCES `searchable` (`id`)
) ENGINE=InnoDB AUTO_INCREMENT=21 DEFAULT CHARSET=utf8;
/*!40101 SET character_set_client = @saved_cs_client */;

--
-- Dumping data for table `profile_widget_field_position`
--

LOCK TABLES `profile_widget_field_position` WRITE;
/*!40000 ALTER TABLE `profile_widget_field_position` DISABLE KEYS */;
INSERT INTO `profile_widget_field_position` VALUES ('2009-07-18 17:39:26',14,'popoci773de9ea713363557c90891deddea6c8',47,26,13,'deleted'),('2009-07-18 17:43:16',15,'popoci5f26cc984eaa1376b07fc0439d531dba',44,26,13,'deleted'),('2010-08-16 09:20:40',16,'popoci014aec612c583e45d4f71be75dd3c287',44,26,13,'deleted'),('2010-08-16 09:22:32',17,'popoci53d7b581fca6eca5c9b987a343dcaedb',44,26,13,'deleted'),('2010-08-16 09:22:32',18,'popoci45385158ce226c94bf186df4f065a5a8',44,26,13,'deleted'),('2010-08-16 09:24:20',19,'popoci175657a31c2f8d25a4c395634889b872',44,26,13,'deleted'),('2010-08-16 09:27:51',20,'popoci53a1fd166dca0bc01791d7b10ab45e96',44,26,13,'active');
/*!40000 ALTER TABLE `profile_widget_field_position` ENABLE KEYS */;
UNLOCK TABLES;

--
-- Table structure for table `profile_widget_field_select`
--

DROP TABLE IF EXISTS `profile_widget_field_select`;
/*!40101 SET @saved_cs_client     = @@character_set_client */;
/*!40101 SET character_set_client = utf8 */;
CREATE TABLE `profile_widget_field_select` (
  `select_id` mediumint(8) unsigned NOT NULL,
  `created` datetime NOT NULL DEFAULT '0000-00-00 00:00:00',
  `id` int(10) unsigned NOT NULL AUTO_INCREMENT,
  `ikey` varchar(75) NOT NULL,
  `profile_widget_field_id` mediumint(8) unsigned NOT NULL,
  `searchable_id` int(11) unsigned NOT NULL,
  `status` enum('deleted','active') NOT NULL DEFAULT 'active',
  PRIMARY KEY (`id`),
  KEY `normal` (`profile_widget_field_id`,`searchable_id`),
  KEY `profile_widget_field_select_searchable_fk` (`searchable_id`),
  KEY `profile_widget_field_select_pwf_fk` (`profile_widget_field_id`),
  KEY `profile_widget_field_select_fk` (`select_id`)
) ENGINE=MyISAM DEFAULT CHARSET=utf8;
/*!40101 SET character_set_client = @saved_cs_client */;

--
-- Dumping data for table `profile_widget_field_select`
--

LOCK TABLES `profile_widget_field_select` WRITE;
/*!40000 ALTER TABLE `profile_widget_field_select` DISABLE KEYS */;
/*!40000 ALTER TABLE `profile_widget_field_select` ENABLE KEYS */;
UNLOCK TABLES;

--
-- Table structure for table `profile_widget_field_state`
--

DROP TABLE IF EXISTS `profile_widget_field_state`;
/*!40101 SET @saved_cs_client     = @@character_set_client */;
/*!40101 SET character_set_client = utf8 */;
CREATE TABLE `profile_widget_field_state` (
  `created` datetime NOT NULL,
  `id` int(10) unsigned NOT NULL AUTO_INCREMENT,
  `ikey` varchar(75) NOT NULL,
  `profile_widget_field_id` mediumint(8) unsigned NOT NULL,
  `searchable_id` int(11) unsigned NOT NULL,
  `state_id` mediumint(8) unsigned NOT NULL,
  `status` enum('deleted','active') DEFAULT 'active',
  PRIMARY KEY (`id`),
  KEY `normal` (`profile_widget_field_id`,`searchable_id`),
  KEY `profile_widget_field_state_searchable_fk` (`searchable_id`),
  KEY `profile_widget_field_state_pwf_fk` (`profile_widget_field_id`),
  KEY `profile_widget_field_state_fk` (`state_id`),
  CONSTRAINT `profile_widget_field_state_fk` FOREIGN KEY (`state_id`) REFERENCES `pwf_state` (`id`),
  CONSTRAINT `profile_widget_field_state_pwf_fk` FOREIGN KEY (`profile_widget_field_id`) REFERENCES `profile_widget_field` (`id`),
  CONSTRAINT `profile_widget_field_state_searchable_fk` FOREIGN KEY (`searchable_id`) REFERENCES `searchable` (`id`)
) ENGINE=InnoDB AUTO_INCREMENT=196 DEFAULT CHARSET=utf8;
/*!40101 SET character_set_client = @saved_cs_client */;

--
-- Dumping data for table `profile_widget_field_state`
--

LOCK TABLES `profile_widget_field_state` WRITE;
/*!40000 ALTER TABLE `profile_widget_field_state` DISABLE KEYS */;
INSERT INTO `profile_widget_field_state` VALUES ('2008-11-24 08:07:30',19,'ststci7808b471478f0cfdb2b407be92c170eb',13,13,5,'deleted'),('2008-11-26 13:55:38',22,'ststci3907fb00750c85df3b7d65a1587a4aa7',5,13,5,'deleted'),('2008-11-27 21:57:47',23,'ststci76c65def23053e0eea4fac87af8b07b2',5,13,5,'deleted'),('2008-11-28 10:20:22',25,'ststcicec635e58838ff3c8907acbe1bda1191',30,13,5,'deleted'),('2008-11-28 10:22:29',26,'ststcic0922ade21becf758819c686aaca845b',30,13,5,'deleted'),('2008-11-28 10:27:00',27,'ststci4b4a96575767e162b8c6013ec6712d40',30,13,5,'deleted'),('2008-11-28 10:27:43',28,'ststci9fdb62f932adf55af2c0e09e55861964',30,13,5,'deleted'),('2008-12-01 08:40:41',29,'ststci023b39a74b7b4acd060dedc0431c3dbc',30,13,5,'deleted'),('2008-12-01 08:45:37',30,'ststci761067fbba1d6ef159173bfb8109abc2',30,13,5,'deleted'),('2008-12-01 09:01:48',32,'ststci0e46c9990c6daf3876b5166b2bc79fdc',30,13,5,'deleted'),('2008-12-01 09:03:15',33,'ststci080f43a3371b1354a238d626779f4175',30,13,5,'deleted'),('2008-12-01 09:20:22',34,'ststciec5de3e8dc6bd121a79794021bf20cb1',30,13,5,'deleted'),('2008-12-07 11:23:52',35,'ststcif379a3ed36544a264646efdfe79a9212',5,13,5,'deleted'),('2008-12-07 11:24:01',36,'ststci1751a9a215df522dcf207ba51b327643',5,13,5,'deleted'),('2008-12-09 09:00:18',37,'ststciecc92a19f0de821519b715d10cbf7c62',30,13,5,'deleted'),('2008-12-09 09:00:47',38,'ststcid4f700c81022c855e0041af836222bb4',30,13,5,'deleted'),('2008-12-09 09:07:09',39,'ststci39f3a91f7def5376b696f85ccde52382',5,13,5,'deleted'),('2008-12-09 09:08:05',40,'ststci8cf639fc4bb4f35a2bb4105e85ff9957',5,13,5,'deleted'),('2008-12-09 09:09:18',41,'ststci02e8ca2ad17d56e17e1fc2edcbee4d40',5,13,5,'deleted'),('2008-12-09 09:12:00',42,'ststcifc815a0b7bc84dce6b9c6f8ca4c28ad5',5,13,5,'deleted'),('2008-12-09 09:14:25',43,'ststci7a16092a4fa489c835c716ea3815f704',5,13,5,'deleted'),('2008-12-09 09:15:05',44,'ststcid5b2bbd3e57d6c19003667a447475589',5,13,5,'deleted'),('2008-12-09 09:15:26',45,'ststci0a716fe8c7745e51a3185fc8be6ca23a',5,13,5,'deleted'),('2008-12-09 09:15:40',46,'ststciba2f0015122a5955f8b3a50240fb91b2',5,13,5,'deleted'),('2008-12-09 09:18:53',47,'ststci6c3cf77d52820cd0fe646d38bc2145ca',5,13,5,'deleted'),('2008-12-09 09:19:28',48,'ststci6e6d5361da6fb4a2d24b4ef90f224f46',5,13,5,'deleted'),('2008-12-09 09:20:03',49,'ststciad7030d0d43a7f5903f38cc76af762a5',5,13,5,'deleted'),('2008-12-09 09:20:30',50,'ststci301c8eb1f76e106ec1bcf7a70ad25ffd',5,13,5,'deleted'),('2008-12-09 09:21:38',51,'ststci7fc63ff01769c4fa7d9279e97e307829',5,13,5,'deleted'),('2008-12-09 09:21:58',52,'ststci1c104b9c0accfca52ef21728eaf01453',5,13,5,'deleted'),('2008-12-09 09:22:49',53,'ststci9866b8a83d35abdd89ed76d565d71f75',5,13,5,'deleted'),('2009-04-11 10:08:09',54,'ststci10e64da97df296012bccffbd03474c1e',5,13,5,'deleted'),('2009-04-11 10:08:20',55,'ststci051928341be67dcba03f0e04104d9047',5,13,5,'deleted'),('2009-04-11 10:08:32',56,'ststcif57a2f557b098c43f11ab969efe1504b',5,13,5,'deleted'),('2009-04-11 10:09:40',57,'ststcicfda59a6d56ad73a26d084cb2e182f31',5,13,5,'deleted'),('2009-04-11 10:31:27',58,'ststcia89b9b817d1c710e6ef5000032e1c514',5,13,5,'deleted'),('2009-04-11 10:32:07',59,'ststcia87ff679a2f3e71d9181a67b7542122c',5,13,5,'deleted'),('2009-04-11 10:32:19',60,'ststcic01fde2578043635c831a96524f9b679',5,13,5,'deleted'),('2009-04-11 10:33:33',61,'ststci6aed000af86a084f9cb0264161e29dd3',5,13,5,'deleted'),('2009-04-11 10:35:20',62,'ststci2bada0d8cffac40c988e44a273ba58d7',5,13,5,'deleted'),('2009-04-11 10:36:03',63,'ststci1dc9eec5d23c9b8fbb75ab425f6e032f',5,13,5,'deleted'),('2009-04-11 10:50:52',64,'ststcid7f6db68da03fee4df7856f3323dd380',5,13,5,'deleted'),('2009-04-11 10:51:34',65,'ststci5c572eca050594c7bc3c36e7e8ab9550',5,13,5,'deleted'),('2009-04-11 10:52:34',66,'ststci6c9401f2e592de95c20042ebcc16a102',5,13,5,'deleted'),('2009-04-11 10:54:20',67,'ststci0dd1bc593a91620daecf7723d2235624',5,13,5,'deleted'),('2009-04-11 11:28:37',68,'ststci11f524c3fbfeeca4aa916edcb6b6392e',5,13,5,'deleted'),('2009-04-11 11:30:02',69,'ststci2e1e29f5fc4f906c2145acc6840b29ff',5,13,5,'deleted'),('2009-04-11 12:02:44',70,'ststcie6bfd869a81f98ce424bfff9642fbe39',5,13,5,'deleted'),('2009-04-11 12:03:42',71,'ststci2f0928c25ff3f884e8d2fa38835bd328',5,13,5,'deleted'),('2009-04-11 12:04:17',72,'ststci010b229957fa385ab3198cbaad6e4e59',5,13,5,'deleted'),('2009-04-11 12:04:43',73,'ststci97785e0500ad16c18574c64189ccf4b4',5,13,5,'deleted'),('2009-04-11 12:05:03',74,'ststcidb18ad102e99e047876c7c51ff482d5a',5,13,5,'deleted'),('2009-04-11 14:06:54',75,'ststcid37b9e2b497aa9312965a132d98279b0',5,13,5,'deleted'),('2009-04-11 14:09:35',76,'ststci134dd796229f80f23b75af20495b8d50',5,13,5,'deleted'),('2009-04-11 14:11:24',77,'ststci8944871f1c9865a77a3d9c92cadf124d',5,13,5,'deleted'),('2009-04-11 14:11:42',78,'ststci5bbc7cc2da7217ccaf66f733b3fef728',5,13,5,'deleted'),('2009-04-11 14:15:47',79,'ststci1392a70e4978d9890a1a1d40a11edbe8',5,13,5,'deleted'),('2009-04-11 14:17:49',80,'ststcie7896283fcae240c9abb874a70a5afd2',5,13,5,'deleted'),('2009-04-11 14:27:03',81,'ststcid2f53008ecf7568f1abeb455e1dcf5e4',5,13,5,'deleted'),('2009-04-11 14:27:54',82,'ststci86d4303e4f27966fade0cf152d9ae234',5,13,5,'deleted'),('2009-04-11 15:42:52',83,'ststci0bf4193e64622cc35e7af3715e30f1d6',13,13,5,'deleted'),('2009-04-11 15:44:22',84,'ststci348a43bb0eadc84915bcd8d95f373b0f',13,13,5,'deleted'),('2009-04-11 15:45:27',85,'ststcif7dd39d47c6f28f7877155ccffad0192',13,13,5,'deleted'),('2009-04-11 15:47:10',86,'ststcia7eb3f86b0d99361a5053a41d7d38576',30,13,5,'deleted'),('2009-04-11 16:58:17',87,'ststci13fbe66c4c51b5105b28e59790cba2b9',5,13,5,'deleted'),('2009-04-25 00:02:54',88,'ststcic0faf875b8596a0999b426631c0b5ff8',5,13,5,'deleted'),('2009-04-25 00:04:10',89,'ststcic814dd85265b778fe3fc122c1b2e3202',5,13,5,'deleted'),('2009-04-25 00:07:19',90,'ststcidb93e1f9860b074ef224878a047a5407',5,13,5,'deleted'),('2009-04-25 00:10:23',91,'ststcieecb119bb23b452aa17063227d6af855',5,13,5,'deleted'),('2009-04-25 00:11:48',92,'ststciea160c1a93b80943bb632999ff3e6130',5,13,5,'deleted'),('2009-04-25 01:00:36',93,'ststci89bdedf8c38bda669ba5aba697d7703b',5,13,5,'deleted'),('2009-04-25 01:00:45',94,'ststcied3d2c21991e3bef5e069713af9fa6ca',5,13,5,'deleted'),('2009-04-26 11:25:34',95,'ststci59b6525364c77d1e6f9c79c53e387954',5,13,5,'deleted'),('2009-04-26 11:26:13',96,'ststci7dd2ae7db7d18ee7c9425e38df1af5e2',5,13,5,'deleted'),('2009-04-26 11:27:35',97,'ststci56503192b14190d3826780d47c0d3bf3',5,13,5,'deleted'),('2009-04-26 11:28:06',98,'ststci8248f16fa738b0bfe6013edf69d873bf',5,13,5,'deleted'),('2009-04-26 11:29:09',99,'ststci3dd6195e97200112e1a769f118b4fa6f',5,13,5,'deleted'),('2009-04-26 11:29:53',100,'ststci5bc33927ca8779dcd219b9dfaa1195a5',5,13,5,'deleted'),('2009-04-26 11:30:27',101,'ststci0df9db3088320cff4c7b2e2ec39d1610',5,13,5,'deleted'),('2009-04-26 11:31:58',102,'ststci0727459d2e79f13a818513aee75a1f90',5,13,5,'deleted'),('2009-04-26 11:32:31',103,'ststci4c1062cc42d7e3c64306cbee964db44f',5,13,5,'deleted'),('2009-04-26 11:33:08',104,'ststcid72eecc6b164864790fe25f2bd64a8ab',5,13,5,'deleted'),('2009-04-26 11:34:17',105,'ststcib4fd263bb699f424cdb6a662af0049b2',5,13,5,'deleted'),('2009-04-26 11:34:40',106,'ststcid921c3c762b1522c475ac8fc0811bb0f',5,13,5,'deleted'),('2009-04-26 11:35:16',107,'ststci9e106e26d5ec709ce1b63d12c5447791',5,13,5,'deleted'),('2009-04-26 11:36:06',108,'ststci972ededf6c4d7c1405ef53f27d961eda',5,13,5,'deleted'),('2009-04-26 11:38:08',109,'ststci226b5bf02bf8b97501335e2792e5abc7',5,13,5,'deleted'),('2009-04-26 11:39:33',110,'ststci088d6dc6ddb3113e9b902711ccdfafef',5,13,5,'deleted'),('2009-04-26 12:14:33',111,'ststcia3788c8c64fd65c470e23e7534c3ebc8',5,13,5,'deleted'),('2009-04-26 12:16:22',112,'ststci4b777618f85e4ce92de27c69a6cc104c',5,13,5,'deleted'),('2009-04-26 12:27:15',113,'ststcidd87a43132f3ce443d1e50b29019de3b',5,13,5,'deleted'),('2009-04-26 12:57:40',114,'ststci58c02631651a8ffcb2632ab4d96a3da2',5,13,5,'deleted'),('2009-04-26 12:58:55',115,'ststci20c86a628232a67e7bd46f76fba7ce12',5,13,5,'deleted'),('2009-04-26 13:16:40',116,'ststci58ec72df0caca51df569d0b497c33805',5,13,5,'deleted'),('2009-04-26 13:20:41',117,'ststci0c71f0a8c36a3212e6569e6186febd41',5,13,5,'deleted'),('2009-04-26 13:21:28',118,'ststcica55e81c481f3ae701c4362514ce6abd',5,13,5,'deleted'),('2009-04-26 13:22:15',119,'ststci9c0ddedc5328cfa7f7f97cab05b1338b',5,13,5,'deleted'),('2009-04-26 13:24:05',120,'ststcib56e3960d3b3075f46e862488ed4979a',5,13,5,'deleted'),('2009-04-26 13:28:49',121,'ststci0197fd56abb69bf33e16d0abdc2a439f',5,13,5,'deleted'),('2009-04-26 13:57:56',122,'ststci7f6411f044f4af764d78c7f31af15b2c',5,13,5,'deleted'),('2009-04-26 14:01:45',123,'ststcia87bbbbe08344d9c9fd3f6d86bb7cc88',5,13,5,'deleted'),('2009-04-26 14:03:12',124,'ststcid0b9a6a56ca7fd6ebad617bcda8365a6',5,13,5,'deleted'),('2009-04-26 14:21:25',125,'ststci2ab5569b4274a31c7f2b7c67cd9ba9e2',5,13,5,'deleted'),('2009-04-26 14:24:26',126,'ststci5f94d747fbf97bbec48a0bc22602e968',5,13,5,'deleted'),('2009-04-26 14:48:02',127,'ststcic386cba5332d11385672ee52d036e8c1',5,13,5,'deleted'),('2009-04-26 14:49:36',128,'ststci6578ea8c336aa704c7e8ea2c5f19353b',5,13,5,'deleted'),('2009-04-26 14:53:28',129,'ststci691f1c02ba340056657d9fd9f5bf017c',5,13,5,'deleted'),('2009-04-26 14:55:08',130,'ststci182340c28a4350468fce307ff1bab29e',5,13,5,'deleted'),('2009-04-26 14:55:24',131,'ststcid55eaf8506f9046a88b8730781830194',5,13,5,'deleted'),('2009-04-26 14:55:46',132,'ststcid63036cfba56a5c3cb75ab14b33fe677',5,13,5,'deleted'),('2009-04-26 14:56:33',133,'ststci3f1656d9668dffcf8119e3ecff873558',5,13,5,'deleted'),('2009-04-26 15:01:30',134,'ststci7e05295a468401ec66e8c337855022ed',5,13,5,'deleted'),('2009-04-26 15:03:44',135,'ststcib414506974c8c8d9d1e4d0cf5ced4c76',5,13,5,'deleted'),('2009-04-27 08:51:21',136,'ststci2298d401e38ecd89706918103116ca07',5,13,5,'deleted'),('2009-04-27 08:53:48',137,'ststci053b47ac39ef2ea08d354ee54baadabb',5,13,5,'deleted'),('2009-04-27 08:54:44',138,'ststcidb922619896fd0e04b6e58c897c61841',5,13,5,'deleted'),('2009-04-27 08:55:54',139,'ststcid87d3902e1c4efdc9d79e94c4921bb40',5,13,5,'deleted'),('2009-04-27 09:01:00',140,'ststci46384036044a604b6b3316fc167fc15f',5,13,5,'deleted'),('2009-04-27 09:02:10',141,'ststci2edc8ba7ff417abef3ae5ae12ca63796',5,13,5,'deleted'),('2009-04-27 09:03:36',142,'ststci2794f1ac7a5d4610b2694d8ab3227b8f',5,13,5,'deleted'),('2009-04-27 09:03:55',143,'ststci19bc916108fc6938f52cb96f7e087941',5,13,5,'deleted'),('2009-04-27 09:09:30',144,'ststci74c4481c34e417ac39d1de6b4f854c4f',5,13,5,'deleted'),('2009-04-27 09:10:43',145,'ststci7b951cd08a561a4284fe7ed5a8b79496',5,13,5,'deleted'),('2009-04-27 09:12:07',146,'ststci5d4d48d0359e45e4fdf997818d6407fd',5,13,5,'deleted'),('2009-04-27 09:16:04',147,'ststcid4dd111a4fd973394238aca5c05bebe3',5,13,5,'deleted'),('2009-04-27 09:21:31',148,'ststci29cb2d8a436d82bf5dbcca7ea09edc5c',5,13,5,'deleted'),('2009-04-29 09:32:05',149,'ststci0959768e03df8e636579e41f3f9d2ea2',5,13,5,'deleted'),('2009-04-29 09:34:57',150,'ststcibf424cb7b0dea050a42b9739eb261a3a',5,13,5,'deleted'),('2009-04-29 09:42:19',151,'ststci4d2356339f13e4b3d5aec55ba88a6019',5,13,5,'deleted'),('2009-04-29 09:43:22',152,'ststciaf44c4c56f385c43f2529f9b1b018f6a',5,13,5,'deleted'),('2009-05-11 10:12:32',153,'ststcib28d8e3ccb1ff9d46fa2d9e70222c9e7',5,13,5,'deleted'),('2009-05-11 10:13:22',154,'ststci53e4db6f596904f154b5efa09193e3ab',5,13,5,'deleted'),('2009-05-13 09:29:01',155,'ststcie523eebf638ca962ed5639f247e5bcbf',5,13,5,'deleted'),('2009-05-13 09:35:00',156,'ststci478423056f0942a464052ccc8e0d064d',13,16,5,'active'),('2009-05-31 10:21:13',157,'ststcib4c740208036d64c467b9cb682edb0c5',5,13,5,'deleted'),('2009-05-31 10:21:25',158,'ststci09d1d2fa86fbc25c85269b522d96b9a9',5,13,5,'deleted'),('2009-07-18 17:39:26',159,'ststci773de9ea713363557c90891deddea6c8',30,13,5,'deleted'),('2009-07-18 17:40:13',160,'ststci2fae3af07a8228d1d41c509494c4b461',30,13,5,'deleted'),('2009-07-18 17:40:29',161,'ststci4cf54a3d780b9294815e5f249164f20f',30,13,5,'deleted'),('2009-07-18 17:43:16',162,'ststci5f26cc984eaa1376b07fc0439d531dba',30,13,5,'deleted'),('2009-07-24 09:49:29',163,'ststciafd2cd234908613bcd2de4dfc1f06ce0',5,13,5,'deleted'),('2009-07-27 21:03:47',164,'ststci14b14198b6e26157b7eba06b390ab763',5,13,5,'deleted'),('2009-07-27 21:15:38',165,'ststci37d097caf1299d9aa79c2c2b843d2d78',5,13,5,'deleted'),('2009-07-27 21:15:57',166,'ststci74564920d4b9f130298880d010c929cd',5,13,5,'deleted'),('2009-07-27 21:16:32',167,'ststci66b8d6392a59b5ce703c28340d8b3565',5,13,5,'deleted'),('2009-12-24 00:30:47',168,'ststci824fb1d8857f81886fbbaef32efe761a',13,13,5,'deleted'),('2010-02-08 08:42:07',169,'ststci3da32e079aabc819820a748599af7887',13,198,5,'active'),('2010-04-15 14:17:57',170,'ststcid367e09a965275ca20a3fd11bb492666',13,13,5,'deleted'),('2010-04-15 14:18:11',171,'ststcic83ae807fcaf9e0e8f750aec83700842',13,13,5,'deleted'),('2010-04-15 14:18:25',172,'ststci67ad90b332cb8d8a0956d654c2ed37b5',13,13,5,'deleted'),('2010-06-21 10:17:23',173,'ststci28f04d418b356001a097fd9d4cd8c56a',13,13,5,'deleted'),('2010-06-21 10:17:34',174,'ststcia2e7ae61e380251c3d000f0f5db8e0de',13,13,5,'deleted'),('2010-06-21 10:18:36',175,'ststci34f803a65e02c537184906e107f932e8',13,13,5,'deleted'),('2010-06-21 10:19:26',176,'ststcie1b2469d8666b82e06c236fc52424fb8',13,13,5,'deleted'),('2010-06-21 10:20:22',177,'ststci66b63f33bfd3e668d468742ad34a28fd',13,13,5,'deleted'),('2010-06-21 10:21:28',178,'ststci2c80a400abf63815e21585c5c33629b8',13,13,5,'deleted'),('2010-06-21 10:24:40',179,'ststci9b2024be0522d2b24b89d32a599149ba',13,13,5,'deleted'),('2010-08-16 09:20:17',180,'ststci03e38d533b0083368ba57f64cc4218b9',13,13,5,'deleted'),('2010-08-16 09:20:28',181,'ststci153fc7f01b49cdbfa363a90da096d253',13,13,5,'deleted'),('2010-08-16 09:20:40',182,'ststci32c477dd4fdbac4e6ff5cec97ba262d5',30,13,5,'deleted'),('2010-08-16 09:22:32',183,'ststci2022b9cab251549a5f93d88601986ab4',30,13,5,'deleted'),('2010-08-16 09:22:32',184,'ststci481e3decd560de4d38bf2ca06bb3fdd9',30,13,5,'deleted'),('2010-08-16 09:24:20',185,'ststcidc5f183ef69af1bc1442690ff4e2bf22',30,13,5,'deleted'),('2010-08-16 09:27:52',186,'ststcia61e24cd0f326a77dff112b02a42ac78',30,13,5,'active'),('2010-08-19 11:32:00',187,'db2526ffa203c5b7b41eabf40fb5bc16',13,13,5,'deleted'),('2010-08-19 11:32:08',188,'34a0d60f9a9f0906370dfbae844bf58d',13,13,5,'deleted'),('2010-08-20 10:19:30',189,'be6a9053c1f44c05201ee3d764814762',13,13,5,'deleted'),('2010-08-21 13:15:27',190,'fdad5e68fc4628124945178aaa31fea8',13,13,5,'deleted'),('2010-08-21 13:16:29',191,'206c9b21d9ccb95f0b96b2a775b1cb25',13,13,5,'deleted'),('2010-09-12 19:28:29',192,'34943e242d9b986fdf005c2730f65b98',13,13,5,'deleted'),('2010-09-12 19:28:36',193,'218bec7a160bcda6252b91ac1ec28343',13,13,5,'active'),('2010-09-12 19:28:57',194,'f3ffa92812999530116e654a3858d35f',5,13,5,'deleted'),('2010-09-12 19:29:06',195,'84d89542ae19ca56e7a1441bf18eebeb',5,13,5,'active');
/*!40000 ALTER TABLE `profile_widget_field_state` ENABLE KEYS */;
UNLOCK TABLES;

--
-- Table structure for table `profile_widget_field_testselect`
--

DROP TABLE IF EXISTS `profile_widget_field_testselect`;
/*!40101 SET @saved_cs_client     = @@character_set_client */;
/*!40101 SET character_set_client = utf8 */;
CREATE TABLE `profile_widget_field_testselect` (
  `testselect_id` mediumint(8) unsigned NOT NULL,
  `created` datetime NOT NULL DEFAULT '0000-00-00 00:00:00',
  `id` int(10) unsigned NOT NULL AUTO_INCREMENT,
  `ikey` varchar(75) NOT NULL,
  `profile_widget_field_id` mediumint(8) unsigned NOT NULL,
  `searchable_id` int(11) unsigned NOT NULL,
  `status` enum('deleted','active') NOT NULL DEFAULT 'active',
  PRIMARY KEY (`id`),
  KEY `profile_widget_field_testselect_searchable_fk` (`searchable_id`),
  KEY `profile_widget_field_testselect_pwf_fk` (`profile_widget_field_id`),
  KEY `profile_widget_field_testselect_fk` (`testselect_id`),
  CONSTRAINT `profile_widget_field_testselect_fk` FOREIGN KEY (`testselect_id`) REFERENCES `pwf_testselect` (`id`),
  CONSTRAINT `profile_widget_field_testselect_pwf_fk` FOREIGN KEY (`profile_widget_field_id`) REFERENCES `profile_widget_field` (`id`),
  CONSTRAINT `profile_widget_field_testselect_searchable_fk` FOREIGN KEY (`searchable_id`) REFERENCES `searchable` (`id`)
) ENGINE=InnoDB DEFAULT CHARSET=utf8;
/*!40101 SET character_set_client = @saved_cs_client */;

--
-- Dumping data for table `profile_widget_field_testselect`
--

LOCK TABLES `profile_widget_field_testselect` WRITE;
/*!40000 ALTER TABLE `profile_widget_field_testselect` DISABLE KEYS */;
/*!40000 ALTER TABLE `profile_widget_field_testselect` ENABLE KEYS */;
UNLOCK TABLES;

--
-- Table structure for table `profile_widget_field_text`
--

DROP TABLE IF EXISTS `profile_widget_field_text`;
/*!40101 SET @saved_cs_client     = @@character_set_client */;
/*!40101 SET character_set_client = utf8 */;
CREATE TABLE `profile_widget_field_text` (
  `created` datetime NOT NULL,
  `ikey` varchar(75) NOT NULL,
  `id` int(10) unsigned NOT NULL AUTO_INCREMENT,
  `profile_widget_field_id` mediumint(8) unsigned NOT NULL,
  `searchable_id` int(11) unsigned NOT NULL,
  `value` varchar(255) NOT NULL,
  `status` enum('deleted','active') NOT NULL DEFAULT 'active',
  PRIMARY KEY (`id`),
  KEY `normal` (`profile_widget_field_id`,`searchable_id`),
  KEY `profile_widget_field_text_searchable_fk` (`searchable_id`),
  KEY `profile_widget_field_text_pwf_fk` (`profile_widget_field_id`),
  CONSTRAINT `profile_widget_field_text_pwf_fk` FOREIGN KEY (`profile_widget_field_id`) REFERENCES `profile_widget_field` (`id`),
  CONSTRAINT `profile_widget_field_text_searchable_fk` FOREIGN KEY (`searchable_id`) REFERENCES `searchable` (`id`)
) ENGINE=InnoDB AUTO_INCREMENT=315 DEFAULT CHARSET=utf8;
/*!40101 SET character_set_client = @saved_cs_client */;

--
-- Dumping data for table `profile_widget_field_text`
--

LOCK TABLES `profile_widget_field_text` WRITE;
/*!40000 ALTER TABLE `profile_widget_field_text` DISABLE KEYS */;
INSERT INTO `profile_widget_field_text` VALUES ('2008-11-24 08:07:30','textexci7808b471478f0cfdb2b407be92c170eb',9,8,13,'mattesnider@gmail.com','deleted'),('2008-11-24 08:07:30','textexci7808b471478f0cfdb2b407be92c170eb',10,9,13,'9259982004','deleted'),('2008-11-24 08:07:30','textexci7808b471478f0cfdb2b407be92c170eb',11,11,13,'3351 Alma St.','deleted'),('2008-11-24 08:07:30','textexci7808b471478f0cfdb2b407be92c170eb',12,15,13,'94306','deleted'),('2008-11-26 13:40:48','textexci3907fb00750c85df3b7d65a1587a4aa7',27,33,13,'/images/searchables/4d70c8a2643a9f6601696629634260bf.jpg','deleted'),('2008-11-26 13:40:48','textexci3907fb00750c85df3b7d65a1587a4aa7',28,34,13,'/images/thumbs/4d70c8a2643a9f6601696629634260bf.jpg','deleted'),('2008-11-27 14:35:58','textexci943f10b7abf00c6c77b7515a096e4322',42,17,13,'Santa Barbara','active'),('2008-11-27 14:35:58','textexci452ebc4db96ec12d336565e85e37125a',44,21,13,'Computer Engineering','active'),('2008-11-27 18:32:47','textexci943f10b7abf00c6c77b7515a096e4322',55,18,13,'2006','deleted'),('2008-11-27 18:32:47','textexci452ebc4db96ec12d336565e85e37125a',56,18,13,'2004','deleted'),('2008-11-27 21:58:17','textexci2d38b498e789c44636473f095a6070ac',57,18,13,'2007','deleted'),('2008-11-27 21:58:17','textexci56f2adb3621e53ea278ae1abba795d50',58,18,13,'2004','deleted'),('2008-11-27 22:04:30','textexci4e9019139d9ad49f7983904b497d50b2',61,18,13,'2006','deleted'),('2008-11-27 22:04:30','textexci18ebf96a2f92ee2fb5a254536239cc38',62,18,13,'2004','deleted'),('2008-11-27 22:08:08','textexci4dff7cccfc092f41b8170fc6d7dc93c0',63,18,13,'2006','deleted'),('2008-11-27 22:08:08','textexcibcbf5e0ae48ef7e5439863381d1a69bf',64,18,13,'2004','deleted'),('2008-11-28 10:19:00','textexci519edc8db508d1c088f793f2c3647e6f',65,24,13,'Mint Software','deleted'),('2008-11-28 10:20:22','textexcicec635e58838ff3c8907acbe1bda1191',66,24,13,'Mint Software','deleted'),('2008-11-28 10:22:29','textexcic0922ade21becf758819c686aaca845b',67,24,13,'Mint Software','deleted'),('2008-11-28 10:27:00','textexci4b4a96575767e162b8c6013ec6712d40',68,24,13,'Mint Software','deleted'),('2008-11-28 10:27:43','textexci9fdb62f932adf55af2c0e09e55861964',69,24,13,'Mint Software','deleted'),('2008-12-01 08:40:41','textexci023b39a74b7b4acd060dedc0431c3dbc',70,24,13,'Mint Software','deleted'),('2008-12-01 08:45:37','textexci761067fbba1d6ef159173bfb8109abc2',71,24,13,'Mint Software','deleted'),('2008-12-01 09:01:48','textexci0e46c9990c6daf3876b5166b2bc79fdc',73,24,13,'Mint Software','deleted'),('2008-12-01 09:03:15','textexci080f43a3371b1354a238d626779f4175',74,24,13,'Mint Software','deleted'),('2008-12-01 09:20:22','textexciec5de3e8dc6bd121a79794021bf20cb1',75,24,13,'Mint Software','deleted'),('2008-12-09 09:00:18','textexciecc92a19f0de821519b715d10cbf7c62',87,24,13,'Mint Software','deleted'),('2008-12-09 09:00:18','textexciecc92a19f0de821519b715d10cbf7c62',88,25,13,'http://www.mint.com','deleted'),('2008-12-09 09:00:47','textexcid4f700c81022c855e0041af836222bb4',89,24,13,'Mint Software','deleted'),('2008-12-09 09:00:47','textexcid4f700c81022c855e0041af836222bb4',90,25,13,'http://www.mint.com','deleted'),('2008-12-15 08:42:24','textexci0f65e949ea897df7d4a41e37319a8bb2',95,33,182,'/images/searchables/f0d6f2815791a23c7d6f84783a75bfc3.jpg','active'),('2008-12-15 08:42:24','textexci0f65e949ea897df7d4a41e37319a8bb2',96,34,182,'/images/thumbs/f0d6f2815791a23c7d6f84783a75bfc3.jpg','active'),('2008-12-15 08:46:24','textexci40262352ed6dc77f564704f1d9267ba5',97,33,184,'/images/searchables/6399c027926c27ca417d4a80b49a8c97.jpg','active'),('2008-12-15 08:46:24','textexci40262352ed6dc77f564704f1d9267ba5',98,34,184,'/images/thumbs/6399c027926c27ca417d4a80b49a8c97.jpg','active'),('2008-12-15 08:48:58','textexcid240e3d38a8882ecad8633c8f9c78c9b',99,33,185,'/images/searchables/2b77f902297ac89187a1e9d447c775e5.jpg','active'),('2008-12-15 08:48:58','textexcid240e3d38a8882ecad8633c8f9c78c9b',100,34,185,'/images/thumbs/2b77f902297ac89187a1e9d447c775e5.jpg','active'),('2008-12-15 08:50:55','textexci59c8004549652a8e0df44e0b19aea664',101,8,186,'wendygladstonecmln@gmail.com','active'),('2008-12-15 08:51:05','textexcic2d890039c3615ffe346e353e950850f',102,33,186,'/images/searchables/fa57e5a71c624628bd6e07fe6dd66979.jpg','active'),('2008-12-15 08:51:05','textexcic2d890039c3615ffe346e353e950850f',103,34,186,'/images/thumbs/fa57e5a71c624628bd6e07fe6dd66979.jpg','active'),('2008-12-18 09:00:06','textexcib54f0f8b3b75a8b7486c9adedf28f361',104,35,187,'Test Group Academic','deleted'),('2008-12-18 09:01:33','textexci8497c3b1d034ce7aaf059804b5c88db6',105,35,187,'Test Group Academic 1','deleted'),('2008-12-18 09:43:23','textexci5ca41a86596a5ed567d15af0be224952',106,35,187,'Test Group Academic 2','deleted'),('2008-12-18 09:48:14','textexci9778d5d219c5080b9a6a17bef029331c',107,33,187,'/images/searchables/a039881b6edfa1203040f0086afed12d.jpg','deleted'),('2008-12-18 09:48:14','textexci9778d5d219c5080b9a6a17bef029331c',108,34,187,'/images/thumbs/a039881b6edfa1203040f0086afed12d.jpg','deleted'),('2008-12-18 09:50:03','textexci571df53e6b6fc55ba413313a42bb4cf5',109,33,187,'/images/searchables/0f559cecf9943e76e488d8c4a1d1fc7c.jpg','deleted'),('2008-12-18 09:50:03','textexci571df53e6b6fc55ba413313a42bb4cf5',110,34,187,'/images/thumbs/0f559cecf9943e76e488d8c4a1d1fc7c.jpg','deleted'),('2008-12-18 09:51:45','textexcic8461bf13fca8a2b9912ab2eb1668e4b',111,33,187,'/images/searchables/3a9c5beed9b8e26a1e63cfe81d45a055.jpg','deleted'),('2008-12-18 09:51:45','textexcic8461bf13fca8a2b9912ab2eb1668e4b',112,34,187,'/images/thumbs/3a9c5beed9b8e26a1e63cfe81d45a055.jpg','deleted'),('2008-12-18 09:53:11','textexci571e646d4ea4d46a8fde33d07167efe5',113,35,187,'Test Group Academic','deleted'),('2008-12-18 09:54:38','textexci856a813b7846e2494aa7289c89720b09',114,35,187,'Test Group Academic A','deleted'),('2008-12-18 09:55:40','textexciae95296e27d7f695f891cd26b4f37078',115,35,187,'Test Group Academic B','deleted'),('2008-12-18 09:56:36','textexci7829e6d847f0b9d897d940aa3f3b7b46',116,35,187,'Test Group Academic C','deleted'),('2008-12-18 09:57:34','textexcicab070d53bd0d200746fb852a922064a',117,35,187,'Test Group Academic A','deleted'),('2008-12-18 09:57:44','textexcif1e9e809306242b3cf6803cec01d1771',118,35,187,'Test Group Academic','deleted'),('2008-12-18 09:57:54','textexcic728615c8a166f73ec481b345cac1e84',119,33,187,'/images/searchables/e47dfd9fe0cd07935fa358644531d901.jpg','deleted'),('2008-12-18 09:57:54','textexcic728615c8a166f73ec481b345cac1e84',120,34,187,'/images/thumbs/e47dfd9fe0cd07935fa358644531d901.jpg','deleted'),('2008-12-18 10:07:48','textexci89e47f8946a9789ab2ad43d084afac90',121,33,13,'/images/searchables/bff6c94ca763a4b9a89bb271bf04ff4e.jpg','deleted'),('2008-12-18 10:07:48','textexci89e47f8946a9789ab2ad43d084afac90',122,34,13,'/images/thumbs/bff6c94ca763a4b9a89bb271bf04ff4e.jpg','deleted'),('2008-12-18 10:07:56','textexciab0e8f1ae39d10783b04998b643a1444',123,33,13,'/images/searchables/ba3d7a8b741792f7fcead64172a1e0c9.jpg','deleted'),('2008-12-18 10:07:56','textexciab0e8f1ae39d10783b04998b643a1444',124,34,13,'/images/thumbs/ba3d7a8b741792f7fcead64172a1e0c9.jpg','deleted'),('2009-04-11 15:42:52','textexci0bf4193e64622cc35e7af3715e30f1d6',125,8,13,'mattesnider@gmail.com','deleted'),('2009-04-11 15:42:52','textexci0bf4193e64622cc35e7af3715e30f1d6',126,9,13,'9259982004','deleted'),('2009-04-11 15:42:52','textexci0bf4193e64622cc35e7af3715e30f1d6',127,11,13,'3351 Alma St.','deleted'),('2009-04-11 15:42:52','textexci0bf4193e64622cc35e7af3715e30f1d6',128,15,13,'94306','deleted'),('2009-04-11 15:44:22','textexci348a43bb0eadc84915bcd8d95f373b0f',129,8,13,'mattesnider@gmail.com','deleted'),('2009-04-11 15:44:22','textexci348a43bb0eadc84915bcd8d95f373b0f',130,9,13,'9259982004','deleted'),('2009-04-11 15:44:22','textexci348a43bb0eadc84915bcd8d95f373b0f',131,11,13,'3351 Alma St.','deleted'),('2009-04-11 15:44:22','textexci348a43bb0eadc84915bcd8d95f373b0f',132,15,13,'94306','deleted'),('2009-04-11 15:45:27','textexcif7dd39d47c6f28f7877155ccffad0192',133,8,13,'mattesnider@gmail.com','deleted'),('2009-04-11 15:45:27','textexcif7dd39d47c6f28f7877155ccffad0192',134,9,13,'9259982004','deleted'),('2009-04-11 15:45:27','textexcif7dd39d47c6f28f7877155ccffad0192',135,11,13,'3351 Alma St.','deleted'),('2009-04-11 15:45:27','textexcif7dd39d47c6f28f7877155ccffad0192',136,15,13,'94306','deleted'),('2009-04-11 15:45:51','textexcia4b571e3226f43fe7d658ce1c92c4b40',137,18,13,'2004','deleted'),('2009-04-11 15:47:02','textexcidef32002582287e0636afa7edb65a192',138,18,13,'2004','deleted'),('2009-04-11 15:47:10','textexcia7eb3f86b0d99361a5053a41d7d38576',139,24,13,'Mint Software','deleted'),('2009-04-11 15:47:10','textexcia7eb3f86b0d99361a5053a41d7d38576',140,25,13,'http://www.mint.com','deleted'),('2009-04-11 16:53:53','textexci68cc84f0834098558e316e76dc5d8c7b',141,18,13,'2006','deleted'),('2009-04-11 16:53:53','textexci3cec07e9ba5f5bb252d13f5f431e4bbb',142,18,13,'2004','deleted'),('2009-04-11 16:54:11','textexci4049f890b5f59ee17a2554a1e271cc46',143,18,13,'2006','deleted'),('2009-04-11 16:54:11','textexci09c1279b01289fa282367675519325a1',144,18,13,'2004','deleted'),('2009-04-11 16:57:36','textexci828c3938b662961ed8f775ed638b97f2',145,18,13,'2006','deleted'),('2009-04-11 16:57:36','textexci3871bd64012152bfb53fdf04b401193f',146,18,13,'2004','deleted'),('2009-04-11 17:00:00','textexci87755e2bb813ed0ad03d9801b4e0320d',147,18,13,'2006','deleted'),('2009-04-11 17:00:00','textexcic1160f0432464eb6110ada4a0ac56917',148,18,13,'2004','deleted'),('2009-06-13 16:02:03','textexci30fb21026fee10d4c9c72ff8edd2cd3d',149,33,16,'/images/searchables/5a7b061882821c8d999d9322873fc350.jpg','active'),('2009-06-13 16:02:03','textexci30fb21026fee10d4c9c72ff8edd2cd3d',150,34,16,'/images/thumbs/5a7b061882821c8d999d9322873fc350.jpg','active'),('2009-07-02 09:34:59','textexci700bd04bff3c163ba03a7c2ac16bb560',151,35,197,'Pimp House','active'),('2009-07-02 09:51:19','textexci1f9caf93105becc0a30fd4e263bd7e15',152,35,198,'D&D Society','deleted'),('2009-07-02 09:56:17','textexcif1e5284674fd1e360873c29337ebe2d7',153,35,199,'BTICH','active'),('2009-07-18 17:39:26','textexci773de9ea713363557c90891deddea6c8',154,24,13,'Mint Software','deleted'),('2009-07-18 17:39:26','textexci773de9ea713363557c90891deddea6c8',155,25,13,'http://www.mint.com','deleted'),('2009-07-18 17:40:13','textexci2fae3af07a8228d1d41c509494c4b461',156,24,13,'Mint Software','deleted'),('2009-07-18 17:40:13','textexci2fae3af07a8228d1d41c509494c4b461',157,25,13,'http://www.mint.com','deleted'),('2009-07-18 17:40:29','textexci4cf54a3d780b9294815e5f249164f20f',158,24,13,'Mint Software','deleted'),('2009-07-18 17:40:29','textexci4cf54a3d780b9294815e5f249164f20f',159,25,13,'http://www.mint.com','deleted'),('2009-07-18 17:42:25','textexcie1054bf2d703bca1e8fe101d3ac5efcd',160,18,13,'2006','deleted'),('2009-07-18 17:42:25','textexcic91ef42552e1027b5d648beeffa1be50',161,18,13,'2004','deleted'),('2009-07-18 17:42:34','textexci0fce7805546cf456c1d9e8b443e770f9',162,18,13,'2006','deleted'),('2009-07-18 17:42:34','textexci259c22cfdc742412a89fe293b53c6e94',163,18,13,'2004','deleted'),('2009-07-18 17:43:16','textexci5f26cc984eaa1376b07fc0439d531dba',164,24,13,'Mint Software','deleted'),('2009-07-18 17:43:16','textexci5f26cc984eaa1376b07fc0439d531dba',165,25,13,'http://www.mint.com','deleted'),('2009-07-25 17:41:17','textexci9b22a40256b079f338827b0ff1f4792b',166,18,13,'2006','deleted'),('2009-07-25 17:41:17','textexci186ba2b5d093634fd7a873faea7e41ba',167,18,13,'2004','deleted'),('2009-07-25 17:45:43','textexcia74e88cfc53686ce828fb037d0f2041e',168,18,13,'2006','deleted'),('2009-07-25 17:45:43','textexcied45e77e699645c84f3f27b7b5ad1e2d',169,18,13,'2004','deleted'),('2009-07-25 17:47:04','textexci8be00c69e615ab5846e629f5bb39fd95',170,18,13,'2006','deleted'),('2009-07-25 17:47:04','textexciaf88d16112663ef32519c582073f44c4',171,18,13,'2004','deleted'),('2009-07-25 21:55:30','textexcif8417d04a0a2d5e1fb5c5253a365643c',172,33,187,'/images/searchables/71acdf73dbe05e9794b21dc2fa706f1a.jpg','deleted'),('2009-07-25 21:55:30','textexcif8417d04a0a2d5e1fb5c5253a365643c',173,34,187,'/images/thumbs/71acdf73dbe05e9794b21dc2fa706f1a.jpg','deleted'),('2009-11-30 22:16:56','textexcib23e802227accf3a59b470a7ff42a53e',174,33,13,'/images/searchables/blank_user.gif','deleted'),('2009-11-30 22:16:56','textexcib23e802227accf3a59b470a7ff42a53e',175,34,13,'/images/thumbs/blank_user_thumb.gif','deleted'),('2009-12-24 00:30:47','textexci824fb1d8857f81886fbbaef32efe761a',176,8,13,'mattesnider@gmail.com','deleted'),('2009-12-24 00:30:47','textexci824fb1d8857f81886fbbaef32efe761a',177,9,13,'9259982004','deleted'),('2009-12-24 00:30:47','textexci824fb1d8857f81886fbbaef32efe761a',178,11,13,'3351 Alma St.','deleted'),('2009-12-24 00:30:47','textexci824fb1d8857f81886fbbaef32efe761a',179,15,13,'94306','deleted'),('2009-12-27 10:01:28','textexcia71a4d2181eb0688f3435b75fe38535f',180,35,198,'D&D Society','active'),('2010-01-02 12:35:11','textexci6a2b5dc712c9a8c24677ebb27594bb33',181,33,13,'/images/searchables/blank_user.gif','deleted'),('2010-01-02 12:35:11','textexci6a2b5dc712c9a8c24677ebb27594bb33',182,34,13,'/images/thumbs/blank_user_thumb.gif','deleted'),('2010-01-02 13:30:19','textexcid81c07100f7603cfc84a0f2a9e2078e9',183,33,209,'/images/searchables/blank_user.gif','deleted'),('2010-01-02 13:30:19','textexcid81c07100f7603cfc84a0f2a9e2078e9',184,34,209,'/images/thumbs/blank_user_thumb.gif','deleted'),('2010-01-02 13:34:52','textexcif56f70add902d70e5a0b08881c5720ff',185,33,209,'/images/searchables/blank_user.gif','deleted'),('2010-01-02 13:34:52','textexcif56f70add902d70e5a0b08881c5720ff',186,34,209,'/images/thumbs/blank_user_thumb.gif','deleted'),('2010-01-02 13:54:44','textexci6590b859a1a405c86152386f361dc2b0',187,33,209,'/images/searchables/blank_user.gif','deleted'),('2010-01-02 13:54:44','textexci6590b859a1a405c86152386f361dc2b0',188,34,209,'/images/thumbs/blank_user_thumb.gif','deleted'),('2010-01-02 13:56:38','textexcic916f0a2fc054db9d9979254ea081fda',189,33,209,'/images/searchables/blank_user.gif','deleted'),('2010-01-02 13:56:38','textexcic916f0a2fc054db9d9979254ea081fda',190,34,209,'/images/thumbs/blank_user_thumb.gif','deleted'),('2010-01-02 13:58:18','textexcid1e542c21873c594203d6307a314a65d',191,33,209,'/images/searchables/blank_user.gif','deleted'),('2010-01-02 13:58:18','textexcid1e542c21873c594203d6307a314a65d',192,34,209,'/images/thumbs/blank_user_thumb.gif','deleted'),('2010-01-02 16:54:12','textexcibb14a3bce7880d876319a8ad4177303e',193,33,209,'/images/searchables/blank_user.gif','active'),('2010-01-02 16:54:12','textexcibb14a3bce7880d876319a8ad4177303e',194,34,209,'/images/thumbs/blank_user_thumb.gif','active'),('2010-02-03 09:14:08','textexci75a1e7d8fabb18df3fb652dcbe8e46f9',195,115,234,'test','active'),('2010-02-08 10:00:12','textexci2cb57e8abf481494008f203244b1f823',196,33,187,'/images/searchables/blank_group.gif','active'),('2010-02-08 10:00:12','textexci2cb57e8abf481494008f203244b1f823',197,34,187,'/images/thumbs/blank_group_thumb.gif','active'),('2010-02-11 23:26:07','textexci6f059f05075f145901781a79283b97af',198,35,248,'WTF?','active'),('2010-02-11 23:38:27','textexci25ad4e66620054335366eb4f523c4783',199,35,249,'WTF?','active'),('2010-02-11 23:39:54','textexcide6f4bd5fdbd5c00066691ac471c8eeb',200,35,250,'wtf?','active'),('2010-02-11 23:42:16','textexci08eb59c87e6003ac7c574364b2af90aa',201,35,251,'WTF?','active'),('2010-02-11 23:45:42','textexcifb7d56379eaf39cbc4b4a84863847c78',202,35,252,'WTF?','active'),('2010-04-15 14:17:57','textexcid367e09a965275ca20a3fd11bb492666',203,8,13,'mattesnider@gmail.com','deleted'),('2010-04-15 14:17:57','textexcid367e09a965275ca20a3fd11bb492666',204,9,13,'9259982004','deleted'),('2010-04-15 14:17:57','textexcid367e09a965275ca20a3fd11bb492666',205,10,13,'9259982004','deleted'),('2010-04-15 14:17:57','textexcid367e09a965275ca20a3fd11bb492666',206,11,13,'3351 Alma St.','deleted'),('2010-04-15 14:17:57','textexcid367e09a965275ca20a3fd11bb492666',207,15,13,'94306','deleted'),('2010-04-15 14:18:11','textexcic83ae807fcaf9e0e8f750aec83700842',208,8,13,'mattesnider@gmail.com','deleted'),('2010-04-15 14:18:11','textexcic83ae807fcaf9e0e8f750aec83700842',209,9,13,'9259982004','deleted'),('2010-04-15 14:18:11','textexcic83ae807fcaf9e0e8f750aec83700842',210,11,13,'3351 Alma St.','deleted'),('2010-04-15 14:18:11','textexcic83ae807fcaf9e0e8f750aec83700842',211,15,13,'94306','deleted'),('2010-04-15 14:18:25','textexci67ad90b332cb8d8a0956d654c2ed37b5',212,8,13,'mattesnider@gmail.com','deleted'),('2010-04-15 14:18:25','textexci67ad90b332cb8d8a0956d654c2ed37b5',213,9,13,'9259982004','deleted'),('2010-04-15 14:18:25','textexci67ad90b332cb8d8a0956d654c2ed37b5',214,11,13,'3351 Alma St.','deleted'),('2010-04-15 14:18:25','textexci67ad90b332cb8d8a0956d654c2ed37b5',215,15,13,'94306','deleted'),('2010-05-07 21:55:01','textexcid32260b27c967e55abafb06faa04991b',216,33,13,'/images/searchables/blank_user.gif','deleted'),('2010-05-07 21:55:01','textexcid32260b27c967e55abafb06faa04991b',217,34,13,'/images/thumbs/blank_user_thumb.gif','deleted'),('2010-05-07 21:55:30','textexcia0bbf07d7c04b975c0f640544bd5fbab',218,33,13,'/images/searchables/blank_user.gif','deleted'),('2010-05-07 21:55:30','textexcia0bbf07d7c04b975c0f640544bd5fbab',219,34,13,'/images/thumbs/blank_user_thumb.gif','deleted'),('2010-06-21 10:17:23','textexci28f04d418b356001a097fd9d4cd8c56a',220,9,13,'9259982004','deleted'),('2010-06-21 10:17:23','textexci28f04d418b356001a097fd9d4cd8c56a',221,11,13,'3351 Alma St.','deleted'),('2010-06-21 10:17:23','textexci28f04d418b356001a097fd9d4cd8c56a',222,15,13,'94306','deleted'),('2010-06-21 10:17:34','textexcia2e7ae61e380251c3d000f0f5db8e0de',223,8,13,'mattesnider@gmail.com','deleted'),('2010-06-21 10:17:34','textexcia2e7ae61e380251c3d000f0f5db8e0de',224,9,13,'9259982004','deleted'),('2010-06-21 10:17:34','textexcia2e7ae61e380251c3d000f0f5db8e0de',225,11,13,'3351 Alma St.','deleted'),('2010-06-21 10:17:34','textexcia2e7ae61e380251c3d000f0f5db8e0de',226,15,13,'94306','deleted'),('2010-06-21 10:18:36','textexci34f803a65e02c537184906e107f932e8',227,9,13,'9259982004','deleted'),('2010-06-21 10:18:36','textexci34f803a65e02c537184906e107f932e8',228,11,13,'3351 Alma St.','deleted'),('2010-06-21 10:18:36','textexci34f803a65e02c537184906e107f932e8',229,15,13,'94306','deleted'),('2010-06-21 10:19:26','textexcie1b2469d8666b82e06c236fc52424fb8',230,9,13,'9259982004','deleted'),('2010-06-21 10:19:26','textexcie1b2469d8666b82e06c236fc52424fb8',231,11,13,'3351 Alma St.','deleted'),('2010-06-21 10:19:26','textexcie1b2469d8666b82e06c236fc52424fb8',232,15,13,'94306','deleted'),('2010-06-21 10:20:22','textexci66b63f33bfd3e668d468742ad34a28fd',233,9,13,'9259982004','deleted'),('2010-06-21 10:20:22','textexci66b63f33bfd3e668d468742ad34a28fd',234,11,13,'3351 Alma St.','deleted'),('2010-06-21 10:20:22','textexci66b63f33bfd3e668d468742ad34a28fd',235,15,13,'94306','deleted'),('2010-06-21 10:21:28','textexci2c80a400abf63815e21585c5c33629b8',236,9,13,'9259982004','deleted'),('2010-06-21 10:21:28','textexci2c80a400abf63815e21585c5c33629b8',237,11,13,'3351 Alma St.','deleted'),('2010-06-21 10:21:28','textexci2c80a400abf63815e21585c5c33629b8',238,15,13,'94306','deleted'),('2010-06-21 10:24:40','textexci9b2024be0522d2b24b89d32a599149ba',239,8,13,'mattesnider@gmail.com','deleted'),('2010-06-21 10:24:40','textexci9b2024be0522d2b24b89d32a599149ba',240,9,13,'9259982004','deleted'),('2010-06-21 10:24:40','textexci9b2024be0522d2b24b89d32a599149ba',241,11,13,'3351 Alma St.','deleted'),('2010-06-21 10:24:40','textexci9b2024be0522d2b24b89d32a599149ba',242,15,13,'94306','deleted'),('2010-08-14 14:46:12','textexci9a8f34f638ee82352c809b538671c2e9',244,8,13,'matt@test.com','deleted'),('2010-08-14 15:20:18','textexci76f2fbd9f0a628eb99cd2933f9532f51',247,8,13,'msnider@votizen.com','deleted'),('2010-08-14 15:25:55','textexcif0b2967ba015492da06714cf50d72a70',248,8,13,'hkhjh','deleted'),('2010-08-14 15:27:09','textexci5b275e98f41b1fce5f48ae7a35d7abce',249,8,13,'matt@test.com','deleted'),('2010-08-16 09:20:17','textexcic3d5089a2f14940b0eb4785baf16e5a4',250,8,13,'matt@test.com','deleted'),('2010-08-16 09:20:17','textexci2e74634efd4e1143cf85808182bfe0d6',251,9,13,'9259982004','deleted'),('2010-08-16 09:20:17','textexci65e50064d92daeec8271ec58d5525839',252,10,13,'9259982004','deleted'),('2010-08-16 09:20:17','textexcidf8a9986c5cc1f9328c7153f5ca49e0b',253,11,13,'3351 Alma St.','deleted'),('2010-08-16 09:20:17','textexcifdb63598071e5969f3c03c4af6f8364c',254,15,13,'94306','deleted'),('2010-08-16 09:20:28','textexci54074f865362a7a40b78c7a8bb5476d7',255,8,13,'matt@test.com','deleted'),('2010-08-16 09:20:28','textexci8644c655c157382ec0b7c34ae146528f',256,9,13,'9259982004','deleted'),('2010-08-16 09:20:28','textexciac57fdcab81cdd8d373dde88172d5ed2',257,11,13,'3351 Alma St.','deleted'),('2010-08-16 09:20:28','textexci27959cdd5b1232c93e7833811dc9e7a5',258,15,13,'94306','deleted'),('2010-08-16 09:20:40','textexcif8890b54211fcee957dce6b22f1d54be',259,24,13,'Mint Software','deleted'),('2010-08-16 09:20:40','textexcibc6847331907e6f80f86b04e77194961',260,25,13,'http://www.mint.com','deleted'),('2010-08-16 09:22:31','textexcibe7179fcedc4445948e1bfbd4d7c0fc6',261,24,13,'Mint Software','deleted'),('2010-08-16 09:22:31','textexcia355d7f1fdb6e6e9078844a86e7e0ac9',262,24,13,'Votizen','deleted'),('2010-08-16 09:22:32','textexci20e44739947027f8fd8747dad5b9f4d0',263,25,13,'http://www.mint.com','deleted'),('2010-08-16 09:22:32','textexci495e5064007f317804c8f4c309274d44',264,25,13,'http://www.votizen.com','deleted'),('2010-08-16 09:24:20','textexci011f0220989d2dd367aab25d56923537',265,24,13,'Votizen','deleted'),('2010-08-16 09:24:20','textexci2af1c6eaa2bbbdceabee4c37a48fa912',266,24,13,'Mint Software','deleted'),('2010-08-16 09:24:20','textexcifbfaec6b31ef3ca87824ac8633b8fe37',267,25,13,'http://www.votizen.com','deleted'),('2010-08-16 09:27:51','textexci5d79d74ced2e45a524a407b8c45b5fee',268,24,13,'Mint Software','active'),('2010-08-16 09:27:51','textexci4d07bbdaacdd0bade8d1e2e9b0b0c41f',269,24,13,'Votizen','active'),('2010-08-16 09:27:51','textexci30da5e72c0c89acd48172445783c53ea',270,25,13,'http://www.votizen.com','active'),('2010-08-19 11:32:00','74e90045c42e4542d391d56d305f1292',271,8,13,'matt@test.com','deleted'),('2010-08-19 11:32:00','c0b35092472b09e323e05ad4937f3d0c',272,9,13,'9259982004','deleted'),('2010-08-19 11:32:00','b1868b72df563c302c5f391b31805c0a',273,10,13,'9259982004','deleted'),('2010-08-19 11:32:00','301549a720dbf027e3589d8f5aa590ff',274,11,13,'3351 Alma St.','deleted'),('2010-08-19 11:32:00','9be6b95d5767743a37e426f8f0728415',275,15,13,'94306','deleted'),('2010-08-19 11:32:08','17544df4370b439a7d5ff5e0c41e8a54',277,9,13,'9259982004','deleted'),('2010-08-19 11:32:08','1c5f846cdc7c10984f964821099226a9',278,11,13,'3351 Alma St.','deleted'),('2010-08-19 11:32:08','4520d6f9ec0f753516137706d9bffb11',279,15,13,'94306','deleted'),('2010-08-19 11:35:42','1ddfd26c95a18ed5b3897f99f2f25784',280,18,13,'2004','deleted'),('2010-08-19 11:45:05','d0ec3ec47a8e3aa44a6ce3b36059e135',281,18,13,'2004','deleted'),('2010-08-19 11:45:05','668d1e5114bec1fca861d1fedbbb92a7',282,18,13,'2006','deleted'),('2010-08-19 11:47:18','1f0392b2649111266b9218a36c669823',283,18,13,'2004','active'),('2010-08-19 11:47:18','63a496574d46e5b256f8b6695673f51a',284,18,13,'2006','active'),('2010-08-19 11:47:59','cd96ec8b9df65d405827a2d2b9bd9ab2',285,33,13,'/images/searchables/blank_user.gif','active'),('2010-08-19 11:47:59','11f878b8e5a479d669a8bc0f46c62ddc',286,34,13,'/images/thumbs/blank_user_thumb.gif','active'),('2010-08-19 22:01:39','4f361c17d1ee74eebadb5020c43b77de',288,8,13,'matt@test.com','deleted'),('2010-08-20 10:19:30','e9d6af431b3447675dd2a23b59398d9a',289,8,13,'matt@test.com','deleted'),('2010-08-20 10:19:30','6161d2e89e326988756724ab096ae79d',290,9,13,'9259982004','deleted'),('2010-08-20 10:19:30','6a7ccd52f64f240f6a2a4c59aa72f918',291,11,13,'3351 Alma St.','deleted'),('2010-08-20 10:19:30','2b3841629a3992edfebc91927da44c10',292,15,13,'94306','deleted'),('2010-08-21 13:15:27','f3c19b38e5fe9c3de755d39332f4c486',293,8,13,'matt@test.com','deleted'),('2010-08-21 13:15:27','eea21ced4242c7fcce0a0d6bee5b3475',294,9,13,'9259982004','deleted'),('2010-08-21 13:15:27','c46378b69394e8deb32fc26e538f4c5a',295,11,13,'3351 Alma St.','deleted'),('2010-08-21 13:15:27','a94cffae4db678725eaecb4faa7f8bbf',296,15,13,'94306','deleted'),('2010-08-21 13:16:29','7001bd11c1572a33d9e45feb4ce50390',298,9,13,'9259982004','deleted'),('2010-08-21 13:16:29','520cfd7fc40666e70034fc5b670e310a',299,11,13,'3351 Alma St.','deleted'),('2010-08-21 13:16:29','e7fc8203db61f088cf6a2dcbc187c67b',300,15,13,'94306','deleted'),('2010-08-21 13:53:59','fd497ba079e55cde1d2a9b66ff0f2686',301,8,13,'matt@test.com','deleted'),('2010-08-24 10:48:00','04cfa84649a061746889ca86e7b6d0bb',302,8,254,'matt+0824201+1@test.com','active'),('2010-08-24 10:53:19','0a6fb26ca6025583feb4f60e004c74cb',303,8,255,'matt+0824201+2@test.com','active'),('2010-09-12 19:28:29','cb6030bc081befaa42e6ef5bf3dced2e',304,8,13,'matt@test.com','deleted'),('2010-09-12 19:28:29','3ef94f704320b022fbcd0f08fd1a7b90',305,9,13,'9259982004','deleted'),('2010-09-12 19:28:29','f331ee0f59c039b6a17bf8b76a418d41',306,10,13,'9259982004','deleted'),('2010-09-12 19:28:29','6614b52250e1541d0aea1b4347e3d1dc',307,11,13,'3351 Alma St.','deleted'),('2010-09-12 19:28:29','14d2f57cf16336fd9235a51839564753',308,15,13,'94306','deleted'),('2010-09-12 19:28:36','4ab226b5471958a8b08b6f886fa7c4f1',309,8,13,'matt@test.com','active'),('2010-09-12 19:28:36','9b2563455ca593debf2bd9ab4132086c',310,9,13,'9259982004','active'),('2010-09-12 19:28:36','cb583ef519f349531a46fb7978d155bb',311,11,13,'3351 Alma St.','active'),('2010-09-12 19:28:36','1f31ef3513635467a27c7ccf971c68b0',312,15,13,'94306','active'),('2010-09-12 19:30:26','2192cb56af2e7b2e014b8fc5928fd028',313,35,187,'Test Group Academic','active'),('2010-10-02 19:18:31','b2aff2ae8e1e6f157f8e477959458cea',314,8,258,'test@test.com','active');
/*!40000 ALTER TABLE `profile_widget_field_text` ENABLE KEYS */;
UNLOCK TABLES;

--
-- Table structure for table `profile_widget_field_textarea`
--

DROP TABLE IF EXISTS `profile_widget_field_textarea`;
/*!40101 SET @saved_cs_client     = @@character_set_client */;
/*!40101 SET character_set_client = utf8 */;
CREATE TABLE `profile_widget_field_textarea` (
  `created` datetime NOT NULL,
  `id` int(10) unsigned NOT NULL AUTO_INCREMENT,
  `ikey` varchar(75) NOT NULL,
  `profile_widget_field_id` mediumint(8) unsigned NOT NULL,
  `searchable_id` int(11) unsigned NOT NULL,
  `value` longtext NOT NULL,
  `status` enum('deleted','active') NOT NULL DEFAULT 'active',
  PRIMARY KEY (`id`),
  KEY `normal` (`profile_widget_field_id`,`searchable_id`),
  KEY `profile_widget_field_textarea_searchable_fk` (`searchable_id`),
  KEY `profile_widget_field_textarea_pwf_fk` (`profile_widget_field_id`),
  CONSTRAINT `profile_widget_field_textarea_pwf_fk` FOREIGN KEY (`profile_widget_field_id`) REFERENCES `profile_widget_field` (`id`),
  CONSTRAINT `profile_widget_field_textarea_searchable_fk` FOREIGN KEY (`searchable_id`) REFERENCES `searchable` (`id`)
) ENGINE=InnoDB AUTO_INCREMENT=334 DEFAULT CHARSET=utf8;
/*!40101 SET character_set_client = @saved_cs_client */;

--
-- Dumping data for table `profile_widget_field_textarea`
--

LOCK TABLES `profile_widget_field_textarea` WRITE;
/*!40000 ALTER TABLE `profile_widget_field_textarea` DISABLE KEYS */;
INSERT INTO `profile_widget_field_textarea` VALUES ('2008-11-24 08:07:30',11,'ta3531',16,13,'http://www.mattsnider.com\r\nmint.com\r\nwww.trippert.com\r\nhttp://www.gophernow.com\r\nhttp://www.supost.com','deleted'),('2008-11-26 13:55:38',16,'ta9270',6,13,'Web application developer. Currently the lead front-end architect for Mint.com and complete architect of Godster. I also run a JavaScript, CSS, and xHTML resource blog.','deleted'),('2008-11-26 13:55:38',17,'ta5757',7,13,'Video Games, JavaScript, Blogging, Backpacking, Bicycling, Anime & Manga, Reading, Women','deleted'),('2008-11-27 21:57:47',18,'ta974',6,13,'Web application developer. Currently the lead front-end architect for Mint.com and complete architect of Godster. I also run a JavaScript, CSS, and xHTML resource blog.','deleted'),('2008-11-27 21:57:47',19,'ta7600',7,13,'Video Games, JavaScript, Blogging, Backpacking, Bicycling, Anime, Manga, Reading, Women','deleted'),('2008-11-28 10:19:00',20,'ta5077',25,13,'http://www.mint.com','deleted'),('2008-11-28 10:20:22',21,'ta2587',25,13,'http://www.mint.com','deleted'),('2008-11-28 10:20:22',22,'ta7701',27,13,'Kicking ass and taking names.','deleted'),('2008-11-28 10:22:29',23,'ta747',25,13,'http://www.mint.com','deleted'),('2008-11-28 10:22:29',24,'ta631',27,13,'Kicking ass and taking names.','deleted'),('2008-11-28 10:27:00',25,'ta910',25,13,'http://www.mint.com','deleted'),('2008-11-28 10:27:00',26,'ta2660',27,13,'Kicking ass and taking names.','deleted'),('2008-11-28 10:27:43',27,'ta568',25,13,'http://www.mint.com','deleted'),('2008-11-28 10:27:43',28,'ta4858',27,13,'Kicking ass and taking names.','deleted'),('2008-12-01 08:40:41',29,'ta2589',25,13,'http://www.mint.com','deleted'),('2008-12-01 08:40:41',30,'ta8369',27,13,'Kicking ass and taking names.','deleted'),('2008-12-01 08:45:37',31,'ta4080',25,13,'http://www.mint.com','deleted'),('2008-12-01 08:45:37',32,'ta5294',27,13,'Kicking ass and taking names.','deleted'),('2008-12-01 09:01:48',35,'ta4228',25,13,'http://www.mint.com','deleted'),('2008-12-01 09:01:48',36,'ta5258',27,13,'Kicking ass and taking names.','deleted'),('2008-12-01 09:03:15',37,'ta3608',25,13,'http://www.mint.com','deleted'),('2008-12-01 09:03:15',38,'ta2266',27,13,'Kicking ass and taking names.','deleted'),('2008-12-01 09:20:22',39,'ta506',25,13,'http://www.mint.com','active'),('2008-12-01 09:20:22',40,'ta5731',27,13,'Kicking ass and taking names.','deleted'),('2008-12-07 11:23:52',41,'ta7135',6,13,'Web application developer. Currently the lead front-end architect for Mint.com and complete architect of Godster. I also run a JavaScript, CSS, and xHTML resource blog.','deleted'),('2008-12-07 11:23:52',42,'ta8486',7,13,'Video Games, JavaScript, Blogging, Backpacking, Bicycling, Anime, Manga, Reading, Women','deleted'),('2008-12-07 11:24:01',43,'ta1026',6,13,'Web application developer. Currently the lead front-end architect for Mint.com and complete architect of Godster. I also run a JavaScript, CSS, and xHTML resource blog.','deleted'),('2008-12-07 11:24:01',44,'ta9669',7,13,'Video Games, JavaScript, Blogging, Backpacking, Bicycling, Anime, Manga, Reading, Women','deleted'),('2008-12-09 09:00:18',49,'ta5269',27,13,'Kicking ass and taking names.','deleted'),('2008-12-09 09:00:47',50,'ta7338',27,13,'Kicking ass and taking names.','deleted'),('2008-12-09 09:07:09',51,'ta883',6,13,'Web application developer. Currently the lead front-end architect for Mint.com and complete architect of Godster. I also run a JavaScript, CSS, and xHTML resource blog.','deleted'),('2008-12-09 09:07:09',52,'ta2398',7,13,'Video Games\r\nXbox\r\nFucking','deleted'),('2008-12-09 09:08:05',53,'ta9342',6,13,'Web application developer. Currently the lead front-end architect for Mint.com and complete architect of Godster. I also run a JavaScript, CSS, and xHTML resource blog.','deleted'),('2008-12-09 09:08:05',54,'ta9520',7,13,'Video Games\r\nXbox\r\nshitting\r\nFucking','deleted'),('2008-12-09 09:09:18',55,'ta9573',6,13,'Web application developer. Currently the lead front-end architect for Mint.com and complete architect of Godster. I also run a JavaScript, CSS, and xHTML resource blog.','deleted'),('2008-12-09 09:09:18',56,'ta9305',7,13,'Video Games\r\nXbox\r\nshitting\r\nFucking','deleted'),('2008-12-09 09:12:00',57,'ta7806',6,13,'Web application developer. Currently the lead front-end architect for Mint.com and complete architect of Godster. I also run a JavaScript, CSS, and xHTML resource blog.','deleted'),('2008-12-09 09:14:25',58,'ta1116',6,13,'Web application developer. Currently the lead front-end architect for Mint.com and complete architect of Godster. I also run a JavaScript, CSS, and xHTML resource blog.','deleted'),('2008-12-09 09:15:05',59,'ta2157',6,13,'Web application developer. Currently the lead front-end architect for Mint.com and complete architect of Godster. I also run a JavaScript, CSS, and xHTML resource blog.','deleted'),('2008-12-09 09:15:05',60,'ta7440',7,13,', t, e, s, t, , s, h, i, t, , ','deleted'),('2008-12-09 09:15:26',61,'ta732',6,13,'Web application developer. Currently the lead front-end architect for Mint.com and complete architect of Godster. I also run a JavaScript, CSS, and xHTML resource blog.','deleted'),('2008-12-09 09:15:26',62,'ta1337',7,13,', t, e, s, t, , , , , s, h, i, t, ','deleted'),('2008-12-09 09:15:40',63,'ta4487',6,13,'Web application developer. Currently the lead front-end architect for Mint.com and complete architect of Godster. I also run a JavaScript, CSS, and xHTML resource blog.','deleted'),('2008-12-09 09:15:40',64,'ta8424',7,13,', t, e, s, t, , s, h, i, t, ','deleted'),('2008-12-09 09:18:53',65,'ta8661',6,13,'Web application developer. Currently the lead front-end architect for Mint.com and complete architect of Godster. I also run a JavaScript, CSS, and xHTML resource blog.','deleted'),('2008-12-09 09:18:53',66,'ta8033',7,13,'test, , shit','deleted'),('2008-12-09 09:19:28',67,'ta4181',6,13,'Web application developer. Currently the lead front-end architect for Mint.com and complete architect of Godster. I also run a JavaScript, CSS, and xHTML resource blog.','deleted'),('2008-12-09 09:19:28',68,'ta6807',7,13,'test, \nshit','deleted'),('2008-12-09 09:20:03',69,'ta1491',6,13,'Web application developer. Currently the lead front-end architect for Mint.com and complete architect of Godster. I also run a JavaScript, CSS, and xHTML resource blog.','deleted'),('2008-12-09 09:20:03',70,'ta7032',7,13,'test, shit','deleted'),('2008-12-09 09:20:30',71,'ta688',6,13,'Web application developer. Currently the lead front-end architect for Mint.com and complete architect of Godster. I also run a JavaScript, CSS, and xHTML resource blog.','deleted'),('2008-12-09 09:20:30',72,'ta2343',7,13,'test,  shit, what, who, where,  wicki','deleted'),('2008-12-09 09:21:38',73,'ta9652',6,13,'Web application developer. Currently the lead front-end architect for Mint.com and complete architect of Godster. I also run a JavaScript, CSS, and xHTML resource blog.','deleted'),('2008-12-09 09:21:38',74,'ta1232',7,13,'test,   , shit,  , what,  who,  where,   wicki','deleted'),('2008-12-09 09:21:58',75,'ta7203',6,13,'Web application developer. Currently the lead front-end architect for Mint.com and complete architect of Godster. I also run a JavaScript, CSS, and xHTML resource blog.','deleted'),('2008-12-09 09:21:58',76,'ta2322',7,13,'test, , shit, , what, who, where, wicki','deleted'),('2008-12-09 09:22:49',77,'ta9999',6,13,'Web application developer. Currently the lead front-end architect for Mint.com and complete architect of Godster. I also run a JavaScript, CSS, and xHTML resource blog.','deleted'),('2008-12-09 09:22:49',78,'ta3032',7,13,'Video Games, JavaScript, Blogging, Backpacking, Bicycling, Anime, Manga, Reading, Women','deleted'),('2008-12-15 08:45:16',79,'ta5160',6,184,'Professional Make-up Artist','active'),('2008-12-15 08:47:44',80,'ta6705',16,185,'www.piscatawaynj.org/','active'),('2008-12-15 08:48:34',81,'ta8045',6,185,'Disciplined','active'),('2008-12-15 08:50:46',82,'ta113',6,186,'Fashion Model','active'),('2008-12-15 08:50:46',83,'ta6427',7,186,'Pilates and cooking','active'),('2009-04-11 10:08:09',84,'ta1798',6,13,'Web application developer. Currently the lead front-end architect for Mint.com and complete architect of Godster. I also run a JavaScript, CSS, and xHTML resource blog.','deleted'),('2009-04-11 10:08:09',85,'ta9705',7,13,'Video Games, JavaScript, Blogging, Backpacking, Bicycling, Anime, Manga, Reading, Women','deleted'),('2009-04-11 10:08:20',86,'ta3137',6,13,'Web application developer. Currently the lead front-end architect for Mint.com and complete architect of Godster. I also run a JavaScript, CSS, and xHTML resource blog.','deleted'),('2009-04-11 10:08:20',87,'ta6566',7,13,'Video Games, JavaScript, Blogging, Backpacking, Bicycling, Anime, Manga, Reading, Women','deleted'),('2009-04-11 10:08:32',88,'ta3421',6,13,'Web application developer. Currently the lead front-end architect for Mint.com and complete architect of Godster. I also run a JavaScript, CSS, and xHTML resource blog.','deleted'),('2009-04-11 10:08:32',89,'ta7407',7,13,'Video Games, JavaScript, Blogging, Backpacking, Bicycling, Anime, Manga, Reading, Women','deleted'),('2009-04-11 10:09:40',90,'ta6771',6,13,'Web application developer. Currently the lead front-end architect for Mint.com and complete architect of Godster. I also run a JavaScript, CSS, and xHTML resource blog.','deleted'),('2009-04-11 10:09:40',91,'ta1634',7,13,'Video Games, JavaScript, Blogging, Backpacking, Bicycling, Anime, Manga, Reading, Women','deleted'),('2009-04-11 10:31:27',92,'ta7857',6,13,'Web application developer. Currently the lead front-end architect for Mint.com and complete architect of Godster. I also run a JavaScript, CSS, and xHTML resource blog.','deleted'),('2009-04-11 10:31:27',93,'ta4386',7,13,'Video Games, JavaScript, Blogging, Backpacking, Bicycling, Anime, Manga, Reading, Women','deleted'),('2009-04-11 10:32:07',94,'ta8355',6,13,'Web application developer. Currently the lead front-end architect for Mint.com and complete architect of Godster. I also run a JavaScript, CSS, and xHTML resource blog.','deleted'),('2009-04-11 10:32:07',95,'ta8620',7,13,'Video Games, JavaScript, Blogging, Backpacking, Bicycling, Anime, Manga, Reading, Women','deleted'),('2009-04-11 10:32:19',96,'ta8036',6,13,'Web application developer. Currently the lead front-end architect for Mint.com and complete architect of Godster. I also run a JavaScript, CSS, and xHTML resource blog.','deleted'),('2009-04-11 10:32:19',97,'ta4320',7,13,'Video Games, JavaScript, Blogging, Backpacking, Bicycling, Anime, Manga, Reading, Women','deleted'),('2009-04-11 10:33:33',98,'ta7490',6,13,'Web application developer. Currently the lead front-end architect for Mint.com and complete architect of Godster. I also run a JavaScript, CSS, and xHTML resource blog.','deleted'),('2009-04-11 10:33:33',99,'ta4493',7,13,'Video Games, JavaScript, Blogging, Backpacking, Bicycling, Anime, Manga, Reading, Women','deleted'),('2009-04-11 10:35:20',100,'ta9991',6,13,'Web application developer. Currently the lead front-end architect for Mint.com and complete architect of Godster. I also run a JavaScript, CSS, and xHTML resource blog.','deleted'),('2009-04-11 10:35:20',101,'ta6479',7,13,'Video Games, JavaScript, Blogging, Backpacking, Bicycling, Anime, Manga, Reading, Women','deleted'),('2009-04-11 10:36:03',102,'ta2421',6,13,'Web application developer. Currently the lead front-end architect for Mint.com and complete architect of Godster. I also run a JavaScript, CSS, and xHTML resource blog.','deleted'),('2009-04-11 10:36:03',103,'ta2669',7,13,'Video Games, JavaScript, Blogging, Backpacking, Bicycling, Anime, Manga, Reading, Women','deleted'),('2009-04-11 10:50:52',104,'ta6079',6,13,'Web application developer. Currently the lead front-end architect for Mint.com and complete architect of Godster. I also run a JavaScript, CSS, and xHTML resource blog.','deleted'),('2009-04-11 10:50:52',105,'ta2389',7,13,'Video Games, JavaScript, Blogging, Backpacking, Bicycling, Anime, Manga, Reading, Women','deleted'),('2009-04-11 10:51:34',106,'ta3709',6,13,'Web application developer. Currently the lead front-end architect for Mint.com and complete architect of Godster. I also run a JavaScript, CSS, and xHTML resource blog.','deleted'),('2009-04-11 10:51:34',107,'ta1377',7,13,'Video Games, JavaScript, Blogging, Backpacking, Bicycling, Anime, Manga, Reading, Women','deleted'),('2009-04-11 10:52:34',108,'ta5755',6,13,'Web application developer. Currently the lead front-end architect for Mint.com and complete architect of Godster. I also run a JavaScript, CSS, and xHTML resource blog.','deleted'),('2009-04-11 10:52:34',109,'ta4648',7,13,'Video Games, JavaScript, Blogging, Backpacking, Bicycling, Anime, Manga, Reading, Women','deleted'),('2009-04-11 10:54:20',110,'ta5973',6,13,'Web application developer. Currently the lead front-end architect for Mint.com and complete architect of Godster. I also run a JavaScript, CSS, and xHTML resource blog.','deleted'),('2009-04-11 10:54:20',111,'ta5924',7,13,'Video Games, JavaScript, Blogging, Backpacking, Bicycling, Anime, Manga, Reading, Women','deleted'),('2009-04-11 11:28:37',112,'ta1699',6,13,'Web application developer. Currently the lead front-end architect for Mint.com and complete architect of Godster. I also run a JavaScript, CSS, and xHTML resource blog.','deleted'),('2009-04-11 11:28:37',113,'ta724',7,13,'Video Games, JavaScript, Blogging, Backpacking, Bicycling, Anime, Manga, Reading, Women','deleted'),('2009-04-11 11:30:02',114,'ta8521',6,13,'Web application developer. Currently the lead front-end architect for Mint.com and complete architect of Godster. I also run a JavaScript, CSS, and xHTML resource blog.','deleted'),('2009-04-11 11:30:02',115,'ta436',7,13,'Video Games, JavaScript, Blogging, Backpacking, Bicycling, Anime, Manga, Reading, Women','deleted'),('2009-04-11 12:02:44',116,'ta6613',6,13,'Web application developer. Currently the lead front-end architect for Mint.com and complete architect of Godster. I also run a JavaScript, CSS, and xHTML resource blog.','deleted'),('2009-04-11 12:02:44',117,'ta1762',7,13,'Video Games, JavaScript, Blogging, Backpacking, Bicycling, Anime, Manga, Reading, Women','deleted'),('2009-04-11 12:03:42',118,'ta8967',6,13,'Web application developer. Currently the lead front-end architect for Mint.com and complete architect of Godster. I also run a JavaScript, CSS, and xHTML resource blog.','deleted'),('2009-04-11 12:03:42',119,'ta9550',7,13,'Video Games, JavaScript, Blogging, Backpacking, Bicycling, Anime, Manga, Reading, Women','deleted'),('2009-04-11 12:04:17',120,'ta854',6,13,'Web application developer. Currently the lead front-end architect for Mint.com and complete architect of Godster. I also run a JavaScript, CSS, and xHTML resource blog.','deleted'),('2009-04-11 12:04:17',121,'ta5613',7,13,'Video Games, JavaScript, Blogging, Backpacking, Bicycling, Anime, Manga, Reading, Women','deleted'),('2009-04-11 12:04:43',122,'ta5505',6,13,'Web application developer. Currently the lead front-end architect for Mint.com and complete architect of Godster. I also run a JavaScript, CSS, and xHTML resource blog.','deleted'),('2009-04-11 12:04:43',123,'ta687',7,13,'Video Games, JavaScript, Blogging, Backpacking, Bicycling, Anime, Manga, Reading, Women','deleted'),('2009-04-11 12:05:03',124,'ta6916',6,13,'Web application developer. Currently the lead front-end architect for Mint.com and complete architect of Godster. I also run a JavaScript, CSS, and xHTML resource blog.','deleted'),('2009-04-11 12:05:03',125,'ta2521',7,13,'Video Games, JavaScript, Blogging, Backpacking, Bicycling, Anime, Manga, Reading, Women','deleted'),('2009-04-11 14:06:54',126,'ta1858',6,13,'Web application developer. Currently the lead front-end architect for Mint.com and complete architect of Godster. I also run a JavaScript, CSS, and xHTML resource blog.','deleted'),('2009-04-11 14:06:54',127,'ta1725',7,13,'Video Games, JavaScript, Blogging, Backpacking, Bicycling, Anime, Manga, Reading, Women','deleted'),('2009-04-11 14:09:35',128,'ta3050',6,13,'Web application developer. Currently the lead front-end architect for Mint.com and complete architect of Godster. I also run a JavaScript, CSS, and xHTML resource blog.','deleted'),('2009-04-11 14:09:35',129,'ta74',7,13,'Video Games, JavaScript, Blogging, Backpacking, Bicycling, Anime, Manga, Reading, Women','deleted'),('2009-04-11 14:11:24',130,'ta1221',6,13,'Web application developer. Currently the lead front-end architect for Mint.com and complete architect of Godster. I also run a JavaScript, CSS, and xHTML resource blog.','deleted'),('2009-04-11 14:11:24',131,'ta5883',7,13,'Video Games, JavaScript, Blogging, Backpacking, Bicycling, Anime, Manga, Reading, Women','deleted'),('2009-04-11 14:11:42',132,'ta5751',6,13,'Web application developer. Currently the lead front-end architect for Mint.com and complete architect of Godster. I also run a JavaScript, CSS, and xHTML resource blog.','deleted'),('2009-04-11 14:11:42',133,'ta1108',7,13,'Video Games, JavaScript, Blogging, Backpacking, Bicycling, Anime, Manga, Reading, Women','deleted'),('2009-04-11 14:15:47',134,'ta8286',6,13,'Web application developer. Currently the lead front-end architect for Mint.com and complete architect of Godster. I also run a JavaScript, CSS, and xHTML resource blog.','deleted'),('2009-04-11 14:15:47',135,'ta8106',7,13,'Video Games, JavaScript, Blogging, Backpacking, Bicycling, Anime, Manga, Reading, Women','deleted'),('2009-04-11 14:17:49',136,'ta5672',6,13,'Web application developer. Currently the lead front-end architect for Mint.com and complete architect of Godster. I also run a JavaScript, CSS, and xHTML resource blog.','deleted'),('2009-04-11 14:17:49',137,'ta4043',7,13,'Video Games, JavaScript, Blogging, Backpacking, Bicycling, Anime, Manga, Reading, Women','deleted'),('2009-04-11 14:27:03',138,'ta3199',6,13,'Web application developer. Currently the lead front-end architect for Mint.com and complete architect of Godster. I also run a JavaScript, CSS, and xHTML resource blog.','deleted'),('2009-04-11 14:27:03',139,'ta3863',7,13,'Video Games, JavaScript, Blogging, Backpacking, Bicycling, Anime, Manga, Reading, Women','deleted'),('2009-04-11 14:27:54',140,'ta9718',6,13,'Web application developer. Currently the lead front-end architect for Mint.com and complete architect of Godster. I also run a JavaScript, CSS, and xHTML resource blog.','deleted'),('2009-04-11 14:27:54',141,'ta7004',7,13,'Video Games, JavaScript, Blogging, Backpacking, Bicycling, Anime, Manga, Reading, Women','deleted'),('2009-04-11 15:42:52',142,'ta5866',16,13,'http://www.mattsnider.com, mint.com, www.trippert.com, http://www.gophernow.com, http://www.supost.com','deleted'),('2009-04-11 15:44:22',143,'ta8319',16,13,'http://www.mattsnider.com, mint.com, www.trippert.com, http://www.gophernow.com, http://www.supost.com','deleted'),('2009-04-11 15:45:27',144,'ta3995',16,13,'http://www.mattsnider.com, mint.com, www.trippert.com, http://www.gophernow.com, http://www.supost.com','deleted'),('2009-04-11 15:47:10',145,'ta5019',27,13,'Kicking ass and taking names.','deleted'),('2009-04-11 16:58:17',146,'ta3108',6,13,'Web application developer. Currently the lead front-end architect for Mint.com and complete architect of Godster. I also run a JavaScript, CSS, and xHTML resource blog.','deleted'),('2009-04-11 16:58:17',147,'ta483',7,13,'Video Games, JavaScript, Blogging, Backpacking, Bicycling, Anime, Manga, Reading, Women','deleted'),('2009-04-25 00:02:54',148,'ta3089',6,13,'Web application developer. Currently the lead front-end architect for Mint.com and complete architect of Godster. I also run a JavaScript, CSS, and xHTML resource blog.','deleted'),('2009-04-25 00:02:54',149,'ta3997',7,13,'Video Games, JavaScript, Blogging, Backpacking, Bicycling, Anime, Manga, Reading, Women','deleted'),('2009-04-25 00:04:10',150,'ta719',6,13,'Web application developer. Currently the lead front-end architect for Mint.com and complete architect of Godster. I also run a JavaScript, CSS, and xHTML resource blog.','deleted'),('2009-04-25 00:04:10',151,'ta1603',7,13,'Video Games, JavaScript, Blogging, Backpacking, Bicycling, Anime, Manga, Reading, Women','deleted'),('2009-04-25 00:07:19',152,'ta5858',6,13,'Web application developer. Currently the lead front-end architect for Mint.com and complete architect of Godster. I also run a JavaScript, CSS, and xHTML resource blog.','deleted'),('2009-04-25 00:07:19',153,'ta4483',7,13,'Video Games, JavaScript, Blogging, Backpacking, Bicycling, Anime, Manga, Reading, Women','deleted'),('2009-04-25 00:10:23',154,'ta4841',6,13,'Web application developer. Currently the lead front-end architect for Mint.com and complete architect of Godster. I also run a JavaScript, CSS, and xHTML resource blog.','deleted'),('2009-04-25 00:10:23',155,'ta757',7,13,'Video Games, JavaScript, Blogging, Backpacking, Bicycling, Anime, Manga, Reading, Women','deleted'),('2009-04-25 00:11:48',156,'ta9257',6,13,'Web application developer. Currently the lead front-end architect for Mint.com and complete architect of Godster. I also run a JavaScript, CSS, and xHTML resource blog.','deleted'),('2009-04-25 00:11:48',157,'ta4016',7,13,'Video Games, JavaScript, Blogging, Backpacking, Bicycling, Anime, Manga, Reading, Women','deleted'),('2009-04-25 01:00:36',158,'ta2311',6,13,'Web application developer. Currently the lead front-end architect for Mint.com and complete architect of Godster. I also run a JavaScript, CSS, and xHTML resource blog.','deleted'),('2009-04-25 01:00:36',159,'ta9505',7,13,'Video Games, JavaScript, Blogging, Backpacking, Bicycling, Anime, Manga, Reading, Women','deleted'),('2009-04-25 01:00:45',160,'ta595',6,13,'Web application developer. Currently the lead front-end architect for Mint.com and complete architect of Godster. I also run a JavaScript, CSS, and xHTML resource blog.','deleted'),('2009-04-25 01:00:45',161,'ta4455',7,13,'Video Games, JavaScript, Blogging, Backpacking, Bicycling, Anime, Manga, Reading, Women','deleted'),('2009-04-26 11:25:34',162,'ta492',6,13,'Web application developer. Currently the lead front-end architect for Mint.com and complete architect of Godster. I also run a JavaScript, CSS, and xHTML resource blog.','deleted'),('2009-04-26 11:25:34',163,'ta9093',7,13,'Video Games, JavaScript, Blogging, Backpacking, Bicycling, Anime, Manga, Reading, Women','deleted'),('2009-04-26 11:26:13',164,'ta3991',6,13,'Web application developer. Currently the lead front-end architect for Mint.com and complete architect of Godster. I also run a JavaScript, CSS, and xHTML resource blog.','deleted'),('2009-04-26 11:26:13',165,'ta2677',7,13,'Video Games, JavaScript, Blogging, Backpacking, Bicycling, Anime, Manga, Reading, Women','deleted'),('2009-04-26 11:27:35',166,'ta1409',6,13,'Web application developer. Currently the lead front-end architect for Mint.com and complete architect of Godster. I also run a JavaScript, CSS, and xHTML resource blog.','deleted'),('2009-04-26 11:27:35',167,'ta9013',7,13,'Video Games, JavaScript, Blogging, Backpacking, Bicycling, Anime, Manga, Reading, Women','deleted'),('2009-04-26 11:28:06',168,'ta841',6,13,'Web application developer. Currently the lead front-end architect for Mint.com and complete architect of Godster. I also run a JavaScript, CSS, and xHTML resource blog.','deleted'),('2009-04-26 11:28:06',169,'ta7163',7,13,'Video Games, JavaScript, Blogging, Backpacking, Bicycling, Anime, Manga, Reading, Women','deleted'),('2009-04-26 11:29:09',170,'ta3294',6,13,'Web application developer. Currently the lead front-end architect for Mint.com and complete architect of Godster. I also run a JavaScript, CSS, and xHTML resource blog.','deleted'),('2009-04-26 11:29:09',171,'ta4979',7,13,'Video Games, JavaScript, Blogging, Backpacking, Bicycling, Anime, Manga, Reading, Women','deleted'),('2009-04-26 11:29:53',172,'ta5016',6,13,'Web application developer. Currently the lead front-end architect for Mint.com and complete architect of Godster. I also run a JavaScript, CSS, and xHTML resource blog.','deleted'),('2009-04-26 11:29:53',173,'ta143',7,13,'Video Games, JavaScript, Blogging, Backpacking, Bicycling, Anime, Manga, Reading, Women','deleted'),('2009-04-26 11:30:27',174,'ta5665',6,13,'Web application developer. Currently the lead front-end architect for Mint.com and complete architect of Godster. I also run a JavaScript, CSS, and xHTML resource blog.','deleted'),('2009-04-26 11:30:27',175,'ta7898',7,13,'Video Games, JavaScript, Blogging, Backpacking, Bicycling, Anime, Manga, Reading, Women','deleted'),('2009-04-26 11:31:58',176,'ta2494',6,13,'Web application developer. Currently the lead front-end architect for Mint.com and complete architect of Godster. I also run a JavaScript, CSS, and xHTML resource blog.','deleted'),('2009-04-26 11:31:58',177,'ta8774',7,13,'Video Games, JavaScript, Blogging, Backpacking, Bicycling, Anime, Manga, Reading, Women','deleted'),('2009-04-26 11:32:31',178,'ta6390',6,13,'Web application developer. Currently the lead front-end architect for Mint.com and complete architect of Godster. I also run a JavaScript, CSS, and xHTML resource blog.','deleted'),('2009-04-26 11:32:31',179,'ta5630',7,13,'Video Games, JavaScript, Blogging, Backpacking, Bicycling, Anime, Manga, Reading, Women','deleted'),('2009-04-26 11:33:08',180,'ta8977',6,13,'Web application developer. Currently the lead front-end architect for Mint.com and complete architect of Godster. I also run a JavaScript, CSS, and xHTML resource blog.','deleted'),('2009-04-26 11:33:08',181,'ta7996',7,13,'Video Games, JavaScript, Blogging, Backpacking, Bicycling, Anime, Manga, Reading, Women','deleted'),('2009-04-26 11:34:17',182,'ta3052',6,13,'Web application developer. Currently the lead front-end architect for Mint.com and complete architect of Godster. I also run a JavaScript, CSS, and xHTML resource blog.','deleted'),('2009-04-26 11:34:17',183,'ta1268',7,13,'Video Games, JavaScript, Blogging, Backpacking, Bicycling, Anime, Manga, Reading, Women','deleted'),('2009-04-26 11:34:40',184,'ta7183',6,13,'Web application developer. Currently the lead front-end architect for Mint.com and complete architect of Godster. I also run a JavaScript, CSS, and xHTML resource blog.','deleted'),('2009-04-26 11:34:40',185,'ta2114',7,13,'Video Games, JavaScript, Blogging, Backpacking, Bicycling, Anime, Manga, Reading, Women','deleted'),('2009-04-26 11:35:16',186,'ta9016',6,13,'Web application developer. Currently the lead front-end architect for Mint.com and complete architect of Godster. I also run a JavaScript, CSS, and xHTML resource blog.','deleted'),('2009-04-26 11:35:16',187,'ta8744',7,13,'Video Games, JavaScript, Blogging, Backpacking, Bicycling, Anime, Manga, Reading, Women','deleted'),('2009-04-26 11:36:06',188,'ta6671',6,13,'Web application developer. Currently the lead front-end architect for Mint.com and complete architect of Godster. I also run a JavaScript, CSS, and xHTML resource blog.','deleted'),('2009-04-26 11:36:06',189,'ta7122',7,13,'Video Games, JavaScript, Blogging, Backpacking, Bicycling, Anime, Manga, Reading, Women','deleted'),('2009-04-26 11:38:08',190,'ta5598',6,13,'Web application developer. Currently the lead front-end architect for Mint.com and complete architect of Godster. I also run a JavaScript, CSS, and xHTML resource blog.','deleted'),('2009-04-26 11:38:08',191,'ta6623',7,13,'Video Games, JavaScript, Blogging, Backpacking, Bicycling, Anime, Manga, Reading, Women','deleted'),('2009-04-26 11:39:33',192,'ta6320',6,13,'Web application developer. Currently the lead front-end architect for Mint.com and complete architect of Godster. I also run a JavaScript, CSS, and xHTML resource blog.','deleted'),('2009-04-26 11:39:33',193,'ta1734',7,13,'Video Games, JavaScript, Blogging, Backpacking, Bicycling, Anime, Manga, Reading, Women','deleted'),('2009-04-26 12:14:33',194,'ta9709',6,13,'Web application developer. Currently the lead front-end architect for Mint.com and complete architect of Godster. I also run a JavaScript, CSS, and xHTML resource blog.','deleted'),('2009-04-26 12:14:33',195,'ta3343',7,13,'Video Games, JavaScript, Blogging, Backpacking, Bicycling, Anime, Manga, Reading, Women','deleted'),('2009-04-26 12:16:22',196,'ta7589',6,13,'Web application developer. Currently the lead front-end architect for Mint.com and complete architect of Godster. I also run a JavaScript, CSS, and xHTML resource blog.','deleted'),('2009-04-26 12:16:22',197,'ta7915',7,13,'Video Games, JavaScript, Blogging, Backpacking, Bicycling, Anime, Manga, Reading, Women','deleted'),('2009-04-26 12:27:15',198,'ta6811',6,13,'Web application developer. Currently the lead front-end architect for Mint.com and complete architect of Godster. I also run a JavaScript, CSS, and xHTML resource blog.','deleted'),('2009-04-26 12:27:15',199,'ta308',7,13,'Video Games, JavaScript, Blogging, Backpacking, Bicycling, Anime, Manga, Reading, Women','deleted'),('2009-04-26 12:57:40',200,'ta1105',6,13,'Web application developer. Currently the lead front-end architect for Mint.com and complete architect of Godster. I also run a JavaScript, CSS, and xHTML resource blog.','deleted'),('2009-04-26 12:57:40',201,'ta4603',7,13,'Video Games, JavaScript, Blogging, Backpacking, Bicycling, Anime, Manga, Reading, Women','deleted'),('2009-04-26 12:58:55',202,'ta9697',6,13,'Web application developer. Currently the lead front-end architect for Mint.com and complete architect of Godster. I also run a JavaScript, CSS, and xHTML resource blog.','deleted'),('2009-04-26 12:58:55',203,'ta4681',7,13,'Video Games, JavaScript, Blogging, Backpacking, Bicycling, Anime, Manga, Reading, Women','deleted'),('2009-04-26 13:16:40',204,'ta4313',6,13,'Web application developer. Currently the lead front-end architect for Mint.com and complete architect of Godster. I also run a JavaScript, CSS, and xHTML resource blog.','deleted'),('2009-04-26 13:16:40',205,'ta7520',7,13,'Video Games, JavaScript, Blogging, Backpacking, Bicycling, Anime, Manga, Reading, Women','deleted'),('2009-04-26 13:20:41',206,'ta4661',6,13,'Web application developer. Currently the lead front-end architect for Mint.com and complete architect of Godster. I also run a JavaScript, CSS, and xHTML resource blog.','deleted'),('2009-04-26 13:20:41',207,'ta747',7,13,'Video Games, JavaScript, Blogging, Backpacking, Bicycling, Anime, Manga, Reading, Women','deleted'),('2009-04-26 13:21:28',208,'ta9748',6,13,'Web application developer. Currently the lead front-end architect for Mint.com and complete architect of Godster. I also run a JavaScript, CSS, and xHTML resource blog.','deleted'),('2009-04-26 13:21:28',209,'ta6504',7,13,'Video Games, JavaScript, Blogging, Backpacking, Bicycling, Anime, Manga, Reading, Women','deleted'),('2009-04-26 13:22:15',210,'ta3275',6,13,'Web application developer. Currently the lead front-end architect for Mint.com and complete architect of Godster. I also run a JavaScript, CSS, and xHTML resource blog.','deleted'),('2009-04-26 13:22:15',211,'ta6861',7,13,'Video Games, JavaScript, Blogging, Backpacking, Bicycling, Anime, Manga, Reading, Women','deleted'),('2009-04-26 13:24:05',212,'ta4480',6,13,'Web application developer. Currently the lead front-end architect for Mint.com and complete architect of Godster. I also run a JavaScript, CSS, and xHTML resource blog.','deleted'),('2009-04-26 13:24:05',213,'ta1819',7,13,'Video Games, JavaScript, Blogging, Backpacking, Bicycling, Anime, Manga, Reading, Women','deleted'),('2009-04-26 13:28:49',214,'ta5651',6,13,'Web application developer. Currently the lead front-end architect for Mint.com and complete architect of Godster. I also run a JavaScript, CSS, and xHTML resource blog.','deleted'),('2009-04-26 13:28:49',215,'ta2801',7,13,'Video Games, JavaScript, Blogging, Backpacking, Bicycling, Anime, Manga, Reading, Women','deleted'),('2009-04-26 13:57:56',216,'ta7052',6,13,'Web application developer. Currently the lead front-end architect for Mint.com and complete architect of Godster. I also run a JavaScript, CSS, and xHTML resource blog.','deleted'),('2009-04-26 13:57:56',217,'ta6859',7,13,'Video Games, JavaScript, Blogging, Backpacking, Bicycling, Anime, Manga, Reading, Women','deleted'),('2009-04-26 14:01:45',218,'ta3138',6,13,'Web application developer. Currently the lead front-end architect for Mint.com and complete architect of Godster. I also run a JavaScript, CSS, and xHTML resource blog.','deleted'),('2009-04-26 14:01:45',219,'ta5111',7,13,'Video Games, JavaScript, Blogging, Backpacking, Bicycling, Anime, Manga, Reading, Women','deleted'),('2009-04-26 14:03:12',220,'ta6141',6,13,'Web application developer. Currently the lead front-end architect for Mint.com and complete architect of Godster. I also run a JavaScript, CSS, and xHTML resource blog.','deleted'),('2009-04-26 14:03:12',221,'ta5372',7,13,'Video Games, JavaScript, Blogging, Backpacking, Bicycling, Anime, Manga, Reading, Women','deleted'),('2009-04-26 14:21:25',222,'ta8439',6,13,'Web application developer. Currently the lead front-end architect for Mint.com and complete architect of Godster. I also run a JavaScript, CSS, and xHTML resource blog.','deleted'),('2009-04-26 14:21:25',223,'ta6078',7,13,'Video Games, JavaScript, Blogging, Backpacking, Bicycling, Anime, Manga, Reading, Women','deleted'),('2009-04-26 14:24:26',224,'ta5074',6,13,'Web application developer. Currently the lead front-end architect for Mint.com and complete architect of Godster. I also run a JavaScript, CSS, and xHTML resource blog.','deleted'),('2009-04-26 14:24:26',225,'ta7135',7,13,'Video Games, JavaScript, Blogging, Backpacking, Bicycling, Anime, Manga, Reading, Women','deleted'),('2009-04-26 14:48:02',226,'ta453',6,13,'Web application developer. Currently the lead front-end architect for Mint.com and complete architect of Godster. I also run a JavaScript, CSS, and xHTML resource blog.','deleted'),('2009-04-26 14:48:02',227,'ta859',7,13,'Video Games, JavaScript, Blogging, Backpacking, Bicycling, Anime, Manga, Reading, Women','deleted'),('2009-04-26 14:49:36',228,'ta2933',6,13,'Web application developer. Currently the lead front-end architect for Mint.com and complete architect of Godster. I also run a JavaScript, CSS, and xHTML resource blog.','deleted'),('2009-04-26 14:49:36',229,'ta2091',7,13,'Video Games, JavaScript, Blogging, Backpacking, Bicycling, Anime, Manga, Reading, Women','deleted'),('2009-04-26 14:53:28',230,'ta1657',6,13,'Web application developer. Currently the lead front-end architect for Mint.com and complete architect of Godster. I also run a JavaScript, CSS, and xHTML resource blog.','deleted'),('2009-04-26 14:53:28',231,'ta2009',7,13,'Video Games, JavaScript, Blogging, Backpacking, Bicycling, Anime, Manga, Reading, Women','deleted'),('2009-04-26 14:55:08',232,'ta5074',6,13,'Web application developer. Currently the lead front-end architect for Mint.com and complete architect of Godster. I also run a JavaScript, CSS, and xHTML resource blog.','deleted'),('2009-04-26 14:55:08',233,'ta9342',7,13,'Video Games, JavaScript, Blogging, Backpacking, Bicycling, Anime, Manga, Reading, Women','deleted'),('2009-04-26 14:55:24',234,'ta1491',6,13,'Web application developer. Currently the lead front-end architect for Mint.com and complete architect of Godster. I also run a JavaScript, CSS, and xHTML resource blog.','deleted'),('2009-04-26 14:55:24',235,'ta9427',7,13,'Video Games, JavaScript, Blogging, Backpacking, Bicycling, Anime, Manga, Reading, Women','deleted'),('2009-04-26 14:55:46',236,'ta2666',6,13,'Web application developer. Currently the lead front-end architect for Mint.com and complete architect of Godster. I also run a JavaScript, CSS, and xHTML resource blog.','deleted'),('2009-04-26 14:55:46',237,'ta5046',7,13,'Video Games, JavaScript, Blogging, Backpacking, Bicycling, Anime, Manga, Reading, Women','deleted'),('2009-04-26 14:56:33',238,'ta7234',6,13,'Web application developer. Currently the lead front-end architect for Mint.com and complete architect of Godster. I also run a JavaScript, CSS, and xHTML resource blog.','deleted'),('2009-04-26 14:56:33',239,'ta1032',7,13,'Video Games, JavaScript, Blogging, Backpacking, Bicycling, Anime, Manga, Reading, Women','deleted'),('2009-04-26 15:01:30',240,'ta3455',6,13,'Web application developer. Currently the lead front-end architect for Mint.com and complete architect of Godster. I also run a JavaScript, CSS, and xHTML resource blog.','deleted'),('2009-04-26 15:01:30',241,'ta4179',7,13,'Video Games, JavaScript, Blogging, Backpacking, Bicycling, Anime, Manga, Reading, Women','deleted'),('2009-04-26 15:03:44',242,'ta531',6,13,'Web application developer. Currently the lead front-end architect for Mint.com and complete architect of Godster. I also run a JavaScript, CSS, and xHTML resource blog.','deleted'),('2009-04-26 15:03:44',243,'ta117',7,13,'Video Games, JavaScript, Blogging, Backpacking, Bicycling, Anime, Manga, Reading, Women','deleted'),('2009-04-27 08:51:21',244,'ta8991',6,13,'Web application developer. Currently the lead front-end architect for Mint.com and complete architect of Godster. I also run a JavaScript, CSS, and xHTML resource blog.','deleted'),('2009-04-27 08:51:21',245,'ta4607',7,13,'Video Games, JavaScript, Blogging, Backpacking, Bicycling, Anime, Manga, Reading, Women','deleted'),('2009-04-27 08:53:48',246,'ta6062',6,13,'Web application developer. Currently the lead front-end architect for Mint.com and complete architect of Godster. I also run a JavaScript, CSS, and xHTML resource blog.','deleted'),('2009-04-27 08:53:48',247,'ta6488',7,13,'Video Games, JavaScript, Blogging, Backpacking, Bicycling, Anime, Manga, Reading, Women','deleted'),('2009-04-27 08:54:44',248,'ta4254',6,13,'Web application developer. Currently the lead front-end architect for Mint.com and complete architect of Godster. I also run a JavaScript, CSS, and xHTML resource blog.','deleted'),('2009-04-27 08:54:44',249,'ta1807',7,13,'Video Games, JavaScript, Blogging, Backpacking, Bicycling, Anime, Manga, Reading, Women','deleted'),('2009-04-27 08:55:54',250,'ta6269',6,13,'Web application developer. Currently the lead front-end architect for Mint.com and complete architect of Godster. I also run a JavaScript, CSS, and xHTML resource blog.','deleted'),('2009-04-27 08:55:54',251,'ta5927',7,13,'Video Games, JavaScript, Blogging, Backpacking, Bicycling, Anime, Manga, Reading, Women','deleted'),('2009-04-27 09:01:00',252,'ta829',6,13,'Web application developer. Currently the lead front-end architect for Mint.com and complete architect of Godster. I also run a JavaScript, CSS, and xHTML resource blog.','deleted'),('2009-04-27 09:01:00',253,'ta6363',7,13,'Video Games, JavaScript, Blogging, Backpacking, Bicycling, Anime, Manga, Reading, Women','deleted'),('2009-04-27 09:02:10',254,'ta9329',6,13,'Web application developer. Currently the lead front-end architect for Mint.com and complete architect of Godster. I also run a JavaScript, CSS, and xHTML resource blog.','deleted'),('2009-04-27 09:02:10',255,'ta7555',7,13,'Video Games, JavaScript, Blogging, Backpacking, Bicycling, Anime, Manga, Reading, Women','deleted'),('2009-04-27 09:03:36',256,'ta9790',6,13,'Web application developer. Currently the lead front-end architect for Mint.com and complete architect of Godster. I also run a JavaScript, CSS, and xHTML resource blog.','deleted'),('2009-04-27 09:03:36',257,'ta6286',7,13,'Video Games, JavaScript, Blogging, Backpacking, Bicycling, Anime, Manga, Reading, Women','deleted'),('2009-04-27 09:03:55',258,'ta2061',6,13,'Web application developer. Currently the lead front-end architect for Mint.com and complete architect of Godster. I also run a JavaScript, CSS, and xHTML resource blog.','deleted'),('2009-04-27 09:03:55',259,'ta1446',7,13,'Video Games, JavaScript, Blogging, Backpacking, Bicycling, Anime, Manga, Reading, Women','deleted'),('2009-04-27 09:09:30',260,'ta1046',6,13,'Web application developer. Currently the lead front-end architect for Mint.com and complete architect of Godster. I also run a JavaScript, CSS, and xHTML resource blog.','deleted'),('2009-04-27 09:09:30',261,'ta889',7,13,'Video Games, JavaScript, Blogging, Backpacking, Bicycling, Anime, Manga, Reading, Women','deleted'),('2009-04-27 09:10:43',262,'ta1310',6,13,'Web application developer. Currently the lead front-end architect for Mint.com and complete architect of Godster. I also run a JavaScript, CSS, and xHTML resource blog.','deleted'),('2009-04-27 09:10:43',263,'ta3881',7,13,'Video Games, JavaScript, Blogging, Backpacking, Bicycling, Anime, Manga, Reading, Women','deleted'),('2009-04-27 09:12:07',264,'ta5474',6,13,'Web application developer. Currently the lead front-end architect for Mint.com and complete architect of Godster. I also run a JavaScript, CSS, and xHTML resource blog.','deleted'),('2009-04-27 09:12:07',265,'ta5728',7,13,'Video Games, JavaScript, Blogging, Backpacking, Bicycling, Anime, Manga, Reading, Women','deleted'),('2009-04-27 09:16:04',266,'ta2220',6,13,'Web application developer. Currently the lead front-end architect for Mint.com and complete architect of Godster. I also run a JavaScript, CSS, and xHTML resource blog.','deleted'),('2009-04-27 09:16:04',267,'ta3913',7,13,'Video Games, JavaScript, Blogging, Backpacking, Bicycling, Anime, Manga, Reading, Women','deleted'),('2009-04-27 09:21:31',268,'ta2907',6,13,'Web application developer. Currently the lead front-end architect for Mint.com and complete architect of Godster. I also run a JavaScript, CSS, and xHTML resource blog.','deleted'),('2009-04-27 09:21:31',269,'ta2795',7,13,'Video Games, JavaScript, Blogging, Backpacking, Bicycling, Anime, Manga, Reading, Women','deleted'),('2009-04-29 09:32:05',270,'ta5255',6,13,'Web application developer. Currently the lead front-end architect for Mint.com and complete architect of Godster. I also run a JavaScript, CSS, and xHTML resource blog.','deleted'),('2009-04-29 09:32:05',271,'ta7889',7,13,'Video Games, JavaScript, Blogging, Backpacking, Bicycling, Anime, Manga, Reading, Women','deleted'),('2009-04-29 09:34:57',272,'ta3681',6,13,'Web application developer. Currently the lead front-end architect for Mint.com and complete architect of Godster. I also run a JavaScript, CSS, and xHTML resource blog.','deleted'),('2009-04-29 09:34:57',273,'ta4736',7,13,'Video Games, JavaScript, Blogging, Backpacking, Bicycling, Anime, Manga, Reading, Women','deleted'),('2009-04-29 09:42:19',274,'ta2638',6,13,'Web application developer. Currently the lead front-end architect for Mint.com and complete architect of Godster. I also run a JavaScript, CSS, and xHTML resource blog.','deleted'),('2009-04-29 09:42:19',275,'ta8983',7,13,'Video Games, JavaScript, Blogging, Backpacking, Bicycling, Anime, Manga, Reading, Female','deleted'),('2009-04-29 09:43:22',276,'ta7000',6,13,'Web application developer. Currently the lead front-end architect for Mint.com and complete architect of Godster. I also run a JavaScript, CSS, and xHTML resource blog.','deleted'),('2009-04-29 09:43:22',277,'ta8051',7,13,'Video Games, JavaScript, Blogging, Backpacking, Bicycling, Anime, Manga, Reading, Women, Animation','deleted'),('2009-05-11 10:12:32',278,'ta9255',6,13,'Web application developer. Currently the lead front-end architect for Mint.com and complete architect of Godster. I also run a JavaScript, CSS, and xHTML resource blog.','deleted'),('2009-05-11 10:12:32',279,'ta2124',7,13,'Video Games, JavaScript, Blogging, Backpacking, Bicycling, Anime, Manga, Reading, Women, Animation','deleted'),('2009-05-11 10:13:22',280,'ta2851',6,13,'Web application developer. Currently the lead front-end architect for Mint.com and complete architect of Godster. I also run a JavaScript, CSS, and xHTML resource blog.','deleted'),('2009-05-11 10:13:22',281,'ta7883',7,13,'Video Games, JavaScript, Blogging, Backpacking, Bicycling, Anime, Manga, Reading, Women, Animation','deleted'),('2009-05-13 09:29:01',282,'ta864',6,13,'Web application developer. Currently the lead front-end architect for Mint.com and complete architect of Godster. I also run a JavaScript, CSS, and xHTML resource blog.','deleted'),('2009-05-13 09:29:01',283,'ta671',7,13,'Video Games, JavaScript, Blogging, Backpacking, Bicycling, Anime, Manga, Reading, Women, Animation','deleted'),('2009-05-31 10:21:13',284,'ta760',6,13,'Web application developer. Currently the lead front-end architect for Mint.com and complete architect of Godster. I also run a JavaScript, CSS, and xHTML resource blog.','deleted'),('2009-05-31 10:21:13',285,'ta1789',7,13,'Video Games, JavaScript, Blogging, Backpacking, Bicycling, Anime, Manga, Reading, Women, Animation','deleted'),('2009-05-31 10:21:25',286,'ta6662',6,13,'Web application developer. Currently the lead front-end architect for Mint.com and complete architect of Godster. I also run a JavaScript, CSS, and xHTML resource blog.','deleted'),('2009-05-31 10:21:25',287,'ta7947',7,13,'Video Games, JavaScript, Blogging, Backpacking, Bicycling, Anime, Manga, Reading, Women, Animation','deleted'),('2009-07-18 17:39:26',288,'ta9746',27,13,'Kicking ass and taking names.','deleted'),('2009-07-18 17:40:13',289,'ta4894',27,13,'Kicking ass and taking names.','deleted'),('2009-07-18 17:40:29',290,'ta5228',27,13,'Kicking ass and taking names.','deleted'),('2009-07-18 17:43:16',291,'ta1458',27,13,'Kicking ass and taking names.','deleted'),('2009-07-24 09:49:29',292,'ta1607',6,13,'Web application developer. Currently the lead front-end architect for Mint.com and complete architect of Godster. I also run a JavaScript, CSS, and xHTML resource blog.','deleted'),('2009-07-24 09:49:29',293,'ta3660',7,13,'Video Games, JavaScript, Blogging, Backpacking, Bicycling, Anime, Manga, Reading, Women, Animation','deleted'),('2009-07-27 21:03:47',294,'ta3480',6,13,'Web application developer. Currently the lead front-end architect for Mint.com and complete architect of Godster. I also run a JavaScript, CSS, and xHTML resource blog.','deleted'),('2009-07-27 21:03:47',295,'ta6420',7,13,'Video Games, JavaScript, Blogging, Backpacking, Bicycling, Anime, Manga, Reading, Women, Animation','deleted'),('2009-07-27 21:15:38',296,'ta1661',6,13,'Web application developer. Currently the lead front-end architect for Mint.com and complete architect of Godster. I also run a JavaScript, CSS, and xHTML resource blog.','deleted'),('2009-07-27 21:15:38',297,'ta9043',7,13,'Video Games, JavaScript, Blogging, Backpacking, Bicycling, Anime, Manga, Reading, Women, Animation','deleted'),('2009-07-27 21:15:57',298,'ta233',6,13,'Web application developer. Currently the lead front-end architect for Mint.com and complete architect of Godster. I also run a JavaScript, CSS, and xHTML resource blog.','deleted'),('2009-07-27 21:15:57',299,'ta4036',7,13,'Video Games, JavaScript, Blogging, Backpacking, Bicycling, Anime, Manga, Reading, Women, Animation','deleted'),('2009-07-27 21:16:32',300,'ta9479',6,13,'Web application developer. Currently the lead front-end architect for Mint.com and complete architect of Godster. I also run a JavaScript, CSS, and xHTML resource blog.','deleted'),('2009-07-27 21:16:32',301,'ta5289',7,13,'Video Games, JavaScript, Blogging, Backpacking, Bicycling, Anime, Manga, Reading, Women, Animation','deleted'),('2009-07-28 09:09:14',302,'ta8009',54,13,'this is a triumph','active'),('2009-12-24 00:30:47',303,'ta4178',16,13,'http://www.mattsnider.com, mint.com, www.trippert.com, http://www.gophernow.com, http://www.supost.com, http://peninsulasoccerleague.org/sched.php?id=2','deleted'),('2010-04-15 14:17:57',304,'ta6862',16,13,'http://www.mattsnider.com, mint.com, www.trippert.com, http://www.gophernow.com, http://www.supost.com, http://peninsulasoccerleague.org/sched.php?id=2','deleted'),('2010-04-15 14:18:11',305,'ta1777',16,13,'http://www.mattsnider.com, mint.com, www.trippert.com, http://www.gophernow.com, http://www.supost.com, http://peninsulasoccerleague.org/sched.php?id=2','deleted'),('2010-04-15 14:18:25',306,'ta8297',16,13,'http://www.mattsnider.com, mint.com, www.trippert.com, http://www.gophernow.com, http://www.supost.com','deleted'),('2010-06-21 10:17:23',307,'ta6157',16,13,'http://www.mattsnider.com, mint.com, www.trippert.com, http://www.gophernow.com, http://www.supost.com','deleted'),('2010-06-21 10:17:34',308,'ta5895',16,13,'http://www.mattsnider.com, mint.com, www.trippert.com, http://www.gophernow.com, http://www.supost.com','deleted'),('2010-06-21 10:18:36',309,'ta1001',16,13,'http://www.mattsnider.com, mint.com, www.trippert.com, http://www.gophernow.com, http://www.supost.com','deleted'),('2010-06-21 10:19:26',310,'ta7320',16,13,'http://www.mattsnider.com, mint.com, www.trippert.com, http://www.gophernow.com, http://www.supost.com','deleted'),('2010-06-21 10:20:22',311,'ta3600',16,13,'http://www.mattsnider.com, mint.com, www.trippert.com, http://www.gophernow.com, http://www.supost.com','deleted'),('2010-06-21 10:21:28',312,'ta6039',16,13,'http://www.mattsnider.com, mint.com, www.trippert.com, http://www.gophernow.com, http://www.supost.com','deleted'),('2010-06-21 10:24:40',313,'ta9394',16,13,'http://www.mattsnider.com, mint.com, www.trippert.com, http://www.gophernow.com, http://www.supost.com','deleted'),('2010-08-16 09:20:17',314,'ta8853',16,13,'http://www.mattsnider.com, mint.com, www.trippert.com, http://www.gophernow.com, http://www.supost.com','deleted'),('2010-08-16 09:20:28',315,'ta6086',16,13,'http://www.mattsnider.com, mint.com, www.trippert.com, http://www.gophernow.com, http://www.supost.com','deleted'),('2010-08-16 09:20:40',316,'ta3870',27,13,'Kicking ass and taking names.','deleted'),('2010-08-16 09:22:32',317,'ta1090',27,13,'Kicking ass and taking names.','deleted'),('2010-08-16 09:22:32',318,'ta3840',27,13,'Kicking ass and chewing bubble gum.','deleted'),('2010-08-16 09:24:20',319,'ta5930',27,13,'Kicking ass and chewing bubble gum.','deleted'),('2010-08-16 09:27:51',320,'ta8132',27,13,'Kicking ass and chewing bubble gum.','active'),('2010-08-19 11:32:00',321,'d23bf447206332cfde909ccd1aa27e72',16,13,'http://www.mattsnider.com, mint.com, www.trippert.com, http://www.gophernow.com, http://www.supost.com','deleted'),('2010-08-19 11:32:08',322,'86292189b4abf2c2bc6c676aaf635ed9',16,13,'http://www.mattsnider.com, mint.com, www.trippert.com, http://www.gophernow.com, http://www.supost.com','deleted'),('2010-08-20 10:19:30',323,'1c5ee3f433d727b6d0b9a1c372ca2217',16,13,'http://www.mattsnider.com, mint.com, www.trippert.com, http://www.gophernow.com, http://www.supost.com','deleted'),('2010-08-21 13:15:27',324,'e574333ba36950ad20d6f9e8c7152d01',16,13,'http://www.mattsnider.com, mint.com, www.trippert.com, http://www.gophernow.com, http://www.supost.com','deleted'),('2010-08-21 13:16:29',325,'ff51a0001a5b2b37b6f18dbb3d013a7b',16,13,'http://www.mattsnider.com, mint.com, www.trippert.com, http://www.gophernow.com, http://www.supost.com','deleted'),('2010-09-12 19:28:29',326,'ab9dd781c07200ec7395dac43da4d939',16,13,'http://www.mattsnider.com, mint.com, www.trippert.com, http://www.gophernow.com, http://www.supost.com','deleted'),('2010-09-12 19:28:36',327,'6a02f13f28b379b5de750fde7c8d7e6b',16,13,'http://www.mattsnider.com, mint.com, www.trippert.com, http://www.gophernow.com, http://www.supost.com','active'),('2010-09-12 19:28:57',328,'693665c5fb56999957813dcdfa0956c0',6,13,'Web application developer. Currently the lead front-end architect for Mint.com and complete architect of Godster. I also run a JavaScript, CSS, and xHTML resource blog.','deleted'),('2010-09-12 19:28:57',329,'80dea462c1755056958dbde8a3717694',7,13,'Video Games, JavaScript, Blogging, Backpacking, Bicycling, Anime, Manga, Reading, Women, Animation','deleted'),('2010-09-12 19:29:06',330,'8022548b139cea633e580be4e7988ae6',6,13,'Web application developer. Currently the lead front-end architect for Mint.com and complete architect of Godster. I also run a JavaScript, CSS, and xHTML resource blog.','active'),('2010-09-12 19:29:06',331,'da9ceaa52fa0d517ca22811407a9c458',7,13,'Video Games, JavaScript, Blogging, Backpacking, Bicycling, Anime, Manga, Reading, Women, Animation','active'),('2010-09-12 19:30:26',332,'7df6696f213978edd9ec67f836e3d357',38,187,'test','active'),('2010-10-02 19:18:31',333,'11f2b4ef149e57ecfafb3f5332864ae8',38,258,'test','active');
/*!40000 ALTER TABLE `profile_widget_field_textarea` ENABLE KEYS */;
UNLOCK TABLES;

--
-- Table structure for table `profile_widget_field_tryme`
--

DROP TABLE IF EXISTS `profile_widget_field_tryme`;
/*!40101 SET @saved_cs_client     = @@character_set_client */;
/*!40101 SET character_set_client = utf8 */;
CREATE TABLE `profile_widget_field_tryme` (
  `tryme_id` mediumint(8) unsigned NOT NULL,
  `created` datetime NOT NULL DEFAULT '0000-00-00 00:00:00',
  `id` int(10) unsigned NOT NULL AUTO_INCREMENT,
  `ikey` varchar(75) NOT NULL,
  `profile_widget_field_id` mediumint(8) unsigned NOT NULL,
  `searchable_id` int(11) unsigned NOT NULL,
  `status` enum('deleted','active') NOT NULL DEFAULT 'active',
  PRIMARY KEY (`id`),
  KEY `profile_widget_field_attend_searchable_fk` (`searchable_id`),
  KEY `profile_widget_field_attend_pwf_fk` (`profile_widget_field_id`),
  KEY `profile_widget_field_attend_tryme_fk` (`tryme_id`)
) ENGINE=MyISAM DEFAULT CHARSET=utf8;
/*!40101 SET character_set_client = @saved_cs_client */;

--
-- Dumping data for table `profile_widget_field_tryme`
--

LOCK TABLES `profile_widget_field_tryme` WRITE;
/*!40000 ALTER TABLE `profile_widget_field_tryme` DISABLE KEYS */;
/*!40000 ALTER TABLE `profile_widget_field_tryme` ENABLE KEYS */;
UNLOCK TABLES;

--
-- Table structure for table `pwf_attend`
--

DROP TABLE IF EXISTS `pwf_attend`;
/*!40101 SET @saved_cs_client     = @@character_set_client */;
/*!40101 SET character_set_client = utf8 */;
CREATE TABLE `pwf_attend` (
  `id` mediumint(8) unsigned NOT NULL AUTO_INCREMENT,
  `name` varchar(45) NOT NULL,
  `f` int(10) unsigned NOT NULL DEFAULT '0',
  `modified` datetime NOT NULL,
  `created` datetime NOT NULL,
  `status` enum('active','deleted') NOT NULL DEFAULT 'active',
  PRIMARY KEY (`id`)
) ENGINE=InnoDB AUTO_INCREMENT=4 DEFAULT CHARSET=utf8;
/*!40101 SET character_set_client = @saved_cs_client */;

--
-- Dumping data for table `pwf_attend`
--

LOCK TABLES `pwf_attend` WRITE;
/*!40000 ALTER TABLE `pwf_attend` DISABLE KEYS */;
INSERT INTO `pwf_attend` VALUES (1,'Undergrad',0,'0000-00-00 00:00:00','0000-00-00 00:00:00','active'),(2,'Graduate',0,'0000-00-00 00:00:00','0000-00-00 00:00:00','active'),(3,'Post-doc',0,'0000-00-00 00:00:00','0000-00-00 00:00:00','active');
/*!40000 ALTER TABLE `pwf_attend` ENABLE KEYS */;
UNLOCK TABLES;

--
-- Table structure for table `pwf_autocomplete`
--

DROP TABLE IF EXISTS `pwf_autocomplete`;
/*!40101 SET @saved_cs_client     = @@character_set_client */;
/*!40101 SET character_set_client = utf8 */;
CREATE TABLE `pwf_autocomplete` (
  `id` mediumint(8) unsigned NOT NULL AUTO_INCREMENT,
  `created` datetime NOT NULL DEFAULT '0000-00-00 00:00:00',
  `name` varchar(64) NOT NULL,
  `f` int(10) unsigned NOT NULL DEFAULT '0',
  PRIMARY KEY (`id`),
  UNIQUE KEY `name` (`name`)
) ENGINE=InnoDB DEFAULT CHARSET=utf8;
/*!40101 SET character_set_client = @saved_cs_client */;

--
-- Dumping data for table `pwf_autocomplete`
--

LOCK TABLES `pwf_autocomplete` WRITE;
/*!40000 ALTER TABLE `pwf_autocomplete` DISABLE KEYS */;
/*!40000 ALTER TABLE `pwf_autocomplete` ENABLE KEYS */;
UNLOCK TABLES;

--
-- Table structure for table `pwf_category`
--

DROP TABLE IF EXISTS `pwf_category`;
/*!40101 SET @saved_cs_client     = @@character_set_client */;
/*!40101 SET character_set_client = utf8 */;
CREATE TABLE `pwf_category` (
  `id` mediumint(8) unsigned NOT NULL AUTO_INCREMENT,
  `name` varchar(32) NOT NULL,
  `f` int(10) unsigned NOT NULL DEFAULT '0',
  PRIMARY KEY (`id`)
) ENGINE=InnoDB AUTO_INCREMENT=42 DEFAULT CHARSET=utf8;
/*!40101 SET character_set_client = @saved_cs_client */;

--
-- Dumping data for table `pwf_category`
--

LOCK TABLES `pwf_category` WRITE;
/*!40000 ALTER TABLE `pwf_category` DISABLE KEYS */;
INSERT INTO `pwf_category` VALUES (1,'Academic',0),(2,'Business',0),(3,'Corporate Forum',0),(4,'Just for Fun',0),(5,'Sports & Recreation',0),(6,'Common Interest',0),(7,'Technology',0),(8,'University',0),(9,'Other',0),(11,'Core Facility',0),(12,'Department',0),(13,'Labs',0),(14,'Organizations',0),(15,'Schools',0),(16,'Student Groups',0),(31,'Companies',0),(41,'Art, Movie, & Music',0);
/*!40000 ALTER TABLE `pwf_category` ENABLE KEYS */;
UNLOCK TABLES;

--
-- Table structure for table `pwf_city`
--

DROP TABLE IF EXISTS `pwf_city`;
/*!40101 SET @saved_cs_client     = @@character_set_client */;
/*!40101 SET character_set_client = utf8 */;
CREATE TABLE `pwf_city` (
  `id` mediumint(8) unsigned NOT NULL AUTO_INCREMENT,
  `created` datetime NOT NULL DEFAULT '0000-00-00 00:00:00',
  `name` varchar(64) NOT NULL,
  `f` int(10) unsigned NOT NULL DEFAULT '0',
  PRIMARY KEY (`id`),
  UNIQUE KEY `name` (`name`)
) ENGINE=InnoDB AUTO_INCREMENT=849 DEFAULT CHARSET=utf8;
/*!40101 SET character_set_client = @saved_cs_client */;

--
-- Dumping data for table `pwf_city`
--

LOCK TABLES `pwf_city` WRITE;
/*!40000 ALTER TABLE `pwf_city` DISABLE KEYS */;
INSERT INTO `pwf_city` VALUES (1,'0000-00-00 00:00:00','Abidjan',0),(2,'0000-00-00 00:00:00','Addis Ababa',0),(3,'0000-00-00 00:00:00','Ahmedabad',0),(530,'0000-00-00 00:00:00','Akron',0),(531,'0000-00-00 00:00:00','Alameda',0),(532,'0000-00-00 00:00:00','Albany',0),(533,'0000-00-00 00:00:00','Albuquerque',0),(534,'0000-00-00 00:00:00','Alexandria',0),(535,'0000-00-00 00:00:00','American Canyon',0),(536,'0000-00-00 00:00:00','Anaheim',0),(537,'0000-00-00 00:00:00','Anchorage',0),(538,'0000-00-00 00:00:00','Ankara',0),(539,'0000-00-00 00:00:00','Antioch',0),(540,'0000-00-00 00:00:00','Arlington',0),(541,'0000-00-00 00:00:00','Atherton',0),(542,'0000-00-00 00:00:00','Atlanta',0),(543,'0000-00-00 00:00:00','Aurora',0),(544,'0000-00-00 00:00:00','Austin',0),(545,'0000-00-00 00:00:00','Baghdad',0),(546,'0000-00-00 00:00:00','Bakersfield',0),(547,'0000-00-00 00:00:00','Baltimore',0),(548,'0000-00-00 00:00:00','Bandung',0),(549,'0000-00-00 00:00:00','Bangalore',0),(550,'0000-00-00 00:00:00','Bangkok',0),(551,'0000-00-00 00:00:00','Baton Rouge',0),(552,'0000-00-00 00:00:00','Beijing',0),(553,'0000-00-00 00:00:00','Belmont',0),(554,'0000-00-00 00:00:00','Belo Horizonte',0),(555,'0000-00-00 00:00:00','Belvedere',0),(556,'0000-00-00 00:00:00','Benicia',0),(557,'0000-00-00 00:00:00','Berkeley',0),(558,'0000-00-00 00:00:00','Berlin',0),(559,'0000-00-00 00:00:00','Birmingham',0),(560,'0000-00-00 00:00:00','Bogor',0),(561,'0000-00-00 00:00:00','Bogota',0),(562,'0000-00-00 00:00:00','Bombay',0),(563,'0000-00-00 00:00:00','Boston',0),(564,'0000-00-00 00:00:00','Brasilia',0),(565,'0000-00-00 00:00:00','Brentwood',0),(566,'0000-00-00 00:00:00','Brisbane',0),(567,'0000-00-00 00:00:00','Bucuresti',0),(568,'0000-00-00 00:00:00','Budapest',0),(569,'0000-00-00 00:00:00','Buenos Aires',0),(570,'0000-00-00 00:00:00','Buffalo',0),(571,'0000-00-00 00:00:00','Burlingame',0),(572,'0000-00-00 00:00:00','Cairo',0),(573,'0000-00-00 00:00:00','Calcutta',0),(574,'0000-00-00 00:00:00','Cali',0),(575,'0000-00-00 00:00:00','Calistoga',0),(576,'0000-00-00 00:00:00','Campbell',0),(577,'0000-00-00 00:00:00','Caracas',0),(578,'0000-00-00 00:00:00','Casablanca',0),(579,'0000-00-00 00:00:00','Chandler',0),(580,'0000-00-00 00:00:00','Changchun',0),(581,'0000-00-00 00:00:00','Charlotte',0),(582,'0000-00-00 00:00:00','Chengdu',0),(583,'0000-00-00 00:00:00','Chesapeake',0),(584,'0000-00-00 00:00:00','Chicago',0),(585,'0000-00-00 00:00:00','Chongqing',0),(586,'0000-00-00 00:00:00','Chula Vista',0),(587,'0000-00-00 00:00:00','Cincinnati',0),(588,'0000-00-00 00:00:00','Cirebon',0),(589,'0000-00-00 00:00:00','Clayton',0),(590,'0000-00-00 00:00:00','Cleveland',0),(591,'0000-00-00 00:00:00','Cloverdale',0),(592,'0000-00-00 00:00:00','Colma',0),(593,'0000-00-00 00:00:00','Colorado Springs',0),(594,'0000-00-00 00:00:00','Columbus',0),(595,'0000-00-00 00:00:00','Concord',0),(596,'0000-00-00 00:00:00','Corpus Christi',0),(597,'0000-00-00 00:00:00','Corte Madera',0),(598,'0000-00-00 00:00:00','Cotati',0),(599,'0000-00-00 00:00:00','Cupertino',0),(600,'0000-00-00 00:00:00','Dalian',0),(601,'0000-00-00 00:00:00','Dallas',0),(602,'0000-00-00 00:00:00','Daly City',0),(603,'0000-00-00 00:00:00','Danville',0),(604,'0000-00-00 00:00:00','Delhi',0),(605,'0000-00-00 00:00:00','Denver',0),(606,'0000-00-00 00:00:00','Detroit',0),(607,'0000-00-00 00:00:00','Dhaka',0),(608,'0000-00-00 00:00:00','Dixon',0),(609,'0000-00-00 00:00:00','Dublin',0),(610,'0000-00-00 00:00:00','Durham',0),(611,'0000-00-00 00:00:00','East Palo Alto',0),(612,'0000-00-00 00:00:00','El Cerrito',0),(613,'0000-00-00 00:00:00','El Paso',0),(614,'0000-00-00 00:00:00','Emeryville',0),(615,'0000-00-00 00:00:00','Fairfax',0),(616,'0000-00-00 00:00:00','Fairfield',0),(617,'0000-00-00 00:00:00','Faisalabad',0),(618,'0000-00-00 00:00:00','Fort Wayne',0),(619,'0000-00-00 00:00:00','Fort Worth',0),(620,'0000-00-00 00:00:00','Fortaleza',0),(621,'0000-00-00 00:00:00','Foster City',0),(622,'0000-00-00 00:00:00','Fremont',0),(623,'0000-00-00 00:00:00','Fresno',0),(624,'0000-00-00 00:00:00','Garland',0),(625,'0000-00-00 00:00:00','Gilroy',0),(626,'0000-00-00 00:00:00','Giza',0),(627,'0000-00-00 00:00:00','Glendale',0),(628,'0000-00-00 00:00:00','Greensboro',0),(629,'0000-00-00 00:00:00','Guangzhou',0),(630,'0000-00-00 00:00:00','Guayaquil',0),(631,'0000-00-00 00:00:00','Haerbin',0),(632,'0000-00-00 00:00:00','Half Moon Bay',0),(633,'0000-00-00 00:00:00','Havanna',0),(634,'0000-00-00 00:00:00','Hayward',0),(635,'0000-00-00 00:00:00','Healdsburg',0),(636,'0000-00-00 00:00:00','Henderson',0),(637,'0000-00-00 00:00:00','Hercules',0),(638,'0000-00-00 00:00:00','Hialeah',0),(639,'0000-00-00 00:00:00','Hillsborough',0),(640,'0000-00-00 00:00:00','Ho Chi Minh',0),(641,'0000-00-00 00:00:00','Hongkong',0),(642,'0000-00-00 00:00:00','Honolulu Cdp',0),(643,'0000-00-00 00:00:00','Houston',0),(644,'0000-00-00 00:00:00','Hyderabad',0),(645,'0000-00-00 00:00:00','Inchon',0),(646,'0000-00-00 00:00:00','Indianapolis',0),(647,'0000-00-00 00:00:00','Istanbul',0),(648,'0000-00-00 00:00:00','Izmir',0),(649,'0000-00-00 00:00:00','Jacksonville',0),(650,'0000-00-00 00:00:00','Jakarta',0),(651,'0000-00-00 00:00:00','Jersey',0),(652,'0000-00-00 00:00:00','Jinan',0),(653,'0000-00-00 00:00:00','Kanpur',0),(654,'0000-00-00 00:00:00','Kansas',0),(655,'0000-00-00 00:00:00','Karachi',0),(656,'0000-00-00 00:00:00','Kiev',0),(657,'0000-00-00 00:00:00','Kinshasa',0),(658,'0000-00-00 00:00:00','Lafayette',0),(659,'0000-00-00 00:00:00','Lahore',0),(660,'0000-00-00 00:00:00','Laredo',0),(661,'0000-00-00 00:00:00','Larkspur',0),(662,'0000-00-00 00:00:00','Las Vegas',0),(663,'0000-00-00 00:00:00','Lexington',0),(664,'0000-00-00 00:00:00','Lima',0),(665,'0000-00-00 00:00:00','Lincoln',0),(666,'0000-00-00 00:00:00','Livermore',0),(667,'0000-00-00 00:00:00','London',0),(668,'0000-00-00 00:00:00','Long Beach',0),(669,'0000-00-00 00:00:00','Los Altos',0),(670,'0000-00-00 00:00:00','Los Altos Hills',0),(671,'0000-00-00 00:00:00','Los Angeles',0),(672,'0000-00-00 00:00:00','Los Gatos',0),(673,'0000-00-00 00:00:00','Louisville',0),(674,'0000-00-00 00:00:00','Lubbock',0),(675,'0000-00-00 00:00:00','Madison',0),(676,'0000-00-00 00:00:00','Madras',0),(677,'0000-00-00 00:00:00','Madrid',0),(678,'0000-00-00 00:00:00','Malang',0),(679,'0000-00-00 00:00:00','Martinez',0),(680,'0000-00-00 00:00:00','Mashhad',0),(681,'0000-00-00 00:00:00','Medan',0),(682,'0000-00-00 00:00:00','Medelln',0),(683,'0000-00-00 00:00:00','Memphis',0),(684,'0000-00-00 00:00:00','Menlo Park',0),(685,'0000-00-00 00:00:00','Mesa',0),(686,'0000-00-00 00:00:00','Mexico',0),(687,'0000-00-00 00:00:00','Miami',0),(688,'0000-00-00 00:00:00','Mill Valley',0),(689,'0000-00-00 00:00:00','Millbrae',0),(690,'0000-00-00 00:00:00','Milpitas',0),(691,'0000-00-00 00:00:00','Milwaukee',0),(692,'0000-00-00 00:00:00','Minneapolis',0),(693,'0000-00-00 00:00:00','Modesto',0),(694,'0000-00-00 00:00:00','Monte Sereno',0),(695,'0000-00-00 00:00:00','Montgomery',0),(696,'0000-00-00 00:00:00','Moraga',0),(697,'0000-00-00 00:00:00','Morgan Hill',0),(698,'0000-00-00 00:00:00','Moscow',0),(699,'0000-00-00 00:00:00','Mountain View',0),(700,'0000-00-00 00:00:00','Nagoya',0),(701,'0000-00-00 00:00:00','Nanjing',0),(702,'0000-00-00 00:00:00','Napa',0),(703,'0000-00-00 00:00:00','Nashville',0),(704,'0000-00-00 00:00:00','New Orleans',0),(705,'0000-00-00 00:00:00','New York',0),(706,'0000-00-00 00:00:00','Newark',0),(707,'0000-00-00 00:00:00','Norfolk',0),(708,'0000-00-00 00:00:00','Novato',0),(709,'0000-00-00 00:00:00','Oakland',0),(710,'0000-00-00 00:00:00','Oakley',0),(711,'0000-00-00 00:00:00','Oklahoma',0),(712,'0000-00-00 00:00:00','Omaha',0),(713,'0000-00-00 00:00:00','Orinda',0),(714,'0000-00-00 00:00:00','Orlando',0),(715,'0000-00-00 00:00:00','Osaka',0),(716,'0000-00-00 00:00:00','Pacifica',0),(717,'0000-00-00 00:00:00','Palo Alto',0),(718,'0000-00-00 00:00:00','Paris',0),(719,'0000-00-00 00:00:00','Petaluma',0),(720,'0000-00-00 00:00:00','Philadelphia',0),(721,'0000-00-00 00:00:00','Phoenix',0),(722,'0000-00-00 00:00:00','Piedmont',0),(723,'0000-00-00 00:00:00','Pinole',0),(724,'0000-00-00 00:00:00','Pittsburg',0),(725,'0000-00-00 00:00:00','Pittsburgh',0),(726,'0000-00-00 00:00:00','Plano',0),(727,'0000-00-00 00:00:00','Pleasant Hill',0),(728,'0000-00-00 00:00:00','Pleasanton',0),(729,'0000-00-00 00:00:00','Portland',0),(730,'0000-00-00 00:00:00','Portola Valley',0),(731,'0000-00-00 00:00:00','Pusan',0),(732,'0000-00-00 00:00:00','Pyongyang',0),(733,'0000-00-00 00:00:00','Qingdao',0),(734,'0000-00-00 00:00:00','Quezon City',0),(735,'0000-00-00 00:00:00','Raleigh',0),(736,'0000-00-00 00:00:00','Redwood City',0),(737,'0000-00-00 00:00:00','Richmond',0),(738,'0000-00-00 00:00:00','Rio De Janeiro',0),(739,'0000-00-00 00:00:00','Rio Vista',0),(740,'0000-00-00 00:00:00','Riverside',0),(741,'0000-00-00 00:00:00','Rochester',0),(742,'0000-00-00 00:00:00','Rohnert Park',0),(743,'0000-00-00 00:00:00','Roma',0),(744,'0000-00-00 00:00:00','Ross',0),(745,'0000-00-00 00:00:00','Sacramento',0),(746,'0000-00-00 00:00:00','Salvador',0),(747,'0000-00-00 00:00:00','San Anselmo',0),(748,'0000-00-00 00:00:00','San Antonio',0),(749,'0000-00-00 00:00:00','San Bruno',0),(750,'0000-00-00 00:00:00','San Carlos',0),(751,'0000-00-00 00:00:00','San Diego',0),(752,'0000-00-00 00:00:00','San Francisco',0),(753,'0000-00-00 00:00:00','San Jose',0),(754,'0000-00-00 00:00:00','San Leandro',0),(755,'0000-00-00 00:00:00','San Mateo',0),(756,'0000-00-00 00:00:00','San Pablo',0),(757,'0000-00-00 00:00:00','San Rafael',0),(758,'0000-00-00 00:00:00','San Ramon',0),(759,'0000-00-00 00:00:00','Santa Ana',0),(760,'0000-00-00 00:00:00','Santa Clara',0),(761,'0000-00-00 00:00:00','Santa Rosa',0),(762,'0000-00-00 00:00:00','Santiago',0),(763,'0000-00-00 00:00:00','So Paulo',0),(764,'0000-00-00 00:00:00','Saratoga',0),(765,'0000-00-00 00:00:00','Sausalito',0),(766,'0000-00-00 00:00:00','Scottsdale',0),(767,'0000-00-00 00:00:00','Seattle',0),(768,'0000-00-00 00:00:00','Sebastopol',0),(769,'0000-00-00 00:00:00','Semarang',0),(770,'0000-00-00 00:00:00','Seoul',0),(771,'0000-00-00 00:00:00','Shanghai',0),(772,'0000-00-00 00:00:00','Shenyang',0),(773,'0000-00-00 00:00:00','Shreveport',0),(774,'0000-00-00 00:00:00','Singapore',0),(775,'0000-00-00 00:00:00','Sonoma',0),(776,'0000-00-00 00:00:00','South San Francisco',0),(777,'0000-00-00 00:00:00','St. Helena',0),(778,'0000-00-00 00:00:00','St. Louis',0),(779,'0000-00-00 00:00:00','St. Paul',0),(780,'0000-00-00 00:00:00','St. Petersburg',0),(781,'0000-00-00 00:00:00','Stanford',0),(782,'0000-00-00 00:00:00','Stockton',0),(783,'0000-00-00 00:00:00','Suisun City',0),(784,'0000-00-00 00:00:00','Sukabumi',0),(785,'0000-00-00 00:00:00','Sunnyvale',0),(786,'0000-00-00 00:00:00','Surabaya',0),(787,'0000-00-00 00:00:00','Sydney',0),(788,'0000-00-00 00:00:00','Tacoma',0),(789,'0000-00-00 00:00:00','Taegu',0),(790,'0000-00-00 00:00:00','Taipei',0),(791,'0000-00-00 00:00:00','Taiyuan',0),(792,'0000-00-00 00:00:00','Tampa',0),(793,'0000-00-00 00:00:00','Tashkent',0),(794,'0000-00-00 00:00:00','Tehran',0),(795,'0000-00-00 00:00:00','Tianjin',0),(796,'0000-00-00 00:00:00','Tiburon',0),(797,'0000-00-00 00:00:00','Tokyo',0),(798,'0000-00-00 00:00:00','Toledo',0),(799,'0000-00-00 00:00:00','Toronto',0),(800,'0000-00-00 00:00:00','Tucson',0),(801,'0000-00-00 00:00:00','Tulsa',0),(802,'0000-00-00 00:00:00','Union City',0),(803,'0000-00-00 00:00:00','Vacaville',0),(804,'0000-00-00 00:00:00','Vallejo',0),(805,'0000-00-00 00:00:00','Virginia Beach',0),(806,'0000-00-00 00:00:00','Walnut Creek',0),(807,'0000-00-00 00:00:00','Washington',0),(808,'0000-00-00 00:00:00','Wichita',0),(809,'0000-00-00 00:00:00','Windsor',0),(810,'0000-00-00 00:00:00','Woodside',0),(811,'0000-00-00 00:00:00','Wuhan',0),(812,'0000-00-00 00:00:00','Xian',0),(813,'0000-00-00 00:00:00','Yangon',0),(814,'0000-00-00 00:00:00','Yokohama',0),(815,'0000-00-00 00:00:00','Yonkers',0),(816,'0000-00-00 00:00:00','Yountville',0),(817,'0000-00-00 00:00:00','Zibo',0),(818,'0000-00-00 00:00:00','Big Rapids',0),(819,'0000-00-00 00:00:00','Thousand Oaks',0),(820,'0000-00-00 00:00:00','Manalapan',0),(821,'0000-00-00 00:00:00','Redmond',0),(822,'0000-00-00 00:00:00','Mars',0),(824,'2007-09-11 08:57:01','Burbank',0),(830,'2007-10-09 11:06:45','West Windsor',0),(831,'2007-10-09 11:10:39','Plainsboro',0),(832,'2007-10-09 11:12:49','Providence',0),(833,'2007-10-09 11:12:49','Princeton',0),(834,'2007-10-18 16:42:56','Ann Arbor',0),(835,'2007-10-21 12:22:35','Hamden',0),(836,'2007-10-21 12:49:17','Cambridge',0),(839,'2007-10-22 22:38:09','La Jolla',0),(840,'2007-10-22 22:45:54','Cold Spring Harbor',0),(842,'2007-12-04 21:52:50','Skyros Island',0),(844,'2008-11-22 17:51:37','test',0),(845,'2008-11-22 18:03:58','Hagerstown',0),(846,'2008-11-23 17:31:37','-0-0 00:00:00',0),(847,'2008-12-15 08:48:34','Piscataway',0),(848,'2009-07-18 17:40:13','Santa Barbara',0);
/*!40000 ALTER TABLE `pwf_city` ENABLE KEYS */;
UNLOCK TABLES;

--
-- Table structure for table `pwf_company`
--

DROP TABLE IF EXISTS `pwf_company`;
/*!40101 SET @saved_cs_client     = @@character_set_client */;
/*!40101 SET character_set_client = utf8 */;
CREATE TABLE `pwf_company` (
  `id` mediumint(8) unsigned NOT NULL AUTO_INCREMENT,
  `name` varchar(60) NOT NULL,
  `f` int(10) unsigned NOT NULL DEFAULT '0',
  `ticker` varchar(6) DEFAULT NULL,
  `created` datetime NOT NULL,
  PRIMARY KEY (`id`),
  UNIQUE KEY `name` (`name`,`ticker`)
) ENGINE=InnoDB AUTO_INCREMENT=3403 DEFAULT CHARSET=utf8;
/*!40101 SET character_set_client = @saved_cs_client */;

--
-- Dumping data for table `pwf_company`
--

LOCK TABLES `pwf_company` WRITE;
/*!40000 ALTER TABLE `pwf_company` DISABLE KEYS */;
INSERT INTO `pwf_company` VALUES (1,'@Road, Inc.',0,'ARDI','0000-00-00 00:00:00'),(2,'1-800 Contacts, Inc.',0,'CTAC','0000-00-00 00:00:00'),(3,'1-800 FLOWERS.COM, Inc.',0,'FLWS','0000-00-00 00:00:00'),(4,'1st Constitution Bancorp (NJ)',0,'FCCY','0000-00-00 00:00:00'),(5,'1st Independence Financial Group, Inc.',0,'FIFG','0000-00-00 00:00:00'),(6,'1st Source Corporation',0,'SRCE','0000-00-00 00:00:00'),(8,'21st Century Holding Company',0,'TCHC','0000-00-00 00:00:00'),(10,'24/7 Real Media, Inc.',0,'TFSM','0000-00-00 00:00:00'),(11,'3Com Corporation',0,'COMS','0000-00-00 00:00:00'),(12,'3D Systems Corporation',0,'TDSC','0000-00-00 00:00:00'),(13,'51job, Inc.',0,'JOBS','0000-00-00 00:00:00'),(14,'8x8 Inc',0,'EGHT','0000-00-00 00:00:00'),(15,'A Consulting Team, Inc. (The)',0,'TACX','0000-00-00 00:00:00'),(16,'A. Schulman, Inc.',0,'SHLM','0000-00-00 00:00:00'),(17,'A.C. Moore Arts & Crafts, Inc.',0,'ACMR','0000-00-00 00:00:00'),(18,'A.D.A.M. Inc.',0,'ADAM','0000-00-00 00:00:00'),(19,'A.S.V., Inc.',0,'ASVI','0000-00-00 00:00:00'),(20,'AAON, Inc.',0,'AAON','0000-00-00 00:00:00'),(21,'Aastrom Biosciences, Inc.',0,'ASTM','0000-00-00 00:00:00'),(22,'AB Volvo',0,'VOLV','0000-00-00 00:00:00'),(23,'Abatix Corp.',0,'ABIX','0000-00-00 00:00:00'),(24,'ABAXIS, Inc.',0,'ABAX','0000-00-00 00:00:00'),(25,'Aber Diamond Corporation',0,'ABER','0000-00-00 00:00:00'),(26,'Abigail Adams National Bancorp, Inc.',0,'AANB','0000-00-00 00:00:00'),(27,'Abington Community Bancorp, Inc.',0,'ABBC','0000-00-00 00:00:00'),(28,'ABIOMED, Inc.',0,'ABMD','0000-00-00 00:00:00'),(29,'Abraxis BioScience, Inc.',0,'ABBI','0000-00-00 00:00:00'),(30,'ABX Air, Inc.',0,'ABXA','0000-00-00 00:00:00'),(31,'Acacia Research Corporation',0,'ACTG','0000-00-00 00:00:00'),(33,'ACADIA Pharmaceuticals Inc.',0,'ACAD','0000-00-00 00:00:00'),(34,'Acambis plc',0,'ACAM','0000-00-00 00:00:00'),(35,'Accelrys, Inc.',0,'ACCL','0000-00-00 00:00:00'),(36,'Accentia Biopharmaceuticals, Inc.',0,'ABPI','0000-00-00 00:00:00'),(37,'Access Integrated Technologies, Inc.',0,'AIXD','0000-00-00 00:00:00'),(38,'Access National Corporation',0,'ANCX','0000-00-00 00:00:00'),(39,'Accredited Home Lenders Holding Co.',0,'LEND','0000-00-00 00:00:00'),(40,'ACE*COMM Corporation',0,'ACEC','0000-00-00 00:00:00'),(41,'Acergy S.A.',0,'ACGY','0000-00-00 00:00:00'),(42,'Aceto Corporation',0,'ACET','0000-00-00 00:00:00'),(43,'Achillion Pharmaceuticals, Inc.',0,'ACHN','0000-00-00 00:00:00'),(44,'ACME Communications, Inc.',0,'ACME','0000-00-00 00:00:00'),(45,'Acme Packet, Inc.',0,'APKT','0000-00-00 00:00:00'),(46,'Acorda Therapeutics, Inc.',0,'ACOR','0000-00-00 00:00:00'),(47,'ACS Motion Control Ltd.',0,'ACSEF','0000-00-00 00:00:00'),(48,'Actel Corporation',0,'ACTL','0000-00-00 00:00:00'),(49,'Action Products International, Inc.',0,'APII','0000-00-00 00:00:00'),(50,'Actions Semiconductor Co., Ltd.',0,'ACTS','0000-00-00 00:00:00'),(51,'Active Power, Inc.',0,'ACPW','0000-00-00 00:00:00'),(52,'ActivIdentity Corporation',0,'ACTI','0000-00-00 00:00:00'),(53,'Activision, Inc.',0,'ATVI','0000-00-00 00:00:00'),(54,'Actuate Corporation',0,'ACTU','0000-00-00 00:00:00'),(55,'Acusphere, Inc.',0,'ACUS','0000-00-00 00:00:00'),(56,'Acxiom Corporation',0,'ACXM','0000-00-00 00:00:00'),(57,'ADA-ES, Inc.',0,'ADES','0000-00-00 00:00:00'),(58,'Adams Respiratory Therapeutics, Inc.',0,'ARXT','0000-00-00 00:00:00'),(59,'Adaptec, Inc.',0,'ADPT','0000-00-00 00:00:00'),(60,'ADC Telecommunications, Inc.',0,'ADCT','0000-00-00 00:00:00'),(61,'Adept Technology, Inc.',0,'ADEP','0000-00-00 00:00:00'),(62,'Adeza Biomedical Corporation',0,'ADZA','0000-00-00 00:00:00'),(63,'Adobe Systems Incorporated',0,'ADBE','0000-00-00 00:00:00'),(64,'Adolor Corporation',0,'ADLR','0000-00-00 00:00:00'),(65,'AdStar, Inc.',0,'ADST','0000-00-00 00:00:00'),(66,'ADTRAN, Inc.',0,'ADTN','0000-00-00 00:00:00'),(67,'Advanced Analogic Technologies, Inc.',0,'AATI','0000-00-00 00:00:00'),(68,'Advanced Energy Industries, Inc.',0,'AEIS','0000-00-00 00:00:00'),(69,'Advanced Environmental Recycling Technologies, Inc.',0,'AERT','0000-00-00 00:00:00'),(70,'Advanced Life Sciences Holdings, Inc.',0,'ADLS','0000-00-00 00:00:00'),(71,'Advanced Magnetics, Inc.',0,'AMAG','0000-00-00 00:00:00'),(72,'Advancis Pharmaceutical Corporation',0,'AVNC','0000-00-00 00:00:00'),(73,'ADVANTA Corp.',0,'ADVNA','0000-00-00 00:00:00'),(75,'Advent Software, Inc.',0,'ADVS','0000-00-00 00:00:00'),(76,'Advisory Board Company (The)',0,'ABCO','0000-00-00 00:00:00'),(77,'Advocat, Inc.',0,'AVCA','0000-00-00 00:00:00'),(78,'Aehr Test Systems',0,'AEHR','0000-00-00 00:00:00'),(79,'AEP Industries Inc.',0,'AEPI','0000-00-00 00:00:00'),(80,'Aeroflex Incorporated',0,'ARXX','0000-00-00 00:00:00'),(81,'AEterna Zentaris, Inc.',0,'AEZS','0000-00-00 00:00:00'),(82,'Aether Holdings, Inc.',0,'AETH','0000-00-00 00:00:00'),(83,'Aetrium Incorporated',0,'ATRM','0000-00-00 00:00:00'),(84,'AFC Enterprises, Inc.',0,'AFCE','0000-00-00 00:00:00'),(85,'Affirmative Insurance Holdings, Inc.',0,'AFFM','0000-00-00 00:00:00'),(86,'Affymetrix, Inc.',0,'AFFX','0000-00-00 00:00:00'),(87,'Aftermarket Technology Corp.',0,'ATAC','0000-00-00 00:00:00'),(88,'Agile Software Corporation',0,'AGIL','0000-00-00 00:00:00'),(89,'Agilysys, Inc.',0,'AGYS','0000-00-00 00:00:00'),(90,'Agnico-Eagle Mines Limited',0,'AEMLW','0000-00-00 00:00:00'),(91,'AHPC Holdings, Inc.',0,'GLOV','0000-00-00 00:00:00'),(92,'Air Methods Corporation',0,'AIRM','0000-00-00 00:00:00'),(93,'Air T, Inc.',0,'AIRT','0000-00-00 00:00:00'),(94,'Airspan Networks Inc.',0,'AIRN','0000-00-00 00:00:00'),(95,'Aixtron Aktiengesellschaft',0,'AIXG','0000-00-00 00:00:00'),(96,'Akamai Technologies, Inc.',0,'AKAM','0000-00-00 00:00:00'),(97,'Aksys, Ltd.',0,'AKSY','0000-00-00 00:00:00'),(98,'Aktieselskabet Dampskibsselskabet Torm',0,'TRMD','0000-00-00 00:00:00'),(99,'Akzo Nobel N.V.',0,'AKZOY','0000-00-00 00:00:00'),(100,'Alabama National BanCorporation',0,'ALAB','0000-00-00 00:00:00'),(101,'Aladdin Knowledge Systems Limited',0,'ALDN','0000-00-00 00:00:00'),(102,'Alanco Technologies Inc.',0,'ALAND','0000-00-00 00:00:00'),(103,'Alaska Communications Systems Group, Inc.',0,'ALSK','0000-00-00 00:00:00'),(104,'Albany Molecular Research, Inc.',0,'AMRI','0000-00-00 00:00:00'),(105,'Alderwoods Group Inc',0,'AWGI','0000-00-00 00:00:00'),(107,'Aldila, Inc.',0,'ALDA','0000-00-00 00:00:00'),(108,'Alexander & Baldwin, Inc.',0,'ALEX','0000-00-00 00:00:00'),(109,'Alexion Pharmaceuticals, Inc.',0,'ALXN','0000-00-00 00:00:00'),(110,'Alexza Pharmaceuticals, Inc.',0,'ALXA','0000-00-00 00:00:00'),(111,'Alfa Corporation',0,'ALFA','0000-00-00 00:00:00'),(112,'Alfacell Corporation',0,'ACEL','0000-00-00 00:00:00'),(113,'Alico, Inc.',0,'ALCO','0000-00-00 00:00:00'),(114,'Align Technology, Inc.',0,'ALGN','0000-00-00 00:00:00'),(115,'Alkermes, Inc.',0,'ALKS','0000-00-00 00:00:00'),(116,'All American Semiconductor, Inc.',0,'SEMI','0000-00-00 00:00:00'),(117,'Alliance Bankshares Corporation',0,'ABVA','0000-00-00 00:00:00'),(118,'Alliance Fiber Optic Products, Inc.',0,'AFOP','0000-00-00 00:00:00'),(119,'Alliance Financial Corporation',0,'ALNC','0000-00-00 00:00:00'),(120,'Alliance Holdings GP, L.P.',0,'AHGP','0000-00-00 00:00:00'),(121,'Alliance Resource Partners, L.P.',0,'ARLP','0000-00-00 00:00:00'),(122,'Allied HealthCare International Inc.',0,'AHCI','0000-00-00 00:00:00'),(123,'Allied Healthcare Products, Inc.',0,'AHPI','0000-00-00 00:00:00'),(124,'Allied Motion Technologies, Inc.',0,'AMOT','0000-00-00 00:00:00'),(125,'Allion Healthcare, Inc.',0,'ALLI','0000-00-00 00:00:00'),(126,'Allos Therapeutics, Inc.',0,'ALTH','0000-00-00 00:00:00'),(127,'Alloy, Inc.',0,'ALOY','0000-00-00 00:00:00'),(128,'Allscripts Healthcare Solutions Inc',0,'MDRX','0000-00-00 00:00:00'),(129,'Almost Family Inc',0,'AFAM','0000-00-00 00:00:00'),(130,'Alnylam Pharmaceuticals, Inc.',0,'ALNY','0000-00-00 00:00:00'),(131,'Alphatec Holdings, Inc.',0,'ATEC','0000-00-00 00:00:00'),(132,'Altair Nanotechnologies Inc.',0,'ALTI','0000-00-00 00:00:00'),(133,'Altera Corporation',0,'ALTR','0000-00-00 00:00:00'),(134,'AltiGen Communications, Inc.',0,'ATGN','0000-00-00 00:00:00'),(135,'Altiris, Inc.',0,'ATRS','0000-00-00 00:00:00'),(136,'Alto Palermo S.A.',0,'APSA','0000-00-00 00:00:00'),(137,'Altus Pharmaceuticals Inc.',0,'ALTU','0000-00-00 00:00:00'),(138,'Alvarion Ltd.',0,'ALVR','0000-00-00 00:00:00'),(139,'Amarin Corporation PLC',0,'AMRN','0000-00-00 00:00:00'),(140,'Amazon.com, Inc.',0,'AMZN','0000-00-00 00:00:00'),(141,'Ambassadors Group, Inc.',0,'EPAX','0000-00-00 00:00:00'),(142,'Ambassadors International, Inc.',0,'AMIE','0000-00-00 00:00:00'),(143,'AmCOMP Incorporated',0,'AMCP','0000-00-00 00:00:00'),(144,'Amcor Limited',0,'AMCR','0000-00-00 00:00:00'),(146,'Amcore Financial, Inc.',0,'AMFI','0000-00-00 00:00:00'),(147,'Amedisys Inc',0,'AMED','0000-00-00 00:00:00'),(148,'AMEN Properties Inc.',0,'AMEN','0000-00-00 00:00:00'),(149,'Amerco',0,'UHAL','0000-00-00 00:00:00'),(150,'Ameriana Bancorp',0,'ASBI','0000-00-00 00:00:00'),(151,'America First Apartment Investors, Inc.',0,'APRO','0000-00-00 00:00:00'),(152,'America First Tax Exempt Investors, L.P.',0,'ATAXZ','0000-00-00 00:00:00'),(153,'America Movil, S.A. de C.V.',0,'AMOV','0000-00-00 00:00:00'),(154,'America Service Group Inc.',0,'ASGR','0000-00-00 00:00:00'),(155,'America\'s Car-Mart, Inc.',0,'CRMT','0000-00-00 00:00:00'),(156,'American Access Technologies, Inc.',0,'AATK','0000-00-00 00:00:00'),(157,'American Bancorp of New Jersey, Inc.',0,'ABNJ','0000-00-00 00:00:00'),(158,'American Bank Inc',0,'AMBK','0000-00-00 00:00:00'),(159,'American Bio Medica Corp.',0,'ABMC','0000-00-00 00:00:00'),(160,'American Capital Strategies, Ltd.',0,'ACAS','0000-00-00 00:00:00'),(161,'American Claims Evaluation, Inc.',0,'AMCE','0000-00-00 00:00:00'),(162,'American Commercial Lines Inc',0,'ACLI','0000-00-00 00:00:00'),(163,'American Community Bancshares',0,'ACBA','0000-00-00 00:00:00'),(164,'American Dental Partners, Inc.',0,'ADPI','0000-00-00 00:00:00'),(165,'American Eagle Outfitters, Inc.',0,'AEOS','0000-00-00 00:00:00'),(166,'American Ecology Corporation',0,'ECOL','0000-00-00 00:00:00'),(167,'American Independence Corp.',0,'AMIC','0000-00-00 00:00:00'),(168,'American Medical Alert Corp.',0,'AMAC','0000-00-00 00:00:00'),(169,'American Medical Systems Holdings, Inc.',0,'AMMD','0000-00-00 00:00:00'),(170,'American Mold Guard, Inc.',0,'AMGI','0000-00-00 00:00:00'),(171,'American Mold Guard, Inc.',0,'AMGIW','0000-00-00 00:00:00'),(172,'American Mold Guard, Inc.',0,'AMGIZ','0000-00-00 00:00:00'),(173,'American National Bankshares, Inc.',0,'AMNB','0000-00-00 00:00:00'),(174,'American National Insurance Company',0,'ANAT','0000-00-00 00:00:00'),(175,'American Pacific Corporation',0,'APFC','0000-00-00 00:00:00'),(176,'American Physicians Capital, Inc.',0,'ACAP','0000-00-00 00:00:00'),(177,'American Physicians Service Group, Inc.',0,'AMPH','0000-00-00 00:00:00'),(178,'American Power Conversion Corporation',0,'APCC','0000-00-00 00:00:00'),(179,'American Railcar Industries, Inc.',0,'ARII','0000-00-00 00:00:00'),(180,'American River Bankshares',0,'AMRB','0000-00-00 00:00:00'),(181,'American Science and Engineering, Inc.',0,'ASEI','0000-00-00 00:00:00'),(182,'American Software, Inc.',0,'AMSWA','0000-00-00 00:00:00'),(183,'American Superconductor Corporation',0,'AMSC','0000-00-00 00:00:00'),(184,'American Technology Corporation',0,'ATCO','0000-00-00 00:00:00'),(185,'American Woodmark Corporation',0,'AMWD','0000-00-00 00:00:00'),(186,'AmericanWest Bancorporation',0,'AWBC','0000-00-00 00:00:00'),(187,'AmericasBank Corp.',0,'AMAB','0000-00-00 00:00:00'),(188,'Amerigon Incorporated',0,'ARGN','0000-00-00 00:00:00'),(189,'Ameris Bancorp',0,'ABCB','0000-00-00 00:00:00'),(190,'AMERISAFE, Inc.',0,'AMSF','0000-00-00 00:00:00'),(191,'AmeriServ Financial Inc.',0,'ASRV','0000-00-00 00:00:00'),(192,'AmeriServ Financial Inc.',0,'ASRVP','0000-00-00 00:00:00'),(193,'Ameristar Casinos, Inc.',0,'ASCA','0000-00-00 00:00:00'),(194,'Ameritrans Capital Corporation',0,'AMTC','0000-00-00 00:00:00'),(195,'Ameritrans Capital Corporation',0,'AMTCP','0000-00-00 00:00:00'),(196,'Ameritrans Capital Corporation',0,'AMTCW','0000-00-00 00:00:00'),(197,'Amerityre Corporation',0,'AMTY','0000-00-00 00:00:00'),(198,'Ames National Corporation',0,'ATLO','0000-00-00 00:00:00'),(199,'Amgen Inc.',0,'AMGN','0000-00-00 00:00:00'),(200,'AMICAS, Inc.',0,'AMCS','0000-00-00 00:00:00'),(201,'AMIS Holdings, Inc.',0,'AMIS','0000-00-00 00:00:00'),(202,'Amkor Technology, Inc.',0,'AMKR','0000-00-00 00:00:00'),(203,'Ampal-American Israel Corporation',0,'AMPL','0000-00-00 00:00:00'),(204,'Ampex Corporation',0,'AMPX','0000-00-00 00:00:00'),(205,'Amsurg Corp.',0,'AMSG','0000-00-00 00:00:00'),(206,'Amtech Systems, Inc.',0,'ASYS','0000-00-00 00:00:00'),(207,'Amylin Pharmaceuticals, Inc.',0,'AMLN','0000-00-00 00:00:00'),(208,'ANADIGICS, Inc.',0,'ANAD','0000-00-00 00:00:00'),(209,'Anadys Pharmaceuticals, Inc.',0,'ANDS','0000-00-00 00:00:00'),(210,'Analogic Corporation',0,'ALOG','0000-00-00 00:00:00'),(211,'Analysts International Corporation',0,'ANLY','0000-00-00 00:00:00'),(212,'Analytical Surveys, Inc.',0,'ANLT','0000-00-00 00:00:00'),(213,'Anaren, Inc.',0,'ANEN','0000-00-00 00:00:00'),(214,'Anchor BanCorp Wisconsin Inc.',0,'ABCW','0000-00-00 00:00:00'),(215,'Andersons, Inc. (The)',0,'ANDE','0000-00-00 00:00:00'),(216,'Andrew Corporation',0,'ANDW','0000-00-00 00:00:00'),(217,'Andrx Group',0,'ADRX','0000-00-00 00:00:00'),(218,'Anesiva, Inc.',0,'ANSV','0000-00-00 00:00:00'),(219,'Angeion Corporation',0,'ANGN','0000-00-00 00:00:00'),(220,'AngioDynamics, Inc.',0,'ANGO','0000-00-00 00:00:00'),(221,'Angiotech Pharmaceuticals, Inc.',0,'ANPI','0000-00-00 00:00:00'),(222,'Anglo American plc',0,'AAUK','0000-00-00 00:00:00'),(223,'Anika Therapeutics Inc.',0,'ANIK','0000-00-00 00:00:00'),(224,'Annapolis Bancorp Inc.',0,'ANNB','0000-00-00 00:00:00'),(225,'AnorMED Inc',0,'ANOR','0000-00-00 00:00:00'),(226,'Ansoft Corporation',0,'ANST','0000-00-00 00:00:00'),(227,'Answers Corporation',0,'ANSW','0000-00-00 00:00:00'),(228,'Answerthink, Inc.',0,'ANSR','0000-00-00 00:00:00'),(229,'ANSYS, Inc.',0,'ANSS','0000-00-00 00:00:00'),(230,'Antigenics Inc.',0,'AGEN','0000-00-00 00:00:00'),(231,'AP Pharma, Inc.',0,'APPA','0000-00-00 00:00:00'),(232,'APA Enterprises, Inc.',0,'APAT','0000-00-00 00:00:00'),(233,'APAC Customer Services, Inc.',0,'APAC','0000-00-00 00:00:00'),(234,'APCO Argentina Inc.',0,'APAGF','0000-00-00 00:00:00'),(235,'Apogee Enterprises, Inc.',0,'APOG','0000-00-00 00:00:00'),(236,'Apollo Group, Inc.',0,'APOL','0000-00-00 00:00:00'),(237,'Apollo Investment Corporation',0,'AINV','0000-00-00 00:00:00'),(238,'Appalachian Bancshares, Inc. (GA)',0,'APAB','0000-00-00 00:00:00'),(239,'Apple Computer, Inc.',0,'AAPL','0000-00-00 00:00:00'),(240,'Applebee\'s International, Inc.',0,'APPB','0000-00-00 00:00:00'),(241,'Appliance Recycling Centers of America, Inc.',0,'ARCI','0000-00-00 00:00:00'),(242,'Applied Digital Solutions, Inc.',0,'ADSX','0000-00-00 00:00:00'),(243,'Applied Innovation Inc.',0,'AINN','0000-00-00 00:00:00'),(244,'Applied Materials, Inc.',0,'AMAT','0000-00-00 00:00:00'),(245,'Applied Micro Circuits Corporation',0,'AMCC','0000-00-00 00:00:00'),(246,'Applied Signal Technology, Inc.',0,'APSG','0000-00-00 00:00:00'),(247,'Applix, Inc.',0,'APLX','0000-00-00 00:00:00'),(248,'APTIMUS INC',0,'APTM','0000-00-00 00:00:00'),(249,'aQuantive, Inc.',0,'AQNT','0000-00-00 00:00:00'),(250,'Aradigm Corporation',0,'ARDM','0000-00-00 00:00:00'),(251,'Arbinet-thexchange, Inc.',0,'ARBX','0000-00-00 00:00:00'),(252,'Arcadis NV',0,'ARCAF','0000-00-00 00:00:00'),(253,'Arch Capital Group Ltd.',0,'ACGL','0000-00-00 00:00:00'),(254,'Arctic Cat Inc.',0,'ACAT','0000-00-00 00:00:00'),(255,'Arden Group, Inc.',0,'ARDNA','0000-00-00 00:00:00'),(256,'Arena Pharmaceuticals, Inc.',0,'ARNA','0000-00-00 00:00:00'),(257,'Ares Capital Corporation',0,'ARCC','0000-00-00 00:00:00'),(258,'ARGON ST, Inc.',0,'STST','0000-00-00 00:00:00'),(259,'Argonaut Group, Inc.',0,'AGII','0000-00-00 00:00:00'),(260,'ARIAD Pharmaceuticals, Inc.',0,'ARIA','0000-00-00 00:00:00'),(261,'Ariba, Inc.',0,'ARBA','0000-00-00 00:00:00'),(262,'Aries Maritime Transport Limited',0,'RAMS','0000-00-00 00:00:00'),(263,'Ark Restaurants Corp.',0,'ARKR','0000-00-00 00:00:00'),(264,'Arkansas Best Corporation',0,'ABFS','0000-00-00 00:00:00'),(265,'ARM Holdings, plc',0,'ARMHY','0000-00-00 00:00:00'),(266,'Arotech Corporation',0,'ARTX','0000-00-00 00:00:00'),(267,'ArQule, Inc.',0,'ARQL','0000-00-00 00:00:00'),(268,'Array BioPharma Inc.',0,'ARRY','0000-00-00 00:00:00'),(269,'Arris Group Inc',0,'ARRS','0000-00-00 00:00:00'),(270,'Arrow Financial Corporation',0,'AROW','0000-00-00 00:00:00'),(271,'Arrow International, Inc.',0,'ARRO','0000-00-00 00:00:00'),(272,'Arrowhead Research Corporation',0,'ARWR','0000-00-00 00:00:00'),(273,'Art Technology Group, Inc.',0,'ARTG','0000-00-00 00:00:00'),(274,'Art\'s-Way Manufacturing Co., Inc.',0,'ARTW','0000-00-00 00:00:00'),(275,'Artesian Resources Corporation',0,'ARTNA','0000-00-00 00:00:00'),(276,'ArthroCare Corporation',0,'ARTC','0000-00-00 00:00:00'),(277,'ASAT Holdings Limited',0,'ASTT','0000-00-00 00:00:00'),(278,'Ascent Solar Technologies, Inc.',0,'ASTI','0000-00-00 00:00:00'),(279,'Ascent Solar Technologies, Inc.',0,'ASTIW','0000-00-00 00:00:00'),(280,'Ascent Solar Technologies, Inc.',0,'ASTIZ','0000-00-00 00:00:00'),(281,'ASE Test, Limited',0,'ASTSF','0000-00-00 00:00:00'),(282,'Ashworth, Inc.',0,'ASHW','0000-00-00 00:00:00'),(283,'AsiaInfo Holdings, Inc.',0,'ASIA','0000-00-00 00:00:00'),(284,'ASM International N.V.',0,'ASMI','0000-00-00 00:00:00'),(285,'ASML Holding N.V.',0,'ASML','0000-00-00 00:00:00'),(286,'Aspect Medical Systems, Inc.',0,'ASPM','0000-00-00 00:00:00'),(287,'Aspen Technology, Inc.',0,'AZPN','0000-00-00 00:00:00'),(288,'Aspreva Pharmaceuticals Corporation',0,'ASPV','0000-00-00 00:00:00'),(289,'Asset Acceptance Capital Corp.',0,'AACC','0000-00-00 00:00:00'),(290,'Associated Banc-Corp',0,'ASBC','0000-00-00 00:00:00'),(291,'Asta Funding, Inc.',0,'ASFI','0000-00-00 00:00:00'),(292,'Astea International, Inc.',0,'ATEA','0000-00-00 00:00:00'),(293,'Astec Industries, Inc.',0,'ASTE','0000-00-00 00:00:00'),(294,'Asthmatx, Inc.',0,'AZMA','0000-00-00 00:00:00'),(295,'Astro-Med, Inc.',0,'ALOT','0000-00-00 00:00:00'),(296,'Astronics Corporation',0,'ATRO','0000-00-00 00:00:00'),(297,'Asyst Technologies, Inc.',0,'ASYT','0000-00-00 00:00:00'),(298,'Atari, Inc.',0,'ATAR','0000-00-00 00:00:00'),(299,'AtheroGenics, Inc.',0,'AGIX','0000-00-00 00:00:00'),(300,'Atheros Communications, Inc.',0,'ATHR','0000-00-00 00:00:00'),(301,'Atlantic American Corporation',0,'AAME','0000-00-00 00:00:00'),(302,'Atlantic BancGroup Inc',0,'ATBC','0000-00-00 00:00:00'),(303,'Atlantic Coast Federal Corporation',0,'ACFC','0000-00-00 00:00:00'),(304,'Atlantic Tele-Network, Inc.',0,'ATNI','0000-00-00 00:00:00'),(305,'Atlantis Plastics, Inc.',0,'ATPL','0000-00-00 00:00:00'),(306,'Atlas Air Worldwide Holdings',0,'AAWW','0000-00-00 00:00:00'),(307,'Atlas America, Inc.',0,'ATLS','0000-00-00 00:00:00'),(308,'Atlas South Sea Pearl Limited',0,'APCFY','0000-00-00 00:00:00'),(309,'Atmel Corporation',0,'ATML','0000-00-00 00:00:00'),(310,'ATMI Inc.',0,'ATMI','0000-00-00 00:00:00'),(311,'ATP Oil & Gas Corporation',0,'ATPG','0000-00-00 00:00:00'),(312,'AtriCure, Inc.',0,'ATRC','0000-00-00 00:00:00'),(313,'ATRION Corporation',0,'ATRI','0000-00-00 00:00:00'),(314,'ATS Medical, Inc.',0,'ATSI','0000-00-00 00:00:00'),(315,'Attunity Ltd.',0,'ATTU','0000-00-00 00:00:00'),(316,'Auburn National Bancorporation, Inc.',0,'AUBN','0000-00-00 00:00:00'),(317,'Audible, Inc.',0,'ADBL','0000-00-00 00:00:00'),(318,'AudioCodes Ltd.',0,'AUDC','0000-00-00 00:00:00'),(319,'Audiovox Corporation',0,'VOXX','0000-00-00 00:00:00'),(320,'Authentidate Holding Corp.',0,'ADAT','0000-00-00 00:00:00'),(321,'Autobytel Inc.',0,'ABTL','0000-00-00 00:00:00'),(322,'Autodesk, Inc.',0,'ADSK','0000-00-00 00:00:00'),(323,'Auxilium Pharmaceuticals, Inc.',0,'AUXL','0000-00-00 00:00:00'),(324,'Avalon Pharmaceuticals, Inc.',0,'AVRX','0000-00-00 00:00:00'),(325,'Avanex Corporation',0,'AVNX','0000-00-00 00:00:00'),(326,'AVANIR Pharmaceuticals',0,'AVNR','0000-00-00 00:00:00'),(327,'Avant Immunotherapeutics, Inc.',0,'AVAN','0000-00-00 00:00:00'),(328,'Avatar Holdings Inc.',0,'AVTR','0000-00-00 00:00:00'),(329,'AVI BioPharma, Inc.',0,'AVII','0000-00-00 00:00:00'),(330,'Avici Systems Inc.',0,'AVCI','0000-00-00 00:00:00'),(331,'Avid Technology, Inc.',0,'AVID','0000-00-00 00:00:00'),(332,'Avigen, Inc.',0,'AVGN','0000-00-00 00:00:00'),(333,'Avistar Communications Corporation',0,'AVSR','0000-00-00 00:00:00'),(334,'Aviza Technology, Inc.',0,'AVZA','0000-00-00 00:00:00'),(335,'Avocent Corporation',0,'AVCT','0000-00-00 00:00:00'),(336,'Aware, Inc.',0,'AWRE','0000-00-00 00:00:00'),(337,'Axcan Pharma Inc.',0,'AXCA','0000-00-00 00:00:00'),(338,'Axcelis Technologies, Inc.',0,'ACLS','0000-00-00 00:00:00'),(339,'Axsys Technologies, Inc.',0,'AXYS','0000-00-00 00:00:00'),(340,'AXT Inc',0,'AXTI','0000-00-00 00:00:00'),(341,'B.O.S. Better Online Solutions',0,'BOSC','0000-00-00 00:00:00'),(342,'BabyUniverse, Inc.',0,'POSH','0000-00-00 00:00:00'),(343,'Back Yard Burgers, Inc.',0,'BYBI','0000-00-00 00:00:00'),(344,'BackWeb Technologies Ltd.',0,'BWEB','0000-00-00 00:00:00'),(345,'Baidu.com, Inc.',0,'BIDU','0000-00-00 00:00:00'),(346,'Bakers Footwear Group, Inc.',0,'BKRS','0000-00-00 00:00:00'),(347,'Baldwin & Lyons, Inc.',0,'BWINA','0000-00-00 00:00:00'),(348,'Baldwin & Lyons, Inc.',0,'BWINB','0000-00-00 00:00:00'),(349,'Ballard Power Systems, Inc.',0,'BLDP','0000-00-00 00:00:00'),(350,'BancFirst Corporation',0,'BANF','0000-00-00 00:00:00'),(351,'BancFirst Corporation',0,'BANFP','0000-00-00 00:00:00'),(352,'Bancorp Rhode Island, Inc.',0,'BARI','0000-00-00 00:00:00'),(353,'Bancshares of Florida, Inc.',0,'BOFL','0000-00-00 00:00:00'),(354,'BancTrust Financial Group, Inc.',0,'BTFG','0000-00-00 00:00:00'),(355,'Bank McKenney',0,'BOMK','0000-00-00 00:00:00'),(356,'Bank Mutual Corporation',0,'BKMU','0000-00-00 00:00:00'),(357,'Bank of Commerce Holdings (CA)',0,'BOCH','0000-00-00 00:00:00'),(358,'Bank of Granite Corporation',0,'GRAN','0000-00-00 00:00:00'),(359,'Bank of Marin',0,'BMRC','0000-00-00 00:00:00'),(360,'Bank of Oak Ridge',0,'BKOR','0000-00-00 00:00:00'),(361,'Bank of South Carolina Corp.',0,'BKSC','0000-00-00 00:00:00'),(362,'Bank of the Carolinas Corporation',0,'BCAR','0000-00-00 00:00:00'),(363,'Bank of the Ozarks',0,'OZRK','0000-00-00 00:00:00'),(364,'Bank Of Virginia',0,'BOVA','0000-00-00 00:00:00'),(365,'BankAtlantic Bancorp, Inc.',0,'BBXT','0000-00-00 00:00:00'),(366,'BankFinancial Corporation',0,'BFIN','0000-00-00 00:00:00'),(367,'Bankrate Inc',0,'RATE','0000-00-00 00:00:00'),(368,'BankUnited Financial Corporation',0,'BKUNA','0000-00-00 00:00:00'),(369,'Banner Corporation',0,'BANR','0000-00-00 00:00:00'),(370,'Bare Escentuals, Inc.',0,'BARE','0000-00-00 00:00:00'),(371,'Barrett Business Services, Inc.',0,'BBSI','0000-00-00 00:00:00'),(372,'Barrier Therapeutics, Inc.',0,'BTRX','0000-00-00 00:00:00'),(373,'Basin Water, Inc.',0,'BWTR','0000-00-00 00:00:00'),(374,'Bassett Furniture Industries, Incorporated',0,'BSET','0000-00-00 00:00:00'),(375,'Bay National Corporation (Maryland)',0,'BAYN','0000-00-00 00:00:00'),(376,'BB&T Corporation',0,'MSDXP','0000-00-00 00:00:00'),(377,'BCB Bancorp, Inc. (NJ)',0,'BCBP','0000-00-00 00:00:00'),(378,'BCSB Bankcorp, Inc.',0,'BCSB','0000-00-00 00:00:00'),(379,'BE Aerospace, Inc.',0,'BEAV','0000-00-00 00:00:00'),(380,'BE Semiconductor Industries NV',0,'BESI','0000-00-00 00:00:00'),(381,'BEA Systems, Inc.',0,'BEAS','0000-00-00 00:00:00'),(382,'Beach First National Bancshares Inc',0,'BFNB','0000-00-00 00:00:00'),(383,'Beacon Power Corporation',0,'BCON','0000-00-00 00:00:00'),(384,'Beacon Roofing Supply, Inc.',0,'BECN','0000-00-00 00:00:00'),(385,'Beasley Broadcast Group, Inc.',0,'BBGI','0000-00-00 00:00:00'),(386,'bebe stores, inc.',0,'BEBE','0000-00-00 00:00:00'),(387,'Bed Bath & Beyond Inc.',0,'BBBY','0000-00-00 00:00:00'),(388,'Beijing Med-Pharm Corporation',0,'BJGP','0000-00-00 00:00:00'),(389,'Bel Fuse Inc.',0,'BELFA','0000-00-00 00:00:00'),(390,'Bel Fuse Inc.',0,'BELFB','0000-00-00 00:00:00'),(391,'Bell Microproducts Inc.',0,'BELM','0000-00-00 00:00:00'),(392,'Benihana Inc.',0,'BNHN','0000-00-00 00:00:00'),(393,'Benihana Inc.',0,'BNHNA','0000-00-00 00:00:00'),(394,'Benjamin Franklin Bancorp, Inc.',0,'BFBC','0000-00-00 00:00:00'),(395,'Berkshire Bancorp, Inc.',0,'BERK','0000-00-00 00:00:00'),(396,'Berkshire Hills Bancorp, Inc.',0,'BHLB','0000-00-00 00:00:00'),(397,'Beverly Hills Bancorp Inc.',0,'BHBC','0000-00-00 00:00:00'),(398,'Big 5 Sporting Goods Corporation',0,'BGFV','0000-00-00 00:00:00'),(399,'Big Dog Holding, Inc.',0,'BDOG','0000-00-00 00:00:00'),(400,'Bio-Imaging Technologies, Inc.',0,'BITI','0000-00-00 00:00:00'),(401,'Bio-Reference Laboratories, Inc.',0,'BRLI','0000-00-00 00:00:00'),(402,'Bioanalytical Systems, Inc.',0,'BASI','0000-00-00 00:00:00'),(403,'BioCryst Pharmaceuticals, Inc.',0,'BCRX','0000-00-00 00:00:00'),(404,'BioDelivery Sciences International, Inc.',0,'BDSI','0000-00-00 00:00:00'),(405,'BioDelivery Sciences International, Inc.',0,'BDSIW','0000-00-00 00:00:00'),(406,'Bioenvision, Inc.',0,'BIVN','0000-00-00 00:00:00'),(407,'Biogen Idec Inc',0,'BIIB','0000-00-00 00:00:00'),(408,'Bioject Medical Technologies Inc.',0,'BJCT','0000-00-00 00:00:00'),(409,'BioLase Technology, Inc.',0,'BLTI','0000-00-00 00:00:00'),(410,'BioMarin Pharmaceutical Inc.',0,'BMRN','0000-00-00 00:00:00'),(411,'Biomet, Inc.',0,'BMET','0000-00-00 00:00:00'),(412,'BioMimetic Therapeutics, Inc.',0,'BMTI','0000-00-00 00:00:00'),(413,'Biomira Inc.',0,'BIOM','0000-00-00 00:00:00'),(414,'BioProgress plc',0,'BPRG','0000-00-00 00:00:00'),(415,'Biopure Corporation',0,'BPUR','0000-00-00 00:00:00'),(416,'BioScrip, Inc.',0,'BIOS','0000-00-00 00:00:00'),(417,'Biosite, Inc.',0,'BSTE','0000-00-00 00:00:00'),(418,'BioSphere Medical, Inc.',0,'BSMD','0000-00-00 00:00:00'),(419,'BioVeris Corporation',0,'BIOV','0000-00-00 00:00:00'),(420,'Birner Dental Management Services, Inc.',0,'BDMS','0000-00-00 00:00:00'),(421,'Bitstream Inc.',0,'BITS','0000-00-00 00:00:00'),(422,'BJ\'s Restaurants, Inc.',0,'BJRI','0000-00-00 00:00:00'),(423,'Black Box Corporation',0,'BBOX','0000-00-00 00:00:00'),(424,'Blackbaud, Inc.',0,'BLKB','0000-00-00 00:00:00'),(425,'Blackboard Inc.',0,'BBBB','0000-00-00 00:00:00'),(426,'BlackRock S&P 500 Protected Equity Fund, Inc. (The)',0,'PEFX','0000-00-00 00:00:00'),(427,'BLDRS Asia 50 ADR Index Fund',0,'ADRA','0000-00-00 00:00:00'),(428,'BLDRS Developed Markets 100 ADR Index Fund',0,'ADRD','0000-00-00 00:00:00'),(429,'BLDRS Emerging Markets 50 ADR Index Fund',0,'ADRE','0000-00-00 00:00:00'),(430,'BLDRS Europe 100 ADR Index Fund',0,'ADRU','0000-00-00 00:00:00'),(431,'Blue Coat Systems Inc',0,'BCSI','0000-00-00 00:00:00'),(432,'Blue Dolphin Energy Company',0,'BDCO','0000-00-00 00:00:00'),(433,'Blue Holdings, Inc.',0,'BLUE','0000-00-00 00:00:00'),(434,'Blue Nile, Inc.',0,'NILE','0000-00-00 00:00:00'),(435,'Blue River Bancshares, Inc.',0,'BRBI','0000-00-00 00:00:00'),(436,'Bluefly, Inc.',0,'BFLY','0000-00-00 00:00:00'),(437,'BluePhoenix Solutions, Ltd.',0,'BPHX','0000-00-00 00:00:00'),(438,'BNC Bancorp',0,'BNCN','0000-00-00 00:00:00'),(439,'Bnccorp, Inc.',0,'BNCC','0000-00-00 00:00:00'),(440,'Boardwalk Bancorp, Inc.',0,'BORD','0000-00-00 00:00:00'),(441,'Boardwalk Bancorp, Inc.',0,'BORDW','0000-00-00 00:00:00'),(442,'Bob Evans Farms, Inc.',0,'BOBE','0000-00-00 00:00:00'),(443,'BOE Financial Services of Virginia Inc.',0,'BSXT','0000-00-00 00:00:00'),(444,'BofI Holding, Inc.',0,'BOFI','0000-00-00 00:00:00'),(445,'BOK Financial Corporation',0,'BOKF','0000-00-00 00:00:00'),(446,'Bon-Ton Stores, Inc. (The)',0,'BONT','0000-00-00 00:00:00'),(447,'Bonso Electronics International, Inc.',0,'BNSO','0000-00-00 00:00:00'),(448,'Bookham, Inc.',0,'BKHM','0000-00-00 00:00:00'),(449,'Books-A-Million, Inc.',0,'BAMM','0000-00-00 00:00:00'),(450,'Borland Software Corporation',0,'BORL','0000-00-00 00:00:00'),(451,'Boston Communications Group, Inc.',0,'BCGI','0000-00-00 00:00:00'),(452,'Boston Life Sciences, Inc.',0,'BLSI','0000-00-00 00:00:00'),(453,'Boston Private Financial Holdings, Inc.',0,'BPFH','0000-00-00 00:00:00'),(454,'Bottomline Technologies, Inc.',0,'EPAY','0000-00-00 00:00:00'),(455,'BreitBurn Energy Partners, L.P.',0,'BBEP','0000-00-00 00:00:00'),(456,'Bridge Capital Holdings',0,'BBNK','0000-00-00 00:00:00'),(457,'Bridgford Foods Corporation',0,'BRID','0000-00-00 00:00:00'),(458,'Brigham Exploration Company',0,'BEXP','0000-00-00 00:00:00'),(459,'Bright Horizons Family Solutions Inc.',0,'BFAM','0000-00-00 00:00:00'),(460,'Brightpoint, Inc.',0,'CELL','0000-00-00 00:00:00'),(461,'Britesmile, Inc.',0,'BSML','0000-00-00 00:00:00'),(462,'Britton & Koontz Capital Corporation',0,'BKBK','0000-00-00 00:00:00'),(463,'Broadcom Corporation',0,'BRCM','0000-00-00 00:00:00'),(464,'Broadway Financial Corporation',0,'BYFC','0000-00-00 00:00:00'),(465,'Broadwing Corporation',0,'BWNG','0000-00-00 00:00:00'),(466,'Brocade Communications Systems, Inc.',0,'BRCD','0000-00-00 00:00:00'),(467,'Bronco Drilling Company, Inc.',0,'BRNC','0000-00-00 00:00:00'),(468,'Brooke Corporation',0,'BXXX','0000-00-00 00:00:00'),(469,'Brookline Bancorp, Inc.',0,'BRKL','0000-00-00 00:00:00'),(470,'Brooklyn Federal Bancorp, Inc.',0,'BFSB','0000-00-00 00:00:00'),(471,'Brooks Automation, Inc.',0,'BRKS','0000-00-00 00:00:00'),(472,'Bruker BioSciences Corporation',0,'BRKR','0000-00-00 00:00:00'),(473,'Bryn Mawr Bank Corporation',0,'BMTC','0000-00-00 00:00:00'),(474,'BSQUARE Corporation',0,'BSQR','0000-00-00 00:00:00'),(475,'BTU International, Inc.',0,'BTUI','0000-00-00 00:00:00'),(476,'BUCA, Inc.',0,'BUCA','0000-00-00 00:00:00'),(477,'Bucyrus International, Inc.',0,'BUCY','0000-00-00 00:00:00'),(478,'Buffalo Wild Wings, Inc.',0,'BWLD','0000-00-00 00:00:00'),(479,'Builders FirstSource, Inc.',0,'BLDR','0000-00-00 00:00:00'),(480,'Building Materials Holding Corporation',0,'BMHC','0000-00-00 00:00:00'),(481,'Business Objects S.A.',0,'BOBJ','0000-00-00 00:00:00'),(482,'C&F Financial Corporation',0,'CFFI','0000-00-00 00:00:00'),(483,'C-COR Incorporated',0,'CCBL','0000-00-00 00:00:00'),(484,'C.H. Robinson Worldwide, Inc.',0,'CHRW','0000-00-00 00:00:00'),(485,'Cabot Microelectronics Corporation',0,'CCMP','0000-00-00 00:00:00'),(486,'Cache, Inc.',0,'CACH','0000-00-00 00:00:00'),(487,'Cadence Design Systems, Inc.',0,'CDNS','0000-00-00 00:00:00'),(488,'Cadence Pharmaceuticals, Inc.',0,'CADX','0000-00-00 00:00:00'),(489,'Cadiz, Inc.',0,'CDZI','0000-00-00 00:00:00'),(490,'Cadmus Communications Corporation',0,'CDMS','0000-00-00 00:00:00'),(491,'Cal-Maine Foods, Inc.',0,'CALM','0000-00-00 00:00:00'),(492,'Calamos Asset Management, Inc.',0,'CLMS','0000-00-00 00:00:00'),(493,'CalAmp Corp.',0,'CAMP','0000-00-00 00:00:00'),(494,'Calavo Growers, Inc.',0,'CVGW','0000-00-00 00:00:00'),(495,'California Coastal Communities Inc',0,'CALC','0000-00-00 00:00:00'),(496,'California First National Bancorp',0,'CFNB','0000-00-00 00:00:00'),(497,'California Micro Devices Corporation',0,'CAMD','0000-00-00 00:00:00'),(498,'California Pizza Kitchen, Inc.',0,'CPKI','0000-00-00 00:00:00'),(499,'Caliper Life Sciences Inc',0,'CALP','0000-00-00 00:00:00'),(500,'Caliper Life Sciences Inc',0,'CALPW','0000-00-00 00:00:00'),(501,'Callidus Software, Inc.',0,'CALD','0000-00-00 00:00:00'),(502,'CallWave, Inc.',0,'CALL','0000-00-00 00:00:00'),(503,'Calumet Specialty Products Partners, L.P.',0,'CLMT','0000-00-00 00:00:00'),(504,'CAM Commerce Solutions, Inc.',0,'CADA','0000-00-00 00:00:00'),(505,'Cambridge Display Technology, Inc.',0,'OLED','0000-00-00 00:00:00'),(506,'Camco Financial Corporation',0,'CAFI','0000-00-00 00:00:00'),(507,'Camtek Ltd.',0,'CAMT','0000-00-00 00:00:00'),(508,'Candela Corporation',0,'CLZR','0000-00-00 00:00:00'),(509,'Cape Fear Bank Corporation',0,'CAPE','0000-00-00 00:00:00'),(510,'Capital Bank Corporation',0,'CBKN','0000-00-00 00:00:00'),(511,'Capital City Bank Group',0,'CCBG','0000-00-00 00:00:00'),(512,'Capital Corp of the West',0,'CCOW','0000-00-00 00:00:00'),(513,'Capital Crossing Bank',0,'CAPX','0000-00-00 00:00:00'),(514,'Capital Crossing Preferred Corporation',0,'CCPCN','0000-00-00 00:00:00'),(515,'Capital Crossing Preferred Corporation',0,'CCPCO','0000-00-00 00:00:00'),(516,'Capital Crossing Preferred Corporation',0,'CCPCP','0000-00-00 00:00:00'),(517,'Capital One Financial Corporation',0,'CBSAN','0000-00-00 00:00:00'),(518,'Capital Southwest Corporation',0,'CSWC','0000-00-00 00:00:00'),(519,'CapitalSouth Bancorp',0,'CAPB','0000-00-00 00:00:00'),(520,'Capitol Federal Financial',0,'CFFN','0000-00-00 00:00:00'),(521,'Capstone Turbine Corporation',0,'CPST','0000-00-00 00:00:00'),(522,'Captaris Inc.',0,'CAPA','0000-00-00 00:00:00'),(523,'Caraustar Industries, Inc.',0,'CSAR','0000-00-00 00:00:00'),(524,'Cardiac Science Corporation',0,'CSCX','0000-00-00 00:00:00'),(525,'Cardica, Inc.',0,'CRDC','0000-00-00 00:00:00'),(526,'Cardinal Financial Corporation',0,'CFNL','0000-00-00 00:00:00'),(527,'Cardinal State Bank',0,'CSNC','0000-00-00 00:00:00'),(528,'CardioDynamics International Corporation',0,'CDIC','0000-00-00 00:00:00'),(529,'Cardiome Pharma Corporation',0,'CRME','0000-00-00 00:00:00'),(530,'Career Education Corporation',0,'CECO','0000-00-00 00:00:00'),(531,'Caribou Coffee Company, Inc.',0,'CBOU','0000-00-00 00:00:00'),(532,'Carmike Cinemas, Inc.',0,'CKEC','0000-00-00 00:00:00'),(533,'Carolina Bank Holdings Inc.',0,'CLBH','0000-00-00 00:00:00'),(534,'Carolina National Corporation',0,'CNCP','0000-00-00 00:00:00'),(535,'Carolina Trust Bank',0,'CART','0000-00-00 00:00:00'),(536,'Carreker Corporation',0,'CANI','0000-00-00 00:00:00'),(537,'Carrier Access Corporation',0,'CACS','0000-00-00 00:00:00'),(538,'Carrington Laboratories, Inc.',0,'CARN','0000-00-00 00:00:00'),(539,'Carrizo Oil & Gas, Inc.',0,'CRZO','0000-00-00 00:00:00'),(540,'Carrollton Bancorp',0,'CRRB','0000-00-00 00:00:00'),(541,'CAS Medical Systems, Inc.',0,'CASM','0000-00-00 00:00:00'),(542,'Cascade Bancorp',0,'CACB','0000-00-00 00:00:00'),(543,'Cascade Financial Corp.',0,'CASB','0000-00-00 00:00:00'),(544,'Cascade Microtech, Inc.',0,'CSCD','0000-00-00 00:00:00'),(545,'Casella Waste Systems, Inc.',0,'CWST','0000-00-00 00:00:00'),(546,'Casey\'s General Stores, Inc.',0,'CASY','0000-00-00 00:00:00'),(547,'Cash Systems Inc',0,'CKNN','0000-00-00 00:00:00'),(548,'Cass Information Systems, Inc',0,'CASS','0000-00-00 00:00:00'),(549,'Castelle',0,'CSTL','0000-00-00 00:00:00'),(550,'Casual Male Retail Group, Inc.',0,'CMRG','0000-00-00 00:00:00'),(551,'Catalyst Pharmaceutical Partners, Inc.',0,'CPRX','0000-00-00 00:00:00'),(552,'Catalyst Semiconductor, Inc.',0,'CATS','0000-00-00 00:00:00'),(553,'Catalytica Energy Systems, Inc.',0,'CESI','0000-00-00 00:00:00'),(554,'Catapult Communicatons Corporation',0,'CATT','0000-00-00 00:00:00'),(555,'Cathay General Bancorp',0,'CATY','0000-00-00 00:00:00'),(556,'Catuity Inc.',0,'CTTY','0000-00-00 00:00:00'),(557,'Cavco Industries, Inc.',0,'CVCO','0000-00-00 00:00:00'),(558,'Cbeyond, Inc.',0,'CBEY','0000-00-00 00:00:00'),(559,'CBRL Group Inc.',0,'CBRL','0000-00-00 00:00:00'),(560,'CCF Holding Company',0,'CCFH','0000-00-00 00:00:00'),(561,'CDC Corporation',0,'CHINA','0000-00-00 00:00:00'),(562,'CDW Corporation',0,'CDWC','0000-00-00 00:00:00'),(563,'CECO Environmental Corp.',0,'CECE','0000-00-00 00:00:00'),(564,'Celadon Group, Inc.',0,'CLDN','0000-00-00 00:00:00'),(565,'Celebrate Express, Inc.',0,'BDAY','0000-00-00 00:00:00'),(566,'Celgene Corporation',0,'CELG','0000-00-00 00:00:00'),(567,'Cell Genesys, Inc.',0,'CEGE','0000-00-00 00:00:00'),(568,'Cell Therapeutics, Inc.',0,'CTIC','0000-00-00 00:00:00'),(569,'Centennial Bank Holdings, Inc.',0,'CBHI','0000-00-00 00:00:00'),(570,'Centennial Communications Corporation',0,'CYCL','0000-00-00 00:00:00'),(571,'Center Bancorp, Inc.',0,'CNBC','0000-00-00 00:00:00'),(572,'Center Financial Corporation',0,'CLFC','0000-00-00 00:00:00'),(573,'Centerstate Banks of Florida, Inc.',0,'CSFL','0000-00-00 00:00:00'),(574,'Centillium Communications, Inc.',0,'CTLM','0000-00-00 00:00:00'),(575,'Central Bancorp, Inc',0,'CEBK','0000-00-00 00:00:00'),(576,'Central European Distribution Corporation',0,'CEDC','0000-00-00 00:00:00'),(577,'Central European Media Enterprises Ltd.',0,'CETV','0000-00-00 00:00:00'),(578,'Central Federal Corporation',0,'CFBK','0000-00-00 00:00:00'),(579,'Central Freight Lines, Inc.',0,'CENF','0000-00-00 00:00:00'),(580,'Central Garden & Pet Company',0,'CENT','0000-00-00 00:00:00'),(581,'Central Jersey Bancorp',0,'CJBK','0000-00-00 00:00:00'),(582,'Central Valley Community Bancorp',0,'CVCY','0000-00-00 00:00:00'),(583,'Central Virginia Bankshares, Inc.',0,'CVBK','0000-00-00 00:00:00'),(584,'Century Aluminum Company',0,'CENX','0000-00-00 00:00:00'),(585,'Century BanCorp, Inc.',0,'CNBKA','0000-00-00 00:00:00'),(586,'Century Casinos, Inc.',0,'CNTY','0000-00-00 00:00:00'),(587,'Century Realty Trust',0,'CRLTS','0000-00-00 00:00:00'),(588,'Cephalon, Inc.',0,'CEPH','0000-00-00 00:00:00'),(589,'CEPHEID',0,'CPHD','0000-00-00 00:00:00'),(590,'Ceradyne, Inc.',0,'CRDN','0000-00-00 00:00:00'),(591,'Ceragon Networks Ltd.',0,'CRNT','0000-00-00 00:00:00'),(592,'Cerner Corporation',0,'CERN','0000-00-00 00:00:00'),(593,'Cerus Corporation',0,'CERS','0000-00-00 00:00:00'),(594,'CEVA, Inc.',0,'CEVA','0000-00-00 00:00:00'),(595,'CFS Bancorp, Inc.',0,'CITZ','0000-00-00 00:00:00'),(596,'Champion Industries, Inc.',0,'CHMP','0000-00-00 00:00:00'),(597,'Champps Entertainment, Inc',0,'CMPP','0000-00-00 00:00:00'),(598,'Channell Commercial Corporation',0,'CHNL','0000-00-00 00:00:00'),(599,'Chaparral Steel Company',0,'CHAP','0000-00-00 00:00:00'),(600,'Charles & Colvard Ltd',0,'CTHR','0000-00-00 00:00:00'),(601,'Charles Schwab Corporation (The)',0,'SCHW','0000-00-00 00:00:00'),(602,'Charlotte Russe Holding, Inc.',0,'CHIC','0000-00-00 00:00:00'),(603,'Charming Shoppes, Inc.',0,'CHRS','0000-00-00 00:00:00'),(604,'Chart Industries, Inc.',0,'GTLS','0000-00-00 00:00:00'),(605,'Charter Communications, Inc.',0,'CHTR','0000-00-00 00:00:00'),(606,'Charter Financial Corp.',0,'CHFN','0000-00-00 00:00:00'),(607,'Chartered Semiconductor Manufacturing Ltd.',0,'CHRT','0000-00-00 00:00:00'),(608,'Chattem, Inc.',0,'CHTT','0000-00-00 00:00:00'),(609,'Check Point Software Technologies Ltd.',0,'CHKP','0000-00-00 00:00:00'),(610,'CheckFree Corporation',0,'CKFR','0000-00-00 00:00:00'),(611,'Cheesecake Factory Incorporated (The)',0,'CAKE','0000-00-00 00:00:00'),(612,'Chelsea Therapeutics International, Ltd.',0,'CHTP','0000-00-00 00:00:00'),(613,'Chemgenex Pharmaceuticals Ltd',0,'CXSP','0000-00-00 00:00:00'),(614,'Chemical Financial Corporation',0,'CHFC','0000-00-00 00:00:00'),(615,'Cherokee Inc.',0,'CHKE','0000-00-00 00:00:00'),(616,'Cherokee International Corporation',0,'CHRK','0000-00-00 00:00:00'),(617,'Cheviot Financial Corp',0,'CHEV','0000-00-00 00:00:00'),(618,'Chicopee Bancorp, Inc.',0,'CBNK','0000-00-00 00:00:00'),(619,'Children\'s Place Retail Stores, Inc. (The)',0,'PLCE','0000-00-00 00:00:00'),(620,'China Automotive Systems, Inc.',0,'CAAS','0000-00-00 00:00:00'),(621,'China BAK Battery, Inc.',0,'CBAK','0000-00-00 00:00:00'),(622,'China Finance Online Co. Limited',0,'JRJC','0000-00-00 00:00:00'),(623,'China Grentech Corporation Limited',0,'GRRF','0000-00-00 00:00:00'),(624,'China Medical Technologies, Inc.',0,'CMED','0000-00-00 00:00:00'),(625,'China Natural Resources, Inc.',0,'CHNR','0000-00-00 00:00:00'),(626,'China TechFaith Wireless Communication Technology Limited',0,'CNTF','0000-00-00 00:00:00'),(627,'China Technology Development Group Corporation',0,'CTDC','0000-00-00 00:00:00'),(628,'Chindex International, Inc.',0,'CHDX','0000-00-00 00:00:00'),(629,'ChipMOS TECHNOLOGIES (Bermuda) LTD.',0,'IMOS','0000-00-00 00:00:00'),(630,'Cholestech Corporation',0,'CTEC','0000-00-00 00:00:00'),(631,'Chordiant Software, Inc.',0,'CHRD','0000-00-00 00:00:00'),(632,'CHS Inc',0,'CHSCP','0000-00-00 00:00:00'),(633,'Churchill Downs, Incorporated',0,'CHDN','0000-00-00 00:00:00'),(634,'CIENA Corporation',0,'CIEN','0000-00-00 00:00:00'),(635,'Cimatron, Limited',0,'CIMT','0000-00-00 00:00:00'),(636,'Cincinnati Financial Corporation',0,'CINF','0000-00-00 00:00:00'),(637,'Cintas Corporation',0,'CTAS','0000-00-00 00:00:00'),(638,'Ciphergen Biosystems, Inc.',0,'CIPH','0000-00-00 00:00:00'),(639,'Ciprico Inc.',0,'CPCI','0000-00-00 00:00:00'),(640,'Cirrus Logic, Inc.',0,'CRUS','0000-00-00 00:00:00'),(641,'Cisco Systems, Inc.',0,'CSCO','0000-00-00 00:00:00'),(642,'Citi Trends, Inc.',0,'CTRN','0000-00-00 00:00:00'),(643,'Citigroup Inc.',0,'PLJC','0000-00-00 00:00:00'),(644,'Citigroup Inc.',0,'SFSU','0000-00-00 00:00:00'),(645,'Citizens & Northern Corp',0,'CZNC','0000-00-00 00:00:00'),(646,'Citizens Banking Corporation',0,'CBCF','0000-00-00 00:00:00'),(647,'Citizens Financial Corporation',0,'CNFL','0000-00-00 00:00:00'),(648,'Citizens First Bancorp, Inc.',0,'CTZN','0000-00-00 00:00:00'),(649,'Citizens South Banking Corporation',0,'CSBC','0000-00-00 00:00:00'),(650,'Citrix Systems, Inc.',0,'CTXS','0000-00-00 00:00:00'),(651,'City Bank',0,'CTBK','0000-00-00 00:00:00'),(652,'City Holding Company',0,'CHCO','0000-00-00 00:00:00'),(653,'City Telecom (H.K.) Limited',0,'CTEL','0000-00-00 00:00:00'),(654,'Civitas BankGroup, Inc. (TN)',0,'CVBG','0000-00-00 00:00:00'),(655,'CKX, Inc.',0,'CKXE','0000-00-00 00:00:00'),(656,'Clarient, Inc.',0,'CLRT','0000-00-00 00:00:00'),(657,'Clayton Holdings, Inc.',0,'CLAY','0000-00-00 00:00:00'),(658,'Clayton Williams Energy, Inc.',0,'CWEI','0000-00-00 00:00:00'),(659,'Clean Harbors, Inc.',0,'CLHB','0000-00-00 00:00:00'),(660,'Cleveland BioLabs, Inc.',0,'CBLI','0000-00-00 00:00:00'),(661,'ClickSoftware Technologies Ltd.',0,'CKSW','0000-00-00 00:00:00'),(662,'Clifton Savings Bancorp, Inc.',0,'CSBK','0000-00-00 00:00:00'),(663,'Clinical Data, Inc.',0,'CLDA','0000-00-00 00:00:00'),(664,'CMGI, Inc.',0,'CMGI','0000-00-00 00:00:00'),(665,'CNB Financial Corporation',0,'CCNE','0000-00-00 00:00:00'),(666,'CNET Networks, Inc.',0,'CNET','0000-00-00 00:00:00'),(667,'CNS, Inc.',0,'CNXS','0000-00-00 00:00:00'),(668,'CoActive Marketing Group Inc',0,'CMKG','0000-00-00 00:00:00'),(669,'Coast Financial Holdings, Inc.',0,'CFHI','0000-00-00 00:00:00'),(670,'Coastal Financial Corporation',0,'CFCP','0000-00-00 00:00:00'),(671,'CoBiz, Inc.',0,'COBZ','0000-00-00 00:00:00'),(672,'Cobra Electronics Corporation',0,'COBR','0000-00-00 00:00:00'),(673,'Coca-Cola Bottling Co. Consolidated',0,'COKE','0000-00-00 00:00:00'),(674,'Codorus Valley Bancorp, Inc',0,'CVLY','0000-00-00 00:00:00'),(675,'Cogent Communications Group, Inc.',0,'CCOI','0000-00-00 00:00:00'),(676,'Cogent, Inc.',0,'COGT','0000-00-00 00:00:00'),(677,'Cognex Corporation',0,'CGNX','0000-00-00 00:00:00'),(678,'Cognizant Technology Solutions Corporation',0,'CTSH','0000-00-00 00:00:00'),(679,'Cognos Incorporated',0,'COGN','0000-00-00 00:00:00'),(680,'Coherent, Inc.',0,'COHR','0000-00-00 00:00:00'),(681,'Cohesant Technologies Inc.',0,'COHT','0000-00-00 00:00:00'),(682,'Cohu, Inc.',0,'COHU','0000-00-00 00:00:00'),(683,'Coinstar, Inc.',0,'CSTR','0000-00-00 00:00:00'),(684,'Coldwater Creek, Inc.',0,'CWTR','0000-00-00 00:00:00'),(685,'Coley Pharmaceutical Group, Inc.',0,'COLY','0000-00-00 00:00:00'),(686,'CollaGenex Pharmaceuticals, Inc.',0,'CGPI','0000-00-00 00:00:00'),(687,'Collectors Universe, Inc.',0,'CLCT','0000-00-00 00:00:00'),(688,'Colonial Bankshares, Inc.',0,'COBK','0000-00-00 00:00:00'),(689,'Colony Bankcorp, Inc.',0,'CBAN','0000-00-00 00:00:00'),(690,'Color Kinetics Incorporated',0,'CLRK','0000-00-00 00:00:00'),(691,'Columbia  Bancorp',0,'CBBO','0000-00-00 00:00:00'),(692,'Columbia Banking System, Inc.',0,'COLB','0000-00-00 00:00:00'),(693,'Columbia Laboratories, Inc.',0,'CBRX','0000-00-00 00:00:00'),(694,'Columbia Sportswear Company',0,'COLM','0000-00-00 00:00:00'),(695,'Columbus McKinnon Corporation',0,'CMCO','0000-00-00 00:00:00'),(696,'COMARCO, Inc.',0,'CMRO','0000-00-00 00:00:00'),(697,'CombinatoRx, Incorporated',0,'CRXX','0000-00-00 00:00:00'),(698,'Comcast Corporation',0,'CMCSA','0000-00-00 00:00:00'),(699,'Comcast Corporation',0,'CMCSK','0000-00-00 00:00:00'),(700,'Comm Bancorp, Inc.',0,'CCBP','0000-00-00 00:00:00'),(701,'Commerce Bancshares, Inc.',0,'CBSH','0000-00-00 00:00:00'),(702,'COMMERCEFIRST BANCORP INC',0,'CMFB','0000-00-00 00:00:00'),(703,'Commercial Bankshares, Inc.',0,'CLBK','0000-00-00 00:00:00'),(704,'Commercial National Financial Corporation',0,'CNAF','0000-00-00 00:00:00'),(705,'Commercial Vehicle Group, Inc.',0,'CVGI','0000-00-00 00:00:00'),(706,'Commonwealth Bankshares, Inc.',0,'CWBS','0000-00-00 00:00:00'),(707,'Commonwealth Bankshares, Inc.',0,'CWBSP','0000-00-00 00:00:00'),(708,'Commonwealth Biotechnologies, Inc.',0,'CBTE','0000-00-00 00:00:00'),(709,'Commonwealth Telephone Enterprises, Inc.',0,'CTCO','0000-00-00 00:00:00'),(710,'Commtouch Software Ltd.',0,'CTCH','0000-00-00 00:00:00'),(711,'Community Bancorp',0,'CBON','0000-00-00 00:00:00'),(712,'Community Bancshares, Inc. (DE)',0,'COMB','0000-00-00 00:00:00'),(713,'Community Bank Shares of Indiana, Inc.',0,'CBIN','0000-00-00 00:00:00'),(714,'Community Banks, Inc.',0,'CMTY','0000-00-00 00:00:00'),(715,'Community Capital Bancshares, Inc.',0,'ALBY','0000-00-00 00:00:00'),(716,'Community Capital Corporation',0,'CPBK','0000-00-00 00:00:00'),(717,'Community Central Bank Corp.',0,'CCBD','0000-00-00 00:00:00'),(718,'Community Financial Corp.',0,'CFFC','0000-00-00 00:00:00'),(719,'Community National Bank of the Lakeway Area',0,'CNLA','0000-00-00 00:00:00'),(720,'Community Partners Bancorp',0,'CPBC','0000-00-00 00:00:00'),(721,'Community Shores Bank Corp.',0,'CSHB','0000-00-00 00:00:00'),(722,'Community Trust Bancorp, Inc.',0,'CTBI','0000-00-00 00:00:00'),(723,'Community Trust Bancorp, Inc.',0,'CTBIP','0000-00-00 00:00:00'),(724,'Community Valley Bancorp',0,'CVLL','0000-00-00 00:00:00'),(725,'Community West Bancshares',0,'CWBC','0000-00-00 00:00:00'),(726,'CommVault Systems, Inc.',0,'CVLT','0000-00-00 00:00:00'),(727,'Compass Bancshares, Inc.',0,'CBSS','0000-00-00 00:00:00'),(728,'Compass Diversified Trust',0,'CODI','0000-00-00 00:00:00'),(729,'CompuCredit Corporation',0,'CCRT','0000-00-00 00:00:00'),(730,'CompuDyne Corporation',0,'CDCY','0000-00-00 00:00:00'),(731,'Compugen Ltd.',0,'CGEN','0000-00-00 00:00:00'),(732,'Computer Horizons Corp.',0,'CHRZ','0000-00-00 00:00:00'),(733,'Computer Programs and Systems, Inc.',0,'CPSI','0000-00-00 00:00:00'),(734,'Computer Task Group, Incorporated',0,'CTGX','0000-00-00 00:00:00'),(735,'Compuware Corporation',0,'CPWR','0000-00-00 00:00:00'),(736,'Comstock Homebuilding Companies, Inc.',0,'CHCI','0000-00-00 00:00:00'),(737,'COMSYS IT Partners, Inc.',0,'CITP','0000-00-00 00:00:00'),(738,'Comtech Group, Inc.',0,'COGO','0000-00-00 00:00:00'),(739,'Comtech Telecommunications Corp.',0,'CMTL','0000-00-00 00:00:00'),(740,'Comverse Technology, Inc.',0,'CMVT','0000-00-00 00:00:00'),(741,'Conceptus, Inc.',0,'CPTS','0000-00-00 00:00:00'),(742,'Concord Camera Corp.',0,'LENS','0000-00-00 00:00:00'),(743,'Concur Technologies, Inc.',0,'CNQR','0000-00-00 00:00:00'),(744,'Concurrent Computer Corporation',0,'CCUR','0000-00-00 00:00:00'),(745,'Conexant Systems, Inc.',0,'CNXT','0000-00-00 00:00:00'),(746,'CONMED Corporation',0,'CNMD','0000-00-00 00:00:00'),(747,'Conn\'s, Inc.',0,'CONN','0000-00-00 00:00:00'),(748,'Connecticut Bank and Trust Company (The)',0,'CTBC','0000-00-00 00:00:00'),(749,'Connecticut Water Service, Inc.',0,'CTWS','0000-00-00 00:00:00'),(750,'Connetics Corporation',0,'CNCT','0000-00-00 00:00:00'),(751,'Conolog Corporation',0,'CNLG','0000-00-00 00:00:00'),(752,'Conor Medsystems, Inc.',0,'CONR','0000-00-00 00:00:00'),(753,'Consolidated Communications Holdings, Inc.',0,'CNSL','0000-00-00 00:00:00'),(754,'Consolidated Mercantile Inc',0,'CSLMF','0000-00-00 00:00:00'),(755,'Consolidated Water Co. Ltd.',0,'CWCO','0000-00-00 00:00:00'),(756,'Constar International Inc.',0,'CNST','0000-00-00 00:00:00'),(757,'Consulier Engineering, Inc.',0,'CSLR','0000-00-00 00:00:00'),(758,'Consumer Portfolio Services, Inc.',0,'CPSS','0000-00-00 00:00:00'),(759,'Convera Corporation',0,'CNVR','0000-00-00 00:00:00'),(760,'Cooperative Bankshares, Inc.',0,'COOP','0000-00-00 00:00:00'),(761,'Copano Energy, L.L.C.',0,'CPNO','0000-00-00 00:00:00'),(762,'Copart, Inc.',0,'CPRT','0000-00-00 00:00:00'),(763,'Corautus Genetics, Inc.',0,'VEGF','0000-00-00 00:00:00'),(764,'Corcept Therapeutics Incorporated',0,'CORT','0000-00-00 00:00:00'),(765,'Core-Mark Holding Company, Inc.',0,'CORE','0000-00-00 00:00:00'),(766,'Corel Corporation',0,'CREL','0000-00-00 00:00:00'),(767,'Corgi International Limited',0,'CRGI','0000-00-00 00:00:00'),(768,'Corillian Corporation',0,'CORI','0000-00-00 00:00:00'),(769,'Corinthian Colleges, Inc.',0,'COCO','0000-00-00 00:00:00'),(770,'Corporate Executive Board Company (The)',0,'EXBD','0000-00-00 00:00:00'),(771,'CORUS Bankshares, Inc.',0,'CORS','0000-00-00 00:00:00'),(772,'CorVel Corp.',0,'CRVL','0000-00-00 00:00:00'),(773,'Cosi, Inc.',0,'COSI','0000-00-00 00:00:00'),(774,'Cost Plus, Inc.',0,'CPWM','0000-00-00 00:00:00'),(775,'Cost-U-Less, Inc.',0,'CULS','0000-00-00 00:00:00'),(776,'CoStar Group, Inc.',0,'CSGP','0000-00-00 00:00:00'),(777,'Costco Wholesale Corporation',0,'COST','0000-00-00 00:00:00'),(778,'CoTherix, Inc.',0,'CTRX','0000-00-00 00:00:00'),(779,'Courier Corporation',0,'CRRC','0000-00-00 00:00:00'),(780,'Covansys Corporation',0,'CVNS','0000-00-00 00:00:00'),(781,'Covenant Transport, Inc.',0,'CVTI','0000-00-00 00:00:00'),(782,'Cowen Group, Inc.',0,'COWN','0000-00-00 00:00:00'),(783,'Cowlitz Bancorporation',0,'CWLZ','0000-00-00 00:00:00'),(784,'CPAC, Inc.',0,'CPAK','0000-00-00 00:00:00'),(785,'CPI International, Inc.',0,'CPII','0000-00-00 00:00:00'),(786,'CRA International,Inc.',0,'CRAI','0000-00-00 00:00:00'),(787,'Craftmade International, Inc.',0,'CRFT','0000-00-00 00:00:00'),(788,'Cray Inc',0,'CRAY','0000-00-00 00:00:00'),(789,'Creative Technology Ltd.',0,'CREAF','0000-00-00 00:00:00'),(790,'Credence Systems Corporation',0,'CMOS','0000-00-00 00:00:00'),(791,'Credit Acceptance Corporation',0,'CACC','0000-00-00 00:00:00'),(792,'Credo Petroleum Corporation',0,'CRED','0000-00-00 00:00:00'),(793,'Cree, Inc.',0,'CREE','0000-00-00 00:00:00'),(794,'Crescent Banking Company',0,'CSNT','0000-00-00 00:00:00'),(795,'Crescent Financial Corporation',0,'CRFN','0000-00-00 00:00:00'),(796,'Cresud S.A.C.I.F. y A.',0,'CRESY','0000-00-00 00:00:00'),(797,'Critical Therapeutics, Inc.',0,'CRTX','0000-00-00 00:00:00'),(798,'CRM Holdings, Ltd.',0,'CRMH','0000-00-00 00:00:00'),(799,'Crocs, Inc.',0,'CROX','0000-00-00 00:00:00'),(800,'Cronos Group (The)',0,'CRNS','0000-00-00 00:00:00'),(801,'Cross Country Healthcare, Inc.',0,'CCRN','0000-00-00 00:00:00'),(802,'Crosstex Energy, Inc.',0,'XTXI','0000-00-00 00:00:00'),(803,'Crosstex Energy, L.P.',0,'XTEX','0000-00-00 00:00:00'),(804,'Crown Media Holdings, Inc.',0,'CRWN','0000-00-00 00:00:00'),(805,'Crucell NV',0,'CRXL','0000-00-00 00:00:00'),(806,'CryoCor, Inc.',0,'CRYO','0000-00-00 00:00:00'),(807,'Cryptologic, Inc.',0,'CRYP','0000-00-00 00:00:00'),(808,'CSG Systems International, Inc.',0,'CSGS','0000-00-00 00:00:00'),(809,'CSP Inc.',0,'CSPI','0000-00-00 00:00:00'),(810,'CT Communications, Inc.',0,'CTCI','0000-00-00 00:00:00'),(811,'CTC Media, Inc.',0,'CTCM','0000-00-00 00:00:00'),(812,'CTI Industries Corporation',0,'CTIB','0000-00-00 00:00:00'),(813,'Ctrip.com International, Ltd.',0,'CTRP','0000-00-00 00:00:00'),(814,'Cubist Pharmaceuticals, Inc.',0,'CBST','0000-00-00 00:00:00'),(815,'Cumulus Media Inc.',0,'CMLS','0000-00-00 00:00:00'),(816,'CuraGen Corporation',0,'CRGN','0000-00-00 00:00:00'),(817,'Curis, Inc.',0,'CRIS','0000-00-00 00:00:00'),(818,'Cutera, Inc.',0,'CUTR','0000-00-00 00:00:00'),(819,'Cutter & Buck Inc.',0,'CBUK','0000-00-00 00:00:00'),(820,'CV Therapeutics, Inc.',0,'CVTX','0000-00-00 00:00:00'),(821,'CVB Financial Corporation',0,'CVBF','0000-00-00 00:00:00'),(822,'Cyanotech Corporation',0,'CYAN','0000-00-00 00:00:00'),(823,'Cyberonics, Inc.',0,'CYBX','0000-00-00 00:00:00'),(824,'CyberOptics Corporation',0,'CYBE','0000-00-00 00:00:00'),(825,'CyberSource Corporation',0,'CYBS','0000-00-00 00:00:00'),(826,'Cyclacel Pharmaceuticals, Inc.',0,'CYCC','0000-00-00 00:00:00'),(827,'Cyclacel Pharmaceuticals, Inc.',0,'CYCCP','0000-00-00 00:00:00'),(828,'Cygne Designs, Inc',0,'CYDS','0000-00-00 00:00:00'),(829,'Cymer, Inc.',0,'CYMI','0000-00-00 00:00:00'),(830,'Cynosure, Inc.',0,'CYNO','0000-00-00 00:00:00'),(831,'Cypress Bioscience, Inc.',0,'CYPB','0000-00-00 00:00:00'),(832,'Cytogen Corporation',0,'CYTO','0000-00-00 00:00:00'),(833,'Cytokinetics, Incorporated',0,'CYTK','0000-00-00 00:00:00'),(834,'Cytori Therapeutics Inc',0,'CYTX','0000-00-00 00:00:00'),(835,'CytRx Corporation',0,'CYTR','0000-00-00 00:00:00'),(836,'Cytyc Corporation',0,'CYTC','0000-00-00 00:00:00'),(837,'D&E Communications, Inc.',0,'DECC','0000-00-00 00:00:00'),(838,'Dade Behring Holdings, Inc',0,'DADE','0000-00-00 00:00:00'),(839,'DAG Media, Inc.',0,'DAGM','0000-00-00 00:00:00'),(840,'Dai\'ei, Inc.',0,'DAIEY','0000-00-00 00:00:00'),(841,'Daily Journal Corp. (S.C.)',0,'DJCO','0000-00-00 00:00:00'),(842,'Daktronics, Inc.',0,'DAKT','0000-00-00 00:00:00'),(843,'Danka Business Systems PLC',0,'DANKY','0000-00-00 00:00:00'),(844,'Dassault Systemes, S.A.',0,'DASTY','0000-00-00 00:00:00'),(845,'Data I/O Corporation',0,'DAIO','0000-00-00 00:00:00'),(846,'Datalink Corporation',0,'DTLK','0000-00-00 00:00:00'),(847,'Dataram Corporation',0,'DRAM','0000-00-00 00:00:00'),(848,'Datascope Corp.',0,'DSCP','0000-00-00 00:00:00'),(849,'DataTrak International, Inc.',0,'DATA','0000-00-00 00:00:00'),(850,'Datawatch Corporation',0,'DWCH','0000-00-00 00:00:00'),(851,'Dawson Geophysical Company',0,'DWSN','0000-00-00 00:00:00'),(852,'DayStar Technologies, Inc.',0,'DSTI','0000-00-00 00:00:00'),(853,'DayStar Technologies, Inc.',0,'DSTIZ','0000-00-00 00:00:00'),(854,'DCAP Group Inc',0,'DCAP','0000-00-00 00:00:00'),(855,'DDi Corp.',0,'DDIC','0000-00-00 00:00:00'),(856,'DealerTrack Holdings, Inc.',0,'TRAK','0000-00-00 00:00:00'),(857,'Dearborn Bancorp, Inc.',0,'DEAR','0000-00-00 00:00:00'),(858,'Deb Shops, Inc.',0,'DEBS','0000-00-00 00:00:00'),(859,'Deckers Outdoor Corporation',0,'DECK','0000-00-00 00:00:00'),(860,'deCODE genetics, Inc.',0,'DCGN','0000-00-00 00:00:00'),(861,'Dectron International, Inc.',0,'DECT','0000-00-00 00:00:00'),(862,'Delcath Systems, Inc.',0,'DCTH','0000-00-00 00:00:00'),(863,'dELIA*s Inc.',0,'DLIA','0000-00-00 00:00:00'),(864,'Dell Inc.',0,'DELL','0000-00-00 00:00:00'),(865,'DelphaxTechnologies Inc.',0,'DLPX','0000-00-00 00:00:00'),(866,'Delta Galil Industries Ltd.',0,'DELT','0000-00-00 00:00:00'),(867,'Delta Natural Gas Company, Inc.',0,'DGAS','0000-00-00 00:00:00'),(868,'Delta Petroleum Corporation',0,'DPTR','0000-00-00 00:00:00'),(869,'deltathree Inc',0,'DDDC','0000-00-00 00:00:00'),(870,'Dendreon Corporation',0,'DNDN','0000-00-00 00:00:00'),(871,'Dendrite International, Inc.',0,'DRTE','0000-00-00 00:00:00'),(872,'Denny\'s Corporation',0,'DENN','0000-00-00 00:00:00'),(873,'DENTSPLY International Inc.',0,'XRAY','0000-00-00 00:00:00'),(874,'DepoMed, Inc.',0,'DEPO','0000-00-00 00:00:00'),(875,'Descartes Systems Group Inc. (The)',0,'DSGX','0000-00-00 00:00:00'),(876,'Desert Community Bank',0,'DCBK','0000-00-00 00:00:00'),(877,'Design Within Reach, Inc.',0,'DWRI','0000-00-00 00:00:00'),(878,'Deswell Industries, Inc.',0,'DSWL','0000-00-00 00:00:00'),(879,'Devcon International Corp.',0,'DEVC','0000-00-00 00:00:00'),(880,'DexCom, Inc.',0,'DXCM','0000-00-00 00:00:00'),(881,'DG FastChannel, Inc.',0,'DGIT','0000-00-00 00:00:00'),(882,'DGSE Companies, Inc.',0,'DGSE','0000-00-00 00:00:00'),(883,'Dialog Semiconductor Plc',0,'DLGS','0000-00-00 00:00:00'),(884,'Dialysis Corporation of America',0,'DCAI','0000-00-00 00:00:00'),(885,'Diamond Foods, Inc.',0,'DMND','0000-00-00 00:00:00'),(886,'Diamond Hill Investment Group, Inc.',0,'DHIL','0000-00-00 00:00:00'),(887,'Diamond Management & Technology Consultants, Inc.',0,'DTPI','0000-00-00 00:00:00'),(888,'Diedrich Coffee',0,'DDRX','0000-00-00 00:00:00'),(889,'Digene Corporation',0,'DIGE','0000-00-00 00:00:00'),(890,'Digi International Inc.',0,'DGII','0000-00-00 00:00:00'),(891,'Digimarc Corporation',0,'DMRC','0000-00-00 00:00:00'),(892,'Digirad Corporation',0,'DRAD','0000-00-00 00:00:00'),(893,'Digital Insight Corporation',0,'DGIN','0000-00-00 00:00:00'),(894,'Digital Music Group, Inc.',0,'DMGI','0000-00-00 00:00:00'),(895,'Digital Recorders, Inc.',0,'TBUS','0000-00-00 00:00:00'),(896,'Digital River, Inc.',0,'DRIV','0000-00-00 00:00:00'),(897,'Digitas, Inc.',0,'DTAS','0000-00-00 00:00:00'),(898,'Dime Community Bancshares, Inc.',0,'DCOM','0000-00-00 00:00:00'),(899,'Diodes Incorporated',0,'DIOD','0000-00-00 00:00:00'),(900,'Dionex Corporation',0,'DNEX','0000-00-00 00:00:00'),(901,'Direct General Corporation',0,'DRCT','0000-00-00 00:00:00'),(902,'Directed Electronics, Inc.',0,'DEIX','0000-00-00 00:00:00'),(903,'Discovery Holding Co',0,'DISCA','0000-00-00 00:00:00'),(904,'Discovery Holding Co',0,'DISCB','0000-00-00 00:00:00'),(905,'Discovery Laboratories, Inc.',0,'DSCO','0000-00-00 00:00:00'),(906,'Distributed Energy Systems Corporation',0,'DESC','0000-00-00 00:00:00'),(907,'Ditech Networks, Inc.',0,'DITC','0000-00-00 00:00:00'),(908,'Diversa Corporation',0,'DVSA','0000-00-00 00:00:00'),(909,'DivX, Inc.',0,'DIVX','0000-00-00 00:00:00'),(910,'Dixie Group, Inc. (The)',0,'DXYN','0000-00-00 00:00:00'),(911,'Dobson Communications Corporation',0,'DCEL','0000-00-00 00:00:00'),(912,'DocuCorp International, Inc.',0,'DOCC','0000-00-00 00:00:00'),(913,'Document Sciences Corporation',0,'DOCX','0000-00-00 00:00:00'),(914,'Dollar Financial Corp.',0,'DLLR','0000-00-00 00:00:00'),(915,'Dollar Tree Stores, Inc.',0,'DLTR','0000-00-00 00:00:00'),(916,'Dominion Homes Inc.',0,'DHOM','0000-00-00 00:00:00'),(917,'Donegal Group, Inc.',0,'DGICA','0000-00-00 00:00:00'),(918,'Donegal Group, Inc.',0,'DGICB','0000-00-00 00:00:00'),(919,'Dorchester Minerals, L.P.',0,'DMLP','0000-00-00 00:00:00'),(920,'Dorel Industries, Inc.',0,'DIIB','0000-00-00 00:00:00'),(921,'Dorman Products, Inc.',0,'DORM','0000-00-00 00:00:00'),(922,'Dot Hill Systems Corporation',0,'HILL','0000-00-00 00:00:00'),(923,'Double Eagle Petroleum Company',0,'DBLE','0000-00-00 00:00:00'),(924,'Dover Saddlery, Inc.',0,'DOVR','0000-00-00 00:00:00'),(925,'Draxis Health Inc.',0,'DRAX','0000-00-00 00:00:00'),(926,'DRDGOLD Limited',0,'DROOY','0000-00-00 00:00:00'),(927,'Dress Barn, Inc. (The)',0,'DBRN','0000-00-00 00:00:00'),(928,'drugstore.com, inc.',0,'DSCM','0000-00-00 00:00:00'),(929,'DryShips Inc.',0,'DRYS','0000-00-00 00:00:00'),(930,'DSP Group, Inc.',0,'DSPG','0000-00-00 00:00:00'),(931,'DTS, Inc.',0,'DTSI','0000-00-00 00:00:00'),(932,'Duckwall-Alco Stores, Inc.',0,'DUCK','0000-00-00 00:00:00'),(933,'Dura Automotive Systems, Inc.',0,'DRRA','0000-00-00 00:00:00'),(934,'Dura Automotive Systems, Inc.',0,'DRRAP','0000-00-00 00:00:00'),(935,'Durect Corporation',0,'DRRX','0000-00-00 00:00:00'),(936,'DUSA Pharmaceuticals, Inc.',0,'DUSA','0000-00-00 00:00:00'),(937,'DXP Enterprises, Inc.',0,'DXPE','0000-00-00 00:00:00'),(938,'Dyax Corp.',0,'DYAX','0000-00-00 00:00:00'),(939,'Dynacq Healthcare, Inc.',0,'DYII','0000-00-00 00:00:00'),(940,'Dynamex, Inc.',0,'DDMX','0000-00-00 00:00:00'),(941,'Dynamic Materials Corporation',0,'BOOM','0000-00-00 00:00:00'),(942,'Dynamics Research Corporation',0,'DRCO','0000-00-00 00:00:00'),(943,'Dynatronics Corporation',0,'DYNT','0000-00-00 00:00:00'),(944,'Dynavax Technologies Corporation',0,'DVAX','0000-00-00 00:00:00'),(945,'E Com Ventures, Inc.',0,'ECMV','0000-00-00 00:00:00'),(946,'e-Future Information Technology Inc.',0,'EFUT','0000-00-00 00:00:00'),(947,'E-Z-EM, Inc.',0,'EZEM','0000-00-00 00:00:00'),(948,'Eagle Bancorp, Inc.',0,'EGBN','0000-00-00 00:00:00'),(949,'Eagle Bulk Shipping Inc.',0,'EGLE','0000-00-00 00:00:00'),(950,'Eagle Rock Energy Partners, L.P.',0,'EROC','0000-00-00 00:00:00'),(951,'Eagle Test Systems, Inc.',0,'EGLT','0000-00-00 00:00:00'),(952,'EarthLink, Inc.',0,'ELNK','0000-00-00 00:00:00'),(953,'East Penn Financial Corporation',0,'EPEN','0000-00-00 00:00:00'),(954,'East West Bancorp, Inc.',0,'EWBC','0000-00-00 00:00:00'),(955,'Eastern Insurance Holdings, Inc.',0,'EIHI','0000-00-00 00:00:00'),(956,'Eastern Virginia Bankshares, Inc.',0,'EVBS','0000-00-00 00:00:00'),(957,'EasyLink Services Corporation',0,'EASY','0000-00-00 00:00:00'),(958,'eBay Inc.',0,'EBAY','0000-00-00 00:00:00'),(959,'Ebix Inc',0,'EBIX','0000-00-00 00:00:00'),(960,'ECB Bancorp Inc',0,'ECBE','0000-00-00 00:00:00'),(961,'Echelon Corporation',0,'ELON','0000-00-00 00:00:00'),(962,'EchoStar Communications Corporation',0,'DISH','0000-00-00 00:00:00'),(963,'ECI Telecom Ltd.',0,'ECIL','0000-00-00 00:00:00'),(964,'Eclipsys Corporation',0,'ECLP','0000-00-00 00:00:00'),(965,'eCollege.com',0,'ECLG','0000-00-00 00:00:00'),(966,'ECtel Ltd.',0,'ECTX','0000-00-00 00:00:00'),(967,'EDAP TMS S.A.',0,'EDAP','0000-00-00 00:00:00'),(968,'Eddie Bauer Holdings, Inc.',0,'EBHI','0000-00-00 00:00:00'),(969,'EDEN Bioscience Corporation',0,'EDEN','0000-00-00 00:00:00'),(970,'EDGAR Online, Inc.',0,'EDGR','0000-00-00 00:00:00'),(971,'Edge Petroleum Corporation',0,'EPEX','0000-00-00 00:00:00'),(972,'Edgewater Technology, Inc.',0,'EDGW','0000-00-00 00:00:00'),(973,'eDiets.com, Inc.',0,'DIET','0000-00-00 00:00:00'),(974,'Educate, Inc.',0,'EEEE','0000-00-00 00:00:00'),(975,'Educational Development Corporation',0,'EDUC','0000-00-00 00:00:00'),(976,'EFJ Inc',0,'EFJI','0000-00-00 00:00:00'),(977,'EGL, Inc.',0,'EAGL','0000-00-00 00:00:00'),(978,'eHealth, Inc.',0,'EHTH','0000-00-00 00:00:00'),(979,'Elbit Medical Imaging Ltd.',0,'EMITF','0000-00-00 00:00:00'),(980,'Elbit Systems Ltd.',0,'ESLT','0000-00-00 00:00:00'),(981,'Electro Energy Inc.',0,'EEEI','0000-00-00 00:00:00'),(982,'Electro Rent Corporation',0,'ELRC','0000-00-00 00:00:00'),(983,'Electro Scientific Industries, Inc.',0,'ESIO','0000-00-00 00:00:00'),(984,'Electro-Optical Sciences, Inc',0,'MELA','0000-00-00 00:00:00'),(985,'Electro-Sensors, Inc.',0,'ELSE','0000-00-00 00:00:00'),(986,'Electroglas, Inc.',0,'EGLS','0000-00-00 00:00:00'),(987,'Electronic Arts Inc.',0,'ERTS','0000-00-00 00:00:00'),(988,'Electronic Clearing House, Inc.',0,'ECHO','0000-00-00 00:00:00'),(989,'Electronics for Imaging, Inc.',0,'EFII','0000-00-00 00:00:00'),(990,'Elizabeth Arden, Inc.',0,'RDEN','0000-00-00 00:00:00'),(991,'Elmira Savings Bank, FSB (The)',0,'ESBK','0000-00-00 00:00:00'),(992,'eLong, Inc.',0,'LONG','0000-00-00 00:00:00'),(993,'eLoyalty Corporation',0,'ELOY','0000-00-00 00:00:00'),(994,'Elron Electronic Industries Ltd.',0,'ELRN','0000-00-00 00:00:00'),(995,'Eltek Ltd.',0,'ELTK','0000-00-00 00:00:00'),(996,'Emageon Inc.',0,'EMAG','0000-00-00 00:00:00'),(997,'EMAK Worldwide, Inc.',0,'EMAK','0000-00-00 00:00:00'),(998,'Embarcadero Technologies, Inc.',0,'EMBT','0000-00-00 00:00:00'),(999,'Embrex, Inc.',0,'EMBX','0000-00-00 00:00:00'),(1000,'EMC Insurance Group, Inc.',0,'EMCI','0000-00-00 00:00:00'),(1001,'EMCORE Corporation',0,'EMKR','0000-00-00 00:00:00'),(1002,'Emdeon Corporation',0,'HLTH','0000-00-00 00:00:00'),(1003,'eMerge Interactive, Inc.',0,'EMRG','0000-00-00 00:00:00'),(1004,'Emisphere Technologies, Inc.',0,'EMIS','0000-00-00 00:00:00'),(1005,'Emmis Communications Corporation',0,'EMMS','0000-00-00 00:00:00'),(1006,'Emmis Communications Corporation',0,'EMMSP','0000-00-00 00:00:00'),(1007,'Empire Resorts, Inc.',0,'NYNY','0000-00-00 00:00:00'),(1008,'EMS Technologies, Inc.',0,'ELMG','0000-00-00 00:00:00'),(1009,'En Pointe Technologies, Inc.',0,'ENPT','0000-00-00 00:00:00'),(1010,'Encore Capital Group Inc',0,'ECPG','0000-00-00 00:00:00'),(1011,'Encore Medical Corporation',0,'ENMC','0000-00-00 00:00:00'),(1012,'Encore Wire Corporation',0,'WIRE','0000-00-00 00:00:00'),(1013,'Encorium Group, Inc.',0,'ENCO','0000-00-00 00:00:00'),(1014,'Encysive Pharmaceuticals Inc',0,'ENCY','0000-00-00 00:00:00'),(1015,'Endo Pharmaceuticals Holdings Inc.',0,'ENDP','0000-00-00 00:00:00'),(1016,'Endologix  Inc',0,'ELGX','0000-00-00 00:00:00'),(1017,'Endwave Corporation',0,'ENWV','0000-00-00 00:00:00'),(1018,'Energy Conversion Devices, Inc.',0,'ENER','0000-00-00 00:00:00'),(1019,'Energy West, Inc.',0,'EWST','0000-00-00 00:00:00'),(1020,'EnergySouth, Inc.',0,'ENSI','0000-00-00 00:00:00'),(1021,'Enpath Medical, Inc.',0,'NPTH','0000-00-00 00:00:00'),(1022,'Enstar Group Inc',0,'ESGR','0000-00-00 00:00:00'),(1023,'Entegris, Inc.',0,'ENTG','0000-00-00 00:00:00'),(1024,'Enterprise Bancorp Inc',0,'EBTC','0000-00-00 00:00:00'),(1025,'Enterprise Financial Services Corporation',0,'EFSC','0000-00-00 00:00:00'),(1026,'EntreMed, Inc.',0,'ENMD','0000-00-00 00:00:00'),(1027,'Entrust, Inc.',0,'ENTU','0000-00-00 00:00:00'),(1028,'Envoy Communications Group, Inc.',0,'ECGI','0000-00-00 00:00:00'),(1029,'Enzon Pharmaceuticals, Inc.',0,'ENZN','0000-00-00 00:00:00'),(1030,'eOn Communications Corporation',0,'EONC','0000-00-00 00:00:00'),(1031,'EP MedSystems, Inc.',0,'EPMD','0000-00-00 00:00:00'),(1032,'Epic Bancorp',0,'EPIK','0000-00-00 00:00:00'),(1033,'EpiCept Corporation',0,'EPCT','0000-00-00 00:00:00'),(1034,'Epicor Software Corporation',0,'EPIC','0000-00-00 00:00:00'),(1035,'EPIQ Systems, Inc.',0,'EPIQ','0000-00-00 00:00:00'),(1036,'EPIX Pharmaceuticals, Inc.',0,'EPIX','0000-00-00 00:00:00'),(1037,'ePlus Inc.',0,'PLUS','0000-00-00 00:00:00'),(1038,'Epoch Holding Corporation',0,'EPHC','0000-00-00 00:00:00'),(1039,'Equinix, Inc.',0,'EQIX','0000-00-00 00:00:00'),(1040,'eResearch Technology Inc.',0,'ERES','0000-00-00 00:00:00'),(1041,'Erie Indemnity Company',0,'ERIE','0000-00-00 00:00:00'),(1042,'ESB Financial Corporation',0,'ESBF','0000-00-00 00:00:00'),(1043,'Escala Group, Inc.',0,'ESCL','0000-00-00 00:00:00'),(1044,'Escalade, Incorporated',0,'ESCA','0000-00-00 00:00:00'),(1045,'Escalon Medical Corp.',0,'ESMC','0000-00-00 00:00:00'),(1046,'Eschelon Telecom, Inc.',0,'ESCH','0000-00-00 00:00:00'),(1047,'eSpeed, Inc.',0,'ESPD','0000-00-00 00:00:00'),(1048,'ESS Technology, Inc',0,'ESST','0000-00-00 00:00:00'),(1049,'Essex Corp',0,'KEYW','0000-00-00 00:00:00'),(1050,'etrials Worldwide, Inc.',0,'ETWC','0000-00-00 00:00:00'),(1051,'etrials Worldwide, Inc.',0,'ETWCU','0000-00-00 00:00:00'),(1052,'etrials Worldwide, Inc.',0,'ETWCW','0000-00-00 00:00:00'),(1053,'Euro Tech Holdings Company Limited',0,'CLWT','0000-00-00 00:00:00'),(1054,'EuroBancshares, Inc.',0,'EUBK','0000-00-00 00:00:00'),(1055,'Euronet Worldwide, Inc.',0,'EEFT','0000-00-00 00:00:00'),(1056,'EuroTrust A/S',0,'EURO','0000-00-00 00:00:00'),(1057,'Euroweb International Corp.',0,'EWEB','0000-00-00 00:00:00'),(1058,'EV Energy Partners, L.P.',0,'EVEP','0000-00-00 00:00:00'),(1059,'ev3 Inc.',0,'EVVV','0000-00-00 00:00:00'),(1060,'Evans & Sutherland Computer Corporation',0,'ESCC','0000-00-00 00:00:00'),(1061,'Evans Bancorp, Inc.',0,'EVBN','0000-00-00 00:00:00'),(1062,'EVCI Career Colleges Holding Corp.',0,'EVCI','0000-00-00 00:00:00'),(1063,'Evergreen Solar, Inc.',0,'ESLR','0000-00-00 00:00:00'),(1064,'Everlast Worldwide Inc.',0,'EVST','0000-00-00 00:00:00'),(1065,'Evolving Systems, Inc.',0,'EVOL','0000-00-00 00:00:00'),(1066,'EXACT Sciences Corporation',0,'EXAS','0000-00-00 00:00:00'),(1067,'Exactech, Inc.',0,'EXAC','0000-00-00 00:00:00'),(1068,'Exar Corporation',0,'EXAR','0000-00-00 00:00:00'),(1069,'Excel Technology, Inc.',0,'XLTC','0000-00-00 00:00:00'),(1070,'Exchange National Bancshares, Inc.',0,'EXJF','0000-00-00 00:00:00'),(1071,'Exelixis, Inc.',0,'EXEL','0000-00-00 00:00:00'),(1072,'EXFO Electro-Optical Engineering',0,'EXFO','0000-00-00 00:00:00'),(1073,'Exide Technologies',0,'XIDE','0000-00-00 00:00:00'),(1074,'Exide Technologies',0,'XIDEW','0000-00-00 00:00:00'),(1075,'ExlService Holdings, Inc.',0,'EXLS','0000-00-00 00:00:00'),(1076,'Expedia, Inc.',0,'EXPE','0000-00-00 00:00:00'),(1077,'Expedia, Inc.',0,'EXPEW','0000-00-00 00:00:00'),(1078,'Expedia, Inc.',0,'EXPEZ','0000-00-00 00:00:00'),(1079,'Expeditors International of Washington, Inc.',0,'EXPD','0000-00-00 00:00:00'),(1080,'Exponent, Inc.',0,'EXPO','0000-00-00 00:00:00'),(1081,'Express Scripts, Inc.',0,'ESRX','0000-00-00 00:00:00'),(1082,'Extreme Networks, Inc.',0,'EXTR','0000-00-00 00:00:00'),(1083,'EZCORP, Inc.',0,'EZPW','0000-00-00 00:00:00'),(1084,'F5 Networks, Inc.',0,'FFIV','0000-00-00 00:00:00'),(1085,'Factory Card & Party Outlet Corporation',0,'FCPO','0000-00-00 00:00:00'),(1086,'FalconStor Software, Inc.',0,'FALC','0000-00-00 00:00:00'),(1087,'Familymeds Group, Inc.',0,'FMRX','0000-00-00 00:00:00'),(1088,'Famous Dave\'s of America, Inc.',0,'DAVE','0000-00-00 00:00:00'),(1089,'Farmer Brothers Company',0,'FARM','0000-00-00 00:00:00'),(1090,'Farmers Capital Bank Corporation',0,'FFKT','0000-00-00 00:00:00'),(1091,'FARO Technologies, Inc.',0,'FARO','0000-00-00 00:00:00'),(1092,'Fastenal Company',0,'FAST','0000-00-00 00:00:00'),(1093,'Fauquier Bankshares, Inc.',0,'FBSS','0000-00-00 00:00:00'),(1094,'Favrille, Inc.',0,'FVRL','0000-00-00 00:00:00'),(1095,'FedFirst Financial Corporation',0,'FFCO','0000-00-00 00:00:00'),(1096,'FEI Company',0,'FEIC','0000-00-00 00:00:00'),(1097,'FFD Financial Corporation',0,'FFDF','0000-00-00 00:00:00'),(1098,'Fibernet Telecom Group, Inc.',0,'FTGX','0000-00-00 00:00:00'),(1099,'Fiberstars, Inc.',0,'FBST','0000-00-00 00:00:00'),(1100,'FiberTower Corporation',0,'FTWR','0000-00-00 00:00:00'),(1101,'Fidelity Bancorp, Inc.',0,'FSBI','0000-00-00 00:00:00'),(1102,'Fidelity Bankshares, Inc.',0,'FFFL','0000-00-00 00:00:00'),(1103,'Fidelity Nasdaq Composite Index Tracking Stock',0,'ONEQ','0000-00-00 00:00:00'),(1104,'Fidelity Southern Corporation',0,'LION','0000-00-00 00:00:00'),(1105,'Fieldstone Investment Corporation',0,'FICC','0000-00-00 00:00:00'),(1106,'Fifth Third Bancorp',0,'FITB','0000-00-00 00:00:00'),(1107,'Financial Institutions, Inc.',0,'FISI','0000-00-00 00:00:00'),(1108,'Finisar Corporation',0,'FNSR','0000-00-00 00:00:00'),(1109,'Finish Line, Inc. (The)',0,'FINL','0000-00-00 00:00:00'),(1110,'Finlay Enterprises, Inc.',0,'FNLY','0000-00-00 00:00:00'),(1111,'First Advantage Corporation',0,'FADV','0000-00-00 00:00:00'),(1112,'First Albany Companies, Inc.',0,'FACT','0000-00-00 00:00:00'),(1113,'First Aviation Services, Inc.',0,'FAVS','0000-00-00 00:00:00'),(1114,'First Bancorp',0,'FBNC','0000-00-00 00:00:00'),(1115,'First Bancorp of Indiana, Inc.',0,'FBEI','0000-00-00 00:00:00'),(1116,'First Bancshares, Inc.',0,'FBSI','0000-00-00 00:00:00'),(1117,'First Bancshares, Inc. (The) (MS)',0,'FBMS','0000-00-00 00:00:00'),(1118,'First BancTrust Corporation',0,'FBTC','0000-00-00 00:00:00'),(1119,'First Banks, Inc.',0,'FBNKM','0000-00-00 00:00:00'),(1120,'First Busey Corporation',0,'BUSE','0000-00-00 00:00:00'),(1121,'First Business Financial Services, Inc.',0,'FBIZ','0000-00-00 00:00:00'),(1122,'First Capital, Inc.',0,'FCAP','0000-00-00 00:00:00'),(1123,'First Cash Financial Services, Inc.',0,'FCFS','0000-00-00 00:00:00'),(1124,'First Charter Corporation',0,'FCTR','0000-00-00 00:00:00'),(1125,'First Citizens Banc Corp.',0,'FCZA','0000-00-00 00:00:00'),(1126,'First Citizens BancShares, Inc.',0,'FCNCA','0000-00-00 00:00:00'),(1127,'First Clover Leaf Financial Corp.',0,'FCLF','0000-00-00 00:00:00'),(1128,'First Community Bancorp',0,'FCBP','0000-00-00 00:00:00'),(1129,'First Community Bancshares, Inc.',0,'FCBC','0000-00-00 00:00:00'),(1130,'First Community Bank Corporation of America',0,'FCFL','0000-00-00 00:00:00'),(1131,'First Community Corporation',0,'FCCO','0000-00-00 00:00:00'),(1132,'First Consulting Group, Inc.',0,'FCGI','0000-00-00 00:00:00'),(1133,'First Defiance Financial Corp.',0,'FDEF','0000-00-00 00:00:00'),(1134,'First Federal Banc of the Southwest, Inc.',0,'FFSW','0000-00-00 00:00:00'),(1135,'First Federal Bancshares of Arkansas, Inc.',0,'FFBH','0000-00-00 00:00:00'),(1136,'First Federal Bancshares, Inc.',0,'FFBI','0000-00-00 00:00:00'),(1137,'First Federal Bankshares, Inc.',0,'FFSX','0000-00-00 00:00:00'),(1138,'First Federal of Northern Michigan Bancorp, Inc.',0,'FFNM','0000-00-00 00:00:00'),(1139,'First Financial Bancorp.',0,'FFBC','0000-00-00 00:00:00'),(1140,'First Financial Bankshares, Inc.',0,'FFIN','0000-00-00 00:00:00'),(1141,'First Financial Corporation Indiana',0,'THFF','0000-00-00 00:00:00'),(1142,'First Financial Holdings, Inc.',0,'FFCH','0000-00-00 00:00:00'),(1143,'First Financial Service Corporation',0,'FFKY','0000-00-00 00:00:00'),(1144,'First Franklin Corporation',0,'FFHS','0000-00-00 00:00:00'),(1145,'First Indiana Corporation',0,'FINB','0000-00-00 00:00:00'),(1146,'First Keystone Financial, Inc.',0,'FKFS','0000-00-00 00:00:00'),(1147,'First M & F Corporation',0,'FMFC','0000-00-00 00:00:00'),(1148,'First Mariner Bancorp',0,'FMAR','0000-00-00 00:00:00'),(1149,'First Merchants Corporation',0,'FRME','0000-00-00 00:00:00'),(1150,'First Merchants Corporation',0,'FRMEP','0000-00-00 00:00:00'),(1151,'First Midwest Bancorp, Inc.',0,'FMBI','0000-00-00 00:00:00'),(1152,'First Mutual Bancshares, Inc.',0,'FMSB','0000-00-00 00:00:00'),(1153,'First National Bancshares Inc (SC)',0,'FNSC','0000-00-00 00:00:00'),(1154,'First National Lincoln Corporation',0,'FNLC','0000-00-00 00:00:00'),(1155,'First Niagara Financial Group Inc.',0,'FNFG','0000-00-00 00:00:00'),(1156,'First Niles Financial, Inc.',0,'FNFI','0000-00-00 00:00:00'),(1157,'First of Long Island Corporation (The)',0,'FLIC','0000-00-00 00:00:00'),(1158,'First PacTrust Bancorp, Inc.',0,'FPTB','0000-00-00 00:00:00'),(1159,'First Place Financial Corp.',0,'FPFC','0000-00-00 00:00:00'),(1160,'First Regional Bancorp',0,'FRGB','0000-00-00 00:00:00'),(1161,'First Republic Preferred Capital Corporation',0,'FRCCO','0000-00-00 00:00:00'),(1162,'First Republic Preferred Capital Corporation',0,'FRCCP','0000-00-00 00:00:00'),(1163,'First Security Group, Inc.',0,'FSGI','0000-00-00 00:00:00'),(1164,'First South Bancorp Inc',0,'FSBK','0000-00-00 00:00:00'),(1165,'First State Bancorporation',0,'FSNM','0000-00-00 00:00:00'),(1166,'First State Financial Corporation',0,'FSTF','0000-00-00 00:00:00'),(1167,'First Trust NASDAQ-100 Equal Weighted Index Fund',0,'QQEW','0000-00-00 00:00:00'),(1168,'First Trust NASDAQ-100-Technology Sector Index Fund',0,'QTEC','0000-00-00 00:00:00'),(1169,'First United Corporation',0,'FUNC','0000-00-00 00:00:00'),(1170,'Firstbank Corporation',0,'FBMI','0000-00-00 00:00:00'),(1171,'FirstBank NW Corp.',0,'FBNW','0000-00-00 00:00:00'),(1172,'FirstCity Financial Corporation',0,'FCFC','0000-00-00 00:00:00'),(1173,'FirstMerit Corporation',0,'FMER','0000-00-00 00:00:00'),(1174,'FirstService Corporation',0,'FSRV','0000-00-00 00:00:00'),(1175,'Firstwave Technologies Inc.',0,'FSTW','0000-00-00 00:00:00'),(1176,'Fiserv, Inc.',0,'FISV','0000-00-00 00:00:00'),(1177,'Fisher Communications, Inc.',0,'FSCI','0000-00-00 00:00:00'),(1178,'FLAG Financial Corporation',0,'FLAG','0000-00-00 00:00:00'),(1179,'Flamel Technologies S.A.',0,'FLML','0000-00-00 00:00:00'),(1180,'Flanders Corporation',0,'FLDR','0000-00-00 00:00:00'),(1181,'Flexsteel Industries, Inc.',0,'FLXS','0000-00-00 00:00:00'),(1182,'Flextronics International Ltd.',0,'FLEX','0000-00-00 00:00:00'),(1183,'FLIR Systems, Inc.',0,'FLIR','0000-00-00 00:00:00'),(1184,'Flow International Corporation',0,'FLOW','0000-00-00 00:00:00'),(1185,'Flushing Financial Corporation',0,'FFIC','0000-00-00 00:00:00'),(1186,'FMS Financial Corporation',0,'FMCO','0000-00-00 00:00:00'),(1187,'FNB Corporation',0,'FNBP','0000-00-00 00:00:00'),(1188,'FNB Financial Services Corporation',0,'FNBF','0000-00-00 00:00:00'),(1189,'FNB United Corp.',0,'FNBN','0000-00-00 00:00:00'),(1190,'FOCUS Enhancements, Inc.',0,'FCSE','0000-00-00 00:00:00'),(1191,'Focus Media Holding Limited',0,'FMCN','0000-00-00 00:00:00'),(1192,'Fonar Corporation',0,'FONR','0000-00-00 00:00:00'),(1193,'Food Technology Service, Inc.',0,'VIFL','0000-00-00 00:00:00'),(1194,'Forbes Medi-Tech Inc.',0,'FMTI','0000-00-00 00:00:00'),(1195,'Forgent Networks Inc',0,'FORG','0000-00-00 00:00:00'),(1196,'FormFactor, Inc.',0,'FORM','0000-00-00 00:00:00'),(1197,'Formula Systems (1985) Ltd.',0,'FORTY','0000-00-00 00:00:00'),(1198,'Forrester Research, Inc.',0,'FORR','0000-00-00 00:00:00'),(1199,'FortuNet, Inc.',0,'FNET','0000-00-00 00:00:00'),(1200,'Forward Air Corporation',0,'FWRD','0000-00-00 00:00:00'),(1201,'Forward Industries, Inc.',0,'FORD','0000-00-00 00:00:00'),(1202,'Fossil, Inc.',0,'FOSL','0000-00-00 00:00:00'),(1203,'Foster Wheeler Ltd.',0,'FWLT','0000-00-00 00:00:00'),(1204,'Foster Wheeler Ltd.',0,'FWLTW','0000-00-00 00:00:00'),(1205,'Foster Wheeler Ltd.',0,'FWLTZ','0000-00-00 00:00:00'),(1206,'Foundry Networks, Inc.',0,'FDRY','0000-00-00 00:00:00'),(1207,'Fox Chase Bancorp, Inc.',0,'FXCB','0000-00-00 00:00:00'),(1208,'FoxHollow Technologies, Inc.',0,'FOXH','0000-00-00 00:00:00'),(1209,'FPB Bancorp, Inc.',0,'FPBI','0000-00-00 00:00:00'),(1210,'FPIC Insurance Group, Inc.',0,'FPIC','0000-00-00 00:00:00'),(1211,'Franklin Bank Corp.',0,'FBTX','0000-00-00 00:00:00'),(1212,'Franklin Credit Management Corp',0,'FCMC','0000-00-00 00:00:00'),(1213,'Franklin Electric Co., Inc.',0,'FELE','0000-00-00 00:00:00'),(1214,'Fred\'s, Inc.',0,'FRED','0000-00-00 00:00:00'),(1215,'FreeSeas Inc.',0,'FREE','0000-00-00 00:00:00'),(1216,'FreeSeas Inc.',0,'FREEW','0000-00-00 00:00:00'),(1217,'FreeSeas Inc.',0,'FREEZ','0000-00-00 00:00:00'),(1218,'FreightCar America, Inc.',0,'RAIL','0000-00-00 00:00:00'),(1219,'Frequency Electronics, Inc.',0,'FEIM','0000-00-00 00:00:00'),(1220,'Frontier Airlines Holdings, Inc.',0,'FRNT','0000-00-00 00:00:00'),(1221,'Frontier Financial Corporation',0,'FTBK','0000-00-00 00:00:00'),(1222,'Frozen Food Express Industries, Inc.',0,'FFEX','0000-00-00 00:00:00'),(1223,'FSI International, Inc.',0,'FSII','0000-00-00 00:00:00'),(1224,'Fuel Systems Solutions, Inc.',0,'FSYS','0000-00-00 00:00:00'),(1225,'Fuel Tech, Inc.',0,'FTEK','0000-00-00 00:00:00'),(1226,'FuelCell Energy, Inc.',0,'FCEL','0000-00-00 00:00:00'),(1227,'FUJIFILM Holdings Corporation',0,'FUJIY','0000-00-00 00:00:00'),(1228,'Fulton Financial Corporation',0,'FULT','0000-00-00 00:00:00'),(1229,'Fundtech Ltd.',0,'FNDT','0000-00-00 00:00:00'),(1230,'Futuremedia Public Limited Company',0,'FMDAY','0000-00-00 00:00:00'),(1231,'FX Energy, Inc.',0,'FXEN','0000-00-00 00:00:00'),(1232,'G&K Services, Inc.',0,'GKSR','0000-00-00 00:00:00'),(1233,'G-III Apparel Group, LTD.',0,'GIII','0000-00-00 00:00:00'),(1234,'G. Willi-Food International,  Ltd.',0,'WILC','0000-00-00 00:00:00'),(1235,'Gaiam, Inc.',0,'GAIA','0000-00-00 00:00:00'),(1236,'Gallery of History, Inc.',0,'HIST','0000-00-00 00:00:00'),(1237,'GameTech International, Inc.',0,'GMTC','0000-00-00 00:00:00'),(1238,'Gaming Partners International Corporation',0,'GPIC','0000-00-00 00:00:00'),(1239,'Gander Mountain Company',0,'GMTN','0000-00-00 00:00:00'),(1240,'Garmin Ltd.',0,'GRMN','0000-00-00 00:00:00'),(1241,'Gateway Financial Holdings, Inc.',0,'GBTS','0000-00-00 00:00:00'),(1242,'GB&T Bancshares',0,'GBTB','0000-00-00 00:00:00'),(1243,'Gehl Company',0,'GEHL','0000-00-00 00:00:00'),(1244,'Gemplus International S.A.',0,'GEMP','0000-00-00 00:00:00'),(1245,'Gemstar-TV Guide International Inc.',0,'GMST','0000-00-00 00:00:00'),(1246,'Gen-Probe Incorporated',0,'GPRO','0000-00-00 00:00:00'),(1247,'Genaera Corporation',0,'GENR','0000-00-00 00:00:00'),(1248,'Genco Shipping & Trading Limited',0,'GSTL','0000-00-00 00:00:00'),(1249,'Gene Logic Inc.',0,'GLGC','0000-00-00 00:00:00'),(1250,'Genelabs Technologies, Inc.',0,'GNLB','0000-00-00 00:00:00'),(1251,'General Communication, Inc.',0,'GNCMA','0000-00-00 00:00:00'),(1252,'Generex Biotechnology Corporation',0,'GNBT','0000-00-00 00:00:00'),(1253,'Genesis HealthCare Corporation',0,'GHCI','0000-00-00 00:00:00'),(1254,'Genesis Microchip Inc.',0,'GNSS','0000-00-00 00:00:00'),(1255,'Genesys S.A.',0,'GNSY','0000-00-00 00:00:00'),(1256,'GENETIC TECHNOLOGIES LTD',0,'GENE','0000-00-00 00:00:00'),(1257,'Genitope Corporation',0,'GTOP','0000-00-00 00:00:00'),(1258,'Genlyte Group Incorporated (The)',0,'GLYT','0000-00-00 00:00:00'),(1259,'Genomic Health, Inc.',0,'GHDX','0000-00-00 00:00:00'),(1260,'Genta Incorporated',0,'GNTA','0000-00-00 00:00:00'),(1261,'GenTek, Inc.',0,'GETI','0000-00-00 00:00:00'),(1262,'Gentex Corporation',0,'GNTX','0000-00-00 00:00:00'),(1263,'Gentium SpA',0,'GENT','0000-00-00 00:00:00'),(1264,'Gentiva Health Services, Inc.',0,'GTIV','0000-00-00 00:00:00'),(1265,'GenVec, Inc.',0,'GNVC','0000-00-00 00:00:00'),(1266,'Genzyme Corporation',0,'GENZ','0000-00-00 00:00:00'),(1267,'GeoEye, Inc.',0,'GEOY','0000-00-00 00:00:00'),(1268,'GeoMet, Inc.',0,'GMET','0000-00-00 00:00:00'),(1269,'GeoPharma, Inc.',0,'GORX','0000-00-00 00:00:00'),(1270,'GeoResources, Inc.',0,'GEOI','0000-00-00 00:00:00'),(1271,'German American Bancorp, Inc.',0,'GABC','0000-00-00 00:00:00'),(1272,'Geron Corporation',0,'GERN','0000-00-00 00:00:00'),(1273,'Gevity HR, Inc.',0,'GVHR','0000-00-00 00:00:00'),(1274,'GFI Group Inc.',0,'GFIG','0000-00-00 00:00:00'),(1275,'Gibraltar Industries, Inc.',0,'ROCK','0000-00-00 00:00:00'),(1276,'Giga-tronics Incorporated',0,'GIGA','0000-00-00 00:00:00'),(1277,'Gigabeam Corporation',0,'GGBM','0000-00-00 00:00:00'),(1278,'Gigabeam Corporation',0,'GGBMW','0000-00-00 00:00:00'),(1279,'Gigabeam Corporation',0,'GGBMZ','0000-00-00 00:00:00'),(1280,'GigaMedia Limited',0,'GIGM','0000-00-00 00:00:00'),(1281,'Gilat Satellite Networks Ltd.',0,'GILT','0000-00-00 00:00:00'),(1282,'Gilead Sciences, Inc.',0,'GILD','0000-00-00 00:00:00'),(1283,'Given Imaging Ltd.',0,'GIVN','0000-00-00 00:00:00'),(1284,'Glacier Bancorp, Inc.',0,'GBCI','0000-00-00 00:00:00'),(1285,'Gladstone Capital Corporation',0,'GLAD','0000-00-00 00:00:00'),(1286,'Gladstone Commercial Corporation',0,'GOOD','0000-00-00 00:00:00'),(1287,'Gladstone Commercial Corporation',0,'GOODO','0000-00-00 00:00:00'),(1288,'Gladstone Commercial Corporation',0,'GOODP','0000-00-00 00:00:00'),(1289,'Gladstone Investment Corporation',0,'GAIN','0000-00-00 00:00:00'),(1290,'Glen Burnie Bancorp',0,'GLBZ','0000-00-00 00:00:00'),(1291,'Glenayre Technologies, Inc.',0,'GEMS','0000-00-00 00:00:00'),(1292,'Global Crossing Ltd.',0,'GLBC','0000-00-00 00:00:00'),(1293,'Global Imaging Systems, Inc.',0,'GISX','0000-00-00 00:00:00'),(1294,'Global Industries, Ltd.',0,'GLBL','0000-00-00 00:00:00'),(1295,'Global Payment Technologies, Inc.',0,'GPTX','0000-00-00 00:00:00'),(1296,'Global Sources Ltd.',0,'GSOL','0000-00-00 00:00:00'),(1297,'Global Traffic Network, Inc.',0,'GNET','0000-00-00 00:00:00'),(1298,'Globecomm Systems Inc.',0,'GCOM','0000-00-00 00:00:00'),(1299,'Gmarket Inc.',0,'GMKT','0000-00-00 00:00:00'),(1300,'GMX Resources, Inc.',0,'GMXR','0000-00-00 00:00:00'),(1301,'GMX Resources, Inc.',0,'GMXRP','0000-00-00 00:00:00'),(1302,'GoAmerica, Inc.',0,'GOAM','0000-00-00 00:00:00'),(1303,'Golar LNG Limited',0,'GLNG','0000-00-00 00:00:00'),(1304,'Gold Kist Inc.',0,'GKIS','0000-00-00 00:00:00'),(1305,'Golden Enterprises, Inc.',0,'GLDC','0000-00-00 00:00:00'),(1306,'Golden Telecom, Inc.',0,'GLDN','0000-00-00 00:00:00'),(1307,'Goldleaf Financial Solutions, Inc.',0,'GFSI','0000-00-00 00:00:00'),(1308,'Golf Galaxy, Inc.',0,'GGXY','0000-00-00 00:00:00'),(1309,'Golfsmith International Holdings, Inc.',0,'GOLF','0000-00-00 00:00:00'),(1310,'Good Times Restaurants Inc.',0,'GTIM','0000-00-00 00:00:00'),(1311,'Google Inc.',0,'GOOG','0000-00-00 00:00:00'),(1312,'GPC Biotech AG',0,'GPCB','0000-00-00 00:00:00'),(1313,'Grand Toys International, Inc.',0,'GRIN','0000-00-00 00:00:00'),(1314,'Granite City Food & Brewery Ltd.',0,'GCFB','0000-00-00 00:00:00'),(1315,'Gravity Co., Ltd.',0,'GRVY','0000-00-00 00:00:00'),(1316,'Great Pee Dee Bancorp, Inc.',0,'PEDE','0000-00-00 00:00:00'),(1317,'Great Southern Bancorp, Inc.',0,'GSBC','0000-00-00 00:00:00'),(1318,'Great Southern Bancorp, Inc.',0,'GSBCP','0000-00-00 00:00:00'),(1319,'Great Wolf Resorts, Inc.',0,'WOLF','0000-00-00 00:00:00'),(1320,'Greater Atlantic Financial Corporation',0,'GAFC','0000-00-00 00:00:00'),(1321,'Greater Bay Bancorp',0,'GBBK','0000-00-00 00:00:00'),(1322,'Greater Community Bancorp',0,'GFLS','0000-00-00 00:00:00'),(1323,'Greater Community Bancorp',0,'GFLSO','0000-00-00 00:00:00'),(1324,'Greater Delaware Valley Savings Bank',0,'ALLB','0000-00-00 00:00:00'),(1325,'Green Mountain Coffee Roasters, Inc.',0,'GMCR','0000-00-00 00:00:00'),(1326,'Green Plains Renewable Energy, Inc.',0,'GPRE','0000-00-00 00:00:00'),(1327,'Greene County Bancorp, Inc.',0,'GCBC','0000-00-00 00:00:00'),(1328,'Greene County Bancshares, Inc.',0,'GCBS','0000-00-00 00:00:00'),(1329,'Greenfield Online, Inc.',0,'SRVY','0000-00-00 00:00:00'),(1330,'Greenville First Bancshares Inc.',0,'GVBK','0000-00-00 00:00:00'),(1331,'Griffin Land & Nurseries, Inc.',0,'GRIF','0000-00-00 00:00:00'),(1332,'Grill Concepts Inc.',0,'GRIL','0000-00-00 00:00:00'),(1333,'Grupo Financiero Galicia S.A.',0,'GGAL','0000-00-00 00:00:00'),(1334,'GS Financial Corp.',0,'GSLA','0000-00-00 00:00:00'),(1335,'GSI Commerce, Inc.',0,'GSIC','0000-00-00 00:00:00'),(1336,'GSI Group, Inc.',0,'GSIG','0000-00-00 00:00:00'),(1337,'GTC Biotherapeutics Inc',0,'GTCB','0000-00-00 00:00:00'),(1338,'GTSI Corp.',0,'GTSI','0000-00-00 00:00:00'),(1339,'GTx, Inc.',0,'GTXI','0000-00-00 00:00:00'),(1340,'Guaranty Federal Bancshares, Inc.',0,'GFED','0000-00-00 00:00:00'),(1341,'Guitar Center, Inc.',0,'GTRC','0000-00-00 00:00:00'),(1342,'Gulf Island Fabrication, Inc.',0,'GIFI','0000-00-00 00:00:00'),(1343,'GulfMark Offshore, Inc.',0,'GMRK','0000-00-00 00:00:00'),(1344,'Gulfport Energy Corporation',0,'GPOR','0000-00-00 00:00:00'),(1345,'Gymboree Corporation (The)',0,'GYMB','0000-00-00 00:00:00'),(1346,'Gyrodyne Company of America, Inc.',0,'GYRO','0000-00-00 00:00:00'),(1347,'H&E Equipment Services, Inc.',0,'HEES','0000-00-00 00:00:00'),(1348,'Habersham Bancorp',0,'HABC','0000-00-00 00:00:00'),(1349,'Hain Celestial Group, Inc. (The)',0,'HAIN','0000-00-00 00:00:00'),(1350,'Hallmark Financial Services, Inc.',0,'HALL','0000-00-00 00:00:00'),(1351,'Hampshire Group, Limited',0,'HAMP','0000-00-00 00:00:00'),(1352,'HAMPTON ROADS BANKSHARES INC',0,'HMPR','0000-00-00 00:00:00'),(1353,'Hana Biosciences, Inc.',0,'HNAB','0000-00-00 00:00:00'),(1354,'hanarotelecom incorporated',0,'HANA','0000-00-00 00:00:00'),(1355,'Hancock Holding Company',0,'HBHC','0000-00-00 00:00:00'),(1356,'Handheld Entertainment, Inc.',0,'ZVUE','0000-00-00 00:00:00'),(1357,'Handheld Entertainment, Inc.',0,'ZVUEU','0000-00-00 00:00:00'),(1358,'Hanmi Financial Corporation',0,'HAFC','0000-00-00 00:00:00'),(1359,'Hansen Natural Corporation',0,'HANS','0000-00-00 00:00:00'),(1360,'Harbor Florida Bancshares Inc',0,'HARB','0000-00-00 00:00:00'),(1361,'Hardinge, Inc.',0,'HDNG','0000-00-00 00:00:00'),(1362,'Harleysville Group Inc.',0,'HGIC','0000-00-00 00:00:00'),(1363,'Harleysville National Corporation',0,'HNBC','0000-00-00 00:00:00'),(1364,'Harleysville Savings Bank',0,'HARL','0000-00-00 00:00:00'),(1365,'Harmonic Inc.',0,'HLIT','0000-00-00 00:00:00'),(1366,'Harrington West Financial Group, Inc.',0,'HWFG','0000-00-00 00:00:00'),(1367,'Harris & Harris Group, Inc.',0,'TINY','0000-00-00 00:00:00'),(1368,'Harris Interactive, Inc.',0,'HPOL','0000-00-00 00:00:00'),(1369,'Harvard Bioscience, Inc.',0,'HBIO','0000-00-00 00:00:00'),(1370,'Harvey Electronics, Inc.',0,'HRVE','0000-00-00 00:00:00'),(1371,'Hastings Entertainment, Inc.',0,'HAST','0000-00-00 00:00:00'),(1372,'Hauppauge Digital, Inc.',0,'HAUP','0000-00-00 00:00:00'),(1373,'Hawkins, Inc.',0,'HWKN','0000-00-00 00:00:00'),(1374,'Hayes Lemmerz International, Inc.',0,'HAYZ','0000-00-00 00:00:00'),(1375,'Health Grades, Inc.',0,'HGRD','0000-00-00 00:00:00'),(1376,'HealthAxis Inc.',0,'HAXS','0000-00-00 00:00:00'),(1377,'Healthcare Services Group, Inc.',0,'HCSG','0000-00-00 00:00:00'),(1378,'Healthcare Technologies Ltd.',0,'HCTL','0000-00-00 00:00:00'),(1379,'HealthExtras, Inc.',0,'HLEX','0000-00-00 00:00:00'),(1380,'HealthStream, Inc.',0,'HSTM','0000-00-00 00:00:00'),(1381,'HealthTronics, Inc.',0,'HTRN','0000-00-00 00:00:00'),(1382,'Healthways, Inc.',0,'HWAY','0000-00-00 00:00:00'),(1383,'Heartland Express, Inc.',0,'HTLD','0000-00-00 00:00:00'),(1384,'Heartland Financial USA, Inc.',0,'HTLF','0000-00-00 00:00:00'),(1385,'HEI, Inc.',0,'HEII','0000-00-00 00:00:00'),(1386,'Heidrick & Struggles International, Inc.',0,'HSII','0000-00-00 00:00:00'),(1387,'Helen of Troy Limited',0,'HELE','0000-00-00 00:00:00'),(1388,'Helix Energy Solutions Group, Inc.',0,'HLX','0000-00-00 00:00:00'),(1389,'Henry Schein, Inc.',0,'HSIC','0000-00-00 00:00:00'),(1390,'Hercules Offshore, Inc.',0,'HERO','0000-00-00 00:00:00'),(1391,'Hercules Technology Growth Capital, Inc.',0,'HTGC','0000-00-00 00:00:00'),(1392,'Heritage Commerce Corp',0,'HTBK','0000-00-00 00:00:00'),(1393,'Heritage Financial Corporation',0,'HFWA','0000-00-00 00:00:00'),(1394,'Heritage Financial Group',0,'HBOS','0000-00-00 00:00:00'),(1395,'Heritage Oaks Bancorp',0,'HEOP','0000-00-00 00:00:00'),(1396,'Herley Industries, Inc.',0,'HRLY','0000-00-00 00:00:00'),(1397,'Herman Miller, Inc.',0,'MLHR','0000-00-00 00:00:00'),(1398,'Herzfeld Caribbean Basin Fund, Inc. (The)',0,'CUBA','0000-00-00 00:00:00'),(1399,'Heska Corporation',0,'HSKA','0000-00-00 00:00:00'),(1400,'HF Financial Corp.',0,'HFFC','0000-00-00 00:00:00'),(1401,'Hi-Tech Pharmacal Co., Inc.',0,'HITK','0000-00-00 00:00:00'),(1402,'hi/fn, inc.',0,'HIFN','0000-00-00 00:00:00'),(1403,'Hibbett Sporting Goods, Inc.',0,'HIBB','0000-00-00 00:00:00'),(1404,'Hickory Tech Corporation',0,'HTCO','0000-00-00 00:00:00'),(1405,'Highveld Steel and Vanadium Corporation Limited',0,'HSVLY','0000-00-00 00:00:00'),(1406,'Highway Holdings Limited',0,'HIHO','0000-00-00 00:00:00'),(1407,'Hiland Holdings GP, LP',0,'HPGP','0000-00-00 00:00:00'),(1408,'Hiland Partners, LP',0,'HLND','0000-00-00 00:00:00'),(1409,'Hill International, Inc.',0,'HINT','0000-00-00 00:00:00'),(1410,'Hill International, Inc.',0,'HINTU','0000-00-00 00:00:00'),(1411,'Hill International, Inc.',0,'HINTW','0000-00-00 00:00:00'),(1412,'Himax Technologies, Inc.',0,'HIMX','0000-00-00 00:00:00'),(1413,'Hines Horticulture, Inc.',0,'HORT','0000-00-00 00:00:00'),(1414,'Hingham Institution for Savings',0,'HIFS','0000-00-00 00:00:00'),(1415,'Hirsch International Corp.',0,'HRSH','0000-00-00 00:00:00'),(1416,'Hittite Microwave Corporation',0,'HITT','0000-00-00 00:00:00'),(1417,'HMN Financial, Inc.',0,'HMNF','0000-00-00 00:00:00'),(1418,'HMS Holdings Corp',0,'HMSY','0000-00-00 00:00:00'),(1419,'Hoku Scientific, Inc.',0,'HOKU','0000-00-00 00:00:00'),(1420,'Hollis-Eden Pharmaceuticals, Inc.',0,'HEPH','0000-00-00 00:00:00'),(1421,'Hollywood Media Corp.',0,'HOLL','0000-00-00 00:00:00'),(1422,'Hologic, Inc.',0,'HOLX','0000-00-00 00:00:00'),(1423,'Home BancShares, Inc.',0,'HOMB','0000-00-00 00:00:00'),(1424,'Home City Financial Corporation',0,'HCFC','0000-00-00 00:00:00'),(1425,'Home Diagnostics, Inc.',0,'HDIX','0000-00-00 00:00:00'),(1426,'Home Federal Bancorp',0,'HOMF','0000-00-00 00:00:00'),(1427,'Home Federal Bancorp, Inc.',0,'HOME','0000-00-00 00:00:00'),(1428,'Home Inns & Hotels Management Inc.',0,'HMIN','0000-00-00 00:00:00'),(1429,'Home Solutions of America, Inc.',0,'HSOA','0000-00-00 00:00:00'),(1430,'Hooker Furniture Corporation',0,'HOFT','0000-00-00 00:00:00'),(1431,'HopFed Bancorp, Inc.',0,'HFBC','0000-00-00 00:00:00'),(1432,'Horizon Bancorp (IN)',0,'HBNC','0000-00-00 00:00:00'),(1433,'Horizon Financial Corp.',0,'HRZB','0000-00-00 00:00:00'),(1434,'Horizon Health Corporation',0,'HORC','0000-00-00 00:00:00'),(1435,'Horizon Offshore, Inc.',0,'HOFF','0000-00-00 00:00:00'),(1436,'Hot Topic, Inc.',0,'HOTT','0000-00-00 00:00:00'),(1437,'House of Taylor Jewelry, Inc.',0,'HOTJ','0000-00-00 00:00:00'),(1438,'HouseValues, Inc.',0,'SOLD','0000-00-00 00:00:00'),(1439,'Houston Wire & Cable Company',0,'HWCC','0000-00-00 00:00:00'),(1440,'Hovnanian Enterprises Inc',0,'HOVNP','0000-00-00 00:00:00'),(1441,'Hub Group, Inc.',0,'HUBG','0000-00-00 00:00:00'),(1442,'Hudson City Bancorp, Inc.',0,'HCBK','0000-00-00 00:00:00'),(1443,'Hudson Highland Group, Inc.',0,'HHGP','0000-00-00 00:00:00'),(1444,'Hudson Technologies, Inc.',0,'HDSN','0000-00-00 00:00:00'),(1445,'Hughes Communications Inc',0,'HUGH','0000-00-00 00:00:00'),(1446,'Human Genome Sciences, Inc.',0,'HGSI','0000-00-00 00:00:00'),(1447,'Huntington Bancshares Incorporated',0,'HBAN','0000-00-00 00:00:00'),(1448,'Huntington Preferred Capital, Inc.',0,'HPCCP','0000-00-00 00:00:00'),(1449,'Hurco Companies, Inc.',0,'HURC','0000-00-00 00:00:00'),(1450,'Huron Consulting Group Inc.',0,'HURN','0000-00-00 00:00:00'),(1451,'Hurray! Holding Co., Ltd.',0,'HRAY','0000-00-00 00:00:00'),(1452,'Hutchinson Technology Incorporated',0,'HTCH','0000-00-00 00:00:00'),(1453,'Hydril',0,'HYDL','0000-00-00 00:00:00'),(1454,'Hydrogenics Corporation',0,'HYGS','0000-00-00 00:00:00'),(1455,'Hyperion Solutions Corporation',0,'HYSL','0000-00-00 00:00:00'),(1456,'Hythiam, Inc.',0,'HYTM','0000-00-00 00:00:00'),(1457,'i-CABLE Communications Limited',0,'ICAB','0000-00-00 00:00:00'),(1458,'I-Flow Corporation',0,'IFLO','0000-00-00 00:00:00'),(1459,'I-many, Inc.',0,'IMNY','0000-00-00 00:00:00'),(1460,'I.D. Systems, Inc.',0,'IDSY','0000-00-00 00:00:00'),(1461,'i2 Technologies, Inc.',0,'ITWO','0000-00-00 00:00:00'),(1462,'IAC/InterActiveCorp',0,'IACI','0000-00-00 00:00:00'),(1463,'IAC/InterActiveCorp',0,'IACIW','0000-00-00 00:00:00'),(1464,'IAC/InterActiveCorp',0,'IACIZ','0000-00-00 00:00:00'),(1465,'iBasis, Inc.',0,'IBAS','0000-00-00 00:00:00'),(1466,'IBERIABANK Corporation',0,'IBKC','0000-00-00 00:00:00'),(1467,'Ibis Technology Corporation',0,'IBIS','0000-00-00 00:00:00'),(1468,'icad inc.',0,'ICAD','0000-00-00 00:00:00'),(1469,'Icagen, Inc.',0,'ICGN','0000-00-00 00:00:00'),(1470,'ICF International, Inc.',0,'ICFI','0000-00-00 00:00:00'),(1471,'ICO Global Communications Holdings Limited DE',0,'ICOG','0000-00-00 00:00:00'),(1472,'ICO, Inc.',0,'ICOC','0000-00-00 00:00:00'),(1473,'ICO, Inc.',0,'ICOCZ','0000-00-00 00:00:00'),(1474,'ICON plc',0,'ICLR','0000-00-00 00:00:00'),(1475,'Iconix Brand Group, Inc.',0,'ICON','0000-00-00 00:00:00'),(1476,'ICOP Digital, Inc.',0,'ICOP','0000-00-00 00:00:00'),(1477,'ICOP Digital, Inc.',0,'ICOPW','0000-00-00 00:00:00'),(1478,'ICOS Corporation',0,'ICOS','0000-00-00 00:00:00'),(1479,'ICOS Vision Systems Corporation N.V.',0,'IVIS','0000-00-00 00:00:00'),(1480,'ICT Group, Inc.',0,'ICTG','0000-00-00 00:00:00'),(1481,'ICU Medical, Inc.',0,'ICUI','0000-00-00 00:00:00'),(1482,'Idenix Pharmaceuticals, Inc.',0,'IDIX','0000-00-00 00:00:00'),(1483,'IDEXX Laboratories, Inc.',0,'IDXX','0000-00-00 00:00:00'),(1484,'IDM Pharma, Inc.',0,'IDMI','0000-00-00 00:00:00'),(1485,'iGATE Corporation',0,'IGTE','0000-00-00 00:00:00'),(1486,'II-VI Incorporated',0,'IIVI','0000-00-00 00:00:00'),(1487,'Ikanos Communications, Inc.',0,'IKAN','0000-00-00 00:00:00'),(1488,'Ikonics Corporation',0,'IKNX','0000-00-00 00:00:00'),(1489,'Illumina, Inc.',0,'ILMN','0000-00-00 00:00:00'),(1490,'ILOG S.A.',0,'ILOG','0000-00-00 00:00:00'),(1491,'Image Entertainment, Inc.',0,'DISK','0000-00-00 00:00:00'),(1492,'Image Sensing Systems, Inc.',0,'ISNS','0000-00-00 00:00:00'),(1493,'ImaRx Therapeutics, Inc.',0,'IMRX','0000-00-00 00:00:00'),(1494,'Imax Corporation',0,'IMAX','0000-00-00 00:00:00'),(1495,'ImClone Systems Incorporated',0,'IMCL','0000-00-00 00:00:00'),(1496,'Immersion Corporation',0,'IMMR','0000-00-00 00:00:00'),(1497,'ImmuCell Corporation',0,'ICCC','0000-00-00 00:00:00'),(1498,'Immucor, Inc.',0,'BLUD','0000-00-00 00:00:00'),(1499,'Immunicon Corporation',0,'IMMC','0000-00-00 00:00:00'),(1500,'ImmunoGen, Inc.',0,'IMGN','0000-00-00 00:00:00'),(1501,'Immunomedics, Inc.',0,'IMMU','0000-00-00 00:00:00'),(1502,'Imperial Industries, Inc.',0,'IPII','0000-00-00 00:00:00'),(1503,'Imperial Sugar Company',0,'IPSU','0000-00-00 00:00:00'),(1504,'Imperial Sugar Company',0,'IPSUW','0000-00-00 00:00:00'),(1505,'IncrediMail Ltd.',0,'MAIL','0000-00-00 00:00:00'),(1506,'Incyte Corporation',0,'INCY','0000-00-00 00:00:00'),(1507,'Independence Federal Savings Bank',0,'IFSB','0000-00-00 00:00:00'),(1508,'Independent Bank Corp.',0,'INDB','0000-00-00 00:00:00'),(1509,'Independent Bank Corp.',0,'INDBM','0000-00-00 00:00:00'),(1510,'Independent Bank Corp.',0,'INDBN','0000-00-00 00:00:00'),(1511,'Independent Bank Corporation',0,'IBCP','0000-00-00 00:00:00'),(1512,'Independent Bank Corporation',0,'IBCPO','0000-00-00 00:00:00'),(1513,'Indevus Pharmaceuticals Inc.',0,'IDEV','0000-00-00 00:00:00'),(1514,'Indus International, Inc.',0,'IINT','0000-00-00 00:00:00'),(1515,'Industrial Distribution Group, Inc.',0,'IDGR','0000-00-00 00:00:00'),(1516,'Industrial Services of America, Inc.',0,'IDSA','0000-00-00 00:00:00'),(1517,'Inergy Holdings, L.P.',0,'NRGP','0000-00-00 00:00:00'),(1518,'Inergy, L.P.',0,'NRGY','0000-00-00 00:00:00'),(1519,'Infinity Energy Resources, Inc.',0,'IFNY','0000-00-00 00:00:00'),(1520,'Infinity Pharmaceuticals, Inc.',0,'INFI','0000-00-00 00:00:00'),(1521,'Infinity Property and Casualty Corporation',0,'IPCC','0000-00-00 00:00:00'),(1522,'Infocrossing, Inc.',0,'IFOX','0000-00-00 00:00:00'),(1523,'InFocus Corporation',0,'INFS','0000-00-00 00:00:00'),(1524,'Informatica Corporation',0,'INFA','0000-00-00 00:00:00'),(1525,'Inforte Corp.',0,'INFT','0000-00-00 00:00:00'),(1526,'InfoSonics Corp',0,'IFON','0000-00-00 00:00:00'),(1527,'InfoSpace, Inc.',0,'INSP','0000-00-00 00:00:00'),(1528,'Infosys Technologies Limited',0,'INFY','0000-00-00 00:00:00'),(1529,'infoUSA, Inc.',0,'IUSA','0000-00-00 00:00:00'),(1530,'InfoVista S.A.',0,'IVTA','0000-00-00 00:00:00'),(1531,'Ingles Markets, Incorporated',0,'IMKTA','0000-00-00 00:00:00'),(1532,'Inhibitex, Inc.',0,'INHX','0000-00-00 00:00:00'),(1533,'InnerWorkings, Inc.',0,'INWK','0000-00-00 00:00:00'),(1534,'Innodata Isogen Inc',0,'INOD','0000-00-00 00:00:00'),(1535,'Innospec Inc.',0,'IOSP','0000-00-00 00:00:00'),(1536,'Innotrac Corporation',0,'INOC','0000-00-00 00:00:00'),(1537,'Innovative Solutions and Support, Inc.',0,'ISSC','0000-00-00 00:00:00'),(1538,'Innovex, Inc.',0,'INVX','0000-00-00 00:00:00'),(1539,'Innovo Group, Inc.',0,'INNO','0000-00-00 00:00:00'),(1540,'InPhonic, Inc.',0,'INPC','0000-00-00 00:00:00'),(1541,'InPlay Technologies, Inc.',0,'NPLA','0000-00-00 00:00:00'),(1542,'Insight Enterprises, Inc.',0,'NSIT','0000-00-00 00:00:00'),(1543,'Insightful Corporation',0,'IFUL','0000-00-00 00:00:00'),(1544,'Insignia Systems, Inc.',0,'ISIG','0000-00-00 00:00:00'),(1545,'Insituform Technologies, Inc.',0,'INSU','0000-00-00 00:00:00'),(1546,'Insmed, Inc.',0,'INSM','0000-00-00 00:00:00'),(1547,'Inspire Pharmaceuticals, Inc.',0,'ISPH','0000-00-00 00:00:00'),(1548,'Insteel Industries, Inc.',0,'IIIN','0000-00-00 00:00:00'),(1549,'Insure.com, Inc.',0,'QUOT','0000-00-00 00:00:00'),(1550,'InsWeb Corporation',0,'INSW','0000-00-00 00:00:00'),(1551,'INTAC International',0,'INTN','0000-00-00 00:00:00'),(1552,'Integra Bank Corporation',0,'IBNK','0000-00-00 00:00:00'),(1553,'Integra LifeSciences Holdings Corporation',0,'IART','0000-00-00 00:00:00'),(1554,'Integral Systems, Inc.',0,'ISYS','0000-00-00 00:00:00'),(1555,'IntegraMed America, Inc.',0,'INMD','0000-00-00 00:00:00'),(1556,'Integrated Alarm Services Group, Inc.',0,'IASG','0000-00-00 00:00:00'),(1557,'Integrated Device Technology, Inc.',0,'IDTI','0000-00-00 00:00:00'),(1558,'Integrated Electrical Services, Inc.',0,'IESC','0000-00-00 00:00:00'),(1559,'Integrated Silicon Solution, Inc.',0,'ISSI','0000-00-00 00:00:00'),(1560,'Integrity Bancshares, Inc.',0,'ITYC','0000-00-00 00:00:00'),(1561,'Intel Corporation',0,'INTC','0000-00-00 00:00:00'),(1562,'Inter Parfums, Inc.',0,'IPAR','0000-00-00 00:00:00'),(1563,'Inter-Tel, Incorporated',0,'INTL','0000-00-00 00:00:00'),(1564,'Interactive Intelligence, Inc.',0,'ININ','0000-00-00 00:00:00'),(1565,'Interactive Systems Worldwide Inc.',0,'ISWI','0000-00-00 00:00:00'),(1566,'Interchange Corporation',0,'INCX','0000-00-00 00:00:00'),(1567,'Interchange Financial Services Corporation',0,'IFCJ','0000-00-00 00:00:00'),(1568,'InterDigital Communications Corp.',0,'IDCC','0000-00-00 00:00:00'),(1569,'Interface, Inc.',0,'IFSIA','0000-00-00 00:00:00'),(1570,'Intergraph Corporation',0,'INGR','0000-00-00 00:00:00'),(1571,'Intergroup Corporation (The)',0,'INTG','0000-00-00 00:00:00'),(1572,'Intermagnetics General Corporation',0,'IMGC','0000-00-00 00:00:00'),(1573,'InterMune, Inc.',0,'ITMN','0000-00-00 00:00:00'),(1574,'Internap Network Services Corporation',0,'INAP','0000-00-00 00:00:00'),(1575,'International Assets Holding Corporation',0,'IAAC','0000-00-00 00:00:00'),(1576,'International Bancshares Corporation',0,'IBOC','0000-00-00 00:00:00'),(1577,'International DisplayWorks Inc',0,'IDWK','0000-00-00 00:00:00'),(1578,'International Speedway Corporation',0,'ISCA','0000-00-00 00:00:00'),(1579,'Internet Capital Group, Inc.',0,'ICGE','0000-00-00 00:00:00'),(1580,'Internet Commerce Corp.',0,'ICCA','0000-00-00 00:00:00'),(1581,'Internet Gold Golden Lines Ltd.',0,'IGLD','0000-00-00 00:00:00'),(1582,'Internet Initiative Japan, Inc.',0,'IIJI','0000-00-00 00:00:00'),(1583,'Interphase Corporation',0,'INPH','0000-00-00 00:00:00'),(1584,'Intersections, Inc.',0,'INTX','0000-00-00 00:00:00'),(1585,'Intersil Corporation',0,'ISIL','0000-00-00 00:00:00'),(1586,'Intervest Bancshares Corp.',0,'IBCA','0000-00-00 00:00:00'),(1587,'Intervideo, Inc.',0,'IVII','0000-00-00 00:00:00'),(1588,'InterVoice Inc.',0,'INTV','0000-00-00 00:00:00'),(1589,'Interwoven, Inc.',0,'IWOV','0000-00-00 00:00:00'),(1590,'inTest Corporation',0,'INTT','0000-00-00 00:00:00'),(1591,'Intevac, Inc.',0,'IVAC','0000-00-00 00:00:00'),(1592,'IntraLase Corp.',0,'ILSE','0000-00-00 00:00:00'),(1593,'Intraware, Inc.',0,'ITRA','0000-00-00 00:00:00'),(1594,'Introgen Therapeutics, Inc.',0,'INGN','0000-00-00 00:00:00'),(1595,'Intuit Inc.',0,'INTU','0000-00-00 00:00:00'),(1596,'Intuitive Surgical, Inc.',0,'ISRG','0000-00-00 00:00:00'),(1597,'inVentiv Health, Inc.',0,'VTIV','0000-00-00 00:00:00'),(1598,'Inventure Group, Inc. (The)',0,'SNAK','0000-00-00 00:00:00'),(1599,'INVESTools Inc.',0,'IEDU','0000-00-00 00:00:00'),(1600,'Investors Bancorp, Inc.',0,'ISBC','0000-00-00 00:00:00'),(1601,'Investors Financial Services Corp.',0,'IFIN','0000-00-00 00:00:00'),(1602,'Investors Real Estate Trust',0,'IRETP','0000-00-00 00:00:00'),(1603,'Investors Real Estate Trust',0,'IRETS','0000-00-00 00:00:00'),(1604,'Investors Title Company',0,'ITIC','0000-00-00 00:00:00'),(1605,'Invitrogen Corporation',0,'IVGN','0000-00-00 00:00:00'),(1606,'INX Inc.',0,'INXI','0000-00-00 00:00:00'),(1607,'INX Inc.',0,'INXIW','0000-00-00 00:00:00'),(1608,'Iomai Corporation',0,'IOMI','0000-00-00 00:00:00'),(1609,'IONA Technologies PLC',0,'IONA','0000-00-00 00:00:00'),(1610,'Ionatron, Inc.',0,'IOTN','0000-00-00 00:00:00'),(1611,'iPass Inc.',0,'IPAS','0000-00-00 00:00:00'),(1612,'IPC Holdings, Limited',0,'IPCR','0000-00-00 00:00:00'),(1613,'iPCS, Inc.',0,'IPCS','0000-00-00 00:00:00'),(1614,'IRIDEX Corporation',0,'IRIX','0000-00-00 00:00:00'),(1615,'IRIS International, Inc.',0,'IRIS','0000-00-00 00:00:00'),(1616,'iRobot Corporation',0,'IRBT','0000-00-00 00:00:00'),(1617,'Irvine Sensors Corporation',0,'IRSN','0000-00-00 00:00:00'),(1618,'Isis Pharmaceuticals, Inc.',0,'ISIS','0000-00-00 00:00:00'),(1619,'Isle of Capri Casinos, Inc.',0,'ISLE','0000-00-00 00:00:00'),(1620,'Isonics Corporation',0,'ISON','0000-00-00 00:00:00'),(1621,'Isonics Corporation',0,'ISONL','0000-00-00 00:00:00'),(1622,'Isonics Corporation',0,'ISONZ','0000-00-00 00:00:00'),(1623,'Isramco, Inc.',0,'ISRL','0000-00-00 00:00:00'),(1624,'ISTA Pharmaceuticals, Inc.',0,'ISTA','0000-00-00 00:00:00'),(1625,'ITLA Capital Corporation',0,'ITLA','0000-00-00 00:00:00'),(1626,'Itron, Inc.',0,'ITRI','0000-00-00 00:00:00'),(1627,'Ituran Location and Control Ltd.',0,'ITRN','0000-00-00 00:00:00'),(1628,'Ivanhoe Energy, Inc.',0,'IVAN','0000-00-00 00:00:00'),(1629,'iVOW, Inc.',0,'IVOW','0000-00-00 00:00:00'),(1630,'Ixia',0,'XXIA','0000-00-00 00:00:00'),(1631,'IXYS Corporation',0,'IXYS','0000-00-00 00:00:00'),(1632,'J & J Snack Foods Corp.',0,'JJSF','0000-00-00 00:00:00'),(1633,'J. W. Mays, Inc.',0,'MAYS','0000-00-00 00:00:00'),(1634,'J.B. Hunt Transport Services, Inc.',0,'JBHT','0000-00-00 00:00:00'),(1635,'j2 Global Communications Inc',0,'JCOM','0000-00-00 00:00:00'),(1636,'Jacada Ltd.',0,'JCDA','0000-00-00 00:00:00'),(1637,'Jack Henry & Associates, Inc.',0,'JKHY','0000-00-00 00:00:00'),(1638,'Jacksonville Bancorp Inc.',0,'JXSB','0000-00-00 00:00:00'),(1639,'Jacksonville Bancorp, Inc.',0,'JAXB','0000-00-00 00:00:00'),(1640,'Jaco Electronics, Inc.',0,'JACO','0000-00-00 00:00:00'),(1641,'JAKKS Pacific, Inc.',0,'JAKK','0000-00-00 00:00:00'),(1642,'James River Coal Company',0,'JRCC','0000-00-00 00:00:00'),(1643,'James River Group, Inc.',0,'JRVR','0000-00-00 00:00:00'),(1644,'JDA Software Group, Inc.',0,'JDAS','0000-00-00 00:00:00'),(1645,'JDS Uniphase Corporation',0,'JDSUD','0000-00-00 00:00:00'),(1646,'Jefferson Bancshares, Inc.',0,'JFBI','0000-00-00 00:00:00'),(1647,'Jeffersonville Bancorp',0,'JFBC','0000-00-00 00:00:00'),(1648,'JetBlue Airways Corporation',0,'JBLU','0000-00-00 00:00:00'),(1649,'Jewett-Cameron Trading Company',0,'JCTCF','0000-00-00 00:00:00'),(1650,'JMAR Technologies, Inc.',0,'JMAR','0000-00-00 00:00:00'),(1651,'John B. Sanfilippo & Son, Inc.',0,'JBSS','0000-00-00 00:00:00'),(1652,'John Hancock Financial Trends Fund, Inc.',0,'JHFT','0000-00-00 00:00:00'),(1653,'Johnson Outdoors Inc.',0,'JOUT','0000-00-00 00:00:00'),(1654,'Jones Soda Co.',0,'JSDA','0000-00-00 00:00:00'),(1655,'Jos. A. Bank Clothiers, Inc.',0,'JOSB','0000-00-00 00:00:00'),(1656,'Joy Global Inc.',0,'JOYG','0000-00-00 00:00:00'),(1657,'Juniper Networks, Inc.',0,'JNPR','0000-00-00 00:00:00'),(1658,'Jupitermedia Corporation',0,'JUPM','0000-00-00 00:00:00'),(1659,'K-Fed Bancorp',0,'KFED','0000-00-00 00:00:00'),(1660,'K-Swiss Inc.',0,'KSWS','0000-00-00 00:00:00'),(1661,'K-Tron International, Inc.',0,'KTII','0000-00-00 00:00:00'),(1662,'Kaiser Aluminum Corporation',0,'KALU','0000-00-00 00:00:00'),(1663,'Kaman Corporation',0,'KAMN','0000-00-00 00:00:00'),(1664,'Kanbay International, Inc.',0,'KBAY','0000-00-00 00:00:00'),(1665,'Kansas City Life Insurance Company',0,'KCLI','0000-00-00 00:00:00'),(1666,'Kearny Financial',0,'KRNY','0000-00-00 00:00:00'),(1667,'Kelly Services, Inc.',0,'KELYA','0000-00-00 00:00:00'),(1668,'Kelly Services, Inc.',0,'KELYB','0000-00-00 00:00:00'),(1669,'Kendle International Inc.',0,'KNDL','0000-00-00 00:00:00'),(1670,'Kenexa Corporation',0,'KNXA','0000-00-00 00:00:00'),(1671,'Kensey Nash Corporation',0,'KNSY','0000-00-00 00:00:00'),(1672,'Kent Financial Services, Inc.',0,'KENT','0000-00-00 00:00:00'),(1673,'Kentucky First Federal Bancorp',0,'KFFB','0000-00-00 00:00:00'),(1674,'Keryx Biopharmaceuticals, Inc.',0,'KERX','0000-00-00 00:00:00'),(1675,'Kewaunee Scientific Corporation',0,'KEQU','0000-00-00 00:00:00'),(1676,'Key Technology, Inc.',0,'KTEC','0000-00-00 00:00:00'),(1677,'Key Tronic Corporation',0,'KTCC','0000-00-00 00:00:00'),(1678,'Keynote Systems, Inc.',0,'KEYN','0000-00-00 00:00:00'),(1679,'Keystone Automotive Industries, Inc.',0,'KEYS','0000-00-00 00:00:00'),(1680,'Kforce, Inc.',0,'KFRC','0000-00-00 00:00:00'),(1681,'KHD Humboldt Wedag International Ltd.',0,'KHDH','0000-00-00 00:00:00'),(1682,'Kimball International, Inc.',0,'KBALB','0000-00-00 00:00:00'),(1683,'Kintera Inc.',0,'KNTA','0000-00-00 00:00:00'),(1684,'Kirkland\'s, Inc.',0,'KIRK','0000-00-00 00:00:00'),(1685,'KLA-Tencor Corporation',0,'KLAC','0000-00-00 00:00:00'),(1686,'KMG Chemicals, Inc.',0,'KMGB','0000-00-00 00:00:00'),(1687,'KNBT Bancorp, Inc.',0,'KNBT','0000-00-00 00:00:00'),(1688,'Knight Capital Group, Inc.',0,'NITE','0000-00-00 00:00:00'),(1689,'Knightsbridge Tankers, Limited',0,'VLCCF','0000-00-00 00:00:00'),(1690,'Knology, Inc.',0,'KNOL','0000-00-00 00:00:00'),(1691,'Knot, Inc. (The)',0,'KNOT','0000-00-00 00:00:00'),(1692,'Komag, Inc.',0,'KOMG','0000-00-00 00:00:00'),(1693,'Kona Grill, Inc.',0,'KONA','0000-00-00 00:00:00'),(1694,'KongZhong Corporation',0,'KONG','0000-00-00 00:00:00'),(1695,'Kopin Corporation',0,'KOPN','0000-00-00 00:00:00'),(1696,'Kos Pharmaceuticals, Inc.',0,'KOSP','0000-00-00 00:00:00'),(1697,'Kosan Biosciences Incorporated',0,'KOSN','0000-00-00 00:00:00'),(1698,'Koss Corporation',0,'KOSS','0000-00-00 00:00:00'),(1699,'Kreisler Manufacturing Corporation',0,'KRSL','0000-00-00 00:00:00'),(1700,'Kronos Incorporated',0,'KRON','0000-00-00 00:00:00'),(1701,'Kulicke and Soffa Industries, Inc.',0,'KLIC','0000-00-00 00:00:00'),(1702,'KVH Industries, Inc.',0,'KVHI','0000-00-00 00:00:00'),(1703,'Kyphon Inc.',0,'KYPH','0000-00-00 00:00:00'),(1704,'L-1 Identity Solutions, Inc.',0,'ID','0000-00-00 00:00:00'),(1705,'L.B. Foster Company',0,'FSTR','0000-00-00 00:00:00'),(1706,'La Jolla Pharmaceutical Company',0,'LJPC','0000-00-00 00:00:00'),(1707,'Labopharm Inc',0,'DDSS','0000-00-00 00:00:00'),(1708,'LaCrosse Footwear, Inc.',0,'BOOT','0000-00-00 00:00:00'),(1709,'Ladish Co., Inc.',0,'LDSH','0000-00-00 00:00:00'),(1710,'Lake Shore Bancorp, Inc.',0,'LSBK','0000-00-00 00:00:00'),(1711,'Lakeland Bancorp, Inc.',0,'LBAI','0000-00-00 00:00:00'),(1712,'Lakeland Financial Corporation',0,'LKFN','0000-00-00 00:00:00'),(1713,'Lakeland Industries, Inc.',0,'LAKE','0000-00-00 00:00:00'),(1714,'Lakes Entertainment, Inc.',0,'LACO','0000-00-00 00:00:00'),(1715,'Lam Research Corporation',0,'LRCX','0000-00-00 00:00:00'),(1716,'Lamar Advertising Company',0,'LAMR','0000-00-00 00:00:00'),(1717,'Lancaster Colony Corporation',0,'LANC','0000-00-00 00:00:00'),(1718,'Lance, Inc.',0,'LNCE','0000-00-00 00:00:00'),(1719,'Landec Corporation',0,'LNDC','0000-00-00 00:00:00'),(1720,'Landmark Bancorp Inc.',0,'LARK','0000-00-00 00:00:00'),(1721,'Landstar System, Inc.',0,'LSTR','0000-00-00 00:00:00'),(1722,'Langer Inc.',0,'GAIT','0000-00-00 00:00:00'),(1723,'LanOptics Ltd.',0,'LNOP','0000-00-00 00:00:00'),(1724,'Lantronix, Inc.',0,'LTRX','0000-00-00 00:00:00'),(1725,'LaserCard Corporation',0,'LCRD','0000-00-00 00:00:00'),(1726,'Lattice Semiconductor Corporation',0,'LSCC','0000-00-00 00:00:00'),(1727,'Laureate Education, Inc.',0,'LAUR','0000-00-00 00:00:00'),(1728,'Lawson Products, Inc.',0,'LAWS','0000-00-00 00:00:00'),(1729,'Lawson Software, Inc.',0,'LWSN','0000-00-00 00:00:00'),(1730,'Layne Christensen Company',0,'LAYN','0000-00-00 00:00:00'),(1731,'LCA-Vision Inc.',0,'LCAV','0000-00-00 00:00:00'),(1732,'LCC International, Inc.',0,'LCCI','0000-00-00 00:00:00'),(1733,'Leading Brands Inc',0,'LBIX','0000-00-00 00:00:00'),(1734,'Leadis Technology, Inc.',0,'LDIS','0000-00-00 00:00:00'),(1735,'Leap Wireless International, Inc.',0,'LEAP','0000-00-00 00:00:00'),(1736,'Learning Tree International, Inc.',0,'LTRE','0000-00-00 00:00:00'),(1737,'LECG Corporation',0,'XPRT','0000-00-00 00:00:00'),(1738,'LeCroy Corporation',0,'LCRY','0000-00-00 00:00:00'),(1739,'Leesport Financial Corporation',0,'FLPB','0000-00-00 00:00:00'),(1740,'Legacy Bancorp, Inc.',0,'LEGC','0000-00-00 00:00:00'),(1741,'LeMaitre Vascular, Inc.',0,'LMAT','0000-00-00 00:00:00'),(1742,'LESCO, Inc.',0,'LSCO','0000-00-00 00:00:00'),(1743,'Level 3 Communications, Inc.',0,'LVLT','0000-00-00 00:00:00'),(1744,'Lexicon Genetics Incorporated',0,'LEXG','0000-00-00 00:00:00'),(1745,'LHC Group',0,'LHCG','0000-00-00 00:00:00'),(1746,'Liberty Bancorp, Inc.',0,'LBCP','0000-00-00 00:00:00'),(1747,'Liberty Bell Bank (NJ)',0,'LBBB','0000-00-00 00:00:00'),(1748,'Liberty Global, Inc.',0,'LBTYA','0000-00-00 00:00:00'),(1749,'Liberty Global, Inc.',0,'LBTYB','0000-00-00 00:00:00'),(1750,'Liberty Global, Inc.',0,'LBTYK','0000-00-00 00:00:00'),(1751,'Liberty Media Corporation',0,'LCAPA','0000-00-00 00:00:00'),(1752,'Liberty Media Corporation',0,'LCAPB','0000-00-00 00:00:00'),(1753,'Liberty Media Corporation',0,'LINTA','0000-00-00 00:00:00'),(1754,'Liberty Media Corporation',0,'LINTB','0000-00-00 00:00:00'),(1755,'Life Partners Holdings Inc',0,'LPHI','0000-00-00 00:00:00'),(1756,'LifeCell Corporation',0,'LIFC','0000-00-00 00:00:00'),(1757,'Lifecore Biomedical, Inc.',0,'LCBM','0000-00-00 00:00:00'),(1758,'LifePoint Hospitals, Inc.',0,'LPNT','0000-00-00 00:00:00'),(1759,'Lifetime Brands, Inc.',0,'LCUT','0000-00-00 00:00:00'),(1760,'Lifeway Foods, Inc.',0,'LWAY','0000-00-00 00:00:00'),(1761,'Ligand Pharmaceuticals Incorporated',0,'LGND','0000-00-00 00:00:00'),(1762,'Light Sciences Oncology, Inc.',0,'LSON','0000-00-00 00:00:00'),(1763,'Lightbridge, Inc.',0,'LTBG','0000-00-00 00:00:00'),(1764,'LightPath Technologies, Inc.',0,'LPTH','0000-00-00 00:00:00'),(1765,'Lihir Gold, Limited',0,'LIHR','0000-00-00 00:00:00'),(1766,'Lincare Holdings Inc.',0,'LNCR','0000-00-00 00:00:00'),(1767,'Lincoln Bancorp',0,'LNCB','0000-00-00 00:00:00'),(1768,'Lincoln Educational Services Corporation',0,'LINC','0000-00-00 00:00:00'),(1769,'Lincoln Electric Holdings, Inc.',0,'LECO','0000-00-00 00:00:00'),(1770,'Linear Technology Corporation',0,'LLTC','0000-00-00 00:00:00'),(1771,'Linktone Ltd.',0,'LTON','0000-00-00 00:00:00'),(1772,'Linn Energy, LLC',0,'LINE','0000-00-00 00:00:00'),(1773,'Lionbridge Technologies, Inc.',0,'LIOX','0000-00-00 00:00:00'),(1774,'Lipid Sciences Incorporated',0,'LIPD','0000-00-00 00:00:00'),(1775,'Liquidity Services, Inc.',0,'LQDT','0000-00-00 00:00:00'),(1776,'Littelfuse, Inc.',0,'LFUS','0000-00-00 00:00:00'),(1777,'LivePerson, Inc.',0,'LPSN','0000-00-00 00:00:00'),(1778,'LJ International, Inc.',0,'JADE','0000-00-00 00:00:00'),(1779,'LKQ Corporation',0,'LKQX','0000-00-00 00:00:00'),(1780,'LM Ericsson Telephone Company',0,'ERIC','0000-00-00 00:00:00'),(1781,'LMI Aerospace, Inc.',0,'LMIA','0000-00-00 00:00:00'),(1782,'LML Payment Systems, Inc.',0,'LMLP','0000-00-00 00:00:00'),(1783,'LNB Bancorp, Inc.',0,'LNBB','0000-00-00 00:00:00'),(1784,'LodgeNet Entertainment Corporation',0,'LNET','0000-00-00 00:00:00'),(1785,'Logic Devices Incorporated',0,'LOGC','0000-00-00 00:00:00'),(1786,'LogicVision, Inc.',0,'LGVN','0000-00-00 00:00:00'),(1787,'Logility, Inc.',0,'LGTY','0000-00-00 00:00:00'),(1788,'Logitech International S.A.',0,'LOGI','0000-00-00 00:00:00'),(1789,'LoJack Corporation',0,'LOJN','0000-00-00 00:00:00'),(1790,'Lone Star Steakhouse & Saloon, Inc.',0,'STAR','0000-00-00 00:00:00'),(1791,'LookSmart, Ltd.',0,'LOOK','0000-00-00 00:00:00'),(1792,'LoopNet, Inc.',0,'LOOP','0000-00-00 00:00:00'),(1793,'Loral Space and Communications, Inc.',0,'LORL','0000-00-00 00:00:00'),(1794,'LOUD Technologies Inc.',0,'LTEC','0000-00-00 00:00:00'),(1795,'LSB Bancshares, Inc.',0,'LXBK','0000-00-00 00:00:00'),(1796,'LSB Corporation',0,'LSBX','0000-00-00 00:00:00'),(1797,'LSB Financial Corp.',0,'LSBI','0000-00-00 00:00:00'),(1798,'LSI Industries Inc.',0,'LYTS','0000-00-00 00:00:00'),(1799,'LTX Corporation',0,'LTXX','0000-00-00 00:00:00'),(1800,'Lufkin Industries, Inc.',0,'LUFK','0000-00-00 00:00:00'),(1801,'Lumera Corporation',0,'LMRA','0000-00-00 00:00:00'),(1802,'Luminex Corporation',0,'LMNX','0000-00-00 00:00:00'),(1803,'Luna Innovations Incorporated',0,'LUNA','0000-00-00 00:00:00'),(1804,'M B T Financial Corp',0,'MBTF','0000-00-00 00:00:00'),(1805,'M-WAVE, Inc.',0,'MWAV','0000-00-00 00:00:00'),(1806,'Macatawa Bank Corporation',0,'MCBC','0000-00-00 00:00:00'),(1807,'MACC Private Equities Inc.',0,'MACC','0000-00-00 00:00:00'),(1808,'Mace Security International, Inc.',0,'MACE','0000-00-00 00:00:00'),(1809,'Mackinac Financial Corporation',0,'MFNC','0000-00-00 00:00:00'),(1810,'Macronix International Co. Ltd',0,'MXICY','0000-00-00 00:00:00'),(1811,'Macrovision Corporation',0,'MVSN','0000-00-00 00:00:00'),(1812,'MAF Bancorp, Inc.',0,'MAFB','0000-00-00 00:00:00'),(1813,'Magal Security Systems Ltd.',0,'MAGS','0000-00-00 00:00:00'),(1814,'Magellan Health Services, Inc.',0,'MGLN','0000-00-00 00:00:00'),(1815,'Magellan Petroleum Corporation',0,'MPET','0000-00-00 00:00:00'),(1816,'Magic Software Enterprises Ltd.',0,'MGIC','0000-00-00 00:00:00'),(1817,'Magma Design Automation, Inc.',0,'LAVA','0000-00-00 00:00:00'),(1818,'Magna Entertainment Corporation',0,'MECA','0000-00-00 00:00:00'),(1819,'Magyar Bancorp, Inc.',0,'MGYR','0000-00-00 00:00:00'),(1820,'MainSource Financial Group, Inc.',0,'MSFG','0000-00-00 00:00:00'),(1821,'MAIR Holdings, Inc.',0,'MAIR','0000-00-00 00:00:00'),(1822,'Majesco Entertainment Company',0,'COOL','0000-00-00 00:00:00'),(1823,'MakeMusic, Inc.',0,'MMUS','0000-00-00 00:00:00'),(1824,'Makita Corp.',0,'MKTAY','0000-00-00 00:00:00'),(1825,'Mamma.com Inc',0,'MAMA','0000-00-00 00:00:00'),(1826,'Management Network Group, Inc. (The)',0,'TMNG','0000-00-00 00:00:00'),(1827,'Manatron, Inc.',0,'MANA','0000-00-00 00:00:00'),(1828,'Manhattan Associates, Inc.',0,'MANH','0000-00-00 00:00:00'),(1829,'Mannatech, Incorporated',0,'MTEX','0000-00-00 00:00:00'),(1830,'MannKind Corporation',0,'MNKD','0000-00-00 00:00:00'),(1831,'ManTech International Corporation',0,'MANT','0000-00-00 00:00:00'),(1832,'MapInfo Corporation',0,'MAPS','0000-00-00 00:00:00'),(1833,'Marchex, Inc.',0,'MCHX','0000-00-00 00:00:00'),(1834,'Marchex, Inc.',0,'MCHXP','0000-00-00 00:00:00'),(1835,'Marine Petroleum Trust',0,'MARPS','0000-00-00 00:00:00'),(1836,'MarketAxess Holdings, Inc.',0,'MKTX','0000-00-00 00:00:00'),(1837,'Marlin Business Services Corp.',0,'MRLN','0000-00-00 00:00:00'),(1838,'Marshall Edwards, Inc.',0,'MSHL','0000-00-00 00:00:00'),(1839,'Marshall Edwards, Inc.',0,'MSHLW','0000-00-00 00:00:00'),(1840,'Martek Biosciences Corporation',0,'MATK','0000-00-00 00:00:00'),(1841,'Marten Transport, Ltd.',0,'MRTN','0000-00-00 00:00:00'),(1842,'Martin Midstream Partners L.P.',0,'MMLP','0000-00-00 00:00:00'),(1843,'Marvell Technology Group, Ltd.',0,'MRVL','0000-00-00 00:00:00'),(1844,'MASSBANK Corp.',0,'MASB','0000-00-00 00:00:00'),(1845,'MathStar, Inc.',0,'MATH','0000-00-00 00:00:00'),(1846,'Matria Healthcare, Inc.',0,'MATR','0000-00-00 00:00:00'),(1847,'Matrix Service Company',0,'MTRX','0000-00-00 00:00:00'),(1848,'Matrixx Initiatives Inc.',0,'MTXX','0000-00-00 00:00:00'),(1849,'Matthews International Corporation',0,'MATW','0000-00-00 00:00:00'),(1850,'Mattson Technology, Inc.',0,'MTSN','0000-00-00 00:00:00'),(1851,'Max & Erma\'s Restaurants, Inc.',0,'MAXE','0000-00-00 00:00:00'),(1852,'Max Re Capital Ltd.',0,'MXRE','0000-00-00 00:00:00'),(1853,'Maxco, Inc.',0,'MAXC','0000-00-00 00:00:00'),(1854,'Maxim Integrated Products, Inc.',0,'MXIM','0000-00-00 00:00:00'),(1855,'Maxus Realty Trust Inc',0,'MRTI','0000-00-00 00:00:00'),(1856,'Maxwell Technologies, Inc.',0,'MXWL','0000-00-00 00:00:00'),(1857,'Maxygen, Inc.',0,'MAXY','0000-00-00 00:00:00'),(1858,'Mayflower Co-operative Bank',0,'MFLR','0000-00-00 00:00:00'),(1859,'MB Financial Inc.',0,'MBFI','0000-00-00 00:00:00'),(1860,'MB Financial Inc.',0,'MBFIP','0000-00-00 00:00:00'),(1861,'McCormick & Schmick\'s Seafood Restaurants, Inc.',0,'MSSR','0000-00-00 00:00:00'),(1862,'McDATA Corporation',0,'MCDT','0000-00-00 00:00:00'),(1863,'McDATA Corporation',0,'MCDTA','0000-00-00 00:00:00'),(1864,'MCG Capital Corporation',0,'MCGC','0000-00-00 00:00:00'),(1865,'McGrath RentCorp',0,'MGRC','0000-00-00 00:00:00'),(1866,'MDC Partners Inc.',0,'MDCA','0000-00-00 00:00:00'),(1867,'MDI, Inc.',0,'MDII','0000-00-00 00:00:00'),(1868,'Meade Instruments Corp.',0,'MEAD','0000-00-00 00:00:00'),(1869,'Meadow Valley Corporation',0,'MVCO','0000-00-00 00:00:00'),(1870,'Measurement Specialties, Inc.',0,'MEAS','0000-00-00 00:00:00'),(1871,'Mechanical Technology Incorporated',0,'MKTY','0000-00-00 00:00:00'),(1872,'Medallion Financial Corp.',0,'TAXI','0000-00-00 00:00:00'),(1873,'Medarex, Inc.',0,'MEDX','0000-00-00 00:00:00'),(1874,'MedCath Corporation',0,'MDTH','0000-00-00 00:00:00'),(1875,'Mediacom Communications Corporation',0,'MCCC','0000-00-00 00:00:00'),(1876,'Medialink Worldwide Incorporated',0,'MDLK','0000-00-00 00:00:00'),(1877,'Medical Action Industries Inc.',0,'MDCI','0000-00-00 00:00:00'),(1878,'Medicines Company (The)',0,'MDCO','0000-00-00 00:00:00'),(1879,'MedImmune, Inc.',0,'MEDI','0000-00-00 00:00:00'),(1880,'Medis Technologies Ltd.',0,'MDTL','0000-00-00 00:00:00'),(1881,'MEDIWARE Information Systems, Inc.',0,'MEDW','0000-00-00 00:00:00'),(1882,'Medtox Scientific, Inc.',0,'MTOX','0000-00-00 00:00:00'),(1883,'Medwave, Inc.',0,'MDWV','0000-00-00 00:00:00'),(1884,'Memory Pharmaceuticals Corp.',0,'MEMY','0000-00-00 00:00:00'),(1885,'Mentor Graphics Corporation',0,'MENT','0000-00-00 00:00:00'),(1886,'MER Telemanagement Solutions Ltd.',0,'MTSL','0000-00-00 00:00:00'),(1887,'Mercantile Bank Corporation',0,'MBWM','0000-00-00 00:00:00'),(1888,'Mercantile Bankshares Corporation',0,'MRBK','0000-00-00 00:00:00'),(1889,'Mercer Insurance Group, Inc.',0,'MIGP','0000-00-00 00:00:00'),(1890,'Mercer International Inc.',0,'MERC','0000-00-00 00:00:00'),(1891,'Merchants Bancshares, Inc.',0,'MBVT','0000-00-00 00:00:00'),(1892,'Mercury Computer Systems',0,'MRCY','0000-00-00 00:00:00'),(1893,'Merge Technologies Inc.',0,'MRGE','0000-00-00 00:00:00'),(1894,'Meridian Bioscience Inc.',0,'VIVO','0000-00-00 00:00:00'),(1895,'Merit Medical Systems, Inc.',0,'MMSI','0000-00-00 00:00:00'),(1896,'Merix Corporation',0,'MERX','0000-00-00 00:00:00'),(1897,'Merrill Lynch & Co., Inc.',0,'ARQQ','0000-00-00 00:00:00'),(1898,'Merrill Lynch & Co., Inc.',0,'ARRQ','0000-00-00 00:00:00'),(1899,'Merrill Lynch & Co., Inc.',0,'DOTN','0000-00-00 00:00:00'),(1900,'Merrill Lynch & Co., Inc.',0,'DOWT','0000-00-00 00:00:00'),(1901,'Merrill Lynch & Co., Inc.',0,'DWID','0000-00-00 00:00:00'),(1902,'Merrill Lynch & Co., Inc.',0,'DWMT','0000-00-00 00:00:00'),(1903,'Merrill Lynch & Co., Inc.',0,'DWTN','0000-00-00 00:00:00'),(1904,'Merrill Lynch & Co., Inc.',0,'DWTT','0000-00-00 00:00:00'),(1905,'Merrill Lynch & Co., Inc.',0,'LERA','0000-00-00 00:00:00'),(1906,'Merrill Lynch & Co., Inc.',0,'LNDU','0000-00-00 00:00:00'),(1907,'Merrill Lynch & Co., Inc.',0,'MITT','0000-00-00 00:00:00'),(1908,'Merrill Lynch & Co., Inc.',0,'MLMT','0000-00-00 00:00:00'),(1909,'Merrill Lynch & Co., Inc.',0,'MNNY','0000-00-00 00:00:00'),(1910,'Merrill Lynch & Co., Inc.',0,'MSPX','0000-00-00 00:00:00'),(1911,'Merrill Lynch & Co., Inc.',0,'MTDB','0000-00-00 00:00:00'),(1912,'Merrill Lynch & Co., Inc.',0,'MTDW','0000-00-00 00:00:00'),(1913,'Merrill Lynch & Co., Inc.',0,'MTNK','0000-00-00 00:00:00'),(1914,'Merrill Lynch & Co., Inc.',0,'MTSM','0000-00-00 00:00:00'),(1915,'Merrill Lynch & Co., Inc.',0,'MTSP','0000-00-00 00:00:00'),(1916,'Merrill Lynch & Co., Inc.',0,'MTTT','0000-00-00 00:00:00'),(1917,'Merrill Lynch & Co., Inc.',0,'MTTX','0000-00-00 00:00:00'),(1918,'Merrill Lynch & Co., Inc.',0,'PDNT','0000-00-00 00:00:00'),(1919,'Merrill Lynch & Co., Inc.',0,'PGEB','0000-00-00 00:00:00'),(1920,'Merrill Lynch & Co., Inc.',0,'SPPX','0000-00-00 00:00:00'),(1921,'Merrill Lynch & Co., Inc.',0,'SRDD','0000-00-00 00:00:00'),(1922,'Merrill Lynch & Co., Inc.',0,'SRIB','0000-00-00 00:00:00'),(1923,'Merrill Lynch & Co., Inc.',0,'SRIX','0000-00-00 00:00:00'),(1924,'Merrill Lynch & Co., Inc.',0,'SRRR','0000-00-00 00:00:00'),(1925,'Merrill Merchants Bancshares, Inc.',0,'MERB','0000-00-00 00:00:00'),(1926,'Mesa Air Group, Inc.',0,'MESA','0000-00-00 00:00:00'),(1927,'Mesa Laboratories, Inc.',0,'MLAB','0000-00-00 00:00:00'),(1928,'Meta Financial Group, Inc.',0,'CASH','0000-00-00 00:00:00'),(1929,'Metabasis Therapeutics, Inc',0,'MBRX','0000-00-00 00:00:00'),(1930,'Metal Management , Inc.',0,'MM','0000-00-00 00:00:00'),(1931,'Metal Storm Limited',0,'MTSX','0000-00-00 00:00:00'),(1932,'Metalink, Ltd.',0,'MTLK','0000-00-00 00:00:00'),(1933,'MetaSolv Inc',0,'MSLV','0000-00-00 00:00:00'),(1934,'Methanex Corporation',0,'MEOH','0000-00-00 00:00:00'),(1935,'Methode Electronics, Inc.',0,'METH','0000-00-00 00:00:00'),(1936,'Metro One Telecommunications, Inc.',0,'INFO','0000-00-00 00:00:00'),(1937,'MetroCorp Bancshares, Inc.',0,'MCBI','0000-00-00 00:00:00'),(1938,'Metrologic Instruments, Inc.',0,'MTLG','0000-00-00 00:00:00'),(1939,'Mexican Restaurants, Inc.',0,'CASA','0000-00-00 00:00:00'),(1940,'MFB Corp.',0,'MFBC','0000-00-00 00:00:00'),(1941,'MFRI, Inc.',0,'MFRI','0000-00-00 00:00:00'),(1942,'MGE Energy Inc.',0,'MGEE','0000-00-00 00:00:00'),(1943,'MGI PHARMA, Inc.',0,'MOGN','0000-00-00 00:00:00'),(1944,'MGP Ingredients, Inc.',0,'MGPI','0000-00-00 00:00:00'),(1945,'Micrel, Incorporated',0,'MCRL','0000-00-00 00:00:00'),(1946,'Micro Linear Corporation',0,'MLIN','0000-00-00 00:00:00'),(1947,'Microchip Technology Incorporated',0,'MCHP','0000-00-00 00:00:00'),(1948,'Micromet, Inc.',0,'MITI','0000-00-00 00:00:00'),(1949,'Micronetics, Inc.',0,'NOIZ','0000-00-00 00:00:00'),(1950,'MICROS Systems, Inc.',0,'MCRS','0000-00-00 00:00:00'),(1951,'Microsemi Corporation',0,'MSCC','0000-00-00 00:00:00'),(1952,'Microsoft Corporation',0,'MSFT','0000-00-00 00:00:00'),(1953,'MicroStrategy Incorporated',0,'MSTR','0000-00-00 00:00:00'),(1954,'MicroStrategy Incorporated',0,'MSTRW','0000-00-00 00:00:00'),(1955,'Microtek Medical Holdings Inc',0,'MTMD','0000-00-00 00:00:00'),(1956,'Microtune, Inc.',0,'TUNE','0000-00-00 00:00:00'),(1957,'Microvision, Inc.',0,'MVIS','0000-00-00 00:00:00'),(1958,'Microvision, Inc.',0,'MVISW','0000-00-00 00:00:00'),(1959,'Microwave Filter Company, Inc.',0,'MFCO','0000-00-00 00:00:00'),(1960,'Micrus Endovascular Corporation',0,'MEND','0000-00-00 00:00:00'),(1961,'Mid-State Bancshares',0,'MDST','0000-00-00 00:00:00'),(1962,'Middleburg Financial Corporation',0,'MBRG','0000-00-00 00:00:00'),(1963,'Middleby Corporation (The)',0,'MIDD','0000-00-00 00:00:00'),(1964,'Middlesex Water Company',0,'MSEX','0000-00-00 00:00:00'),(1965,'Midland Company (The)',0,'MLAN','0000-00-00 00:00:00'),(1966,'Midwest Banc Holdings, Inc.',0,'MBHI','0000-00-00 00:00:00'),(1967,'MidWestOne Financial Group Inc',0,'OSKY','0000-00-00 00:00:00'),(1968,'Mikron Infrared, Inc.',0,'MIKR','0000-00-00 00:00:00'),(1969,'Millea Holdings Inc. ADR',0,'MLEA','0000-00-00 00:00:00'),(1970,'Millennium Bankshares Corporation',0,'MBVA','0000-00-00 00:00:00'),(1971,'Millennium Cell Inc.',0,'MCEL','0000-00-00 00:00:00'),(1972,'Millennium Pharmaceuticals, Inc.',0,'MLNM','0000-00-00 00:00:00'),(1973,'Millicom International Cellular S.A.',0,'MICC','0000-00-00 00:00:00'),(1974,'MIND C.T.I. Ltd.',0,'MNDO','0000-00-00 00:00:00'),(1975,'Mindspeed Technologies, Inc.',0,'MSPD','0000-00-00 00:00:00'),(1976,'MIPS Technologies, Inc.',0,'MIPS','0000-00-00 00:00:00'),(1977,'Mirae Corporation',0,'MRAE','0000-00-00 00:00:00'),(1978,'MISONIX, Inc.',0,'MSON','0000-00-00 00:00:00'),(1979,'Mitcham Industries, Inc.',0,'MIND','0000-00-00 00:00:00'),(1980,'Mitsui & Company, Ltd.',0,'MITSY','0000-00-00 00:00:00'),(1981,'MITY Enterprises Inc.',0,'MITY','0000-00-00 00:00:00'),(1982,'MIVA, Inc.',0,'MIVA','0000-00-00 00:00:00'),(1983,'MKS Instruments, Inc.',0,'MKSI','0000-00-00 00:00:00'),(1984,'Mobile Mini, Inc.',0,'MINI','0000-00-00 00:00:00'),(1985,'Mobility Electronics, Inc.',0,'MOBE','0000-00-00 00:00:00'),(1986,'Mobius Management Systems, Inc',0,'MOBI','0000-00-00 00:00:00'),(1987,'MOCON, Inc.',0,'MOCO','0000-00-00 00:00:00'),(1988,'MOD-PAC CORP.',0,'MPAC','0000-00-00 00:00:00'),(1989,'Modtech Holdings Inc.',0,'MODT','0000-00-00 00:00:00'),(1990,'Moldflow Corporation',0,'MFLO','0000-00-00 00:00:00'),(1991,'Molecular Devices Corporation',0,'MDCC','0000-00-00 00:00:00'),(1992,'Molex Incorporated',0,'MOLX','0000-00-00 00:00:00'),(1993,'Molex Incorporated',0,'MOLXA','0000-00-00 00:00:00'),(1994,'Momenta Pharmaceuticals, Inc.',0,'MNTA','0000-00-00 00:00:00'),(1995,'Monarch Casino & Resort, Inc.',0,'MCRI','0000-00-00 00:00:00'),(1996,'Monarch Community Bancorp, Inc.',0,'MCBF','0000-00-00 00:00:00'),(1997,'Monarch Financial Holdings, Inc.',0,'MNRK','0000-00-00 00:00:00'),(1998,'Monmouth Capital Corporation',0,'MONM','0000-00-00 00:00:00'),(1999,'Monmouth Real Estate Investment Corporation',0,'MNRTA','0000-00-00 00:00:00'),(2000,'Monogram Biosciences, Inc.',0,'MGRM','0000-00-00 00:00:00'),(2001,'Monolithic Power Systems, Inc.',0,'MPWR','0000-00-00 00:00:00'),(2002,'Monro Muffler Brake, Inc.',0,'MNRO','0000-00-00 00:00:00'),(2003,'Monroe Bancorp',0,'MROE','0000-00-00 00:00:00'),(2004,'Monster Worldwide, Inc.',0,'MNST','0000-00-00 00:00:00'),(2005,'Monterey Gourmet Foods, Inc.',0,'PSTA','0000-00-00 00:00:00'),(2006,'Morgan Stanley',0,'ESTX','0000-00-00 00:00:00'),(2007,'Morgan Stanley',0,'MNDX','0000-00-00 00:00:00'),(2008,'Morgan Stanley',0,'MSNQ','0000-00-00 00:00:00'),(2009,'Morgan Stanley',0,'NBXH','0000-00-00 00:00:00'),(2010,'Morgan Stanley',0,'NDPL','0000-00-00 00:00:00'),(2011,'Morgan Stanley',0,'NPLU','0000-00-00 00:00:00'),(2012,'Morgan Stanley',0,'NXPL','0000-00-00 00:00:00'),(2013,'Morgans Hotel Group Co.',0,'MHGC','0000-00-00 00:00:00'),(2014,'Morningstar, Inc.',0,'MORN','0000-00-00 00:00:00'),(2015,'Moscow CableCom Corp.',0,'MOCC','0000-00-00 00:00:00'),(2016,'Mossimo Inc.',0,'MOSS','0000-00-00 00:00:00'),(2017,'MoSys, Inc.',0,'MOSY','0000-00-00 00:00:00'),(2018,'Mothers Work, Inc.',0,'MWRK','0000-00-00 00:00:00'),(2019,'Move, Inc.',0,'MOVE','0000-00-00 00:00:00'),(2020,'Movie Gallery, Inc.',0,'MOVI','0000-00-00 00:00:00'),(2021,'MRU Holdings, Inc.',0,'UNCL','0000-00-00 00:00:00'),(2022,'MRV Communications, Inc.',0,'MRVC','0000-00-00 00:00:00'),(2023,'MSC.Software Corporation',0,'MSCS','0000-00-00 00:00:00'),(2024,'msystems Ltd.',0,'FLSH','0000-00-00 00:00:00'),(2025,'MTC Technologies, Inc.',0,'MTCT','0000-00-00 00:00:00'),(2026,'MTI Technology Corporation',0,'MTIC','0000-00-00 00:00:00'),(2027,'MTM Technologies, Inc.',0,'MTMC','0000-00-00 00:00:00'),(2028,'MTR Gaming Group, Inc.',0,'MNTG','0000-00-00 00:00:00'),(2029,'MTS Systems Corporation',0,'MTSC','0000-00-00 00:00:00'),(2030,'Multi-Color Corporation',0,'LABL','0000-00-00 00:00:00'),(2031,'Multi-Fineline Electronix, Inc.',0,'MFLX','0000-00-00 00:00:00'),(2032,'Multiband Corporation',0,'MBND','0000-00-00 00:00:00'),(2033,'Multimedia Games, Inc.',0,'MGAM','0000-00-00 00:00:00'),(2034,'MutualFirst Financial Inc.',0,'MFSF','0000-00-00 00:00:00'),(2035,'MWI Veterinary Supply, Inc.',0,'MWIV','0000-00-00 00:00:00'),(2036,'Myogen, Inc.',0,'MYOG','0000-00-00 00:00:00'),(2037,'Myriad Genetics, Inc.',0,'MYGN','0000-00-00 00:00:00'),(2038,'Nabi Biopharmaceuticals',0,'NABI','0000-00-00 00:00:00'),(2039,'Nanogen, Inc.',0,'NGEN','0000-00-00 00:00:00'),(2040,'Nanometrics Incorporated',0,'NANO','0000-00-00 00:00:00'),(2041,'Nanophase Technologies Corporation',0,'NANX','0000-00-00 00:00:00'),(2042,'Napco Security Systems, Inc.',0,'NSSC','0000-00-00 00:00:00'),(2043,'Napster, Inc.',0,'NAPS','0000-00-00 00:00:00'),(2044,'Nara Bancorp, Inc.',0,'NARA','0000-00-00 00:00:00'),(2045,'NASB Financial Inc.',0,'NASB','0000-00-00 00:00:00'),(2046,'Nasdaq Stock Market, Inc. (The)',0,'NDAQ','0000-00-00 00:00:00'),(2047,'NASDAQ-100 Index Tracking Stock',0,'QQQQ','0000-00-00 00:00:00'),(2048,'Nash-Finch Company',0,'NAFC','0000-00-00 00:00:00'),(2049,'Nashua Corporation',0,'NSHA','0000-00-00 00:00:00'),(2050,'Naspers Limited',0,'NPSN','0000-00-00 00:00:00'),(2051,'Nastech Pharmaceutical Company, Inc.',0,'NSTK','0000-00-00 00:00:00'),(2052,'Nathan\'s Famous, Inc.',0,'NATH','0000-00-00 00:00:00'),(2053,'National Atlantic Holdings Corporation',0,'NAHC','0000-00-00 00:00:00'),(2054,'National Bankshares, Inc.',0,'NKSH','0000-00-00 00:00:00'),(2055,'National Coal Corp.',0,'NCOC','0000-00-00 00:00:00'),(2056,'National Dentex Corporation',0,'NADX','0000-00-00 00:00:00'),(2057,'National Home Health Care Corp.',0,'NHHC','0000-00-00 00:00:00'),(2058,'National Instruments Corporation',0,'NATI','0000-00-00 00:00:00'),(2059,'National Interstate Corporation',0,'NATL','0000-00-00 00:00:00'),(2060,'National Medical Health Card Systems, Inc.',0,'NMHC','0000-00-00 00:00:00'),(2061,'National Mercantile Bancorp',0,'MBLA','0000-00-00 00:00:00'),(2062,'National Penn Bancshares, Inc.',0,'NPBC','0000-00-00 00:00:00'),(2063,'National Penn Bancshares, Inc.',0,'NPBCO','0000-00-00 00:00:00'),(2064,'National Research Corporation',0,'NRCI','0000-00-00 00:00:00'),(2065,'National Security Group, Inc.',0,'NSEC','0000-00-00 00:00:00'),(2066,'National Technical Systems, Inc.',0,'NTSC','0000-00-00 00:00:00'),(2067,'National Western Life Insurance Company',0,'NWLIA','0000-00-00 00:00:00'),(2068,'NationsHealth, Inc.',0,'NHRX','0000-00-00 00:00:00'),(2069,'NationsHealth, Inc.',0,'NHRXU','0000-00-00 00:00:00'),(2070,'NationsHealth, Inc.',0,'NHRXW','0000-00-00 00:00:00'),(2071,'Natrol, Inc.',0,'NTOL','0000-00-00 00:00:00'),(2072,'Natural Alternatives International, Inc.',0,'NAII','0000-00-00 00:00:00'),(2073,'Natural Health Trends Corporation',0,'BHIP','0000-00-00 00:00:00'),(2074,'Nature Vision, Inc.',0,'NRVN','0000-00-00 00:00:00'),(2075,'Natus Medical Incorporated',0,'BABY','0000-00-00 00:00:00'),(2076,'Naugatuck Valley Financial Corporation',0,'NVSL','0000-00-00 00:00:00'),(2077,'Navarre Corporation',0,'NAVR','0000-00-00 00:00:00'),(2078,'Navigators Group, Inc. (The)',0,'NAVG','0000-00-00 00:00:00'),(2079,'Navios Maritime Holdings Inc.',0,'BULK','0000-00-00 00:00:00'),(2080,'Navios Maritime Holdings Inc.',0,'BULKU','0000-00-00 00:00:00'),(2081,'Navios Maritime Holdings Inc.',0,'BULKW','0000-00-00 00:00:00'),(2082,'NaviSite, Inc.',0,'NAVI','0000-00-00 00:00:00'),(2083,'NB&T FINANCIAL GROUP INC',0,'NBTF','0000-00-00 00:00:00'),(2084,'NBT Bancorp Inc.',0,'NBTB','0000-00-00 00:00:00'),(2085,'NCI, Inc.',0,'NCIT','0000-00-00 00:00:00'),(2086,'NCO Group, Inc.',0,'NCOG','0000-00-00 00:00:00'),(2087,'NDS Group plc.',0,'NNDS','0000-00-00 00:00:00'),(2088,'NEC Corporation',0,'NIPNY','0000-00-00 00:00:00'),(2089,'Nektar Therapeutics',0,'NKTR','0000-00-00 00:00:00'),(2090,'Neogen Corporation',0,'NEOG','0000-00-00 00:00:00'),(2091,'NeoMagic Corporation',0,'NMGC','0000-00-00 00:00:00'),(2092,'NeoPharm, Inc.',0,'NEOL','0000-00-00 00:00:00'),(2093,'Neose Technologies, Inc.',0,'NTEC','0000-00-00 00:00:00'),(2094,'Neoware, Inc.',0,'NWRE','0000-00-00 00:00:00'),(2095,'Ness Technologies, Inc.',0,'NSTC','0000-00-00 00:00:00'),(2096,'Nestor, Inc.',0,'NEST','0000-00-00 00:00:00'),(2097,'Net 1 UEPS Technologies, Inc.',0,'UEPS','0000-00-00 00:00:00'),(2098,'NET Servicos de Comunicacao S.A.',0,'NETC','0000-00-00 00:00:00'),(2099,'Net.B@nk, Inc.',0,'NTBK','0000-00-00 00:00:00'),(2100,'Netease.com, Inc.',0,'NTES','0000-00-00 00:00:00'),(2101,'Netflix, Inc.',0,'NFLX','0000-00-00 00:00:00'),(2102,'NETGEAR, Inc.',0,'NTGR','0000-00-00 00:00:00'),(2103,'netGuru inc',0,'NGRU','0000-00-00 00:00:00'),(2104,'NetLogic Microsystems, Inc.',0,'NETL','0000-00-00 00:00:00'),(2105,'NetManage, Inc.',0,'NETM','0000-00-00 00:00:00'),(2106,'Netopia, Inc.',0,'NTPA','0000-00-00 00:00:00'),(2107,'NetRatings, Inc.',0,'NTRT','0000-00-00 00:00:00'),(2108,'NetScout Systems, Inc.',0,'NTCT','0000-00-00 00:00:00'),(2109,'Netsmart Technologies, Inc.',0,'NTST','0000-00-00 00:00:00'),(2110,'NetSol Technologies Inc.',0,'NTWK','0000-00-00 00:00:00'),(2111,'Network Appliance, Inc.',0,'NTAP','0000-00-00 00:00:00'),(2112,'Network Engines, Inc',0,'NENG','0000-00-00 00:00:00'),(2113,'Neurobiological Technologies, Inc.',0,'NTII','0000-00-00 00:00:00'),(2114,'Neurochem Inc',0,'NRMX','0000-00-00 00:00:00'),(2115,'Neurocrine Biosciences, Inc.',0,'NBIX','0000-00-00 00:00:00'),(2116,'Neurogen Corporation',0,'NRGN','0000-00-00 00:00:00'),(2117,'NeuroMetrix, Inc.',0,'NURO','0000-00-00 00:00:00'),(2118,'Nevada Chemicals, Inc.',0,'NCEM','0000-00-00 00:00:00'),(2119,'New Brunswick Scientific Co., Inc.',0,'NBSC','0000-00-00 00:00:00'),(2120,'New Century Bancorp, Inc. (NC)',0,'NCBC','0000-00-00 00:00:00'),(2121,'New England Bancshares, Inc.',0,'NEBS','0000-00-00 00:00:00'),(2122,'New Frontier Media, Inc.',0,'NOOF','0000-00-00 00:00:00'),(2123,'New Hampshire Thrift Bancshares, Inc.',0,'NHTB','0000-00-00 00:00:00'),(2124,'New River Pharmaceuticals Inc.',0,'NRPH','0000-00-00 00:00:00'),(2125,'New York Community Bancorp, Inc.',0,'HAVNP','0000-00-00 00:00:00'),(2126,'Newport Bancorp, Inc.',0,'NFSB','0000-00-00 00:00:00'),(2127,'Newport Corporation',0,'NEWP','0000-00-00 00:00:00'),(2128,'Newtek Business Services Inc.',0,'NEWT','0000-00-00 00:00:00'),(2129,'Nexity Financial Corporation',0,'NXTY','0000-00-00 00:00:00'),(2130,'NexMed, Inc.',0,'NEXM','0000-00-00 00:00:00'),(2131,'Nexstar Broadcasting Group, Inc.',0,'NXST','0000-00-00 00:00:00'),(2132,'Nextest Systems Corporation',0,'NEXT','0000-00-00 00:00:00'),(2133,'NGAS Resources, Inc.',0,'NGAS','0000-00-00 00:00:00'),(2134,'NGP Capital Resources Company',0,'NGPC','0000-00-00 00:00:00'),(2135,'NIC Inc.',0,'EGOV','0000-00-00 00:00:00'),(2136,'NICE-Systems Limited',0,'NICE','0000-00-00 00:00:00'),(2137,'Nicholas Financial, Inc.',0,'NICK','0000-00-00 00:00:00'),(2138,'NightHawk Radiology Holdings, Inc.',0,'NHWK','0000-00-00 00:00:00'),(2139,'NII Holdings, Inc.',0,'NIHD','0000-00-00 00:00:00'),(2140,'Ninetowns Internet Technology Group Company Limited',0,'NINE','0000-00-00 00:00:00'),(2141,'Nissan Motor Co., Ltd.',0,'NSANY','0000-00-00 00:00:00'),(2142,'Nitches, Inc.',0,'NICH','0000-00-00 00:00:00'),(2143,'NitroMed, Inc.',0,'NTMD','0000-00-00 00:00:00'),(2144,'NMS Communications Corporation',0,'NMSS','0000-00-00 00:00:00'),(2145,'NMT Medical Inc.',0,'NMTI','0000-00-00 00:00:00'),(2146,'NN, Inc.',0,'NNBR','0000-00-00 00:00:00'),(2147,'Nobel Learning Communities, Inc.',0,'NLCI','0000-00-00 00:00:00'),(2148,'Nobility Homes, Inc.',0,'NOBH','0000-00-00 00:00:00'),(2149,'Noble International, Ltd.',0,'NOBL','0000-00-00 00:00:00'),(2150,'Nordson Corporation',0,'NDSN','0000-00-00 00:00:00'),(2151,'Nortech Systems Incorporated',0,'NSYS','0000-00-00 00:00:00'),(2152,'North American Scientific, Inc.',0,'NASI','0000-00-00 00:00:00'),(2153,'North Bay Bancorp',0,'NBAN','0000-00-00 00:00:00'),(2154,'North Central Bancshares, Inc.',0,'FFFD','0000-00-00 00:00:00'),(2155,'North Pittsburgh Systems, Inc.',0,'NPSI','0000-00-00 00:00:00'),(2156,'North Pointe Holdings Corporation',0,'NPTE','0000-00-00 00:00:00'),(2157,'North Valley Bancorp',0,'NOVB','0000-00-00 00:00:00'),(2158,'Northeast Community Bancorp, Inc.',0,'NECB','0000-00-00 00:00:00'),(2159,'Northern Empire Bancshares',0,'NREB','0000-00-00 00:00:00'),(2160,'Northern States Financial Corporation',0,'NSFC','0000-00-00 00:00:00'),(2161,'Northern Trust Corporation',0,'NTRS','0000-00-00 00:00:00'),(2162,'Northfield Laboratories Inc.',0,'NFLD','0000-00-00 00:00:00'),(2163,'Northrim BanCorp Inc',0,'NRIM','0000-00-00 00:00:00'),(2164,'Northstar Neuroscience, Inc.',0,'NSTR','0000-00-00 00:00:00'),(2165,'Northway Financial Inc.',0,'NWFI','0000-00-00 00:00:00'),(2166,'Northwest Bancorp, Inc.',0,'NWSB','0000-00-00 00:00:00'),(2167,'Northwest Bancorp, Inc.',0,'NWSBP','0000-00-00 00:00:00'),(2168,'Northwest Pipe Company',0,'NWPX','0000-00-00 00:00:00'),(2169,'NorthWestern Corporation',0,'NWEC','0000-00-00 00:00:00'),(2170,'NorthWestern Corporation',0,'NWECW','0000-00-00 00:00:00'),(2171,'Norwood Financial Corp.',0,'NWFL','0000-00-00 00:00:00'),(2172,'Nova Measuring Instruments Ltd.',0,'NVMI','0000-00-00 00:00:00'),(2173,'Novacea, Inc.',0,'NOVC','0000-00-00 00:00:00'),(2174,'NovaMed, Inc.',0,'NOVA','0000-00-00 00:00:00'),(2175,'Novamerican Steel, Inc.',0,'TONS','0000-00-00 00:00:00'),(2176,'NovAtel Inc.',0,'NGPS','0000-00-00 00:00:00'),(2177,'Novatel Wireless, Inc.',0,'NVTL','0000-00-00 00:00:00'),(2178,'Novavax, Inc.',0,'NVAX','0000-00-00 00:00:00'),(2179,'Novell, Inc.',0,'NOVL','0000-00-00 00:00:00'),(2180,'Novellus Systems, Inc.',0,'NVLS','0000-00-00 00:00:00'),(2181,'Noven Pharmaceuticals, Inc.',0,'NOVN','0000-00-00 00:00:00'),(2182,'Novogen Limited',0,'NVGN','0000-00-00 00:00:00'),(2183,'NPS Pharmaceuticals, Inc.',0,'NPSP','0000-00-00 00:00:00'),(2184,'NTELOS Holdings Corp.',0,'NTLS','0000-00-00 00:00:00'),(2185,'NTL Incorporated',0,'NTLI','0000-00-00 00:00:00'),(2186,'NTL Incorporated',0,'NTLIW','0000-00-00 00:00:00'),(2187,'Nu Horizons Electronics Corp.',0,'NUHC','0000-00-00 00:00:00'),(2188,'Nuance Communications, Inc.',0,'NUAN','0000-00-00 00:00:00'),(2189,'NuCo2 Inc.',0,'NUCO','0000-00-00 00:00:00'),(2190,'NUCRYST Pharmaceuticals Corp.',0,'NCST','0000-00-00 00:00:00'),(2191,'Numerex Corp.',0,'NMRX','0000-00-00 00:00:00'),(2192,'Nutraceutical International Corporation',0,'NUTR','0000-00-00 00:00:00'),(2193,'NutriSystem Inc',0,'NTRI','0000-00-00 00:00:00'),(2194,'Nutrition 21 Inc.',0,'NXXI','0000-00-00 00:00:00'),(2195,'NuVasive, Inc.',0,'NUVA','0000-00-00 00:00:00'),(2196,'Nuvelo, Inc.',0,'NUVO','0000-00-00 00:00:00'),(2197,'NVE Corporation',0,'NVEC','0000-00-00 00:00:00'),(2198,'NVIDIA Corporation',0,'NVDA','0000-00-00 00:00:00'),(2199,'NxStage Medical, Inc.',0,'NXTM','0000-00-00 00:00:00'),(2200,'Nyer Medical Group, Inc.',0,'NYER','0000-00-00 00:00:00'),(2201,'Nymox Pharmaceutical Corporation',0,'NYMX','0000-00-00 00:00:00'),(2202,'O\'Charley\'s Inc.',0,'CHUX','0000-00-00 00:00:00'),(2203,'O\'Reilly Automotive, Inc.',0,'ORLY','0000-00-00 00:00:00'),(2204,'O. I. Corporation',0,'OICO','0000-00-00 00:00:00'),(2205,'O2Micro International Limited',0,'OIIM','0000-00-00 00:00:00'),(2206,'Oak Hill Financial, Inc.',0,'OAKF','0000-00-00 00:00:00'),(2207,'Occam Networks, Inc.',0,'OCNW','0000-00-00 00:00:00'),(2208,'OccuLogix, Inc.',0,'OCCX','0000-00-00 00:00:00'),(2209,'Oce NV',0,'OCENY','0000-00-00 00:00:00'),(2210,'Ocean Bio-Chem, Inc.',0,'OBCI','0000-00-00 00:00:00'),(2211,'Ocean Shore Holding Co.',0,'OSHC','0000-00-00 00:00:00'),(2212,'OceanFirst Financial Corp.',0,'OCFC','0000-00-00 00:00:00'),(2213,'Odyssey Healthcare, Inc.',0,'ODSY','0000-00-00 00:00:00'),(2214,'Ohio Casualty Corporation',0,'OCAS','0000-00-00 00:00:00'),(2215,'Ohio Legacy Corporation',0,'OLCB','0000-00-00 00:00:00'),(2216,'Ohio Valley Banc Corp.',0,'OVBC','0000-00-00 00:00:00'),(2217,'Oilgear Company (The)',0,'OLGR','0000-00-00 00:00:00'),(2218,'Old Dominion Freight Line, Inc.',0,'ODFL','0000-00-00 00:00:00'),(2219,'Old Line Bancshares, Inc.',0,'OLBK','0000-00-00 00:00:00'),(2220,'Old Point Financial Corporation',0,'OPOF','0000-00-00 00:00:00'),(2221,'Old Second Bancorp, Inc.',0,'OSBC','0000-00-00 00:00:00'),(2222,'Old Second Bancorp, Inc.',0,'OSBCP','0000-00-00 00:00:00'),(2223,'Olympic Steel, Inc.',0,'ZEUS','0000-00-00 00:00:00'),(2224,'Omega Financial Corporation',0,'OMEF','0000-00-00 00:00:00'),(2225,'Omega Flex, Inc.',0,'OFLX','0000-00-00 00:00:00'),(2226,'Omega Navigation Enterprises, Inc.',0,'ONAV','0000-00-00 00:00:00'),(2227,'OMNI Energy Services Corp.',0,'OMNI','0000-00-00 00:00:00'),(2228,'Omni Financial Services, Inc.',0,'OFSI','0000-00-00 00:00:00'),(2229,'Omnicell, Inc.',0,'OMCL','0000-00-00 00:00:00'),(2230,'Omniture, Inc.',0,'OMTR','0000-00-00 00:00:00'),(2231,'OmniVision Technologies, Inc.',0,'OVTI','0000-00-00 00:00:00'),(2232,'Omrix Biopharmaceuticals, Inc.',0,'OMRI','0000-00-00 00:00:00'),(2233,'Omtool, Ltd.',0,'OMTL','0000-00-00 00:00:00'),(2234,'On Assignment, Inc.',0,'ASGN','0000-00-00 00:00:00'),(2235,'ON Semiconductor Corporation',0,'ONNN','0000-00-00 00:00:00'),(2236,'On Track Innovations Ltd',0,'OTIV','0000-00-00 00:00:00'),(2237,'Oncolytics Biotech, Inc.',0,'ONCY','0000-00-00 00:00:00'),(2238,'Oneida Financial Corp.',0,'ONFC','0000-00-00 00:00:00'),(2239,'Online Resources Corporation',0,'ORCC','0000-00-00 00:00:00'),(2240,'Onstream Media Corporation',0,'ONSM','0000-00-00 00:00:00'),(2241,'Onvia, Inc.',0,'ONVI','0000-00-00 00:00:00'),(2242,'ONYX Pharmaceuticals, Inc.',0,'ONXX','0000-00-00 00:00:00'),(2243,'Open Solutions, Inc.',0,'OPEN','0000-00-00 00:00:00'),(2244,'Open Text Corporation',0,'OTEX','0000-00-00 00:00:00'),(2245,'OpenTV Corp.',0,'OPTV','0000-00-00 00:00:00'),(2246,'Openwave Systems Inc',0,'OPWV','0000-00-00 00:00:00'),(2247,'Opexa Therapeutics, Inc.',0,'OPXA','0000-00-00 00:00:00'),(2248,'Opinion Research Corporation',0,'ORCI','0000-00-00 00:00:00'),(2249,'Oplink Communications, Inc.',0,'OPLK','0000-00-00 00:00:00'),(2250,'OPNET Technologies Inc.',0,'OPNT','0000-00-00 00:00:00'),(2251,'Opsware, Inc.',0,'OPSW','0000-00-00 00:00:00'),(2252,'Optelecom-NKF, Inc.',0,'OPTC','0000-00-00 00:00:00'),(2253,'Optibase Ltd.',0,'OBAS','0000-00-00 00:00:00'),(2254,'Optical Cable Corporation',0,'OCCF','0000-00-00 00:00:00'),(2255,'Optical Communication Products, Inc.',0,'OCPI','0000-00-00 00:00:00'),(2256,'Optimal Group, Inc.',0,'OPMR','0000-00-00 00:00:00'),(2257,'OptimumBank Holdings, Inc.',0,'OPHC','0000-00-00 00:00:00'),(2258,'OPTION CARE, Inc.',0,'OPTN','0000-00-00 00:00:00'),(2259,'optionsXpress Holdings, Inc.',0,'OXPS','0000-00-00 00:00:00'),(2260,'Optium Corporation',0,'OPTM','0000-00-00 00:00:00'),(2261,'Oracle Corporation',0,'ORCL','0000-00-00 00:00:00'),(2262,'Oralabs Holding Corp.',0,'OLAB','0000-00-00 00:00:00'),(2263,'Orange 21 Inc.',0,'ORNG','0000-00-00 00:00:00'),(2264,'OraSure Technologies, Inc.',0,'OSUR','0000-00-00 00:00:00'),(2265,'Orbit International Corporation',0,'ORBT','0000-00-00 00:00:00'),(2266,'Orbotech Ltd.',0,'ORBK','0000-00-00 00:00:00'),(2267,'Orchid Cellmark Inc.',0,'ORCH','0000-00-00 00:00:00'),(2268,'Orckit Communications, Limited',0,'ORCT','0000-00-00 00:00:00'),(2269,'Origen Financial, Inc.',0,'ORGN','0000-00-00 00:00:00'),(2270,'Origin Agritech Limited',0,'SEED','0000-00-00 00:00:00'),(2271,'Orthofix International N.V.',0,'OFIX','0000-00-00 00:00:00'),(2272,'Orthologic Corp.',0,'OLGC','0000-00-00 00:00:00'),(2273,'Orthovita, Inc.',0,'VITA','0000-00-00 00:00:00'),(2274,'Oscient Pharmaceuticals Corporation',0,'OSCI','0000-00-00 00:00:00'),(2275,'OSI Pharmaceuticals Inc.',0,'OSIP','0000-00-00 00:00:00'),(2276,'OSI Systems, Inc.',0,'OSIS','0000-00-00 00:00:00'),(2277,'Osiris Therapeutics, Inc.',0,'OSIR','0000-00-00 00:00:00'),(2278,'Osteotech, Inc.',0,'OSTE','0000-00-00 00:00:00'),(2279,'Otter Tail Corporation',0,'OTTR','0000-00-00 00:00:00'),(2280,'Outdoor Channel Holdings, Inc.',0,'OUTD','0000-00-00 00:00:00'),(2281,'Overland Storage, Inc.',0,'OVRL','0000-00-00 00:00:00'),(2282,'Overstock.com, Inc.',0,'OSTK','0000-00-00 00:00:00'),(2283,'OXiGENE, Inc.',0,'OXGN','0000-00-00 00:00:00'),(2284,'OYO Geospace Corporation',0,'OYOG','0000-00-00 00:00:00'),(2285,'P & F Industries, Inc.',0,'PFIN','0000-00-00 00:00:00'),(2286,'P.A.M. Transportation Services, Inc.',0,'PTSI','0000-00-00 00:00:00'),(2287,'P.F.Chang\'s China Bistro, Inc.',0,'PFCB','0000-00-00 00:00:00'),(2288,'PAB Bankshares, Inc.',0,'PABK','0000-00-00 00:00:00'),(2289,'PACCAR Inc.',0,'PCAR','0000-00-00 00:00:00'),(2290,'Pacer International, Inc.',0,'PACR','0000-00-00 00:00:00'),(2291,'Pacific Capital Bancorp',0,'PCBC','0000-00-00 00:00:00'),(2292,'Pacific Continental Corporation (Ore)',0,'PCBK','0000-00-00 00:00:00'),(2293,'Pacific Ethanol, Inc.',0,'PEIX','0000-00-00 00:00:00'),(2294,'Pacific Internet Limited',0,'PCNTF','0000-00-00 00:00:00'),(2295,'Pacific Mercantile Bancorp',0,'PMBC','0000-00-00 00:00:00'),(2296,'Pacific Premier Bancorp Inc',0,'PPBI','0000-00-00 00:00:00'),(2297,'Pacific State  Bancorp CA',0,'PSBC','0000-00-00 00:00:00'),(2298,'Pacific Sunwear of California, Inc.',0,'PSUN','0000-00-00 00:00:00'),(2299,'PacificNet Inc.',0,'PACT','0000-00-00 00:00:00'),(2300,'Packeteer, Inc.',0,'PKTR','0000-00-00 00:00:00'),(2301,'Pain Therapeutics',0,'PTIE','0000-00-00 00:00:00'),(2302,'Palm Harbor Homes, Inc.',0,'PHHM','0000-00-00 00:00:00'),(2303,'Palm, Inc.',0,'PALM','0000-00-00 00:00:00'),(2304,'Palomar Medical Technologies, Inc.',0,'PMTI','0000-00-00 00:00:00'),(2305,'Pamrapo Bancorp, Inc.',0,'PBCI','0000-00-00 00:00:00'),(2306,'Pan American Silver Corp.',0,'PAAS','0000-00-00 00:00:00'),(2307,'Panacos Pharmaceuticals, Inc.',0,'PANC','0000-00-00 00:00:00'),(2308,'Panera Bread Company',0,'PNRA','0000-00-00 00:00:00'),(2309,'Pantry, Inc. (The)',0,'PTRY','0000-00-00 00:00:00'),(2310,'Papa John\'s International, Inc.',0,'PZZA','0000-00-00 00:00:00'),(2311,'Parallel Petroleum Corporation',0,'PLLL','0000-00-00 00:00:00'),(2312,'Parametric Technology Corporation',0,'PMTC','0000-00-00 00:00:00'),(2313,'PAREXEL International Corporation',0,'PRXL','0000-00-00 00:00:00'),(2314,'Park Bancorp, Inc.',0,'PFED','0000-00-00 00:00:00'),(2315,'Park-Ohio Holdings Corp.',0,'PKOH','0000-00-00 00:00:00'),(2316,'Parke Bancorp, Inc.',0,'PKBK','0000-00-00 00:00:00'),(2317,'ParkerVision, Inc.',0,'PRKR','0000-00-00 00:00:00'),(2318,'Parkvale Financial Corporation',0,'PVSA','0000-00-00 00:00:00'),(2319,'Parlux Fragrances, Inc.',0,'PARL','0000-00-00 00:00:00'),(2320,'Particle Drilling Technologies, Inc.',0,'PDRT','0000-00-00 00:00:00'),(2321,'Partner Communications Company Ltd.',0,'PTNR','0000-00-00 00:00:00'),(2322,'Partners Trust Financial Group, Inc.',0,'PRTR','0000-00-00 00:00:00'),(2323,'Pathfinder Bancorp, Inc.',0,'PBHC','0000-00-00 00:00:00'),(2324,'Pathmark Stores, Inc.',0,'PTMK','0000-00-00 00:00:00'),(2325,'Pathmark Stores, Inc.',0,'PTMKW','0000-00-00 00:00:00'),(2326,'Patrick Industries, Inc.',0,'PATK','0000-00-00 00:00:00'),(2327,'Patriot Capital Funding, Inc.',0,'PCAP','0000-00-00 00:00:00'),(2328,'Patriot National Bancorp Inc.',0,'PNBK','0000-00-00 00:00:00'),(2329,'Patriot Transportation Holding, Inc.',0,'PATR','0000-00-00 00:00:00'),(2330,'Patterson Companies Inc.',0,'PDCO','0000-00-00 00:00:00'),(2331,'Patterson-UTI Energy, Inc.',0,'PTEN','0000-00-00 00:00:00'),(2332,'PAULA Financial',0,'PFCO','0000-00-00 00:00:00'),(2333,'Paulson Capital Corp.',0,'PLCC','0000-00-00 00:00:00'),(2334,'Paychex, Inc.',0,'PAYX','0000-00-00 00:00:00'),(2335,'PC Connection, Inc.',0,'PCCC','0000-00-00 00:00:00'),(2336,'PC Mall, Inc.',0,'MALL','0000-00-00 00:00:00'),(2337,'PC-Tel, Inc.',0,'PCTI','0000-00-00 00:00:00'),(2338,'PDF Solutions, Inc.',0,'PDFS','0000-00-00 00:00:00'),(2339,'PDI, Inc.',0,'PDII','0000-00-00 00:00:00'),(2340,'PDL BioPharma, Inc.',0,'PDLI','0000-00-00 00:00:00'),(2341,'Peak International Limited',0,'PEAK','0000-00-00 00:00:00'),(2342,'PECO II, Inc.',0,'PIII','0000-00-00 00:00:00'),(2343,'Pediatric Services of America, Inc.',0,'PSAI','0000-00-00 00:00:00'),(2344,'Peerless Manufacturing Company',0,'PMFG','0000-00-00 00:00:00'),(2345,'Peerless Systems Corporation',0,'PRLS','0000-00-00 00:00:00'),(2346,'Peet\'s Coffee & Tea, Inc.',0,'PEET','0000-00-00 00:00:00'),(2347,'Pegasystems Inc.',0,'PEGA','0000-00-00 00:00:00'),(2348,'Pemco Aviation Group, Inc.',0,'PAGI','0000-00-00 00:00:00'),(2349,'Pemstar Inc.',0,'PMTR','0000-00-00 00:00:00'),(2350,'Penford Corporation',0,'PENX','0000-00-00 00:00:00'),(2351,'Penn National Gaming, Inc.',0,'PENN','0000-00-00 00:00:00'),(2352,'PennFed Financial Services, Inc.',0,'PFSB','0000-00-00 00:00:00'),(2353,'Pennichuck Corporation',0,'PNNW','0000-00-00 00:00:00'),(2354,'Penns Woods Bancorp, Inc.',0,'PWOD','0000-00-00 00:00:00'),(2355,'Pennsylvania Commerce Bancorp, Inc.',0,'COBH','0000-00-00 00:00:00'),(2356,'Penson Worldwide, Inc.',0,'PNSN','0000-00-00 00:00:00'),(2357,'Penwest Pharmaceuticals Co.',0,'PPCO','0000-00-00 00:00:00'),(2358,'People\'s Bank',0,'PBCT','0000-00-00 00:00:00'),(2359,'Peoples Bancorp',0,'PFDC','0000-00-00 00:00:00'),(2360,'Peoples Bancorp Inc.',0,'PEBO','0000-00-00 00:00:00'),(2361,'Peoples Bancorp of North Carolina, Inc.',0,'PEBK','0000-00-00 00:00:00'),(2362,'Peoples BancTrust Company, Inc. (The)',0,'PBTC','0000-00-00 00:00:00'),(2363,'Peoples Community Bancorp, Inc.',0,'PCBI','0000-00-00 00:00:00'),(2364,'Peoples Educational Holdings, Inc.',0,'PEDH','0000-00-00 00:00:00'),(2365,'Peoples Financial Corporation',0,'PFBX','0000-00-00 00:00:00'),(2366,'PeopleSupport, Inc.',0,'PSPT','0000-00-00 00:00:00'),(2367,'Per-Se Technologies, Inc.',0,'PSTI','0000-00-00 00:00:00'),(2368,'Perceptron, Inc.',0,'PRCP','0000-00-00 00:00:00'),(2369,'Peregrine Pharmaceuticals Inc.',0,'PPHM','0000-00-00 00:00:00'),(2370,'Perficient, Inc.',0,'PRFT','0000-00-00 00:00:00'),(2371,'Performance Food Group Company',0,'PFGC','0000-00-00 00:00:00'),(2372,'Performance Technologies, Incorporated',0,'PTIX','0000-00-00 00:00:00'),(2373,'Pericom Semiconductor Corporation',0,'PSEM','0000-00-00 00:00:00'),(2374,'Perma-Fix Environmental Services, Inc.',0,'PESI','0000-00-00 00:00:00'),(2375,'Perrigo Company',0,'PRGO','0000-00-00 00:00:00'),(2376,'Perry Ellis International Inc.',0,'PERY','0000-00-00 00:00:00'),(2377,'Pervasive Software Inc.',0,'PVSW','0000-00-00 00:00:00'),(2378,'PetMed Express, Inc.',0,'PETS','0000-00-00 00:00:00'),(2379,'Petrohawk Energy Corporation',0,'HAWK','0000-00-00 00:00:00'),(2380,'Petroleum Development Corporation',0,'PETD','0000-00-00 00:00:00'),(2381,'PETsMART, Inc.',0,'PETM','0000-00-00 00:00:00'),(2382,'PFSweb, Inc.',0,'PFSW','0000-00-00 00:00:00'),(2383,'PGT, Inc.',0,'PGTI','0000-00-00 00:00:00'),(2384,'Pharmaceutical Product Development, Inc.',0,'PPDI','0000-00-00 00:00:00'),(2385,'Pharmacopeia Drug Discovery, Inc.',0,'PCOP','0000-00-00 00:00:00'),(2386,'Pharmacyclics, Inc.',0,'PCYC','0000-00-00 00:00:00'),(2387,'PharmaNet Development Group, Inc.',0,'PDGI','0000-00-00 00:00:00'),(2388,'Pharmaxis Limited',0,'PXSL','0000-00-00 00:00:00'),(2389,'Pharmion Corporation',0,'PHRM','0000-00-00 00:00:00'),(2390,'Pharmos Corporation',0,'PARS','0000-00-00 00:00:00'),(2391,'Phase Forward Incorporated',0,'PFWD','0000-00-00 00:00:00'),(2392,'PHAZAR CORP',0,'ANTP','0000-00-00 00:00:00'),(2393,'PHI, Inc.',0,'PHII','0000-00-00 00:00:00'),(2394,'PHI, Inc.',0,'PHIIK','0000-00-00 00:00:00'),(2395,'Philadelphia Consolidated Holding Corp.',0,'PHLY','0000-00-00 00:00:00'),(2396,'Phoenix Technologies Ltd.',0,'PTEC','0000-00-00 00:00:00'),(2397,'PhotoMedex, Inc.',0,'PHMD','0000-00-00 00:00:00'),(2398,'Photon Dynamics, Inc.',0,'PHTN','0000-00-00 00:00:00'),(2399,'Photronics, Inc.',0,'PLAB','0000-00-00 00:00:00'),(2400,'PICO Holdings Inc.',0,'PICO','0000-00-00 00:00:00'),(2401,'Pinnacle Airlines Corp.',0,'PNCL','0000-00-00 00:00:00'),(2402,'Pinnacle Financial Partners, Inc.',0,'PNFP','0000-00-00 00:00:00'),(2403,'Pioneer Companies, Inc.',0,'PONR','0000-00-00 00:00:00'),(2404,'Pixelplus Co., Ltd.',0,'PXPL','0000-00-00 00:00:00'),(2405,'Pixelworks, Inc.',0,'PXLW','0000-00-00 00:00:00'),(2406,'Pizza Inn, Inc.',0,'PZZI','0000-00-00 00:00:00'),(2407,'Placer Sierra Bancshares',0,'PLSB','0000-00-00 00:00:00'),(2408,'Planar Systems, Inc.',0,'PLNR','0000-00-00 00:00:00'),(2409,'PlanetOut, Inc.',0,'LGBT','0000-00-00 00:00:00'),(2410,'PLATO Learning Inc.',0,'TUTR','0000-00-00 00:00:00'),(2411,'Plexus Corp.',0,'PLXS','0000-00-00 00:00:00'),(2412,'Plug Power, Inc.',0,'PLUG','0000-00-00 00:00:00'),(2413,'Plumas Bancorp',0,'PLBC','0000-00-00 00:00:00'),(2414,'PLX Technology, Inc.',0,'PLXT','0000-00-00 00:00:00'),(2415,'PMA Capital Corporation',0,'PMACA','0000-00-00 00:00:00'),(2416,'PMC - Sierra, Inc.',0,'PMCS','0000-00-00 00:00:00'),(2417,'Pocahontas Bancorp, Inc.',0,'PFSL','0000-00-00 00:00:00'),(2418,'Point Therapeutics Inc',0,'POTP','0000-00-00 00:00:00'),(2419,'Point.360',0,'PTSX','0000-00-00 00:00:00'),(2420,'Pointer Telocation Ltd.',0,'PNTR','0000-00-00 00:00:00'),(2421,'PokerTek, Inc.',0,'PTEK','0000-00-00 00:00:00'),(2422,'Polycom, Inc.',0,'PLCM','0000-00-00 00:00:00'),(2423,'Polydex Pharmaceuticals Limited',0,'POLXF','0000-00-00 00:00:00'),(2424,'PolyMedica Corporation',0,'PLMD','0000-00-00 00:00:00'),(2425,'Pomeroy IT Solutions, Inc.',0,'PMRY','0000-00-00 00:00:00'),(2426,'Poniard Pharmaecuticals, Inc.',0,'PARD','0000-00-00 00:00:00'),(2427,'Pool Corporation',0,'POOL','0000-00-00 00:00:00'),(2428,'Pope Resources',0,'POPEZ','0000-00-00 00:00:00'),(2429,'Popular, Inc.',0,'BPOP','0000-00-00 00:00:00'),(2430,'Popular, Inc.',0,'BPOPM','0000-00-00 00:00:00'),(2431,'Popular, Inc.',0,'BPOPN','0000-00-00 00:00:00'),(2432,'Popular, Inc.',0,'BPOPO','0000-00-00 00:00:00'),(2433,'PortalPlayer, Inc.',0,'PLAY','0000-00-00 00:00:00'),(2434,'Portec Rail Products, Inc.',0,'PRPX','0000-00-00 00:00:00'),(2435,'Porter Bancorp, Inc.',0,'PBIB','0000-00-00 00:00:00'),(2436,'Portfolio Recovery Associates, Inc.',0,'PRAA','0000-00-00 00:00:00'),(2437,'Possis Medical, Inc.',0,'POSS','0000-00-00 00:00:00'),(2438,'Powell Industries, Inc.',0,'POWL','0000-00-00 00:00:00'),(2439,'Power Integrations, Inc.',0,'POWI','0000-00-00 00:00:00'),(2440,'Power-One, Inc.',0,'PWER','0000-00-00 00:00:00'),(2441,'PowerDsine Ltd.',0,'PDSN','0000-00-00 00:00:00'),(2442,'PowerShares FTSE RAFI Basic Materials Sector Portfolio',0,'PRFM','0000-00-00 00:00:00'),(2443,'PowerShares FTSE RAFI Consumer Goods Sector Portfolio',0,'PRFG','0000-00-00 00:00:00'),(2444,'PowerShares FTSE RAFI Consumer Services Sector Portfolio',0,'PRFS','0000-00-00 00:00:00'),(2445,'PowerShares FTSE RAFI Energy Sector Portfolio',0,'PRFE','0000-00-00 00:00:00'),(2446,'PowerShares FTSE RAFI Financials Sector Portfolio',0,'PRFF','0000-00-00 00:00:00'),(2447,'PowerShares FTSE RAFI Health Care Sector Portfolio',0,'PRFH','0000-00-00 00:00:00'),(2448,'PowerShares FTSE RAFI Industrials Sector Portfolio',0,'PRFN','0000-00-00 00:00:00'),(2449,'PowerShares FTSE RAFI Telecom & Tech Sector Portfolio',0,'PRFQ','0000-00-00 00:00:00'),(2450,'PowerShares FTSE RAFI US 1500 Small-Mid Portfolio',0,'PRFZ','0000-00-00 00:00:00'),(2451,'PowerShares FTSE RAFI Utilities Sector Portfolio',0,'PRFU','0000-00-00 00:00:00'),(2452,'Powerwave Technologies, Inc.',0,'PWAV','0000-00-00 00:00:00'),(2453,'Pozen, Inc.',0,'POZN','0000-00-00 00:00:00'),(2454,'PRA International',0,'PRAI','0000-00-00 00:00:00'),(2455,'PRAECIS PHARMACEUTICALS INCORPORATED',0,'PRCS','0000-00-00 00:00:00'),(2456,'Prana Biotechnology Ltd',0,'PRAN','0000-00-00 00:00:00'),(2457,'Precis Inc.',0,'PCIS','0000-00-00 00:00:00'),(2458,'Preferred Bank',0,'PFBC','0000-00-00 00:00:00'),(2459,'Preformed Line Products Company',0,'PLPC','0000-00-00 00:00:00'),(2460,'Premier Community Bankshares Inc',0,'PREM','0000-00-00 00:00:00'),(2461,'Premier Exhibitions, Inc.',0,'PRXI','0000-00-00 00:00:00'),(2462,'Premier Financial Bancorp, Inc.',0,'PFBI','0000-00-00 00:00:00'),(2463,'Premier Financial Bancorp, Inc.',0,'PFBIP','0000-00-00 00:00:00'),(2464,'Premier West Bancorp',0,'PRWT','0000-00-00 00:00:00'),(2465,'Premium Standard Farms, Inc.',0,'PORK','0000-00-00 00:00:00'),(2466,'Presidential Life Corporation',0,'PLFE','0000-00-00 00:00:00'),(2467,'Presstek, Inc.',0,'PRST','0000-00-00 00:00:00'),(2468,'Pressure BioSciences, Inc.',0,'PBIO','0000-00-00 00:00:00'),(2469,'PRG-Schultz International Inc.',0,'PRGX','0000-00-00 00:00:00'),(2470,'priceline.com Incorporated',0,'PCLN','0000-00-00 00:00:00'),(2471,'PriceSmart, Inc.',0,'PSMT','0000-00-00 00:00:00'),(2472,'PrimeEnergy Corporation',0,'PNRG','0000-00-00 00:00:00'),(2473,'Princeton National Bancorp, Inc.',0,'PNBC','0000-00-00 00:00:00'),(2474,'Princeton Review, Inc. (The)',0,'REVU','0000-00-00 00:00:00'),(2475,'Printronix, Inc.',0,'PTNX','0000-00-00 00:00:00'),(2476,'Private Media Group, Inc.',0,'PRVT','0000-00-00 00:00:00'),(2477,'PrivateBancorp, Inc.',0,'PVTB','0000-00-00 00:00:00'),(2478,'Pro-Dex, Inc.',0,'PDEX','0000-00-00 00:00:00'),(2479,'Pro-Fac Cooperative, Inc.',0,'PFACP','0000-00-00 00:00:00'),(2480,'ProCentury Corporation',0,'PROS','0000-00-00 00:00:00'),(2481,'Progen Industries Limited',0,'PGLA','0000-00-00 00:00:00'),(2482,'Progenics Pharmaceuticals Inc.',0,'PGNX','0000-00-00 00:00:00'),(2483,'Progress Software Corporation',0,'PRGS','0000-00-00 00:00:00'),(2484,'Progressive Gaming International Corporation',0,'PGIC','0000-00-00 00:00:00'),(2485,'Prospect Energy Corporation',0,'PSEC','0000-00-00 00:00:00'),(2486,'Prosperity Bancshares, Inc.',0,'PRSP','0000-00-00 00:00:00'),(2487,'Protherics Plc',0,'PTIL','0000-00-00 00:00:00'),(2488,'Provident Bankshares Corporation',0,'PBKS','0000-00-00 00:00:00'),(2489,'Provident Community Bancshares, Inc.',0,'PCBS','0000-00-00 00:00:00'),(2490,'Provident Financial Holdings, Inc.',0,'PROV','0000-00-00 00:00:00'),(2491,'Provident New York Bancorp',0,'PBNY','0000-00-00 00:00:00'),(2492,'ProxyMed, Inc.',0,'PILL','0000-00-00 00:00:00'),(2493,'Prudential Bancorp, Inc. of Pennsylvania',0,'PBIP','0000-00-00 00:00:00'),(2494,'PSB Bancorp, Inc.',0,'PSBI','0000-00-00 00:00:00'),(2495,'PSB Holdings, Inc.',0,'PSBH','0000-00-00 00:00:00'),(2496,'PSi Technologies Holdings, Inc.',0,'PSIT','0000-00-00 00:00:00'),(2497,'pSivida Limited',0,'PSDV','0000-00-00 00:00:00'),(2498,'PSS World Medical Inc.',0,'PSSI','0000-00-00 00:00:00'),(2499,'Psychiatric Solutions, Inc.',0,'PSYS','0000-00-00 00:00:00'),(2500,'Pulaski Financial Corporation',0,'PULB','0000-00-00 00:00:00'),(2501,'Pure Cycle Corporation',0,'PCYO','0000-00-00 00:00:00'),(2502,'PVF Capital Corp.',0,'PVFC','0000-00-00 00:00:00'),(2503,'PW Eagle Inc.',0,'PWEI','0000-00-00 00:00:00'),(2504,'Pyramid Breweries, Inc.',0,'PMID','0000-00-00 00:00:00'),(2505,'Q.E.P. Co., Inc.',0,'QEPC','0000-00-00 00:00:00'),(2506,'QAD Inc.',0,'QADI','0000-00-00 00:00:00'),(2507,'QC Holdings, Inc.',0,'QCCO','0000-00-00 00:00:00'),(2508,'QCR Holdings, Inc.',0,'QCRH','0000-00-00 00:00:00'),(2509,'Qiagen N.V.',0,'QGEN','0000-00-00 00:00:00'),(2510,'Qiao Xing Universal Telephone, Inc.',0,'XING','0000-00-00 00:00:00'),(2511,'QLogic Corporation',0,'QLGC','0000-00-00 00:00:00'),(2512,'QLT Inc.',0,'QLTI','0000-00-00 00:00:00'),(2513,'QMed Inc.',0,'QMED','0000-00-00 00:00:00'),(2514,'QSound Labs, Inc.',0,'QSND','0000-00-00 00:00:00'),(2515,'Quaker Fabric Corporation',0,'QFAB','0000-00-00 00:00:00'),(2516,'QUALCOMM Incorporated',0,'QCOM','0000-00-00 00:00:00'),(2517,'Quality Distribution, Inc.',0,'QLTY','0000-00-00 00:00:00'),(2518,'Quality Systems, Inc.',0,'QSII','0000-00-00 00:00:00'),(2519,'Qualstar Corporation',0,'QBAK','0000-00-00 00:00:00'),(2520,'Quanta Capital Holdings Ltd.',0,'QNTA','0000-00-00 00:00:00'),(2521,'Quanta Capital Holdings Ltd.',0,'QNTAP','0000-00-00 00:00:00'),(2522,'Quantum Fuel Systems Technologies Worldwide, Inc.',0,'QTWW','0000-00-00 00:00:00'),(2523,'Quepasa Corporation',0,'QPSA','0000-00-00 00:00:00'),(2524,'Quest Resource Corporation',0,'QRCP','0000-00-00 00:00:00'),(2525,'Quest Software, Inc.',0,'QSFT','0000-00-00 00:00:00'),(2526,'QuickLogic Corporation',0,'QUIK','0000-00-00 00:00:00'),(2527,'Quidel Corporation',0,'QDEL','0000-00-00 00:00:00'),(2528,'Quigley Corporation (The)',0,'QGLY','0000-00-00 00:00:00'),(2529,'Quintana Maritime Limited',0,'QMAR','0000-00-00 00:00:00'),(2530,'Quintana Maritime Limited',0,'QMARW','0000-00-00 00:00:00'),(2531,'Quipp, Inc.',0,'QUIP','0000-00-00 00:00:00'),(2532,'Quixote Corporation',0,'QUIX','0000-00-00 00:00:00'),(2533,'Quovadx Inc.',0,'QVDX','0000-00-00 00:00:00'),(2534,'Rackable Systems, Inc.',0,'RACK','0000-00-00 00:00:00'),(2535,'Rada Electronics Industries Limited',0,'RADI','0000-00-00 00:00:00'),(2536,'Radcom Ltd.',0,'RDCM','0000-00-00 00:00:00'),(2537,'Radiant Systems, Inc.',0,'RADS','0000-00-00 00:00:00'),(2538,'Radiation Therapy Services, Inc.',0,'RTSX','0000-00-00 00:00:00'),(2539,'Radio One, Inc.',0,'ROIA','0000-00-00 00:00:00'),(2540,'Radio One, Inc.',0,'ROIAK','0000-00-00 00:00:00'),(2541,'RadiSys Corporation',0,'RSYS','0000-00-00 00:00:00'),(2542,'RADVision Ltd.',0,'RVSN','0000-00-00 00:00:00'),(2543,'Radware Ltd.',0,'RDWR','0000-00-00 00:00:00'),(2544,'Radyne Corporation',0,'RADN','0000-00-00 00:00:00'),(2545,'Rainier Pacific Financial Group, Inc.',0,'RPFG','0000-00-00 00:00:00'),(2546,'Raining Data Corporation',0,'RDTA','0000-00-00 00:00:00'),(2547,'Rainmaker Systems, Inc.',0,'RMKR','0000-00-00 00:00:00'),(2548,'RAM Energy Resources, Inc.',0,'RAME','0000-00-00 00:00:00'),(2549,'RAM Energy Resources, Inc.',0,'RAMEU','0000-00-00 00:00:00'),(2550,'RAM Energy Resources, Inc.',0,'RAMEW','0000-00-00 00:00:00'),(2551,'RAM Holdings Ltd.',0,'RAMR','0000-00-00 00:00:00'),(2552,'Rambus, Inc.',0,'RMBS','0000-00-00 00:00:00'),(2553,'Ramtron International Corporation',0,'RMTR','0000-00-00 00:00:00'),(2554,'Rand Capital Corporation',0,'RAND','0000-00-00 00:00:00'),(2555,'Randgold Resources Limited',0,'GOLD','0000-00-00 00:00:00'),(2556,'RARE Hospitality International  Inc.',0,'RARE','0000-00-00 00:00:00'),(2557,'Raven Industries, Inc.',0,'RAVN','0000-00-00 00:00:00'),(2558,'RBC Bearings Incorporated',0,'ROLL','0000-00-00 00:00:00'),(2559,'RC2 Corporation',0,'RCRC','0000-00-00 00:00:00'),(2560,'RCM Technologies, Inc.',0,'RCMT','0000-00-00 00:00:00'),(2561,'RCN Corp.',0,'RCNI','0000-00-00 00:00:00'),(2562,'RealNetworks, Inc.',0,'RNWK','0000-00-00 00:00:00'),(2563,'Red Hat, Inc.',0,'RHAT','0000-00-00 00:00:00'),(2564,'Red Robin Gourmet Burgers, Inc.',0,'RRGB','0000-00-00 00:00:00'),(2565,'Redback Networks Inc.',0,'RBAK','0000-00-00 00:00:00'),(2566,'RedEnvelope, Inc.',0,'REDE','0000-00-00 00:00:00'),(2567,'Redhook Ale Brewery, Incorporated',0,'HOOK','0000-00-00 00:00:00'),(2568,'Rediff.com India Limited',0,'REDF','0000-00-00 00:00:00'),(2569,'Regency Energy Partners LP',0,'RGNC','0000-00-00 00:00:00'),(2570,'Regeneration Technologies, Inc.',0,'RTIX','0000-00-00 00:00:00'),(2571,'Regeneron Pharmaceuticals, Inc.',0,'REGN','0000-00-00 00:00:00'),(2572,'Regent Communications, Inc.',0,'RGCI','0000-00-00 00:00:00'),(2573,'Reinhold Industries, Inc.',0,'RNHDA','0000-00-00 00:00:00'),(2574,'Reliv\' International, Inc.',0,'RELV','0000-00-00 00:00:00'),(2575,'Renaissance Learning, Inc.',0,'RLRN','0000-00-00 00:00:00'),(2576,'Renasant Corporation',0,'RNST','0000-00-00 00:00:00'),(2577,'Renovis, Inc.',0,'RNVS','0000-00-00 00:00:00'),(2578,'Rent-A-Center Inc.',0,'RCII','0000-00-00 00:00:00'),(2579,'Rentrak Corporation',0,'RENT','0000-00-00 00:00:00'),(2580,'Replidyne, Inc.',0,'RDYN','0000-00-00 00:00:00'),(2581,'Repligen Corporation',0,'RGEN','0000-00-00 00:00:00'),(2582,'Repros Therapeutics Inc.',0,'RPRX','0000-00-00 00:00:00'),(2583,'Republic Airways Holdings, Inc.',0,'RJET','0000-00-00 00:00:00'),(2584,'Republic Bancorp Inc.',0,'RBNC','0000-00-00 00:00:00'),(2585,'Republic Bancorp Inc.',0,'RBNCP','0000-00-00 00:00:00'),(2586,'Republic Bancorp, Inc.',0,'RBCAA','0000-00-00 00:00:00'),(2587,'Republic Companies Group, Inc.',0,'RUTX','0000-00-00 00:00:00'),(2588,'Republic First Bancorp, Inc.',0,'FRBK','0000-00-00 00:00:00'),(2589,'Res-Care, Inc.',0,'RSCR','0000-00-00 00:00:00'),(2590,'Research Frontiers Incorporated',0,'REFR','0000-00-00 00:00:00'),(2591,'Research in Motion Limited',0,'RIMM','0000-00-00 00:00:00'),(2592,'Resource America, Inc.',0,'REXI','0000-00-00 00:00:00'),(2593,'Resources Connection, Inc.',0,'RECN','0000-00-00 00:00:00'),(2594,'Respironics, Inc.',0,'RESP','0000-00-00 00:00:00'),(2595,'Restoration Hardware, Inc.',0,'RSTO','0000-00-00 00:00:00'),(2596,'Restore Medical, Inc.',0,'REST','0000-00-00 00:00:00'),(2597,'Retalix Ltd.',0,'RTLX','0000-00-00 00:00:00'),(2598,'Reuters Group PLC',0,'RTRSY','0000-00-00 00:00:00'),(2599,'Rexam, Plc',0,'REXMY','0000-00-00 00:00:00'),(2600,'RF Industries, Inc.',0,'RFIL','0000-00-00 00:00:00'),(2601,'RF Micro Devices, Inc.',0,'RFMD','0000-00-00 00:00:00'),(2602,'RF Monolithics, Inc.',0,'RFMI','0000-00-00 00:00:00'),(2603,'RGC Resources Inc.',0,'RGCO','0000-00-00 00:00:00'),(2604,'Richardson Electronics, Ltd.',0,'RELL','0000-00-00 00:00:00'),(2605,'Rick\'s Cabaret International, Inc.',0,'RICK','0000-00-00 00:00:00'),(2606,'Rigel Pharmaceuticals, Inc.',0,'RIGL','0000-00-00 00:00:00'),(2607,'RightNow Technologies, Inc.',0,'RNOW','0000-00-00 00:00:00'),(2608,'Rimage Corporation',0,'RIMG','0000-00-00 00:00:00'),(2609,'Rio Vista Energy Partners L.P.',0,'RVEP','0000-00-00 00:00:00'),(2610,'RIT Technologies Ltd.',0,'RITT','0000-00-00 00:00:00'),(2611,'RITA Medical Systems, Inc.',0,'RITA','0000-00-00 00:00:00'),(2612,'River City Bank (Mechanicsville, VA)',0,'RCBK','0000-00-00 00:00:00'),(2613,'River Valley Bancorp.',0,'RIVR','0000-00-00 00:00:00'),(2614,'Riverbed Technology, Inc.',0,'RVBD','0000-00-00 00:00:00'),(2615,'Riverview Bancorp Inc',0,'RVSB','0000-00-00 00:00:00'),(2616,'Rochester Medical Corporation',0,'ROCM','0000-00-00 00:00:00'),(2617,'Rock of Ages Corporation',0,'ROAC','0000-00-00 00:00:00'),(2618,'Rockford Corporation',0,'ROFO','0000-00-00 00:00:00'),(2619,'Rockville Financial, Inc.',0,'RCKB','0000-00-00 00:00:00'),(2620,'Rockwell Medical Technologies, Inc.',0,'RMTI','0000-00-00 00:00:00'),(2621,'Rocky Brands, Inc.',0,'RCKY','0000-00-00 00:00:00'),(2622,'Rocky Mountain Chocolate Factory, Inc.',0,'RMCF','0000-00-00 00:00:00'),(2623,'Rofin-Sinar Technologies, Inc.',0,'RSTI','0000-00-00 00:00:00'),(2624,'Roma Financial Corporation',0,'ROMA','0000-00-00 00:00:00'),(2625,'Rome Bancorp, Inc.',0,'ROME','0000-00-00 00:00:00'),(2626,'Ronson Corporation',0,'RONC','0000-00-00 00:00:00'),(2627,'Rosetta Genomics Ltd.',0,'ROSG','0000-00-00 00:00:00'),(2628,'Rosetta Resources Inc.',0,'ROSE','0000-00-00 00:00:00'),(2629,'Ross Stores, Inc.',0,'ROST','0000-00-00 00:00:00'),(2630,'Rotech Healthcare Inc. NEW',0,'ROHI','0000-00-00 00:00:00'),(2631,'Royal Bancshares of Pennsylvania, Inc.',0,'RBPAA','0000-00-00 00:00:00'),(2632,'Royal Gold, Inc.',0,'RGLD','0000-00-00 00:00:00'),(2633,'Royale Energy, Inc.',0,'ROYL','0000-00-00 00:00:00'),(2634,'Royce Focus Trust, Inc.',0,'FUND','0000-00-00 00:00:00'),(2635,'RTW, Inc.',0,'RTWI','0000-00-00 00:00:00'),(2636,'Rubio\'s Restaurants, Inc.',0,'RUBO','0000-00-00 00:00:00'),(2637,'Rudolph Technologies, Inc.',0,'RTEC','0000-00-00 00:00:00'),(2638,'Rural Cellular Corporation',0,'RCCC','0000-00-00 00:00:00'),(2639,'Rural/Metro Corporation',0,'RURL','0000-00-00 00:00:00'),(2640,'Rurban Financial Corp',0,'RBNF','0000-00-00 00:00:00'),(2641,'Rush Enterprises, Inc.',0,'RUSHA','0000-00-00 00:00:00'),(2642,'Rush Enterprises, Inc.',0,'RUSHB','0000-00-00 00:00:00'),(2643,'Ruth\'s Chris Steak House, Inc.',0,'RUTH','0000-00-00 00:00:00'),(2644,'Ryan\'s Restaurant Group, Inc.',0,'RYAN','0000-00-00 00:00:00'),(2645,'Ryanair Holdings plc',0,'RYAAY','0000-00-00 00:00:00'),(2646,'S&T Bancorp, Inc.',0,'STBA','0000-00-00 00:00:00'),(2647,'S.Y. Bancorp, Inc.',0,'SYBT','0000-00-00 00:00:00'),(2648,'S1 Corporation',0,'SONE','0000-00-00 00:00:00'),(2649,'Saba Software, Inc.',0,'SABA','0000-00-00 00:00:00'),(2650,'SAFECO Corporation',0,'SAFC','0000-00-00 00:00:00'),(2651,'SafeNet Inc',0,'SFNT','0000-00-00 00:00:00'),(2652,'Safety Insurance Group, Inc.',0,'SAFT','0000-00-00 00:00:00'),(2653,'SAFLINK Corporation',0,'SFLK','0000-00-00 00:00:00'),(2654,'Saia, Inc.',0,'SAIA','0000-00-00 00:00:00'),(2655,'Saifun Semiconductors Ltd.',0,'SFUN','0000-00-00 00:00:00'),(2656,'Salem Communications Corporation',0,'SALM','0000-00-00 00:00:00'),(2657,'Salix Pharmaceuticals, Ltd.',0,'SLXP','0000-00-00 00:00:00'),(2658,'Sanders Morris Harris Group, Inc.',0,'SMHG','0000-00-00 00:00:00'),(2659,'Sanderson Farms, Inc.',0,'SAFM','0000-00-00 00:00:00'),(2660,'SanDisk Corporation',0,'SNDK','0000-00-00 00:00:00'),(2661,'Sands Regent (The)',0,'SNDS','0000-00-00 00:00:00'),(2662,'Sandy Spring Bancorp, Inc.',0,'SASR','0000-00-00 00:00:00'),(2663,'Sangamo BioSciences, Inc.',0,'SGMO','0000-00-00 00:00:00'),(2664,'Sanmina-SCI Corporation',0,'SANM','0000-00-00 00:00:00'),(2665,'Santarus, Inc.',0,'SNTS','0000-00-00 00:00:00'),(2666,'Santos, Ltd.',0,'STOSY','0000-00-00 00:00:00'),(2667,'Sanyo Electric Co., Ltd.',0,'SANYY','0000-00-00 00:00:00'),(2668,'Sapiens International Corporation N.V.',0,'SPNS','0000-00-00 00:00:00'),(2669,'Sapient Corporation',0,'SAPE','0000-00-00 00:00:00'),(2670,'SatCon Technology Corporation',0,'SATC','0000-00-00 00:00:00'),(2671,'Savannah Bancorp, Inc. (The)',0,'SAVB','0000-00-00 00:00:00'),(2672,'Savient Pharmaceuticals Inc',0,'SVNT','0000-00-00 00:00:00'),(2673,'SAVVIS, Inc.',0,'SVVS','0000-00-00 00:00:00'),(2674,'SBA Communications Corporation',0,'SBAC','0000-00-00 00:00:00'),(2675,'SBE, Inc.',0,'SBEI','0000-00-00 00:00:00'),(2676,'ScanSource, Inc.',0,'SCSC','0000-00-00 00:00:00'),(2677,'SCBT Financial Corporation',0,'SCBT','0000-00-00 00:00:00'),(2678,'Schmitt Industries, Inc.',0,'SMIT','0000-00-00 00:00:00'),(2679,'Schnitzer Steel Industries, Inc.',0,'SCHN','0000-00-00 00:00:00'),(2680,'Scholastic Corporation',0,'SCHL','0000-00-00 00:00:00'),(2681,'School Specialty, Inc.',0,'SCHS','0000-00-00 00:00:00'),(2682,'SciClone Pharmaceuticals, Inc.',0,'SCLN','0000-00-00 00:00:00'),(2683,'Sciele Pharma, Inc.',0,'SCRX','0000-00-00 00:00:00'),(2684,'Scientific Games Corp',0,'SGMS','0000-00-00 00:00:00'),(2685,'Scientific Learning Corporation',0,'SCIL','0000-00-00 00:00:00'),(2686,'SCIENTIFIC TECH IN',0,'STIZ','0000-00-00 00:00:00'),(2687,'SCM Microsystems, Inc.',0,'SCMM','0000-00-00 00:00:00'),(2688,'SCO Group, Inc. (The)',0,'SCOX','0000-00-00 00:00:00'),(2689,'Scopus Video Networks Ltd.',0,'SCOP','0000-00-00 00:00:00'),(2690,'SeaBright Insurance Holdings, Inc.',0,'SEAB','0000-00-00 00:00:00'),(2691,'SeaChange International, Inc.',0,'SEAC','0000-00-00 00:00:00'),(2692,'Seacoast Banking Corporation of Florida',0,'SBCF','0000-00-00 00:00:00'),(2693,'Sears Holdings Corporation',0,'SHLD','0000-00-00 00:00:00'),(2694,'Seattle Genetics, Inc.',0,'SGEN','0000-00-00 00:00:00'),(2695,'Secure Computing Corporation',0,'SCUR','0000-00-00 00:00:00'),(2696,'Security Bank Corporation',0,'SBKC','0000-00-00 00:00:00'),(2697,'Security National Financial Corporation',0,'SNFCA','0000-00-00 00:00:00'),(2698,'Security With Advanced Technology, Inc.',0,'SWAT','0000-00-00 00:00:00'),(2699,'Security With Advanced Technology, Inc.',0,'SWATW','0000-00-00 00:00:00'),(2700,'SEI Investments Company',0,'SEIC','0000-00-00 00:00:00'),(2701,'Select Comfort Corporation',0,'SCSS','0000-00-00 00:00:00'),(2702,'Selectica, Inc.',0,'SLTC','0000-00-00 00:00:00'),(2703,'Selective Insurance Group, Inc.',0,'SIGI','0000-00-00 00:00:00'),(2704,'Semitool, Inc.',0,'SMTL','0000-00-00 00:00:00'),(2705,'Semtech Corporation',0,'SMTC','0000-00-00 00:00:00'),(2706,'Seneca Foods Corp.',0,'SENEA','0000-00-00 00:00:00'),(2707,'Seneca Foods Corp.',0,'SENEB','0000-00-00 00:00:00'),(2708,'Senomyx, Inc.',0,'SNMX','0000-00-00 00:00:00'),(2709,'Sentigen Holding Corp.',0,'SGHL','0000-00-00 00:00:00'),(2710,'Sento Corporation',0,'SNTO','0000-00-00 00:00:00'),(2711,'Sepracor Inc.',0,'SEPR','0000-00-00 00:00:00'),(2712,'Sequenom, Inc.',0,'SQNM','0000-00-00 00:00:00'),(2713,'Servidyne, Inc.',0,'SERV','0000-00-00 00:00:00'),(2714,'Severn Bancorp Inc',0,'SVBI','0000-00-00 00:00:00'),(2715,'SGX Pharmaceuticals, Inc.',0,'SGXP','0000-00-00 00:00:00'),(2716,'Shamir Optical Industry Ltd.',0,'SHMR','0000-00-00 00:00:00'),(2717,'Shanda Interactive Entertainment Limited',0,'SNDA','0000-00-00 00:00:00'),(2718,'Sharper Image Corporation',0,'SHRP','0000-00-00 00:00:00'),(2719,'Shenandoah Telecommunications Co',0,'SHEN','0000-00-00 00:00:00'),(2720,'Shiloh Industries, Inc.',0,'SHLO','0000-00-00 00:00:00'),(2721,'Shire plc',0,'SHPGY','0000-00-00 00:00:00'),(2722,'Shoe Carnival, Inc.',0,'SCVL','0000-00-00 00:00:00'),(2723,'Shoe Pavilion, Inc',0,'SHOE','0000-00-00 00:00:00'),(2724,'Shore Bancshares Inc',0,'SHBI','0000-00-00 00:00:00'),(2725,'Shore Financial Corporation',0,'SHBK','0000-00-00 00:00:00'),(2726,'Shuffle Master, Inc.',0,'SHFL','0000-00-00 00:00:00'),(2727,'Shutterfly, Inc.',0,'SFLY','0000-00-00 00:00:00'),(2728,'SI Financial Group, Inc.',0,'SIFI','0000-00-00 00:00:00'),(2729,'SI International, Inc.',0,'SINT','0000-00-00 00:00:00'),(2730,'Siebert Financial Corp.',0,'SIEB','0000-00-00 00:00:00'),(2731,'Sierra Bancorp',0,'BSRR','0000-00-00 00:00:00'),(2732,'Sierra Wireless, Inc.',0,'SWIR','0000-00-00 00:00:00'),(2733,'Sify Limited',0,'SIFY','0000-00-00 00:00:00'),(2734,'SIGA Technologies Inc.',0,'SIGA','0000-00-00 00:00:00'),(2735,'Sigma Designs, Inc.',0,'SIGM','0000-00-00 00:00:00'),(2736,'Sigma-Aldrich Corporation',0,'SIAL','0000-00-00 00:00:00'),(2737,'Sigmatel, Inc.',0,'SGTL','0000-00-00 00:00:00'),(2738,'SigmaTron International, Inc.',0,'SGMA','0000-00-00 00:00:00'),(2739,'Signature Bank',0,'SBNY','0000-00-00 00:00:00'),(2740,'Silgan Holdings, Inc.',0,'SLGN','0000-00-00 00:00:00'),(2741,'Silicom Ltd',0,'SILC','0000-00-00 00:00:00'),(2742,'Silicon Graphics, Inc.',0,'SGIC','0000-00-00 00:00:00'),(2743,'Silicon Image, Inc.',0,'SIMG','0000-00-00 00:00:00'),(2744,'Silicon Laboratories, Inc.',0,'SLAB','0000-00-00 00:00:00'),(2745,'Silicon Motion Technology Corporation',0,'SIMO','0000-00-00 00:00:00'),(2746,'Silicon Storage Technology, Inc.',0,'SSTI','0000-00-00 00:00:00'),(2747,'Siliconware Precision Industries Company, Ltd.',0,'SPIL','0000-00-00 00:00:00'),(2748,'Silver Standard Resources, Inc',0,'SSRI','0000-00-00 00:00:00'),(2749,'Silverstar Holdings Ltd',0,'SSTR','0000-00-00 00:00:00'),(2750,'Simclar, Inc.',0,'SIMC','0000-00-00 00:00:00'),(2751,'Simmons First National Corporation',0,'SFNC','0000-00-00 00:00:00'),(2752,'SimpleTech Inc',0,'STEC','0000-00-00 00:00:00'),(2753,'Sina Corporation',0,'SINA','0000-00-00 00:00:00'),(2754,'Sinclair Broadcast Group, Inc.',0,'SBGI','0000-00-00 00:00:00'),(2755,'Sirenza Microdevices, Inc.',0,'SMDI','0000-00-00 00:00:00'),(2756,'SiRF Technology Holdings, Inc.',0,'SIRF','0000-00-00 00:00:00'),(2757,'Sirius Satellite Radio Inc.',0,'SIRI','0000-00-00 00:00:00'),(2758,'Sirna Therapeutics, Inc.',0,'RNAI','0000-00-00 00:00:00'),(2759,'Sirona Dental Systems, Inc.',0,'SIRO','0000-00-00 00:00:00'),(2760,'SkillSoft plc',0,'SKIL','0000-00-00 00:00:00'),(2761,'Sky Financial Group, Inc.',0,'SECDP','0000-00-00 00:00:00'),(2762,'Sky Financial Group, Inc.',0,'SKYF','0000-00-00 00:00:00'),(2763,'SkyePharma PLC',0,'SKYE','0000-00-00 00:00:00'),(2764,'SkyWest, Inc.',0,'SKYW','0000-00-00 00:00:00'),(2765,'Skyworks Solutions, Inc.',0,'SWKS','0000-00-00 00:00:00'),(2766,'Slade\'s Ferry Bancorp',0,'SFBC','0000-00-00 00:00:00'),(2767,'SM&A',0,'WINS','0000-00-00 00:00:00'),(2768,'SMART Modular Technologies (WWH), Inc.',0,'SMOD','0000-00-00 00:00:00'),(2769,'Smith & Wesson Holding Corporation',0,'SWHC','0000-00-00 00:00:00'),(2770,'Smith & Wollensky Restaurant Group, Inc. (The)',0,'SWRG','0000-00-00 00:00:00'),(2771,'Smith Micro Software, Inc.',0,'SMSI','0000-00-00 00:00:00'),(2772,'Smithtown Bancorp Inc',0,'SMTB','0000-00-00 00:00:00'),(2773,'Smithway Motor Xpress Corp.',0,'SMXC','0000-00-00 00:00:00'),(2774,'SMTC Corporation',0,'SMTX','0000-00-00 00:00:00'),(2775,'Smurfit-Stone Container Corporation',0,'SSCC','0000-00-00 00:00:00'),(2776,'Smurfit-Stone Container Corporation',0,'SSCCP','0000-00-00 00:00:00'),(2777,'Socket Communications, Inc.',0,'SCKT','0000-00-00 00:00:00'),(2778,'Sohu.com Inc.',0,'SOHU','0000-00-00 00:00:00'),(2779,'Solexa, Inc.',0,'SLXA','0000-00-00 00:00:00'),(2780,'Somanetics Corporation',0,'SMTS','0000-00-00 00:00:00'),(2781,'Somaxon Pharmaceuticals, Inc.',0,'SOMX','0000-00-00 00:00:00'),(2782,'Somerset Hills Bancorp',0,'SOMH','0000-00-00 00:00:00'),(2783,'Somerset Hills Bancorp',0,'SOMHW','0000-00-00 00:00:00'),(2784,'Sonesta International Hotels Corporation',0,'SNSTA','0000-00-00 00:00:00'),(2785,'Sonic Corp.',0,'SONC','0000-00-00 00:00:00'),(2786,'Sonic Foundry, Inc.',0,'SOFO','0000-00-00 00:00:00'),(2787,'Sonic Innovations, Inc.',0,'SNCI','0000-00-00 00:00:00'),(2788,'Sonic Solutions',0,'SNIC','0000-00-00 00:00:00'),(2789,'SonicWALL, Inc.',0,'SNWL','0000-00-00 00:00:00'),(2790,'SonoSite, Inc.',0,'SONO','0000-00-00 00:00:00'),(2791,'Sontra Medical Corporation',0,'SONT','0000-00-00 00:00:00'),(2792,'Sonus Networks, Inc.',0,'SONS','0000-00-00 00:00:00'),(2793,'SONUS Pharmaceuticals, Inc.',0,'SNUS','0000-00-00 00:00:00'),(2794,'SORL Auto Parts, Inc.',0,'SORL','0000-00-00 00:00:00'),(2795,'Source Interlink Companies, Inc.',0,'SORC','0000-00-00 00:00:00'),(2796,'South Financial Group Inc. (The)',0,'TSFG','0000-00-00 00:00:00'),(2797,'South Street Financial Corporation',0,'SSFC','0000-00-00 00:00:00'),(2798,'Southcoast Financial Corporation',0,'SOCB','0000-00-00 00:00:00'),(2799,'Southern Community Financial Corporation',0,'SCMF','0000-00-00 00:00:00'),(2800,'Southern Community Financial Corporation',0,'SCMFO','0000-00-00 00:00:00'),(2801,'Southern Missouri Bancorp, Inc.',0,'SMBC','0000-00-00 00:00:00'),(2802,'Southside Bancshares, Inc.',0,'SBSI','0000-00-00 00:00:00'),(2803,'Southwest Bancorp, Inc.',0,'OKSB','0000-00-00 00:00:00'),(2804,'Southwest Water Company',0,'SWWC','0000-00-00 00:00:00'),(2805,'Sovereign Bancorp, Inc.',0,'SCFSP','0000-00-00 00:00:00'),(2806,'SPACEHAB, Incorporated',0,'SPAB','0000-00-00 00:00:00'),(2807,'Span-America Medical Systems, Inc.',0,'SPAN','0000-00-00 00:00:00'),(2808,'Spanish Broadcasting System, Inc.',0,'SBSA','0000-00-00 00:00:00'),(2809,'Spansion Inc.',0,'SPSN','0000-00-00 00:00:00'),(2810,'SPAR Group, Inc.',0,'SGRP','0000-00-00 00:00:00'),(2811,'Spartan Motors, Inc.',0,'SPAR','0000-00-00 00:00:00'),(2812,'Spartan Stores, Inc.',0,'SPTN','0000-00-00 00:00:00'),(2813,'SpatiaLight, Inc.',0,'HDTV','0000-00-00 00:00:00'),(2814,'Specialty Underwriters\' Alliance, Inc.',0,'SUAI','0000-00-00 00:00:00'),(2815,'SpectraLink Corporation',0,'SLNK','0000-00-00 00:00:00'),(2816,'Spectranetics Corporation (The)',0,'SPNC','0000-00-00 00:00:00'),(2817,'Spectrum Control, Inc.',0,'SPEC','0000-00-00 00:00:00'),(2818,'Spectrum Pharmaceuticals, Inc.',0,'SPPI','0000-00-00 00:00:00'),(2819,'Spectrum Signal Processing Inc.',0,'SSPI','0000-00-00 00:00:00'),(2820,'Speedus Corp.',0,'SPDE','0000-00-00 00:00:00'),(2821,'Spherix Incorporated',0,'SPEX','0000-00-00 00:00:00'),(2822,'Spire Corporation',0,'SPIR','0000-00-00 00:00:00'),(2823,'Sport Chalet, Inc.',0,'SPCHA','0000-00-00 00:00:00'),(2824,'Sport Chalet, Inc.',0,'SPCHB','0000-00-00 00:00:00'),(2825,'Sport-Haley, Inc.',0,'SPOR','0000-00-00 00:00:00'),(2826,'SPSS Inc.',0,'SPSS','0000-00-00 00:00:00'),(2827,'SRI/Surgical Express, Inc.',0,'STRC','0000-00-00 00:00:00'),(2828,'SRS Labs, Inc.',0,'SRSL','0000-00-00 00:00:00'),(2829,'St Joseph Capital Corp',0,'SJOE','0000-00-00 00:00:00'),(2830,'STAAR Surgical Company',0,'STAA','0000-00-00 00:00:00'),(2831,'Staktek Holdings, Inc.',0,'STAK','0000-00-00 00:00:00'),(2832,'Stamps.com Inc.',0,'STMP','0000-00-00 00:00:00'),(2833,'Standard Microsystems Corporation',0,'SMSC','0000-00-00 00:00:00'),(2834,'Standard Parking Corporation',0,'STAN','0000-00-00 00:00:00'),(2835,'Stanley Furniture Company, Inc.',0,'STLY','0000-00-00 00:00:00'),(2836,'Staples, Inc.',0,'SPLS','0000-00-00 00:00:00'),(2837,'Star Buffet, Inc.',0,'STRZ','0000-00-00 00:00:00'),(2838,'Star Scientific, Inc.',0,'STSI','0000-00-00 00:00:00'),(2839,'Starbucks Corporation',0,'SBUX','0000-00-00 00:00:00'),(2840,'State Auto Financial Corporation',0,'STFC','0000-00-00 00:00:00'),(2841,'State Bancorp, Inc.',0,'STBC','0000-00-00 00:00:00'),(2842,'State National Bancshares, Inc.',0,'SNBI','0000-00-00 00:00:00'),(2843,'STATS ChipPAC Ltd.',0,'STTS','0000-00-00 00:00:00'),(2844,'StealthGas, Inc.',0,'GASS','0000-00-00 00:00:00'),(2845,'Steel Dynamics, Inc.',0,'STLD','0000-00-00 00:00:00'),(2846,'Steel Technologies Inc.',0,'STTX','0000-00-00 00:00:00'),(2847,'SteelCloud Inc.',0,'SCLD','0000-00-00 00:00:00'),(2848,'Stein Mart, Inc.',0,'SMRT','0000-00-00 00:00:00'),(2849,'Steiner Leisure Limited',0,'STNR','0000-00-00 00:00:00'),(2850,'Stellent, Inc.',0,'STEL','0000-00-00 00:00:00'),(2851,'StemCells, Inc.',0,'STEM','0000-00-00 00:00:00'),(2852,'STEN Corporation',0,'STEN','0000-00-00 00:00:00'),(2853,'Stereotaxis, Inc.',0,'STXS','0000-00-00 00:00:00'),(2854,'Stericycle, Inc.',0,'SRCL','0000-00-00 00:00:00'),(2855,'Sterling Bancshares, Inc.',0,'SBIB','0000-00-00 00:00:00'),(2856,'Sterling Bancshares, Inc.',0,'SBIBN','0000-00-00 00:00:00'),(2857,'Sterling Bank',0,'STNJ','0000-00-00 00:00:00'),(2858,'Sterling Construction Company Inc',0,'STRL','0000-00-00 00:00:00'),(2859,'Sterling Financial Corporation',0,'SLFI','0000-00-00 00:00:00'),(2860,'Sterling Financial Corporation',0,'STSA','0000-00-00 00:00:00'),(2861,'Steven Madden, Ltd.',0,'SHOO','0000-00-00 00:00:00'),(2862,'Stewart Enterprises, Inc.',0,'STEI','0000-00-00 00:00:00'),(2863,'StockerYale Inc.',0,'STKR','0000-00-00 00:00:00'),(2864,'Stolt-Nielsen S.A.',0,'SNSA','0000-00-00 00:00:00'),(2865,'StoneMor Partners L.P.',0,'STON','0000-00-00 00:00:00'),(2866,'Stratagene Corporation',0,'STGN','0000-00-00 00:00:00'),(2867,'Stratasys, Inc.',0,'SSYS','0000-00-00 00:00:00'),(2868,'Strategic Diagnostics Inc.',0,'SDIX','0000-00-00 00:00:00'),(2869,'Strategic Distribution, Inc.',0,'STRD','0000-00-00 00:00:00'),(2870,'Stratex Networks Inc',0,'STXN','0000-00-00 00:00:00'),(2871,'Stratos International, Inc.',0,'STLW','0000-00-00 00:00:00'),(2872,'Strattec Security Corporation',0,'STRT','0000-00-00 00:00:00'),(2873,'Stratus Properties, Inc.',0,'STRS','0000-00-00 00:00:00'),(2874,'Strayer Education, Inc.',0,'STRA','0000-00-00 00:00:00'),(2875,'Streamline Health Solutions, Inc.',0,'STRM','0000-00-00 00:00:00'),(2876,'Streicher Mobile Fueling, Inc.',0,'FUEL','0000-00-00 00:00:00'),(2877,'Suffolk Bancorp',0,'SUBK','0000-00-00 00:00:00'),(2878,'SuffolkFirst Bank',0,'SUFB','0000-00-00 00:00:00'),(2879,'Summit Bancshares, Inc.',0,'SBIT','0000-00-00 00:00:00'),(2880,'Summit Bank Corporation',0,'SBGA','0000-00-00 00:00:00'),(2881,'Summit Financial Group, Inc.',0,'SMMF','0000-00-00 00:00:00'),(2882,'Summit State Bank',0,'SSBI','0000-00-00 00:00:00'),(2883,'SumTotal Systems, Inc.',0,'SUMT','0000-00-00 00:00:00'),(2884,'Sun Bancorp, Inc.',0,'SNBC','0000-00-00 00:00:00'),(2885,'Sun Healthcare Group, Inc.',0,'SUNH','0000-00-00 00:00:00'),(2886,'Sun Hydraulics Corporation',0,'SNHY','0000-00-00 00:00:00'),(2887,'Sun Microsystems, Inc.',0,'SUNW','0000-00-00 00:00:00'),(2888,'SUNDAY Communications Limited',0,'SDAY','0000-00-00 00:00:00'),(2889,'Sunesis Pharmaceuticals, Inc.',0,'SNSS','0000-00-00 00:00:00'),(2890,'SunOpta, Inc.',0,'STKL','0000-00-00 00:00:00'),(2891,'SunPower Corporation',0,'SPWR','0000-00-00 00:00:00'),(2892,'Suntron Corporation',0,'SUNN','0000-00-00 00:00:00'),(2893,'Super Vision International, Inc.',0,'SUPVA','0000-00-00 00:00:00'),(2894,'Superconductor Technologies Inc.',0,'SCON','0000-00-00 00:00:00'),(2895,'SuperGen, Inc.',0,'SUPG','0000-00-00 00:00:00'),(2896,'Superior Bancorp',0,'SUPR','0000-00-00 00:00:00'),(2897,'Superior Essex Inc',0,'SPSX','0000-00-00 00:00:00'),(2898,'Superior Well Services, Inc.',0,'SWSI','0000-00-00 00:00:00'),(2899,'Supertel Hospitality, Inc.',0,'SPPR','0000-00-00 00:00:00'),(2900,'Supertel Hospitality, Inc.',0,'SPPRP','0000-00-00 00:00:00'),(2901,'Supertex, Inc.',0,'SUPX','0000-00-00 00:00:00'),(2902,'SupportSoft Inc.',0,'SPRT','0000-00-00 00:00:00'),(2903,'SureWest Communications',0,'SURW','0000-00-00 00:00:00'),(2904,'SurModics, Inc.',0,'SRDX','0000-00-00 00:00:00'),(2905,'Susquehanna Bancshares, Inc.',0,'SUSQ','0000-00-00 00:00:00'),(2906,'Susser Holdings Corporation',0,'SUSS','0000-00-00 00:00:00'),(2907,'Sussex Bancorp',0,'SBBX','0000-00-00 00:00:00'),(2908,'Sutron Corporation',0,'STRN','0000-00-00 00:00:00'),(2909,'SVB Financial Group',0,'SIVB','0000-00-00 00:00:00'),(2910,'SVB Financial Group',0,'SIVBO','0000-00-00 00:00:00'),(2911,'Swift Transportation Co., Inc.',0,'SWFT','0000-00-00 00:00:00'),(2912,'Sycamore Networks, Inc.',0,'SCMR','0000-00-00 00:00:00'),(2913,'Sykes Enterprises, Incorporated',0,'SYKE','0000-00-00 00:00:00'),(2914,'Symantec Corporation',0,'SYMC','0000-00-00 00:00:00'),(2915,'Symbion, Inc.',0,'SMBI','0000-00-00 00:00:00'),(2916,'Symmetricom, Inc.',0,'SYMM','0000-00-00 00:00:00'),(2917,'Symyx Technologies, Inc.',0,'SMMX','0000-00-00 00:00:00'),(2918,'Synagro Technologies, Inc.',0,'SYGR','0000-00-00 00:00:00'),(2919,'Synalloy Corporation',0,'SYNL','0000-00-00 00:00:00'),(2920,'Synaptics Incorporated',0,'SYNA','0000-00-00 00:00:00'),(2921,'Synchronoss Technologies, Inc.',0,'SNCR','0000-00-00 00:00:00'),(2922,'Synergetics USA, Inc.',0,'SURG','0000-00-00 00:00:00'),(2923,'SYNERGX Systems Inc.',0,'SYNX','0000-00-00 00:00:00'),(2924,'Synergy Brands Inc.',0,'SYBR','0000-00-00 00:00:00'),(2925,'Synergy Financial Group, Inc.',0,'SYNF','0000-00-00 00:00:00'),(2926,'Syneron Medical Ltd.',0,'ELOS','0000-00-00 00:00:00'),(2927,'Synopsys, Inc.',0,'SNPS','0000-00-00 00:00:00'),(2928,'Synovis Life Technologies, Inc.',0,'SYNO','0000-00-00 00:00:00'),(2929,'Synplicity, Inc.',0,'SYNP','0000-00-00 00:00:00'),(2930,'Syntax-Brillian Corporation',0,'BRLC','0000-00-00 00:00:00'),(2931,'Syntel, Inc.',0,'SYNT','0000-00-00 00:00:00'),(2932,'Syntroleum Corporation',0,'SYNM','0000-00-00 00:00:00'),(2933,'Syntroleum Corporation',0,'SYNMW','0000-00-00 00:00:00'),(2934,'Syntroleum Corporation',0,'SYNMZ','0000-00-00 00:00:00'),(2935,'Sypris Solutions, Inc.',0,'SYPR','0000-00-00 00:00:00'),(2936,'Systems Xcellence Inc.',0,'SXCI','0000-00-00 00:00:00'),(2937,'T-3 Energy Services Inc',0,'TTES','0000-00-00 00:00:00'),(2938,'T. Rowe Price Group, Inc.',0,'TROW','0000-00-00 00:00:00'),(2939,'Taitron Components Incorporated',0,'TAIT','0000-00-00 00:00:00'),(2940,'Take-Two Interactive Software, Inc.',0,'TTWO','0000-00-00 00:00:00'),(2941,'Taleo Corporation',0,'TLEO','0000-00-00 00:00:00'),(2942,'Talk America Holdings Inc.',0,'TALK','0000-00-00 00:00:00'),(2943,'TALX Corporation',0,'TALX','0000-00-00 00:00:00'),(2944,'Tandy Brands Accessories, Inc.',0,'TBAC','0000-00-00 00:00:00'),(2945,'Tanox, Inc.',0,'TNOX','0000-00-00 00:00:00'),(2946,'Tapestry Pharmaceuticals, Inc.',0,'TPPH','0000-00-00 00:00:00'),(2947,'Targacept, Inc.',0,'TRGT','0000-00-00 00:00:00'),(2948,'Targeted Genetics Corporation',0,'TGEN','0000-00-00 00:00:00'),(2949,'Taro Pharmaceutical Industries Ltd.',0,'TARO','0000-00-00 00:00:00'),(2950,'Tarragon Corporation',0,'TARR','0000-00-00 00:00:00'),(2951,'Tarrant Apparel Group',0,'TAGS','0000-00-00 00:00:00'),(2952,'TASER International, Inc.',0,'TASR','0000-00-00 00:00:00'),(2953,'Tasty Baking Company',0,'TSTY','0000-00-00 00:00:00'),(2954,'TAT Technologies Ltd.',0,'TATTF','0000-00-00 00:00:00'),(2955,'Taylor Capital Group, Inc.',0,'TAYC','0000-00-00 00:00:00'),(2956,'Taylor Capital Group, Inc.',0,'TAYCP','0000-00-00 00:00:00'),(2957,'Taylor Devices, Inc.',0,'TAYD','0000-00-00 00:00:00'),(2958,'TB Wood\'s Corporation',0,'TBWC','0000-00-00 00:00:00'),(2959,'TBS International Limited',0,'TBSI','0000-00-00 00:00:00'),(2960,'TC PipeLines, LP',0,'TCLP','0000-00-00 00:00:00'),(2961,'TD Ameritrade Holding Corporation',0,'AMTD','0000-00-00 00:00:00'),(2962,'Team Financial, Inc.',0,'TFIN','0000-00-00 00:00:00'),(2963,'TeamStaff, Inc.',0,'TSTF','0000-00-00 00:00:00'),(2964,'Tech Data Corporation',0,'TECD','0000-00-00 00:00:00'),(2965,'Techne Corporation',0,'TECH','0000-00-00 00:00:00'),(2966,'Technology Investment Capital Corp.',0,'TICC','0000-00-00 00:00:00'),(2967,'Technology Research Corporation',0,'TRCI','0000-00-00 00:00:00'),(2968,'Technology Solutions Company',0,'TSCC','0000-00-00 00:00:00'),(2969,'TechTeam Global, Inc.',0,'TEAM','0000-00-00 00:00:00'),(2970,'Techwell, Inc.',0,'TWLL','0000-00-00 00:00:00'),(2971,'Tecumseh Products Company',0,'TECUA','0000-00-00 00:00:00'),(2972,'Tecumseh Products Company',0,'TECUB','0000-00-00 00:00:00'),(2973,'Tegal Corporation',0,'TGAL','0000-00-00 00:00:00'),(2974,'Tekelec',0,'TKLC','0000-00-00 00:00:00'),(2975,'TEL Offshore Trust',0,'TELOZ','0000-00-00 00:00:00'),(2976,'TeleCommunication Systems, Inc.',0,'TSYS','0000-00-00 00:00:00'),(2977,'Telefonos de Mexico',0,'TFONY','0000-00-00 00:00:00'),(2978,'Telenor ASA',0,'TELN','0000-00-00 00:00:00'),(2979,'Telestone Technologies Corp.',0,'TSTC','0000-00-00 00:00:00'),(2980,'TeleTech Holdings, Inc.',0,'TTEC','0000-00-00 00:00:00'),(2981,'Telik, Inc.',0,'TELK','0000-00-00 00:00:00'),(2982,'Tellabs, Inc.',0,'TLAB','0000-00-00 00:00:00'),(2983,'Telular Corporation',0,'WRLS','0000-00-00 00:00:00'),(2984,'Telvent GIT, S.A.',0,'TLVT','0000-00-00 00:00:00'),(2985,'Temecula Valley Bancorp Inc. (CA)',0,'TMCV','0000-00-00 00:00:00'),(2986,'Tennessee Commerce Bancorp, Inc. (TN)',0,'TNCC','0000-00-00 00:00:00'),(2987,'Terabeam, Inc.',0,'TRBM','0000-00-00 00:00:00'),(2988,'Tercica, Inc.',0,'TRCA','0000-00-00 00:00:00'),(2989,'Tesco Corporation',0,'TESOF','0000-00-00 00:00:00'),(2990,'TESSCO Technologies Incorporated',0,'TESS','0000-00-00 00:00:00'),(2991,'Tessera Technologies, Inc.',0,'TSRA','0000-00-00 00:00:00'),(2992,'Tetra Tech, Inc.',0,'TTEK','0000-00-00 00:00:00'),(2993,'Teva Pharmaceutical Industries Limited',0,'TEVA','0000-00-00 00:00:00'),(2994,'Texas Capital Bancshares, Inc.',0,'TCBI','0000-00-00 00:00:00'),(2995,'Texas Regional Bancshares, Inc.',0,'TRBS','0000-00-00 00:00:00'),(2996,'Texas Roadhouse, Inc.',0,'TXRH','0000-00-00 00:00:00'),(2997,'Texas United Bancshares, Inc.',0,'TXUI','0000-00-00 00:00:00'),(2998,'TF Financial Corporation',0,'THRD','0000-00-00 00:00:00'),(2999,'The Aristotle Corporation',0,'ARTL','0000-00-00 00:00:00'),(3000,'The Aristotle Corporation',0,'ARTLP','0000-00-00 00:00:00'),(3001,'The Bancorp, Inc.',0,'TBBK','0000-00-00 00:00:00'),(3002,'The Bank Holdings, Inc.',0,'TBHS','0000-00-00 00:00:00'),(3003,'The Exploration Company',0,'TXCO','0000-00-00 00:00:00'),(3004,'The Providence Service Corporation',0,'PRSC','0000-00-00 00:00:00'),(3005,'The9 Limited',0,'NCTY','0000-00-00 00:00:00'),(3006,'Theravance, Inc.',0,'THRX','0000-00-00 00:00:00'),(3007,'Therma-Wave, Inc.',0,'TWAV','0000-00-00 00:00:00'),(3008,'THERMOGENESIS Corp.',0,'KOOL','0000-00-00 00:00:00'),(3009,'TheStreet.com, Inc.',0,'TSCM','0000-00-00 00:00:00'),(3010,'Third Wave Technologies, Inc.',0,'TWTI','0000-00-00 00:00:00'),(3011,'Thomas Group, Inc.',0,'TGIS','0000-00-00 00:00:00'),(3012,'Thomas Properties Group, Inc.',0,'TPGI','0000-00-00 00:00:00'),(3013,'Thomas Weisel Partners Group, Inc.',0,'TWPG','0000-00-00 00:00:00'),(3014,'Thoratec Corporation',0,'THOR','0000-00-00 00:00:00'),(3015,'THQ Inc.',0,'THQI','0000-00-00 00:00:00'),(3016,'Threshold Pharmaceuticals, Inc.',0,'THLD','0000-00-00 00:00:00'),(3017,'TIB Financial Corporation',0,'TIBB','0000-00-00 00:00:00'),(3018,'TIBCO Software, Inc.',0,'TIBX','0000-00-00 00:00:00'),(3019,'Tidelands Bancshares, Inc.',0,'TDBK','0000-00-00 00:00:00'),(3020,'TierOne Corporation',0,'TONE','0000-00-00 00:00:00'),(3021,'TII Network Technologies, Inc.',0,'TIII','0000-00-00 00:00:00'),(3022,'Timberland Bancorp, Inc.',0,'TSBK','0000-00-00 00:00:00'),(3023,'Time Warner Telecom Inc.',0,'TWTC','0000-00-00 00:00:00'),(3024,'TiVo Inc.',0,'TIVO','0000-00-00 00:00:00'),(3025,'TLC Vision Corporation',0,'TLCV','0000-00-00 00:00:00'),(3026,'Tollgrade Communications, Inc.',0,'TLGD','0000-00-00 00:00:00'),(3027,'Tom Online Inc.',0,'TOMO','0000-00-00 00:00:00'),(3028,'Top Image Systems, Ltd.',0,'TISA','0000-00-00 00:00:00'),(3029,'TOP Tankers Inc.',0,'TOPT','0000-00-00 00:00:00'),(3030,'Topps Company, Inc. (The)',0,'TOPP','0000-00-00 00:00:00'),(3031,'TOR Minerals International Inc',0,'TORM','0000-00-00 00:00:00'),(3032,'Toreador Resources Corporation',0,'TRGL','0000-00-00 00:00:00'),(3033,'TorreyPines Therapeutics, Inc.',0,'TPTX','0000-00-00 00:00:00'),(3034,'Tower Financial Corporation',0,'TOFC','0000-00-00 00:00:00'),(3035,'Tower Group, Inc.',0,'TWGP','0000-00-00 00:00:00'),(3036,'Tower Semiconductor Ltd.',0,'TSEM','0000-00-00 00:00:00'),(3037,'Tower Semiconductor Ltd.',0,'TSEMG','0000-00-00 00:00:00'),(3038,'Town Sports International Holdings, Inc.',0,'CLUB','0000-00-00 00:00:00'),(3039,'Track Data Corporation',0,'TRAC','0000-00-00 00:00:00'),(3040,'Tractor Supply Company',0,'TSCO','0000-00-00 00:00:00'),(3041,'TradeStation Group Inc',0,'TRAD','0000-00-00 00:00:00'),(3042,'Traffic.com, Inc.',0,'TRFC','0000-00-00 00:00:00'),(3043,'Traffix, Inc.',0,'TRFX','0000-00-00 00:00:00'),(3044,'Trailer Bridge, Inc.',0,'TRBR','0000-00-00 00:00:00'),(3045,'Trans World Entertainment Corp.',0,'TWMC','0000-00-00 00:00:00'),(3046,'TransAct Technologies Incorporated',0,'TACT','0000-00-00 00:00:00'),(3047,'Transaction Systems Architects , Inc.',0,'TSAI','0000-00-00 00:00:00'),(3048,'Transcat, Inc.',0,'TRNS','0000-00-00 00:00:00'),(3049,'Transcend Services, Inc.',0,'TRCR','0000-00-00 00:00:00'),(3050,'Transgenomic, Inc.',0,'TBIO','0000-00-00 00:00:00'),(3051,'Transmeta Corporation',0,'TMTA','0000-00-00 00:00:00'),(3052,'TranSwitch Corporation',0,'TXCC','0000-00-00 00:00:00'),(3053,'Travelzoo Inc',0,'TZOO','0000-00-00 00:00:00'),(3054,'Trend Micro Incorporated',0,'TMIC','0000-00-00 00:00:00'),(3055,'Tri-S Security Corporation',0,'TRIS','0000-00-00 00:00:00'),(3056,'Tri-S Security Corporation',0,'TRISW','0000-00-00 00:00:00'),(3057,'Triad Guaranty Inc.',0,'TGIC','0000-00-00 00:00:00'),(3058,'TriCo Bancshares',0,'TCBK','0000-00-00 00:00:00'),(3059,'Trico Marine Services, Inc.',0,'TRMA','0000-00-00 00:00:00'),(3060,'Trident Microsystems, Inc.',0,'TRID','0000-00-00 00:00:00'),(3061,'Trimble Navigation Limited',0,'TRMB','0000-00-00 00:00:00'),(3062,'Trimeris, Inc.',0,'TRMS','0000-00-00 00:00:00'),(3063,'Trinity Biotech plc',0,'TRIB','0000-00-00 00:00:00'),(3064,'Trintech Group PLC',0,'TTPA','0000-00-00 00:00:00'),(3065,'TriPath Imaging Inc.',0,'TPTH','0000-00-00 00:00:00'),(3066,'Triple Crown Media, Inc.',0,'TCMI','0000-00-00 00:00:00'),(3067,'Tripos, Inc.',0,'TRPS','0000-00-00 00:00:00'),(3068,'TriQuint Semiconductor, Inc.',0,'TQNT','0000-00-00 00:00:00'),(3069,'TriZetto Group, Inc. (The)',0,'TZIX','0000-00-00 00:00:00'),(3070,'TRM Corporation',0,'TRMM','0000-00-00 00:00:00'),(3071,'Trubion Pharmaceuticals,  Inc.',0,'TRBN','0000-00-00 00:00:00'),(3072,'True Religion Apparel, Inc.',0,'TRLG','0000-00-00 00:00:00'),(3073,'Trump Entertainment Resorts Inc',0,'TRMP','0000-00-00 00:00:00'),(3074,'TrustCo Bank Corp NY',0,'TRST','0000-00-00 00:00:00'),(3075,'Trustmark Corporation',0,'TRMK','0000-00-00 00:00:00'),(3076,'TRX, Inc.',0,'TRXI','0000-00-00 00:00:00'),(3077,'TSR, Inc.',0,'TSRI','0000-00-00 00:00:00'),(3078,'TTI Team Telecom International Ltd.',0,'TTIL','0000-00-00 00:00:00'),(3079,'TTM Technologies, Inc.',0,'TTMI','0000-00-00 00:00:00'),(3080,'Tuesday Morning Corp.',0,'TUES','0000-00-00 00:00:00'),(3081,'Tufco Technologies, Inc.',0,'TFCO','0000-00-00 00:00:00'),(3082,'Tumbleweed Communications Corp.',0,'TMWD','0000-00-00 00:00:00'),(3083,'TurboChef Technologies, Inc.',0,'OVEN','0000-00-00 00:00:00'),(3084,'Tut Systems, Inc.',0,'TUTS','0000-00-00 00:00:00'),(3085,'TVI Corporation',0,'TVIN','0000-00-00 00:00:00'),(3086,'TVIA, Inc.',0,'TVIA','0000-00-00 00:00:00'),(3087,'Tweeter Home Entertainment Group, Inc',0,'TWTR','0000-00-00 00:00:00'),(3088,'Twin Disc, Incorporated',0,'TWIN','0000-00-00 00:00:00'),(3089,'U.S. Concrete, Inc.',0,'RMIX','0000-00-00 00:00:00'),(3090,'U.S. Energy Corp.',0,'USEG','0000-00-00 00:00:00'),(3091,'U.S. Energy Systems, Inc.',0,'USEY','0000-00-00 00:00:00'),(3092,'U.S. Global Investors, Inc.',0,'GROW','0000-00-00 00:00:00'),(3093,'U.S. Home Systems, Inc.',0,'USHS','0000-00-00 00:00:00'),(3094,'U.S. Physical Therapy, Inc.',0,'USPH','0000-00-00 00:00:00'),(3095,'U.S. Xpress Enterprises, Inc.',0,'XPRSA','0000-00-00 00:00:00'),(3096,'UAL Corporation',0,'UAUA','0000-00-00 00:00:00'),(3097,'UAP Holding Corp.',0,'UAPH','0000-00-00 00:00:00'),(3098,'UCBH Holdings, Inc.',0,'UCBH','0000-00-00 00:00:00'),(3099,'UFP Technologies, Inc.',0,'UFPT','0000-00-00 00:00:00'),(3100,'Ulticom, Inc.',0,'ULCM','0000-00-00 00:00:00'),(3101,'Ultimate Software Group, Inc. (The)',0,'ULTI','0000-00-00 00:00:00'),(3102,'Ultra Clean Holdings, Inc.',0,'UCTT','0000-00-00 00:00:00'),(3103,'Ultralife Batteries, Inc.',0,'ULBI','0000-00-00 00:00:00'),(3104,'Ultrapetrol (Bahamas) Limited',0,'ULTR','0000-00-00 00:00:00'),(3105,'Ultratech, Inc.',0,'UTEK','0000-00-00 00:00:00'),(3106,'UMB Financial Corporation',0,'UMBF','0000-00-00 00:00:00'),(3107,'Umpqua Holdings Corporation',0,'UMPQ','0000-00-00 00:00:00'),(3108,'Under Armour, Inc.',0,'UARM','0000-00-00 00:00:00'),(3109,'Unica Corporation',0,'UNCA','0000-00-00 00:00:00'),(3110,'Unico American Corporation',0,'UNAM','0000-00-00 00:00:00'),(3111,'Union Bankshares Corporation',0,'UBSH','0000-00-00 00:00:00'),(3112,'Union Drilling, Inc.',0,'UDRL','0000-00-00 00:00:00'),(3113,'UnionBancorp, Inc',0,'UBCD','0000-00-00 00:00:00'),(3114,'United America Indemnity, Ltd.',0,'INDM','0000-00-00 00:00:00'),(3115,'United American Healthcare Corporation',0,'UAHC','0000-00-00 00:00:00'),(3116,'United Bancorp, Inc.',0,'UBCP','0000-00-00 00:00:00'),(3117,'United Bancshares, Inc.',0,'UBOH','0000-00-00 00:00:00'),(3118,'United Bankshares, Inc.',0,'UBSI','0000-00-00 00:00:00'),(3119,'United Community Bancorp',0,'UCBA','0000-00-00 00:00:00'),(3120,'United Community Banks, Inc.',0,'UCBI','0000-00-00 00:00:00'),(3121,'United Community Financial Corp.',0,'UCFC','0000-00-00 00:00:00'),(3122,'United Financial Bancorp, Inc.',0,'UBNK','0000-00-00 00:00:00'),(3123,'United Financial Corp',0,'UBMT','0000-00-00 00:00:00'),(3124,'United Fire & Casualty Company',0,'UFCS','0000-00-00 00:00:00'),(3125,'United Heritage Corporation',0,'UHCP','0000-00-00 00:00:00'),(3126,'United Natural Foods, Inc.',0,'UNFI','0000-00-00 00:00:00'),(3127,'United Online, Inc.',0,'UNTD','0000-00-00 00:00:00'),(3128,'United PanAm Financial Corporation',0,'UPFC','0000-00-00 00:00:00'),(3129,'United Retail Group, Inc.',0,'URGI','0000-00-00 00:00:00'),(3130,'United Security Bancshares',0,'UBFO','0000-00-00 00:00:00'),(3131,'United Security Bancshares, Inc.',0,'USBI','0000-00-00 00:00:00'),(3132,'United States Lime & Minerals, Inc.',0,'USLM','0000-00-00 00:00:00'),(3133,'United Stationers Inc.',0,'USTR','0000-00-00 00:00:00'),(3134,'United Surgical Partners International, Inc.',0,'USPI','0000-00-00 00:00:00'),(3135,'United Therapeutics Corporation',0,'UTHR','0000-00-00 00:00:00'),(3136,'United Western Bancorp, Inc.',0,'UWBK','0000-00-00 00:00:00'),(3137,'Unity Bancorp, Inc.',0,'UNTY','0000-00-00 00:00:00'),(3138,'Universal American Financial Corp.',0,'UHCO','0000-00-00 00:00:00'),(3139,'Universal Compression Partners, L.P.',0,'UCLP','0000-00-00 00:00:00'),(3140,'Universal Display Corporation',0,'PANL','0000-00-00 00:00:00'),(3141,'Universal Electronics Inc.',0,'UEIC','0000-00-00 00:00:00'),(3142,'Universal Forest Products, Inc.',0,'UFPI','0000-00-00 00:00:00'),(3143,'Universal Stainless & Alloy Products, Inc.',0,'USAP','0000-00-00 00:00:00'),(3144,'Universal Truckload Services, Inc.',0,'UACL','0000-00-00 00:00:00'),(3145,'University Bancorp Inc Michigan',0,'UNIB','0000-00-00 00:00:00'),(3146,'Univest Corporation of Pennsylvania',0,'UVSP','0000-00-00 00:00:00'),(3147,'Urban Outfitters, Inc.',0,'URBN','0000-00-00 00:00:00'),(3148,'Urologix, Inc.',0,'ULGX','0000-00-00 00:00:00'),(3149,'US LEC Corp.',0,'CLEC','0000-00-00 00:00:00'),(3150,'USA Mobility, Inc.',0,'USMO','0000-00-00 00:00:00'),(3151,'USA Truck, Inc.',0,'USAK','0000-00-00 00:00:00'),(3152,'USANA Health Sciences Inc.',0,'USNA','0000-00-00 00:00:00'),(3153,'USI Holdings Corporation',0,'USIH','0000-00-00 00:00:00'),(3154,'Utah Medical Products, Inc.',0,'UTMD','0000-00-00 00:00:00'),(3155,'UTi Worldwide Inc.',0,'UTIW','0000-00-00 00:00:00'),(3156,'UTStarcom, Inc.',0,'UTSI','0000-00-00 00:00:00'),(3157,'VA Software Corporation',0,'LNUX','0000-00-00 00:00:00'),(3158,'Valence Technology, Inc.',0,'VLNC','0000-00-00 00:00:00'),(3159,'Valentis, Inc.',0,'VLTS','0000-00-00 00:00:00'),(3160,'Valera Pharmaceuticals, Inc.',0,'VLRX','0000-00-00 00:00:00'),(3161,'Valley Financial Corporation',0,'VYFC','0000-00-00 00:00:00'),(3162,'Value Line, Inc.',0,'VALU','0000-00-00 00:00:00'),(3163,'ValueClick, Inc.',0,'VCLK','0000-00-00 00:00:00'),(3164,'ValueVision Media, Inc.',0,'VVTV','0000-00-00 00:00:00'),(3165,'Vanda Pharmaceuticals Inc.',0,'VNDA','0000-00-00 00:00:00'),(3166,'Varian Semiconductor Equipment Associates, Inc.',0,'VSEA','0000-00-00 00:00:00'),(3167,'Varian, Inc.',0,'VARI','0000-00-00 00:00:00'),(3168,'Varsity Group Inc',0,'VSTY','0000-00-00 00:00:00'),(3169,'VASCO Data Security International, Inc.',0,'VDSI','0000-00-00 00:00:00'),(3170,'Vascular Solutions, Inc.',0,'VASC','0000-00-00 00:00:00'),(3171,'Vasogen Inc.',0,'VSGN','0000-00-00 00:00:00'),(3172,'VCA Antech, Inc.',0,'WOOF','0000-00-00 00:00:00'),(3173,'Veeco Instruments Inc.',0,'VECO','0000-00-00 00:00:00'),(3174,'Velcro Industries N.V.',0,'VELCF','0000-00-00 00:00:00'),(3175,'Velocity Express Corporation',0,'VEXP','0000-00-00 00:00:00'),(3176,'Ventana Medical Systems, Inc.',0,'VMSI','0000-00-00 00:00:00'),(3177,'Verigy Ltd.',0,'VRGY','0000-00-00 00:00:00'),(3178,'Verigy Ltd.',0,'VRGYV','0000-00-00 00:00:00'),(3179,'Verint Systems Inc.',0,'VRNT','0000-00-00 00:00:00'),(3180,'VeriSign, Inc.',0,'VRSN','0000-00-00 00:00:00'),(3181,'Vernalis plc',0,'VNLS','0000-00-00 00:00:00'),(3182,'Versant Corporation',0,'VSNT','0000-00-00 00:00:00'),(3183,'Verso Technologies, Inc.',0,'VRSO','0000-00-00 00:00:00'),(3184,'Vertex Pharmaceuticals Incorporated',0,'VRTX','0000-00-00 00:00:00'),(3185,'VerticalNet, Inc.',0,'VERT','0000-00-00 00:00:00'),(3186,'Vertrue Incorporated',0,'VTRU','0000-00-00 00:00:00'),(3187,'Vestin Realty Mortgage I, Inc.',0,'VRTA','0000-00-00 00:00:00'),(3188,'Vestin Realty Mortgage II, Inc.',0,'VRTB','0000-00-00 00:00:00'),(3189,'ViaCell, Inc.',0,'VIAC','0000-00-00 00:00:00'),(3190,'ViaSat, Inc.',0,'VSAT','0000-00-00 00:00:00'),(3191,'Vical Incorporated',0,'VICL','0000-00-00 00:00:00'),(3192,'Vicor Corporation',0,'VICR','0000-00-00 00:00:00'),(3193,'Video Display Corporation',0,'VIDE','0000-00-00 00:00:00'),(3194,'Viewpoint Corporation',0,'VWPT','0000-00-00 00:00:00'),(3195,'ViewPoint Financial Group',0,'VPFG','0000-00-00 00:00:00'),(3196,'Vignette Corporation',0,'VIGN','0000-00-00 00:00:00'),(3197,'Village Bank and Trust Financial Corp.',0,'VBFC','0000-00-00 00:00:00'),(3198,'Village Super Market, Inc.',0,'VLGEA','0000-00-00 00:00:00'),(3199,'Vimicro International Corporation',0,'VIMC','0000-00-00 00:00:00'),(3200,'Vineyard National Bancorp',0,'VNBC','0000-00-00 00:00:00'),(3201,'Vion Pharmaceuticals Inc.',0,'VION','0000-00-00 00:00:00'),(3202,'Virage Logic Corporation',0,'VIRL','0000-00-00 00:00:00'),(3203,'Virbac Corporation',0,'VBAC','0000-00-00 00:00:00'),(3204,'Virginia Commerce Bancorp',0,'VCBI','0000-00-00 00:00:00'),(3205,'Virginia Financial Group Inc',0,'VFGI','0000-00-00 00:00:00'),(3206,'ViroPharma Incorporated',0,'VPHM','0000-00-00 00:00:00'),(3207,'VirtualScopics, Inc.',0,'VSCP','0000-00-00 00:00:00'),(3208,'ViryaNet Ltd.',0,'VRYA','0000-00-00 00:00:00'),(3209,'Visicu, Inc.',0,'EICU','0000-00-00 00:00:00'),(3210,'Vision-Sciences, Inc.',0,'VSCI','0000-00-00 00:00:00'),(3211,'VistaCare',0,'VSTA','0000-00-00 00:00:00'),(3212,'VistaPrint Limited',0,'VPRT','0000-00-00 00:00:00'),(3213,'Vital Images, Inc.',0,'VTAL','0000-00-00 00:00:00'),(3214,'Vital Signs, Inc.',0,'VITL','0000-00-00 00:00:00'),(3215,'VitalStream Holdings, Inc.',0,'VSTH','0000-00-00 00:00:00'),(3216,'Vitran Corporation, Inc.',0,'VTNC','0000-00-00 00:00:00'),(3217,'Vitria Technology, Inc.',0,'VITR','0000-00-00 00:00:00'),(3218,'Vivus, Inc.',0,'VVUS','0000-00-00 00:00:00'),(3219,'VNUS Medical Technologies, Inc.',0,'VNUS','0000-00-00 00:00:00'),(3220,'VocalTec Communications Ltd.',0,'VOCL','0000-00-00 00:00:00'),(3221,'Vocus, Inc.',0,'VOCS','0000-00-00 00:00:00'),(3222,'Vodavi Technology, Inc.',0,'VTEK','0000-00-00 00:00:00'),(3223,'Volcano Corporation',0,'VOLC','0000-00-00 00:00:00'),(3224,'Volcom, Inc.',0,'VLCM','0000-00-00 00:00:00'),(3225,'Volterra Semiconductor Corporation',0,'VLTR','0000-00-00 00:00:00'),(3226,'Voxware, Inc.',0,'VOXW','0000-00-00 00:00:00'),(3227,'VSE Corporation',0,'VSEC','0000-00-00 00:00:00'),(3228,'Vyyo, Inc.',0,'VYYO','0000-00-00 00:00:00'),(3229,'W Holding Company Incorporated',0,'WBPRJ','0000-00-00 00:00:00'),(3230,'W Holding Company Incorporated',0,'WBPRK','0000-00-00 00:00:00'),(3231,'W Holding Company Incorporated',0,'WBPRL','0000-00-00 00:00:00'),(3232,'W Holding Company Incorporated',0,'WBPRM','0000-00-00 00:00:00'),(3233,'W Holding Company Incorporated',0,'WBPRN','0000-00-00 00:00:00'),(3234,'W Holding Company Incorporated',0,'WBPRO','0000-00-00 00:00:00'),(3235,'W Holding Company Incorporated',0,'WBPRZ','0000-00-00 00:00:00'),(3236,'Waccamaw Bankshares Inc',0,'WBNK','0000-00-00 00:00:00'),(3237,'Waccamaw Bankshares Inc',0,'WBNKW','0000-00-00 00:00:00'),(3238,'Wacoal Holdings Corporation',0,'WACLY','0000-00-00 00:00:00'),(3239,'Wainwright Bank & Trust Company',0,'WAIN','0000-00-00 00:00:00'),(3240,'Warnaco Group Inc (The)',0,'WRNC','0000-00-00 00:00:00'),(3241,'Warner Chilcott Limited',0,'WCRX','0000-00-00 00:00:00'),(3242,'Warren Resources, Inc.',0,'WRES','0000-00-00 00:00:00'),(3243,'Warrior Energy Services Corporation',0,'WARR','0000-00-00 00:00:00'),(3244,'Warwick Valley Telephone Company',0,'WWVY','0000-00-00 00:00:00'),(3245,'Washington Banking Company',0,'WBCO','0000-00-00 00:00:00'),(3246,'Washington Federal, Inc.',0,'WFSL','0000-00-00 00:00:00'),(3247,'Washington Group International, Inc.',0,'WGII','0000-00-00 00:00:00'),(3248,'Washington Mutual, Inc.',0,'DIMEZ','0000-00-00 00:00:00'),(3249,'Washington Trust Bancorp, Inc.',0,'WASH','0000-00-00 00:00:00'),(3250,'Waste Industries USA, Inc.',0,'WWIN','0000-00-00 00:00:00'),(3251,'Waste Services, Inc.',0,'WSII','0000-00-00 00:00:00'),(3252,'Waterside Capital Corporation',0,'WSCC','0000-00-00 00:00:00'),(3253,'Wauwatosa Holdings, Inc.',0,'WAUW','0000-00-00 00:00:00'),(3254,'Wave Systems Corp.',0,'WAVX','0000-00-00 00:00:00'),(3255,'Wavecom S.A.',0,'WVCM','0000-00-00 00:00:00'),(3256,'Wayne Savings Bancshares Inc.',0,'WAYN','0000-00-00 00:00:00'),(3257,'Wayside Technology Group, Inc.',0,'WSTG','0000-00-00 00:00:00'),(3258,'WCA Waste Corporation',0,'WCAA','0000-00-00 00:00:00'),(3259,'WD-40 Company',0,'WDFC','0000-00-00 00:00:00'),(3260,'Web.com, Inc.',0,'WWWW','0000-00-00 00:00:00'),(3261,'WebEx Communications, Inc.',0,'WEBX','0000-00-00 00:00:00'),(3262,'WebMD Health Corp',0,'WBMD','0000-00-00 00:00:00'),(3263,'webMethods, Inc.',0,'WEBM','0000-00-00 00:00:00'),(3264,'Websense, Inc.',0,'WBSN','0000-00-00 00:00:00'),(3265,'WebSideStory, Inc.',0,'WSSI','0000-00-00 00:00:00'),(3266,'Website Pros, Inc.',0,'WSPI','0000-00-00 00:00:00'),(3267,'Webster Preferred Capital Corp',0,'WBSTP','0000-00-00 00:00:00'),(3268,'Webzen Inc',0,'WZEN','0000-00-00 00:00:00'),(3269,'Wegener Corporation',0,'WGNR','0000-00-00 00:00:00'),(3270,'Werner Enterprises, Inc.',0,'WERN','0000-00-00 00:00:00'),(3271,'WesBanco, Inc.',0,'WSBC','0000-00-00 00:00:00'),(3272,'West Bancorporation',0,'WTBA','0000-00-00 00:00:00'),(3273,'West Coast Bancorp',0,'WCBO','0000-00-00 00:00:00'),(3274,'West Marine, Inc.',0,'WMAR','0000-00-00 00:00:00'),(3275,'Westaff Inc.',0,'WSTF','0000-00-00 00:00:00'),(3276,'Westaim Corporation (The)',0,'WEDX','0000-00-00 00:00:00'),(3277,'Westamerica Bancorporation',0,'WABC','0000-00-00 00:00:00'),(3278,'WestBank Corporation',0,'WBKC','0000-00-00 00:00:00'),(3279,'Westell Technologies, Inc.',0,'WSTL','0000-00-00 00:00:00'),(3280,'Wet Seal, Inc. (The)',0,'WTSLA','0000-00-00 00:00:00'),(3281,'Weyco Group, Inc.',0,'WEYS','0000-00-00 00:00:00'),(3282,'WGNB Corp.',0,'WGNB','0000-00-00 00:00:00'),(3283,'Wheeling-Pittsburgh Corporation',0,'WPSC','0000-00-00 00:00:00'),(3284,'White Electronic Designs Corporation',0,'WEDC','0000-00-00 00:00:00'),(3285,'Whitney Holding Corporation',0,'WTNY','0000-00-00 00:00:00'),(3286,'Whittier Energy Corporation',0,'WHIT','0000-00-00 00:00:00'),(3287,'Whole Foods Market, Inc.',0,'WFMI','0000-00-00 00:00:00'),(3288,'WiderThan Co., Ltd.',0,'WTHN','0000-00-00 00:00:00'),(3289,'Wild Oats Markets, Inc.',0,'OATS','0000-00-00 00:00:00'),(3290,'Willamette Valley Vineyards, Inc.',0,'WVVI','0000-00-00 00:00:00'),(3291,'Williams Controls, Inc.',0,'WMCO','0000-00-00 00:00:00'),(3292,'Williams Industries, Inc.',0,'WMSI','0000-00-00 00:00:00'),(3293,'Williams Scotsman International, Inc.',0,'WLSC','0000-00-00 00:00:00'),(3294,'Willis Lease Finance Corporation',0,'WLFC','0000-00-00 00:00:00'),(3295,'Willis Lease Finance Corporation',0,'WLFCP','0000-00-00 00:00:00'),(3296,'Willow Financial Bancorp, Inc.',0,'WFBC','0000-00-00 00:00:00'),(3297,'Wilshire Bancorp, Inc.',0,'WIBC','0000-00-00 00:00:00'),(3298,'Wilsons The Leather Experts Inc.',0,'WLSN','0000-00-00 00:00:00'),(3299,'Wind River Systems, Inc.',0,'WIND','0000-00-00 00:00:00'),(3300,'Winmark Corporation',0,'WINA','0000-00-00 00:00:00'),(3301,'Wintrust Financial Corporation',0,'WTFC','0000-00-00 00:00:00'),(3302,'Wireless Facilities, Inc.',0,'WFII','0000-00-00 00:00:00'),(3303,'Witness Systems, Inc.',0,'WITS','0000-00-00 00:00:00'),(3304,'WJ Communications, Inc.',0,'WJCI','0000-00-00 00:00:00'),(3305,'Woodward Governor Company',0,'WGOV','0000-00-00 00:00:00'),(3306,'Workstream Inc.',0,'WSTM','0000-00-00 00:00:00'),(3307,'World Acceptance Corporation',0,'WRLD','0000-00-00 00:00:00'),(3308,'World Heart Corporation',0,'WHRT','0000-00-00 00:00:00'),(3309,'Worldgate Communications, Inc.',0,'WGAT','0000-00-00 00:00:00'),(3310,'WorldSpace, Inc.',0,'WRSP','0000-00-00 00:00:00'),(3311,'WPCS International Incorporated',0,'WPCS','0000-00-00 00:00:00'),(3312,'WPP Group plc',0,'WPPGY','0000-00-00 00:00:00'),(3313,'WPT Enterprises, Inc.',0,'WPTE','0000-00-00 00:00:00'),(3314,'Wright Medical Group, Inc.',0,'WMGI','0000-00-00 00:00:00'),(3315,'WSFS Financial Corporation',0,'WSFS','0000-00-00 00:00:00'),(3316,'WSI Industries Inc.',0,'WSCI','0000-00-00 00:00:00'),(3317,'WVS Financial Corp.',0,'WVFC','0000-00-00 00:00:00'),(3318,'Wynn Resorts, Limited',0,'WYNN','0000-00-00 00:00:00'),(3319,'X-Rite, Incorporated',0,'XRIT','0000-00-00 00:00:00'),(3320,'XATA Corporation',0,'XATA','0000-00-00 00:00:00'),(3321,'XenoPort, Inc.',0,'XNPT','0000-00-00 00:00:00'),(3322,'XETA Technologies, Inc.',0,'XETA','0000-00-00 00:00:00'),(3323,'Xilinx, Inc.',0,'XLNX','0000-00-00 00:00:00'),(3324,'XM Satellite Radio Holdings Inc.',0,'XMSR','0000-00-00 00:00:00'),(3325,'XOMA Ltd.',0,'XOMA','0000-00-00 00:00:00'),(3326,'XTL Biopharmaceuticals Ltd.',0,'XTLB','0000-00-00 00:00:00'),(3327,'Xyratex Ltd.',0,'XRTX','0000-00-00 00:00:00'),(3328,'Yadkin Valley Financial Corporation',0,'YAVY','0000-00-00 00:00:00'),(3329,'Yahoo! Inc.',0,'YHOO','0000-00-00 00:00:00'),(3330,'Yak Communications, Inc.',0,'YAKC','0000-00-00 00:00:00'),(3331,'Yardville National Bancorp',0,'YANB','0000-00-00 00:00:00'),(3332,'York Water Company (The)',0,'YORW','0000-00-00 00:00:00'),(3333,'Youbet.com, Inc.',0,'UBET','0000-00-00 00:00:00'),(3334,'Young Broadcasting, Inc.',0,'YBTVA','0000-00-00 00:00:00'),(3335,'Young Innovations, Inc.',0,'YDNT','0000-00-00 00:00:00'),(3336,'YRC Worldwide, Inc.',0,'YRCW','0000-00-00 00:00:00'),(3337,'Zanett Inc.',0,'ZANE','0000-00-00 00:00:00'),(3338,'Zareba Systems, Inc.',0,'ZRBA','0000-00-00 00:00:00'),(3339,'Zebra Technologies Corporation',0,'ZBRA','0000-00-00 00:00:00'),(3340,'Zevex International, Inc.',0,'ZVXI','0000-00-00 00:00:00'),(3341,'Zhone Technologies, Inc.',0,'ZHNE','0000-00-00 00:00:00'),(3342,'Zi Corporation',0,'ZICA','0000-00-00 00:00:00'),(3343,'Zila, Inc.',0,'ZILA','0000-00-00 00:00:00'),(3344,'ZiLOG, Inc.',0,'ZILG','0000-00-00 00:00:00'),(3345,'Zions Bancorporation',0,'ZION','0000-00-00 00:00:00'),(3346,'ZIOPHARM ONCOLOGY INC',0,'ZIOP','0000-00-00 00:00:00'),(3347,'ZipRealty, Inc.',0,'ZIPR','0000-00-00 00:00:00'),(3348,'Zix Corporation',0,'ZIXI','0000-00-00 00:00:00'),(3349,'Zoll Medical Corporation',0,'ZOLL','0000-00-00 00:00:00'),(3350,'Zoltek Companies, Inc.',0,'ZOLT','0000-00-00 00:00:00'),(3351,'Zones Inc.',0,'ZONS','0000-00-00 00:00:00'),(3352,'Zoom Technologies, Inc.',0,'ZOOM','0000-00-00 00:00:00'),(3353,'Zoran Corporation',0,'ZRAN','0000-00-00 00:00:00'),(3354,'Zumiez Inc.',0,'ZUMZ','0000-00-00 00:00:00'),(3355,'Zygo Corporation',0,'ZIGO','0000-00-00 00:00:00'),(3356,'ZymoGenetics, Inc.',0,'ZGEN','0000-00-00 00:00:00'),(3357,'Intel Corporation',0,NULL,'0000-00-00 00:00:00'),(3358,'Intel Corporation',0,NULL,'0000-00-00 00:00:00'),(3359,'Intel Corporation',0,NULL,'0000-00-00 00:00:00'),(3360,'Intel Corporation',0,NULL,'0000-00-00 00:00:00'),(3361,'supost',0,NULL,'0000-00-00 00:00:00'),(3369,'supost',0,'n/a','0000-00-00 00:00:00'),(3370,'Mint',0,'n/a','0000-00-00 00:00:00'),(3374,'Trippert',0,'n/a','0000-00-00 00:00:00'),(3375,'Matt Snider, LLC',0,'n/a','0000-00-00 00:00:00'),(3376,'Some Random Company',0,'','0000-00-00 00:00:00'),(3377,'supost',0,'','0000-00-00 00:00:00'),(3378,'Camino Medical Group',0,'n/a','0000-00-00 00:00:00'),(3379,'Matt Snider LLC',0,NULL,'2007-06-14 09:31:24'),(3380,'Molecular Devices Corporation Ex officio',0,NULL,'2007-08-29 16:32:55'),(3381,'godster',0,NULL,'2007-09-10 08:57:49'),(3382,'Stanford University',0,NULL,'2007-09-11 11:00:51'),(3383,'Pets Friend Animal Clinic',0,NULL,'2007-09-11 16:12:49'),(3384,'Palo Alto Pet Hospital',0,NULL,'2007-09-11 16:14:38'),(3385,'att',0,NULL,'2007-09-14 11:02:14'),(3386,'XSeed Capital Management',0,NULL,'2007-09-14 11:04:16'),(3387,'Nuvelo',0,NULL,'2007-09-19 16:12:11'),(3388,'Xenobiotic Laboratories, Inc',0,NULL,'2007-10-09 11:10:39'),(3389,'The Venture Consortium',0,NULL,'2007-10-09 11:12:49'),(3390,'Princeton University',0,NULL,'2007-10-09 11:12:49'),(3391,'Stanford  University',0,NULL,'2007-10-09 15:29:56'),(3392,'Eli Lilly and Co',0,NULL,'2007-10-09 21:14:19'),(3393,'Merck and Company',0,NULL,'2007-10-10 14:39:29'),(3394,'The Investment Fund for Foundations',0,NULL,'2007-10-21 12:49:17'),(3395,'Experience, Inc.',0,NULL,'2007-10-21 12:52:09'),(3396,'Octagon Marketing',0,NULL,'2007-10-21 12:54:23'),(3397,'new job',0,NULL,'2007-10-21 14:02:00'),(3398,'MDS Sciex',0,NULL,'2007-10-21 14:03:18'),(3399,'The Salk Institute',0,NULL,'2007-10-22 22:38:09'),(3400,'Cold Spring Harbor Laboratory',0,NULL,'2007-10-22 22:45:54'),(3401,'google',0,NULL,'2007-12-06 16:46:33'),(3402,'Geekster',0,NULL,'2008-04-22 21:50:05');
/*!40000 ALTER TABLE `pwf_company` ENABLE KEYS */;
UNLOCK TABLES;

--
-- Table structure for table `pwf_concentration`
--

DROP TABLE IF EXISTS `pwf_concentration`;
/*!40101 SET @saved_cs_client     = @@character_set_client */;
/*!40101 SET character_set_client = utf8 */;
CREATE TABLE `pwf_concentration` (
  `created` datetime NOT NULL DEFAULT '0000-00-00 00:00:00',
  `id` mediumint(8) unsigned NOT NULL AUTO_INCREMENT,
  `name` varchar(45) NOT NULL,
  `f` int(10) unsigned NOT NULL DEFAULT '0',
  PRIMARY KEY (`id`),
  UNIQUE KEY `name` (`name`)
) ENGINE=InnoDB AUTO_INCREMENT=14 DEFAULT CHARSET=utf8;
/*!40101 SET character_set_client = @saved_cs_client */;

--
-- Dumping data for table `pwf_concentration`
--

LOCK TABLES `pwf_concentration` WRITE;
/*!40000 ALTER TABLE `pwf_concentration` DISABLE KEYS */;
INSERT INTO `pwf_concentration` VALUES ('2009-04-11 16:53:53',12,'Computer Science',0),('2009-04-11 16:53:53',13,'Computer Engineering',0);
/*!40000 ALTER TABLE `pwf_concentration` ENABLE KEYS */;
UNLOCK TABLES;

--
-- Table structure for table `pwf_country`
--

DROP TABLE IF EXISTS `pwf_country`;
/*!40101 SET @saved_cs_client     = @@character_set_client */;
/*!40101 SET character_set_client = utf8 */;
CREATE TABLE `pwf_country` (
  `id` mediumint(8) unsigned NOT NULL AUTO_INCREMENT,
  `name` varchar(45) NOT NULL,
  `f` int(10) unsigned NOT NULL DEFAULT '0',
  `modified` datetime NOT NULL,
  `created` datetime NOT NULL,
  `status` enum('active','deleted') NOT NULL DEFAULT 'active',
  PRIMARY KEY (`id`)
) ENGINE=InnoDB AUTO_INCREMENT=246 DEFAULT CHARSET=utf8;
/*!40101 SET character_set_client = @saved_cs_client */;

--
-- Dumping data for table `pwf_country`
--

LOCK TABLES `pwf_country` WRITE;
/*!40000 ALTER TABLE `pwf_country` DISABLE KEYS */;
INSERT INTO `pwf_country` VALUES (1,'Afghanistan',0,'0000-00-00 00:00:00','0000-00-00 00:00:00','active'),(2,'Albania',0,'0000-00-00 00:00:00','0000-00-00 00:00:00','active'),(3,'Algeria',0,'0000-00-00 00:00:00','0000-00-00 00:00:00','active'),(4,'American Samoa',0,'0000-00-00 00:00:00','0000-00-00 00:00:00','active'),(5,'Andorra',0,'0000-00-00 00:00:00','0000-00-00 00:00:00','active'),(6,'Angola',0,'0000-00-00 00:00:00','0000-00-00 00:00:00','active'),(7,'Anguilla',0,'0000-00-00 00:00:00','0000-00-00 00:00:00','active'),(8,'Antarctica',0,'0000-00-00 00:00:00','0000-00-00 00:00:00','active'),(9,'Antigua and Barbuda',0,'0000-00-00 00:00:00','0000-00-00 00:00:00','active'),(10,'Argentina',0,'0000-00-00 00:00:00','0000-00-00 00:00:00','active'),(11,'Armenia',0,'0000-00-00 00:00:00','0000-00-00 00:00:00','active'),(12,'Aruba',0,'0000-00-00 00:00:00','0000-00-00 00:00:00','active'),(13,'Australia',0,'0000-00-00 00:00:00','0000-00-00 00:00:00','active'),(14,'Austria',0,'0000-00-00 00:00:00','0000-00-00 00:00:00','active'),(15,'Azerbaijan',0,'0000-00-00 00:00:00','0000-00-00 00:00:00','active'),(16,'Azores',0,'0000-00-00 00:00:00','0000-00-00 00:00:00','active'),(17,'Bahamas',0,'0000-00-00 00:00:00','0000-00-00 00:00:00','active'),(18,'Bahrain',0,'0000-00-00 00:00:00','0000-00-00 00:00:00','active'),(19,'Bangladesh',0,'0000-00-00 00:00:00','0000-00-00 00:00:00','active'),(20,'Barbados',0,'0000-00-00 00:00:00','0000-00-00 00:00:00','active'),(21,'Belarus',0,'0000-00-00 00:00:00','0000-00-00 00:00:00','active'),(22,'Belgium',0,'0000-00-00 00:00:00','0000-00-00 00:00:00','active'),(23,'Belize',0,'0000-00-00 00:00:00','0000-00-00 00:00:00','active'),(24,'Benin',0,'0000-00-00 00:00:00','0000-00-00 00:00:00','active'),(25,'Bermuda',0,'0000-00-00 00:00:00','0000-00-00 00:00:00','active'),(26,'Bhutan',0,'0000-00-00 00:00:00','0000-00-00 00:00:00','active'),(27,'Bolivia',0,'0000-00-00 00:00:00','0000-00-00 00:00:00','active'),(28,'Bosnia And Herzegowina',0,'0000-00-00 00:00:00','0000-00-00 00:00:00','active'),(29,'Bosnia-Herzegovina',0,'0000-00-00 00:00:00','0000-00-00 00:00:00','active'),(30,'Botswana',0,'0000-00-00 00:00:00','0000-00-00 00:00:00','active'),(31,'Bouvet Island',0,'0000-00-00 00:00:00','0000-00-00 00:00:00','active'),(32,'Brazil',0,'0000-00-00 00:00:00','0000-00-00 00:00:00','active'),(33,'British Virgin Islands',0,'0000-00-00 00:00:00','0000-00-00 00:00:00','active'),(34,'Brunei Darussalam',0,'0000-00-00 00:00:00','0000-00-00 00:00:00','active'),(35,'Bulgaria',0,'0000-00-00 00:00:00','0000-00-00 00:00:00','active'),(36,'Burkina Faso',0,'0000-00-00 00:00:00','0000-00-00 00:00:00','active'),(37,'Burundi',0,'0000-00-00 00:00:00','0000-00-00 00:00:00','active'),(38,'Cambodia',0,'0000-00-00 00:00:00','0000-00-00 00:00:00','active'),(39,'Cameroon',0,'0000-00-00 00:00:00','0000-00-00 00:00:00','active'),(40,'Canada',0,'0000-00-00 00:00:00','0000-00-00 00:00:00','active'),(41,'Cape Verde',0,'0000-00-00 00:00:00','0000-00-00 00:00:00','active'),(42,'Cayman Islands',0,'0000-00-00 00:00:00','0000-00-00 00:00:00','active'),(43,'Central African Republic',0,'0000-00-00 00:00:00','0000-00-00 00:00:00','active'),(44,'Chad',0,'0000-00-00 00:00:00','0000-00-00 00:00:00','active'),(45,'Chile',0,'0000-00-00 00:00:00','0000-00-00 00:00:00','active'),(46,'China',0,'0000-00-00 00:00:00','0000-00-00 00:00:00','active'),(47,'Christmas Island',0,'0000-00-00 00:00:00','0000-00-00 00:00:00','active'),(48,'Cocos Islands',0,'0000-00-00 00:00:00','0000-00-00 00:00:00','active'),(49,'Colombia',0,'0000-00-00 00:00:00','0000-00-00 00:00:00','active'),(50,'Comoros',0,'0000-00-00 00:00:00','0000-00-00 00:00:00','active'),(51,'Congo',0,'0000-00-00 00:00:00','0000-00-00 00:00:00','active'),(52,'Congo',0,'0000-00-00 00:00:00','0000-00-00 00:00:00','active'),(53,'Cook Islands',0,'0000-00-00 00:00:00','0000-00-00 00:00:00','active'),(54,'Corsica',0,'0000-00-00 00:00:00','0000-00-00 00:00:00','active'),(55,'Costa Rica',0,'0000-00-00 00:00:00','0000-00-00 00:00:00','active'),(56,'Cote d Ivoire',0,'2009-06-27 19:43:00','0000-00-00 00:00:00','active'),(57,'Croatia',0,'0000-00-00 00:00:00','0000-00-00 00:00:00','active'),(58,'Cuba',0,'0000-00-00 00:00:00','0000-00-00 00:00:00','active'),(59,'Cyprus',0,'0000-00-00 00:00:00','0000-00-00 00:00:00','active'),(60,'Czech Republic',0,'0000-00-00 00:00:00','0000-00-00 00:00:00','active'),(61,'Denmark',0,'0000-00-00 00:00:00','0000-00-00 00:00:00','active'),(62,'Djibouti',0,'0000-00-00 00:00:00','0000-00-00 00:00:00','active'),(63,'Dominica',0,'0000-00-00 00:00:00','0000-00-00 00:00:00','active'),(64,'Dominican Republic',0,'0000-00-00 00:00:00','0000-00-00 00:00:00','active'),(65,'East Timor',0,'0000-00-00 00:00:00','0000-00-00 00:00:00','active'),(66,'Ecuador',0,'0000-00-00 00:00:00','0000-00-00 00:00:00','active'),(67,'Egypt',0,'0000-00-00 00:00:00','0000-00-00 00:00:00','active'),(68,'El Salvador',0,'0000-00-00 00:00:00','0000-00-00 00:00:00','active'),(69,'Equatorial Guinea',0,'0000-00-00 00:00:00','0000-00-00 00:00:00','active'),(70,'Eritrea',0,'0000-00-00 00:00:00','0000-00-00 00:00:00','active'),(71,'Estonia',0,'0000-00-00 00:00:00','0000-00-00 00:00:00','active'),(72,'Ethiopia',0,'0000-00-00 00:00:00','0000-00-00 00:00:00','active'),(73,'Falkland Islands',0,'0000-00-00 00:00:00','0000-00-00 00:00:00','active'),(74,'Faroe Islands',0,'0000-00-00 00:00:00','0000-00-00 00:00:00','active'),(75,'Fiji',0,'0000-00-00 00:00:00','0000-00-00 00:00:00','active'),(76,'Finland',0,'0000-00-00 00:00:00','0000-00-00 00:00:00','active'),(77,'France',0,'0000-00-00 00:00:00','0000-00-00 00:00:00','active'),(78,'French Guiana',0,'0000-00-00 00:00:00','0000-00-00 00:00:00','active'),(79,'French Polynesia',0,'0000-00-00 00:00:00','0000-00-00 00:00:00','active'),(80,'Gabon',0,'0000-00-00 00:00:00','0000-00-00 00:00:00','active'),(81,'Gambia',0,'0000-00-00 00:00:00','0000-00-00 00:00:00','active'),(82,'Georgia',0,'0000-00-00 00:00:00','0000-00-00 00:00:00','active'),(83,'Germany',0,'0000-00-00 00:00:00','0000-00-00 00:00:00','active'),(84,'Ghana',0,'0000-00-00 00:00:00','0000-00-00 00:00:00','active'),(85,'Gibraltar',0,'0000-00-00 00:00:00','0000-00-00 00:00:00','active'),(86,'Greece',0,'0000-00-00 00:00:00','0000-00-00 00:00:00','active'),(87,'Greenland',0,'0000-00-00 00:00:00','0000-00-00 00:00:00','active'),(88,'Grenada',0,'0000-00-00 00:00:00','0000-00-00 00:00:00','active'),(89,'Guadeloupe',0,'0000-00-00 00:00:00','0000-00-00 00:00:00','active'),(90,'Guam',0,'0000-00-00 00:00:00','0000-00-00 00:00:00','active'),(91,'Guatemala',0,'0000-00-00 00:00:00','0000-00-00 00:00:00','active'),(92,'Guinea',0,'0000-00-00 00:00:00','0000-00-00 00:00:00','active'),(93,'Guinea-Bissau',0,'0000-00-00 00:00:00','0000-00-00 00:00:00','active'),(94,'Guyana',0,'0000-00-00 00:00:00','0000-00-00 00:00:00','active'),(95,'Haiti',0,'0000-00-00 00:00:00','0000-00-00 00:00:00','active'),(96,'Heard  Mc Donald Islands',0,'2009-06-27 19:43:00','0000-00-00 00:00:00','active'),(97,'Honduras',0,'0000-00-00 00:00:00','0000-00-00 00:00:00','active'),(98,'Hong Kong',0,'0000-00-00 00:00:00','0000-00-00 00:00:00','active'),(99,'Hungary',0,'0000-00-00 00:00:00','0000-00-00 00:00:00','active'),(100,'Iceland',0,'0000-00-00 00:00:00','0000-00-00 00:00:00','active'),(101,'India',0,'0000-00-00 00:00:00','0000-00-00 00:00:00','active'),(102,'Indonesia',0,'0000-00-00 00:00:00','0000-00-00 00:00:00','active'),(103,'Iran',0,'0000-00-00 00:00:00','0000-00-00 00:00:00','active'),(104,'Iraq',0,'0000-00-00 00:00:00','0000-00-00 00:00:00','active'),(105,'Ireland',0,'0000-00-00 00:00:00','0000-00-00 00:00:00','active'),(106,'Israel',0,'0000-00-00 00:00:00','0000-00-00 00:00:00','active'),(107,'Italy',0,'0000-00-00 00:00:00','0000-00-00 00:00:00','active'),(108,'Jamaica',0,'0000-00-00 00:00:00','0000-00-00 00:00:00','active'),(109,'Japan',0,'0000-00-00 00:00:00','0000-00-00 00:00:00','active'),(110,'Jordan',0,'0000-00-00 00:00:00','0000-00-00 00:00:00','active'),(111,'Kazakhstan',0,'0000-00-00 00:00:00','0000-00-00 00:00:00','active'),(112,'Kenya',0,'0000-00-00 00:00:00','0000-00-00 00:00:00','active'),(113,'Kiribati',0,'0000-00-00 00:00:00','0000-00-00 00:00:00','active'),(114,'Korea',0,'0000-00-00 00:00:00','0000-00-00 00:00:00','active'),(115,'Kuwait',0,'0000-00-00 00:00:00','0000-00-00 00:00:00','active'),(116,'Kyrgyzstan',0,'0000-00-00 00:00:00','0000-00-00 00:00:00','active'),(117,'Laos',0,'0000-00-00 00:00:00','0000-00-00 00:00:00','active'),(118,'Latvia',0,'0000-00-00 00:00:00','0000-00-00 00:00:00','active'),(119,'Lebanon',0,'0000-00-00 00:00:00','0000-00-00 00:00:00','active'),(120,'Lesotho',0,'0000-00-00 00:00:00','0000-00-00 00:00:00','active'),(121,'Liberia',0,'0000-00-00 00:00:00','0000-00-00 00:00:00','active'),(122,'Libya',0,'0000-00-00 00:00:00','0000-00-00 00:00:00','active'),(123,'Liechtenstein',0,'0000-00-00 00:00:00','0000-00-00 00:00:00','active'),(124,'Lithuania',0,'0000-00-00 00:00:00','0000-00-00 00:00:00','active'),(125,'Luxembourg',0,'0000-00-00 00:00:00','0000-00-00 00:00:00','active'),(126,'Macao',0,'0000-00-00 00:00:00','0000-00-00 00:00:00','active'),(127,'Macedonia',0,'0000-00-00 00:00:00','0000-00-00 00:00:00','active'),(128,'Madagascar',0,'0000-00-00 00:00:00','0000-00-00 00:00:00','active'),(129,'Madeira Islands',0,'0000-00-00 00:00:00','0000-00-00 00:00:00','active'),(130,'Malawi',0,'0000-00-00 00:00:00','0000-00-00 00:00:00','active'),(131,'Malaysia',0,'0000-00-00 00:00:00','0000-00-00 00:00:00','active'),(132,'Maldives',0,'0000-00-00 00:00:00','0000-00-00 00:00:00','active'),(133,'Mali',0,'0000-00-00 00:00:00','0000-00-00 00:00:00','active'),(134,'Malta',0,'0000-00-00 00:00:00','0000-00-00 00:00:00','active'),(135,'Marshall Islands',0,'0000-00-00 00:00:00','0000-00-00 00:00:00','active'),(136,'Martinique',0,'0000-00-00 00:00:00','0000-00-00 00:00:00','active'),(137,'Mauritania',0,'0000-00-00 00:00:00','0000-00-00 00:00:00','active'),(138,'Mauritius',0,'0000-00-00 00:00:00','0000-00-00 00:00:00','active'),(139,'Mayotte',0,'0000-00-00 00:00:00','0000-00-00 00:00:00','active'),(140,'Mexico',0,'0000-00-00 00:00:00','0000-00-00 00:00:00','active'),(141,'Micronesia',0,'0000-00-00 00:00:00','0000-00-00 00:00:00','active'),(142,'Moldova',0,'0000-00-00 00:00:00','0000-00-00 00:00:00','active'),(143,'Monaco',0,'0000-00-00 00:00:00','0000-00-00 00:00:00','active'),(144,'Mongolia',0,'0000-00-00 00:00:00','0000-00-00 00:00:00','active'),(145,'Montserrat',0,'0000-00-00 00:00:00','0000-00-00 00:00:00','active'),(146,'Morocco',0,'0000-00-00 00:00:00','0000-00-00 00:00:00','active'),(147,'Mozambique',0,'0000-00-00 00:00:00','0000-00-00 00:00:00','active'),(148,'Myanmar Burma',0,'2009-06-27 19:43:00','0000-00-00 00:00:00','active'),(149,'Namibia',0,'0000-00-00 00:00:00','0000-00-00 00:00:00','active'),(150,'Nauru',0,'0000-00-00 00:00:00','0000-00-00 00:00:00','active'),(151,'Nepal',0,'0000-00-00 00:00:00','0000-00-00 00:00:00','active'),(152,'Netherlands',0,'0000-00-00 00:00:00','0000-00-00 00:00:00','active'),(153,'Netherlands Antilles',0,'0000-00-00 00:00:00','0000-00-00 00:00:00','active'),(154,'New Caledonia',0,'0000-00-00 00:00:00','0000-00-00 00:00:00','active'),(155,'New Zealand',0,'0000-00-00 00:00:00','0000-00-00 00:00:00','active'),(156,'Nicaragua',0,'0000-00-00 00:00:00','0000-00-00 00:00:00','active'),(157,'Niger',0,'0000-00-00 00:00:00','0000-00-00 00:00:00','active'),(158,'Nigeria',0,'0000-00-00 00:00:00','0000-00-00 00:00:00','active'),(159,'Niue',0,'0000-00-00 00:00:00','0000-00-00 00:00:00','active'),(160,'Norfolk Island',0,'0000-00-00 00:00:00','0000-00-00 00:00:00','active'),(161,'Northern Mariana Islands',0,'0000-00-00 00:00:00','0000-00-00 00:00:00','active'),(162,'Norway',0,'0000-00-00 00:00:00','0000-00-00 00:00:00','active'),(163,'Oman',0,'0000-00-00 00:00:00','0000-00-00 00:00:00','active'),(164,'Pakistan',0,'0000-00-00 00:00:00','0000-00-00 00:00:00','active'),(165,'Palau',0,'0000-00-00 00:00:00','0000-00-00 00:00:00','active'),(166,'Palestinian Territory',0,'0000-00-00 00:00:00','0000-00-00 00:00:00','active'),(167,'Panama',0,'0000-00-00 00:00:00','0000-00-00 00:00:00','active'),(168,'Papua New Guinea',0,'0000-00-00 00:00:00','0000-00-00 00:00:00','active'),(169,'Paraguay',0,'0000-00-00 00:00:00','0000-00-00 00:00:00','active'),(170,'Peru',0,'0000-00-00 00:00:00','0000-00-00 00:00:00','active'),(171,'Philippines',0,'0000-00-00 00:00:00','0000-00-00 00:00:00','active'),(172,'Pitcairn',0,'0000-00-00 00:00:00','0000-00-00 00:00:00','active'),(173,'Poland',0,'0000-00-00 00:00:00','0000-00-00 00:00:00','active'),(174,'Portugal',0,'0000-00-00 00:00:00','0000-00-00 00:00:00','active'),(175,'Puerto Rico',0,'0000-00-00 00:00:00','0000-00-00 00:00:00','active'),(176,'Qatar',0,'0000-00-00 00:00:00','0000-00-00 00:00:00','active'),(177,'Reunion',0,'0000-00-00 00:00:00','0000-00-00 00:00:00','active'),(178,'Romania',0,'0000-00-00 00:00:00','0000-00-00 00:00:00','active'),(179,'Russian Federation',0,'0000-00-00 00:00:00','0000-00-00 00:00:00','active'),(180,'Rwanda',0,'0000-00-00 00:00:00','0000-00-00 00:00:00','active'),(181,'Saint Kitts And Nevis',0,'0000-00-00 00:00:00','0000-00-00 00:00:00','active'),(182,'San Marino',0,'0000-00-00 00:00:00','0000-00-00 00:00:00','active'),(183,'Sao Tome and Principe',0,'0000-00-00 00:00:00','0000-00-00 00:00:00','active'),(184,'Saudi Arabia',0,'0000-00-00 00:00:00','0000-00-00 00:00:00','active'),(185,'Senegal',0,'0000-00-00 00:00:00','0000-00-00 00:00:00','active'),(186,'Serbia-Montenegro',0,'0000-00-00 00:00:00','0000-00-00 00:00:00','active'),(187,'Seychelles',0,'0000-00-00 00:00:00','0000-00-00 00:00:00','active'),(188,'Sierra Leone',0,'0000-00-00 00:00:00','0000-00-00 00:00:00','active'),(189,'Singapore',0,'0000-00-00 00:00:00','0000-00-00 00:00:00','active'),(190,'Slovak Republic',0,'0000-00-00 00:00:00','0000-00-00 00:00:00','active'),(191,'Slovenia',0,'0000-00-00 00:00:00','0000-00-00 00:00:00','active'),(192,'Solomon Islands',0,'0000-00-00 00:00:00','0000-00-00 00:00:00','active'),(193,'Somalia',0,'0000-00-00 00:00:00','0000-00-00 00:00:00','active'),(194,'South Africa',0,'0000-00-00 00:00:00','0000-00-00 00:00:00','active'),(195,'South Georgia  The South Sand',0,'2009-06-27 19:43:00','0000-00-00 00:00:00','active'),(196,'South Korea',0,'0000-00-00 00:00:00','0000-00-00 00:00:00','active'),(197,'Spain',0,'0000-00-00 00:00:00','0000-00-00 00:00:00','active'),(198,'Sri Lanka',0,'0000-00-00 00:00:00','0000-00-00 00:00:00','active'),(199,'St. Christopher and Nevis',0,'0000-00-00 00:00:00','0000-00-00 00:00:00','active'),(200,'St. Helena',0,'0000-00-00 00:00:00','0000-00-00 00:00:00','active'),(201,'St. Lucia',0,'0000-00-00 00:00:00','0000-00-00 00:00:00','active'),(202,'St. Pierre and Miquelon',0,'0000-00-00 00:00:00','0000-00-00 00:00:00','active'),(203,'St. Vincent  the Grenadines',0,'2009-06-27 19:43:00','0000-00-00 00:00:00','active'),(204,'Sudan',0,'0000-00-00 00:00:00','0000-00-00 00:00:00','active'),(205,'Suriname',0,'0000-00-00 00:00:00','0000-00-00 00:00:00','active'),(206,'Svalbard  Jan Mayen Islands',0,'2009-06-27 19:43:00','0000-00-00 00:00:00','active'),(207,'Swaziland',0,'0000-00-00 00:00:00','0000-00-00 00:00:00','active'),(208,'Sweden',0,'0000-00-00 00:00:00','0000-00-00 00:00:00','active'),(209,'Switzerland',0,'0000-00-00 00:00:00','0000-00-00 00:00:00','active'),(210,'Syrian Arab Republic',0,'0000-00-00 00:00:00','0000-00-00 00:00:00','active'),(211,'Taiwan',0,'0000-00-00 00:00:00','0000-00-00 00:00:00','active'),(212,'Tajikistan',0,'0000-00-00 00:00:00','0000-00-00 00:00:00','active'),(213,'Tanzania',0,'0000-00-00 00:00:00','0000-00-00 00:00:00','active'),(214,'Thailand',0,'0000-00-00 00:00:00','0000-00-00 00:00:00','active'),(215,'Togo',0,'0000-00-00 00:00:00','0000-00-00 00:00:00','active'),(216,'Tokelau',0,'0000-00-00 00:00:00','0000-00-00 00:00:00','active'),(217,'Tonga',0,'0000-00-00 00:00:00','0000-00-00 00:00:00','active'),(218,'Trinidad and Tobago',0,'0000-00-00 00:00:00','0000-00-00 00:00:00','active'),(219,'Tristan da Cunha',0,'0000-00-00 00:00:00','0000-00-00 00:00:00','active'),(220,'Tunisia',0,'0000-00-00 00:00:00','0000-00-00 00:00:00','active'),(221,'Turkey',0,'0000-00-00 00:00:00','0000-00-00 00:00:00','active'),(222,'Turkmenistan',0,'0000-00-00 00:00:00','0000-00-00 00:00:00','active'),(223,'Turks and Caicos Island',0,'0000-00-00 00:00:00','0000-00-00 00:00:00','active'),(224,'Tuvalu',0,'0000-00-00 00:00:00','0000-00-00 00:00:00','active'),(225,'Uganda',0,'0000-00-00 00:00:00','0000-00-00 00:00:00','active'),(226,'Ukraine',0,'0000-00-00 00:00:00','0000-00-00 00:00:00','active'),(227,'United Arab Emirates',0,'0000-00-00 00:00:00','0000-00-00 00:00:00','active'),(228,'United Kingdom',0,'0000-00-00 00:00:00','0000-00-00 00:00:00','active'),(229,'United States',0,'0000-00-00 00:00:00','0000-00-00 00:00:00','active'),(230,'Uruguay',0,'0000-00-00 00:00:00','0000-00-00 00:00:00','active'),(231,'Uzbekistan',0,'0000-00-00 00:00:00','0000-00-00 00:00:00','active'),(232,'Vanuatu',0,'0000-00-00 00:00:00','0000-00-00 00:00:00','active'),(233,'Vatican City',0,'0000-00-00 00:00:00','0000-00-00 00:00:00','active'),(234,'Venezuela',0,'0000-00-00 00:00:00','0000-00-00 00:00:00','active'),(235,'Vietnam',0,'0000-00-00 00:00:00','0000-00-00 00:00:00','active'),(236,'Virgin Islands',0,'0000-00-00 00:00:00','0000-00-00 00:00:00','active'),(237,'Wallis and Furuna Islands',0,'0000-00-00 00:00:00','0000-00-00 00:00:00','active'),(238,'Western Sahara',0,'0000-00-00 00:00:00','0000-00-00 00:00:00','active'),(239,'Western Samoa',0,'0000-00-00 00:00:00','0000-00-00 00:00:00','active'),(240,'Yemen',0,'0000-00-00 00:00:00','0000-00-00 00:00:00','active'),(241,'Yugoslavia',0,'0000-00-00 00:00:00','0000-00-00 00:00:00','active'),(242,'Zaire',0,'0000-00-00 00:00:00','0000-00-00 00:00:00','active'),(243,'Zambia',0,'0000-00-00 00:00:00','0000-00-00 00:00:00','active'),(244,'Zimbabwe',0,'0000-00-00 00:00:00','0000-00-00 00:00:00','active'),(245,'test',0,'2009-06-27 19:43:00','2009-06-27 19:43:00','active');
/*!40000 ALTER TABLE `pwf_country` ENABLE KEYS */;
UNLOCK TABLES;

--
-- Table structure for table `pwf_degree`
--

DROP TABLE IF EXISTS `pwf_degree`;
/*!40101 SET @saved_cs_client     = @@character_set_client */;
/*!40101 SET character_set_client = utf8 */;
CREATE TABLE `pwf_degree` (
  `id` mediumint(8) unsigned NOT NULL AUTO_INCREMENT,
  `name` varchar(45) NOT NULL,
  `f` bit(1) NOT NULL DEFAULT b'0',
  `modified` datetime NOT NULL,
  `created` datetime NOT NULL,
  `status` enum('active','deleted') NOT NULL DEFAULT 'active',
  PRIMARY KEY (`id`)
) ENGINE=InnoDB AUTO_INCREMENT=11 DEFAULT CHARSET=utf8;
/*!40101 SET character_set_client = @saved_cs_client */;

--
-- Dumping data for table `pwf_degree`
--

LOCK TABLES `pwf_degree` WRITE;
/*!40000 ALTER TABLE `pwf_degree` DISABLE KEYS */;
INSERT INTO `pwf_degree` VALUES (1,'BA','\0','0000-00-00 00:00:00','0000-00-00 00:00:00','active'),(2,'BS','\0','0000-00-00 00:00:00','0000-00-00 00:00:00','active'),(3,'MBA','\0','0000-00-00 00:00:00','0000-00-00 00:00:00','active'),(4,'MA','\0','0000-00-00 00:00:00','0000-00-00 00:00:00','active'),(5,'MD','\0','0000-00-00 00:00:00','0000-00-00 00:00:00','active'),(6,'MS','\0','0000-00-00 00:00:00','0000-00-00 00:00:00','active'),(7,'PhD','\0','0000-00-00 00:00:00','0000-00-00 00:00:00','active'),(8,'PhD/MD','\0','0000-00-00 00:00:00','0000-00-00 00:00:00','active'),(9,'Current','\0','0000-00-00 00:00:00','0000-00-00 00:00:00','active'),(10,'Other','\0','0000-00-00 00:00:00','0000-00-00 00:00:00','active');
/*!40000 ALTER TABLE `pwf_degree` ENABLE KEYS */;
UNLOCK TABLES;

--
-- Table structure for table `pwf_gender`
--

DROP TABLE IF EXISTS `pwf_gender`;
/*!40101 SET @saved_cs_client     = @@character_set_client */;
/*!40101 SET character_set_client = utf8 */;
CREATE TABLE `pwf_gender` (
  `id` mediumint(8) unsigned NOT NULL AUTO_INCREMENT,
  `name` varchar(10) NOT NULL,
  `f` int(10) unsigned NOT NULL,
  `modified` datetime NOT NULL,
  `created` datetime NOT NULL,
  `status` enum('active','deleted') NOT NULL DEFAULT 'active',
  PRIMARY KEY (`id`)
) ENGINE=InnoDB AUTO_INCREMENT=14 DEFAULT CHARSET=utf8;
/*!40101 SET character_set_client = @saved_cs_client */;

--
-- Dumping data for table `pwf_gender`
--

LOCK TABLES `pwf_gender` WRITE;
/*!40000 ALTER TABLE `pwf_gender` DISABLE KEYS */;
INSERT INTO `pwf_gender` VALUES (1,'male',0,'0000-00-00 00:00:00','0000-00-00 00:00:00','active'),(2,'female',0,'0000-00-00 00:00:00','0000-00-00 00:00:00','active'),(3,'other',0,'0000-00-00 00:00:00','0000-00-00 00:00:00','active'),(10,'test',0,'2009-04-02 09:52:52','2009-04-02 09:52:52','deleted'),(11,'ten',0,'2009-04-02 09:53:11','2009-04-02 09:53:11','deleted'),(12,'holly ',0,'2009-04-02 09:54:29','2009-04-02 09:53:17','deleted'),(13,'coolio',0,'2009-04-02 09:54:29','2009-04-02 09:54:29','deleted');
/*!40000 ALTER TABLE `pwf_gender` ENABLE KEYS */;
UNLOCK TABLES;

--
-- Table structure for table `pwf_industry`
--

DROP TABLE IF EXISTS `pwf_industry`;
/*!40101 SET @saved_cs_client     = @@character_set_client */;
/*!40101 SET character_set_client = utf8 */;
CREATE TABLE `pwf_industry` (
  `id` mediumint(8) unsigned NOT NULL AUTO_INCREMENT,
  `name` varchar(55) NOT NULL,
  `f` int(10) unsigned NOT NULL DEFAULT '0',
  `modified` datetime NOT NULL,
  `created` datetime NOT NULL,
  `status` enum('active','deleted') NOT NULL DEFAULT 'active',
  PRIMARY KEY (`id`)
) ENGINE=InnoDB AUTO_INCREMENT=211 DEFAULT CHARSET=utf8 COMMENT='InnoDB free: 11264 kB';
/*!40101 SET character_set_client = @saved_cs_client */;

--
-- Dumping data for table `pwf_industry`
--

LOCK TABLES `pwf_industry` WRITE;
/*!40000 ALTER TABLE `pwf_industry` DISABLE KEYS */;
INSERT INTO `pwf_industry` VALUES (10,'Academia',0,'0000-00-00 00:00:00','0000-00-00 00:00:00','active'),(11,'Accounting ',0,'0000-00-00 00:00:00','0000-00-00 00:00:00','active'),(12,'Advertising',0,'0000-00-00 00:00:00','0000-00-00 00:00:00','active'),(13,'Aerospace ',0,'0000-00-00 00:00:00','0000-00-00 00:00:00','active'),(14,'Aerospace & Defense',0,'0000-00-00 00:00:00','0000-00-00 00:00:00','active'),(16,'Aircraft Development',0,'0000-00-00 00:00:00','0000-00-00 00:00:00','active'),(17,'Airline ',0,'0000-00-00 00:00:00','0000-00-00 00:00:00','active'),(18,'Alcoholic Beverages & Tobacco',0,'0000-00-00 00:00:00','0000-00-00 00:00:00','active'),(19,'Apparel & Accessories ',0,'0000-00-00 00:00:00','0000-00-00 00:00:00','active'),(20,'Apparel & Footwear',0,'0000-00-00 00:00:00','0000-00-00 00:00:00','active'),(21,'Automotive ',0,'0000-00-00 00:00:00','0000-00-00 00:00:00','active'),(22,'Autos & Auto Parts',0,'0000-00-00 00:00:00','0000-00-00 00:00:00','active'),(23,'Banking',0,'0000-00-00 00:00:00','0000-00-00 00:00:00','active'),(24,'Biomedical Informatics',0,'0000-00-00 00:00:00','0000-00-00 00:00:00','active'),(25,'Biotechnology',0,'0000-00-00 00:00:00','0000-00-00 00:00:00','active'),(26,'Biotechnology R+D',0,'0000-00-00 00:00:00','0000-00-00 00:00:00','active'),(27,'Broadcasting ',0,'0000-00-00 00:00:00','0000-00-00 00:00:00','active'),(28,'Broadcasting & Cable',0,'0000-00-00 00:00:00','0000-00-00 00:00:00','active'),(29,'Brokerage ',0,'0000-00-00 00:00:00','0000-00-00 00:00:00','active'),(30,'Cable TV',0,'0000-00-00 00:00:00','0000-00-00 00:00:00','active'),(31,'Call Centers ',0,'0000-00-00 00:00:00','0000-00-00 00:00:00','active'),(32,'Chemicals: Basic',0,'0000-00-00 00:00:00','0000-00-00 00:00:00','active'),(33,'Chemicals: Specialty',0,'0000-00-00 00:00:00','0000-00-00 00:00:00','active'),(34,'Coal Mining',0,'0000-00-00 00:00:00','0000-00-00 00:00:00','active'),(35,'Computer ',0,'0000-00-00 00:00:00','0000-00-00 00:00:00','active'),(36,'Computers: Hardware',0,'0000-00-00 00:00:00','0000-00-00 00:00:00','active'),(37,'Computers: Networking',0,'0000-00-00 00:00:00','0000-00-00 00:00:00','active'),(38,'Computers: Software',0,'0000-00-00 00:00:00','0000-00-00 00:00:00','active'),(39,'Consulting ',0,'0000-00-00 00:00:00','0000-00-00 00:00:00','active'),(40,'Consumer Products ',0,'0000-00-00 00:00:00','0000-00-00 00:00:00','active'),(41,'Cosmetics ',0,'0000-00-00 00:00:00','0000-00-00 00:00:00','active'),(42,'Defense ',0,'0000-00-00 00:00:00','0000-00-00 00:00:00','active'),(43,'Department Stores ',0,'0000-00-00 00:00:00','0000-00-00 00:00:00','active'),(44,'Education ',0,'0000-00-00 00:00:00','0000-00-00 00:00:00','active'),(45,'Electronics: Engineering ',0,'0000-00-00 00:00:00','0000-00-00 00:00:00','active'),(46,'Electronics: Personal Devices and Handhelds',0,'0000-00-00 00:00:00','0000-00-00 00:00:00','active'),(47,'Energy ',0,'0000-00-00 00:00:00','0000-00-00 00:00:00','active'),(48,'Entertainment & Leisure ',0,'0000-00-00 00:00:00','0000-00-00 00:00:00','active'),(49,'Environmental & Waste Management',0,'0000-00-00 00:00:00','0000-00-00 00:00:00','active'),(50,'Executive Search ',0,'0000-00-00 00:00:00','0000-00-00 00:00:00','active'),(51,'Financial Services ',0,'0000-00-00 00:00:00','0000-00-00 00:00:00','active'),(52,'Financial Services: Diversified',0,'0000-00-00 00:00:00','0000-00-00 00:00:00','active'),(53,'Food, Beverage & Tobacco ',0,'0000-00-00 00:00:00','0000-00-00 00:00:00','active'),(54,'Foods & Nonalcoholic Beverages',0,'0000-00-00 00:00:00','0000-00-00 00:00:00','active'),(55,'Grocery ',0,'0000-00-00 00:00:00','0000-00-00 00:00:00','active'),(56,'Healthcare: Drug Discovery R+D',0,'0000-00-00 00:00:00','0000-00-00 00:00:00','active'),(57,'Healthcare: Facilities',0,'0000-00-00 00:00:00','0000-00-00 00:00:00','active'),(58,'Healthcare: General',0,'0000-00-00 00:00:00','0000-00-00 00:00:00','active'),(59,'Healthcare: Managed Care',0,'0000-00-00 00:00:00','0000-00-00 00:00:00','active'),(60,'Healthcare: Medical Devices',0,'0000-00-00 00:00:00','0000-00-00 00:00:00','active'),(62,'Healthcare: Pharmaceutical R+D',0,'0000-00-00 00:00:00','0000-00-00 00:00:00','active'),(63,'Healthcare: Pharmaceuticals',0,'0000-00-00 00:00:00','0000-00-00 00:00:00','active'),(64,'Healthcare: Products & Supplies',0,'0000-00-00 00:00:00','0000-00-00 00:00:00','active'),(65,'Healthcare: Veterinary',0,'0000-00-00 00:00:00','0000-00-00 00:00:00','active'),(66,'Homebuilding',0,'0000-00-00 00:00:00','0000-00-00 00:00:00','active'),(67,'Household Durables',0,'0000-00-00 00:00:00','0000-00-00 00:00:00','active'),(68,'Household Nondurables',0,'0000-00-00 00:00:00','0000-00-00 00:00:00','active'),(69,'Industrial and Analytical Instruments',0,'0000-00-00 00:00:00','0000-00-00 00:00:00','active'),(70,'Information Technology',0,'0000-00-00 00:00:00','0000-00-00 00:00:00','active'),(71,'Insurance',0,'0000-00-00 00:00:00','0000-00-00 00:00:00','active'),(72,'Internet Publishing ',0,'0000-00-00 00:00:00','0000-00-00 00:00:00','active'),(73,'Investment Banking ',0,'0000-00-00 00:00:00','0000-00-00 00:00:00','active'),(74,'Investment Services',0,'0000-00-00 00:00:00','0000-00-00 00:00:00','active'),(75,'Legal ',0,'0000-00-00 00:00:00','0000-00-00 00:00:00','active'),(76,'Lodging & Gaming',0,'0000-00-00 00:00:00','0000-00-00 00:00:00','active'),(77,'Machinery',0,'0000-00-00 00:00:00','0000-00-00 00:00:00','active'),(78,'Manufacturing ',0,'0000-00-00 00:00:00','0000-00-00 00:00:00','active'),(79,'Metals: Industrial',0,'0000-00-00 00:00:00','0000-00-00 00:00:00','active'),(80,'Motion Picture & Video ',0,'0000-00-00 00:00:00','0000-00-00 00:00:00','active'),(81,'Movies & Home Entertainment',0,'0000-00-00 00:00:00','0000-00-00 00:00:00','active'),(82,'Music ',0,'0000-00-00 00:00:00','0000-00-00 00:00:00','active'),(83,'Natural Gas Distribution',0,'0000-00-00 00:00:00','0000-00-00 00:00:00','active'),(84,'Newspaper Publishers ',0,'0000-00-00 00:00:00','0000-00-00 00:00:00','active'),(85,'Online Auctions ',0,'0000-00-00 00:00:00','0000-00-00 00:00:00','active'),(86,'Packaging & Containers',0,'0000-00-00 00:00:00','0000-00-00 00:00:00','active'),(87,'Paper & Forest Products',0,'0000-00-00 00:00:00','0000-00-00 00:00:00','active'),(88,'Pension Funds ',0,'0000-00-00 00:00:00','0000-00-00 00:00:00','active'),(89,'Private Equity ',0,'0000-00-00 00:00:00','0000-00-00 00:00:00','active'),(90,'Publishing',0,'0000-00-00 00:00:00','0000-00-00 00:00:00','active'),(92,'Real Estate ',0,'0000-00-00 00:00:00','0000-00-00 00:00:00','active'),(93,'Recreation',0,'0000-00-00 00:00:00','0000-00-00 00:00:00','active'),(94,'Restaurants',0,'0000-00-00 00:00:00','0000-00-00 00:00:00','active'),(95,'Retail & Wholesale ',0,'0000-00-00 00:00:00','0000-00-00 00:00:00','active'),(96,'Retailing: General',0,'0000-00-00 00:00:00','0000-00-00 00:00:00','active'),(97,'Retailing: Specialty',0,'0000-00-00 00:00:00','0000-00-00 00:00:00','active'),(98,'Robotics',0,'0000-00-00 00:00:00','0000-00-00 00:00:00','active'),(99,'Savings & Loans',0,'0000-00-00 00:00:00','0000-00-00 00:00:00','active'),(100,'Securities & Commodity Exchanges ',0,'0000-00-00 00:00:00','0000-00-00 00:00:00','active'),(192,'Securities, Mutual Funds, and Commodity Futures Trading',0,'0000-00-00 00:00:00','0000-00-00 00:00:00','active'),(193,'Semiconductors',0,'0000-00-00 00:00:00','0000-00-00 00:00:00','active'),(194,'Service ',0,'0000-00-00 00:00:00','0000-00-00 00:00:00','active'),(195,'Shipbuilding & Repair',0,'0000-00-00 00:00:00','0000-00-00 00:00:00','active'),(196,'Soap & Detergent ',0,'0000-00-00 00:00:00','0000-00-00 00:00:00','active'),(197,'Software ',0,'0000-00-00 00:00:00','0000-00-00 00:00:00','active'),(198,'Sports ',0,'0000-00-00 00:00:00','0000-00-00 00:00:00','active'),(199,'Supermarkets & Drugstores',0,'0000-00-00 00:00:00','0000-00-00 00:00:00','active'),(200,'Technology Development',0,'0000-00-00 00:00:00','0000-00-00 00:00:00','active'),(201,'Telecommunications: General ',0,'0000-00-00 00:00:00','0000-00-00 00:00:00','active'),(202,'Telecommunications: Wireless',0,'0000-00-00 00:00:00','0000-00-00 00:00:00','active'),(203,'Telecommunications: Wireline',0,'0000-00-00 00:00:00','0000-00-00 00:00:00','active'),(204,'Television ',0,'0000-00-00 00:00:00','0000-00-00 00:00:00','active'),(205,'Textile',0,'0000-00-00 00:00:00','0000-00-00 00:00:00','active'),(206,'Transportation ',0,'0000-00-00 00:00:00','0000-00-00 00:00:00','active'),(207,'Travel & Tourism',0,'0000-00-00 00:00:00','0000-00-00 00:00:00','active'),(208,'Venture Capital ',0,'0000-00-00 00:00:00','0000-00-00 00:00:00','active'),(209,'Wholesaling',0,'0000-00-00 00:00:00','0000-00-00 00:00:00','active'),(210,'Wood Products',0,'0000-00-00 00:00:00','0000-00-00 00:00:00','active');
/*!40000 ALTER TABLE `pwf_industry` ENABLE KEYS */;
UNLOCK TABLES;

--
-- Table structure for table `pwf_institute`
--

DROP TABLE IF EXISTS `pwf_institute`;
/*!40101 SET @saved_cs_client     = @@character_set_client */;
/*!40101 SET character_set_client = utf8 */;
CREATE TABLE `pwf_institute` (
  `created` datetime NOT NULL DEFAULT '2007-06-01 00:00:00',
  `f` int(10) unsigned NOT NULL DEFAULT '0',
  `id` mediumint(8) unsigned NOT NULL AUTO_INCREMENT,
  `name` varchar(45) NOT NULL,
  PRIMARY KEY (`id`),
  UNIQUE KEY `name` (`name`)
) ENGINE=InnoDB AUTO_INCREMENT=2271 DEFAULT CHARSET=utf8;
/*!40101 SET character_set_client = @saved_cs_client */;

--
-- Dumping data for table `pwf_institute`
--

LOCK TABLES `pwf_institute` WRITE;
/*!40000 ALTER TABLE `pwf_institute` DISABLE KEYS */;
INSERT INTO `pwf_institute` VALUES ('2007-06-01 00:00:00',0,1625,'Aarhus University'),('2007-06-01 00:00:00',0,1626,'Agnes Scott College'),('2007-06-01 00:00:00',0,1627,'Albion College'),('2007-06-01 00:00:00',0,1628,'Allegheny College'),('2007-06-01 00:00:00',0,1629,'Amherst College'),('2007-06-01 00:00:00',0,1630,'Arizona State University - Tempe'),('2007-06-01 00:00:00',0,1631,'Auburn University'),('2007-06-01 00:00:00',0,1632,'Augustana College'),('2007-06-01 00:00:00',0,1633,'Austin College'),('2007-06-01 00:00:00',0,1634,'Australian NatlUniversity'),('2007-06-01 00:00:00',0,1635,'Bar Ilan University'),('2007-06-01 00:00:00',0,1636,'Bard College'),('2007-06-01 00:00:00',0,1637,'Barnard College'),('2007-06-01 00:00:00',0,1638,'Bates College'),('2007-06-01 00:00:00',0,1639,'Baylor Coll Med'),('2007-06-01 00:00:00',0,1640,'Beloit College'),('2007-06-01 00:00:00',0,1641,'Ben Gurion University'),('2007-06-01 00:00:00',0,1642,'Bennington College'),('2007-06-01 00:00:00',0,1643,'Birkbeck Coll'),('2007-06-01 00:00:00',0,1644,'Birmingham - Southern College'),('2007-06-01 00:00:00',0,1645,'Boston Coll'),('2007-06-01 00:00:00',0,1646,'Boston University'),('2007-06-01 00:00:00',0,1647,'Bowdoin College'),('2007-06-01 00:00:00',0,1648,'Brandeis University'),('2007-06-01 00:00:00',0,1649,'Brigham Young University - Provo'),('2007-06-01 00:00:00',0,1650,'Brown University'),('2007-06-01 00:00:00',0,1651,'Bryn Mawr College'),('2007-06-01 00:00:00',0,1652,'Bucknell University'),('2007-06-01 00:00:00',0,1653,'Budapest University Tech'),('2007-06-01 00:00:00',0,1654,'California Inst Tech'),('2007-06-01 00:00:00',0,1655,'Cardiff University'),('2007-06-01 00:00:00',0,1656,'Carleton College'),('2007-06-01 00:00:00',0,1657,'Carleton University'),('2007-06-01 00:00:00',0,1658,'Carnegie Mellon University'),('2007-06-01 00:00:00',0,1659,'Case Western Reserve University'),('2007-06-01 00:00:00',0,1660,'Catholic University America'),('2007-06-01 00:00:00',0,1661,'Centre College'),('2007-06-01 00:00:00',0,1662,'Chalmers University Tech'),('2007-06-01 00:00:00',0,1663,'Charles University Prague'),('2007-06-01 00:00:00',0,1664,'Chiba University'),('2007-06-01 00:00:00',0,1665,'Chinese University Hong Kong'),('2007-06-01 00:00:00',0,1666,'City University Hong Kong'),('2007-06-01 00:00:00',0,1667,'City University New York - City Coll'),('2007-06-01 00:00:00',0,1668,'Claremont McKenna College'),('2007-06-01 00:00:00',0,1669,'Clemson University'),('2007-06-01 00:00:00',0,1670,'Coe College'),('2007-06-01 00:00:00',0,1671,'Colby College'),('2007-06-01 00:00:00',0,1672,'Colgate University'),('2007-06-01 00:00:00',0,1673,'Coll France'),('2007-06-01 00:00:00',0,1674,'Coll William & Mary'),('2007-06-01 00:00:00',0,1675,'College of St. Benedict'),('2007-06-01 00:00:00',0,1676,'College of the Holy Cross'),('2007-06-01 00:00:00',0,1677,'College of Wooster'),('2007-06-01 00:00:00',0,1678,'Colorado College'),('2007-06-01 00:00:00',0,1679,'Colorado State University'),('2007-06-01 00:00:00',0,1680,'Columbia University'),('2007-06-01 00:00:00',0,1681,'Connecticut College'),('2007-06-01 00:00:00',0,1682,'Cornell University'),('2007-06-01 00:00:00',0,1683,'Dalhousie University'),('2007-06-01 00:00:00',0,1684,'Dartmouth Coll'),('2007-06-01 00:00:00',0,1685,'Davidson College'),('2007-06-01 00:00:00',0,1686,'Delft University Tech'),('2007-06-01 00:00:00',0,1687,'Denison University'),('2007-06-01 00:00:00',0,1688,'DePauw University'),('2007-06-01 00:00:00',0,1689,'Dickinson College'),('2007-06-01 00:00:00',0,1690,'Drew University'),('2007-06-01 00:00:00',0,1691,'Drexel University'),('2007-06-01 00:00:00',0,1692,'Duke University'),('2007-06-01 00:00:00',0,1693,'Earlham College'),('2007-06-01 00:00:00',0,1694,'Ecole Natl Super Mines - Paris'),('2007-06-01 00:00:00',0,1695,'Ecole Normale Super Lyon'),('2007-06-01 00:00:00',0,1696,'Ecole Normale Super Paris'),('2007-06-01 00:00:00',0,1697,'Ecole Polytechnique'),('2007-06-01 00:00:00',0,1698,'Ecole Super Phys & Chem Industry'),('2007-06-01 00:00:00',0,1699,'Ehime University'),('2007-06-01 00:00:00',0,1700,'Eindhoven University Tech'),('2007-06-01 00:00:00',0,1701,'Emory University'),('2007-06-01 00:00:00',0,1702,'Eotvos Lorand University'),('2007-06-01 00:00:00',0,1703,'Erasmus University'),('2007-06-01 00:00:00',0,1704,'Flinders University South Australia'),('2007-06-01 00:00:00',0,1705,'Florida International University'),('2007-06-01 00:00:00',0,1706,'Florida State University'),('2007-06-01 00:00:00',0,1707,'Franklin and Marshall College'),('2007-06-01 00:00:00',0,1708,'Free University Amsterdam'),('2007-06-01 00:00:00',0,1709,'Free University Berlin'),('2007-06-01 00:00:00',0,1710,'Fudan University'),('2007-06-01 00:00:00',0,1711,'Furman University'),('2007-06-01 00:00:00',0,1712,'George Mason University'),('2007-06-01 00:00:00',0,1713,'George Washington University'),('2007-06-01 00:00:00',0,1714,'Georgetown University'),('2007-06-01 00:00:00',0,1715,'Georgia Inst Tech'),('2007-06-01 00:00:00',0,1716,'Gettysburg College'),('2007-06-01 00:00:00',0,1717,'Gifu University'),('2007-06-01 00:00:00',0,1718,'Gothenburg University'),('2007-06-01 00:00:00',0,1719,'Goucher College'),('2007-06-01 00:00:00',0,1720,'Grinnell College'),('2007-06-01 00:00:00',0,1721,'Gunma University'),('2007-06-01 00:00:00',0,1722,'Gustavus Adolphus College'),('2007-06-01 00:00:00',0,1723,'Hamilton College'),('2007-06-01 00:00:00',0,1724,'Hampden - Sydney College'),('2007-06-01 00:00:00',0,1725,'Hampshire College'),('2007-06-01 00:00:00',0,1726,'Hannover Med Sch'),('2007-06-01 00:00:00',0,1727,'Hanover College'),('2007-06-01 00:00:00',0,1728,'Hanyang University'),('2007-06-01 00:00:00',0,1729,'Harvard  Universityersity'),('2007-06-01 00:00:00',0,1730,'Harvey Mudd College'),('2007-06-01 00:00:00',0,1731,'Haverford College'),('2007-06-01 00:00:00',0,1732,'Hebrew University Jerusalem'),('2007-06-01 00:00:00',0,1733,'Hendrix College'),('2007-06-01 00:00:00',0,1734,'Himeji Inst Tech'),('2007-06-01 00:00:00',0,1735,'Hiroshima University'),('2007-06-01 00:00:00',0,1736,'Hobart and William Smith Col.'),('2007-06-01 00:00:00',0,1737,'Hokkaido University'),('2007-06-01 00:00:00',0,1738,'Hollins University'),('2007-06-01 00:00:00',0,1739,'Hong Kong Polytechnic University'),('2007-06-01 00:00:00',0,1740,'Hong Kong University Sci & Tech'),('2007-06-01 00:00:00',0,1741,'Hope College'),('2007-06-01 00:00:00',0,1742,'Howard University'),('2007-06-01 00:00:00',0,1743,'Humboldt University Berlin'),('2007-06-01 00:00:00',0,1744,'Illinois Wesleyan University'),('2007-06-01 00:00:00',0,1745,'Imperial Coll London'),('2007-06-01 00:00:00',0,1746,'Indian Inst Sci'),('2007-06-01 00:00:00',0,1747,'Indian Inst Tech - Kharagpur'),('2007-06-01 00:00:00',0,1748,'Indiana University - Bloomington'),('2007-06-01 00:00:00',0,1749,'Indiana University - Purdue University - Indi'),('2007-06-01 00:00:00',0,1750,'Innsbruck University'),('2007-06-01 00:00:00',0,1751,'Iowa State University'),('2007-06-01 00:00:00',0,1752,'Jagiellonian University'),('2007-06-01 00:00:00',0,1753,'Jichi Med Sch'),('2007-06-01 00:00:00',0,1754,'Jilin University'),('2007-06-01 00:00:00',0,1755,'Johns Hopkins University'),('2007-06-01 00:00:00',0,1756,'Juniata College'),('2007-06-01 00:00:00',0,1757,'Juntendo University'),('2007-06-01 00:00:00',0,1758,'Kagoshima University'),('2007-06-01 00:00:00',0,1759,'Kalamazoo College'),('2007-06-01 00:00:00',0,1760,'Kanazawa University'),('2007-06-01 00:00:00',0,1761,'Kansas State University'),('2007-06-01 00:00:00',0,1762,'Karolinska Inst Stockholm'),('2007-06-01 00:00:00',0,1763,'Keio University'),('2007-06-01 00:00:00',0,1764,'Kent State University'),('2007-06-01 00:00:00',0,1765,'Kenyon College'),('2007-06-01 00:00:00',0,1766,'King\'s Coll London'),('2007-06-01 00:00:00',0,1767,'Knox College'),('2007-06-01 00:00:00',0,1768,'Kobe University'),('2007-06-01 00:00:00',0,1769,'Korea Advanced Inst Sci & Tech'),('2007-06-01 00:00:00',0,1770,'Korea University'),('2007-06-01 00:00:00',0,1771,'Kumamoto University'),('2007-06-01 00:00:00',0,1772,'Kyoto University'),('2007-06-01 00:00:00',0,1773,'Kyungpook Natl University'),('2007-06-01 00:00:00',0,1774,'Kyushu University'),('2007-06-01 00:00:00',0,1775,'La Trobe University'),('2007-06-01 00:00:00',0,1776,'Lafayette College'),('2007-06-01 00:00:00',0,1777,'Lake Forest College'),('2007-06-01 00:00:00',0,1778,'Lawrence University'),('2007-06-01 00:00:00',0,1779,'Lehigh University'),('2007-06-01 00:00:00',0,1780,'Lewis and Clark College'),('2007-06-01 00:00:00',0,1781,'Linkoping University'),('2007-06-01 00:00:00',0,1782,'London Sch Economics'),('2007-06-01 00:00:00',0,1783,'London Sch Hygiene & Tropical Med'),('2007-06-01 00:00:00',0,1784,'Louisiana State University - Baton Rouge'),('2007-06-01 00:00:00',0,1785,'Loyola University - Chicago'),('2007-06-01 00:00:00',0,1786,'Lund University'),('2007-06-01 00:00:00',0,1787,'Luther College'),('2007-06-01 00:00:00',0,1788,'Macalester College'),('2007-06-01 00:00:00',0,1789,'Macquarie University'),('2007-06-01 00:00:00',0,1790,'Massachusetts Inst Tech (MIT)'),('2007-06-01 00:00:00',0,1791,'Massey University'),('2007-06-01 00:00:00',0,1792,'McGill University'),('2007-06-01 00:00:00',0,1793,'McMaster University'),('2007-06-01 00:00:00',0,1794,'Med Coll Georgia'),('2007-06-01 00:00:00',0,1795,'Med Coll Wisconsin'),('2007-06-01 00:00:00',0,1796,'Med University Innsbruck'),('2007-06-01 00:00:00',0,1797,'Med University South Carolina'),('2007-06-01 00:00:00',0,1798,'Memorial University Newfoundland'),('2007-06-01 00:00:00',0,1799,'Michigan State University'),('2007-06-01 00:00:00',0,1800,'Michigan Tech University'),('2007-06-01 00:00:00',0,1801,'Middlebury College'),('2007-06-01 00:00:00',0,1802,'Mills College'),('2007-06-01 00:00:00',0,1803,'Millsaps College'),('2007-06-01 00:00:00',0,1804,'Monash University'),('2007-06-01 00:00:00',0,1805,'Montana State University - Bozeman'),('2007-06-01 00:00:00',0,1806,'Moscow State University'),('2007-06-01 00:00:00',0,1807,'Mount Holyoke College'),('2007-06-01 00:00:00',0,1808,'Mt Sinai Sch Med'),('2007-06-01 00:00:00',0,1809,'Muhlenberg College'),('2007-06-01 00:00:00',0,1810,'Murdoch University'),('2007-06-01 00:00:00',0,1811,'Nagasaki University'),('2007-06-01 00:00:00',0,1812,'Nagoya University'),('2007-06-01 00:00:00',0,1813,'Nanjing University'),('2007-06-01 00:00:00',0,1814,'Nanyang Tech University'),('2007-06-01 00:00:00',0,1815,'Nara Inst Sci & Tech'),('2007-06-01 00:00:00',0,1816,'Natl Cheng Kung University'),('2007-06-01 00:00:00',0,1817,'Natl Taiwan University'),('2007-06-01 00:00:00',0,1818,'Natl Tsing Hua University'),('2007-06-01 00:00:00',0,1819,'Natl University Singapore'),('2007-06-01 00:00:00',0,1820,'New College of Florida'),('2007-06-01 00:00:00',0,1821,'New Jersey Inst Tech'),('2007-06-01 00:00:00',0,1822,'New Mexico State University - Las Cruces'),('2007-06-01 00:00:00',0,1823,'New York University'),('2007-06-01 00:00:00',0,1824,'Nihon University'),('2007-06-01 00:00:00',0,1825,'Niigata University'),('2007-06-01 00:00:00',0,1826,'North Carolina State University - Raleigh'),('2007-06-01 00:00:00',0,1827,'Northeastern University'),('2007-06-01 00:00:00',0,1828,'Northern Arizona University'),('2007-06-01 00:00:00',0,1829,'Northwestern University'),('2007-06-01 00:00:00',0,1830,'Norwegian University Sci & Tech'),('2007-06-01 00:00:00',0,1831,'Oberlin College'),('2007-06-01 00:00:00',0,1832,'Occidental College'),('2007-06-01 00:00:00',0,1833,'Ohio State University - Columbus'),('2007-06-01 00:00:00',0,1834,'Ohio Wesleyan University'),('2007-06-01 00:00:00',0,1835,'Okayama University'),('2007-06-01 00:00:00',0,1836,'Oklahoma State University'),('2007-06-01 00:00:00',0,1837,'Old Dominion University'),('2007-06-01 00:00:00',0,1838,'Open University'),('2007-06-01 00:00:00',0,1839,'Oregon Health & Sci University'),('2007-06-01 00:00:00',0,1840,'Oregon State University'),('2007-06-01 00:00:00',0,1841,'Osaka City University'),('2007-06-01 00:00:00',0,1842,'OsakaUniversity'),('2007-06-01 00:00:00',0,1843,'Peking University'),('2007-06-01 00:00:00',0,1844,'Pennsylvania StateUniversity - University Par'),('2007-06-01 00:00:00',0,1845,'Pitzer College'),('2007-06-01 00:00:00',0,1846,'Pohang University Sci & Tech'),('2007-06-01 00:00:00',0,1847,'Polytechnic Inst Milan'),('2007-06-01 00:00:00',0,1848,'Polytechnic Inst Turin'),('2007-06-01 00:00:00',0,1849,'Polytechnic University - Brooklyn'),('2007-06-01 00:00:00',0,1850,'Pomona College'),('2007-06-01 00:00:00',0,1851,'Princeton University'),('2007-06-01 00:00:00',0,1852,'Principia College'),('2007-06-01 00:00:00',0,1853,'Purdue University - West Lafayette'),('2007-06-01 00:00:00',0,1854,'Queen Mary Coll'),('2007-06-01 00:00:00',0,1855,'Queen\'s University'),('2007-06-01 00:00:00',0,1856,'Queen\'s University Belfast'),('2007-06-01 00:00:00',0,1857,'Randolph - Macon College'),('2007-06-01 00:00:00',0,1858,'Randolph - Macon Woman\'s College'),('2007-06-01 00:00:00',0,1859,'Reed College'),('2007-06-01 00:00:00',0,1860,'Rensselaer Polytechnic Inst'),('2007-06-01 00:00:00',0,1861,'Rhodes College'),('2007-06-01 00:00:00',0,1862,'Rice University'),('2007-06-01 00:00:00',0,1863,'Rockefeller University'),('2007-06-01 00:00:00',0,1864,'Royal Holloway Coll'),('2007-06-01 00:00:00',0,1865,'Royal Inst Tech'),('2007-06-01 00:00:00',0,1866,'Royal Veterinary & Agr University'),('2007-06-01 00:00:00',0,1867,'Rutgers StateUniversity - New Brunswick'),('2007-06-01 00:00:00',0,1868,'San Diego State University'),('2007-06-01 00:00:00',0,1869,'Sarah Lawrence College'),('2007-06-01 00:00:00',0,1870,'Scripps College'),('2007-06-01 00:00:00',0,1871,'Scuola Normale Super - Pisa'),('2007-06-01 00:00:00',0,1872,'Seoul Natl University'),('2007-06-01 00:00:00',0,1873,'SewaneeUniversity of the South'),('2007-06-01 00:00:00',0,1874,'Shanghai Jiao Tong University'),('2007-06-01 00:00:00',0,1875,'Shinshu University'),('2007-06-01 00:00:00',0,1876,'Simon Fraser University'),('2007-06-01 00:00:00',0,1877,'Skidmore College'),('2007-06-01 00:00:00',0,1878,'Smith College'),('2007-06-01 00:00:00',0,1879,'Southern Methodist University'),('2007-06-01 00:00:00',0,1880,'Southwestern University'),('2007-06-01 00:00:00',0,1881,'Spelman College'),('2007-06-01 00:00:00',0,1882,'St Petersburg State University'),('2007-06-01 00:00:00',0,1883,'St. John\'s University'),('2007-06-01 00:00:00',0,1884,'St. Lawrence University'),('2007-06-01 00:00:00',0,1885,'St. Louis University'),('2007-06-01 00:00:00',0,1886,'St. Mary\'s College of Maryland'),('2007-06-01 00:00:00',0,1887,'St. Olaf College'),('2007-06-01 00:00:00',0,1888,'Stanford  University'),('2007-06-01 00:00:00',0,1889,'State University New York - Albany'),('2007-06-01 00:00:00',0,1890,'State University New York - Buffalo'),('2007-06-01 00:00:00',0,1891,'State University New York - Stony Brook'),('2007-06-01 00:00:00',0,1892,'Stockholm University'),('2007-06-01 00:00:00',0,1893,'Sungkyunkwan University'),('2007-06-01 00:00:00',0,1894,'Susquehanna University'),('2007-06-01 00:00:00',0,1895,'Swarthmore College'),('2007-06-01 00:00:00',0,1896,'Swedish University Agr Sci'),('2007-06-01 00:00:00',0,1897,'Sweet Briar College'),('2007-06-01 00:00:00',0,1898,'Swiss Fed Inst Tech - Lausanne'),('2007-06-01 00:00:00',0,1899,'Swiss Fed Inst Tech - Zurich'),('2007-06-01 00:00:00',0,1900,'Syracuse University'),('2007-06-01 00:00:00',0,1901,'Tech University Aachen'),('2007-06-01 00:00:00',0,1902,'Tech University Berlin'),('2007-06-01 00:00:00',0,1903,'Tech University Braunschweig'),('2007-06-01 00:00:00',0,1904,'Tech University Darmstadt'),('2007-06-01 00:00:00',0,1905,'Tech University Denmark'),('2007-06-01 00:00:00',0,1906,'Tech University Dresden'),('2007-06-01 00:00:00',0,1907,'Tech University Helsinki'),('2007-06-01 00:00:00',0,1908,'Technion Israel Inst Tech'),('2007-06-01 00:00:00',0,1909,'TechUniversity Munich'),('2007-06-01 00:00:00',0,1910,'Tel Aviv University'),('2007-06-01 00:00:00',0,1911,'Temple University'),('2007-06-01 00:00:00',0,1912,'Texas A&M University - Coll Station'),('2007-06-01 00:00:00',0,1913,'Texas Tech University'),('2007-06-01 00:00:00',0,1914,'Thomas Aquinas College'),('2007-06-01 00:00:00',0,1915,'Thomas Jefferson University'),('2007-06-01 00:00:00',0,1916,'Tohoku University'),('2007-06-01 00:00:00',0,1917,'Tokyo Inst Tech'),('2007-06-01 00:00:00',0,1918,'Tokyo Med & Dent University'),('2007-06-01 00:00:00',0,1919,'Tokyo Metropolitan University'),('2007-06-01 00:00:00',0,1920,'Tokyo University'),('2007-06-01 00:00:00',0,1921,'Tokyo University Agr & Tech'),('2007-06-01 00:00:00',0,1922,'Transylvania University'),('2007-06-01 00:00:00',0,1923,'Trinity Coll Dublin'),('2007-06-01 00:00:00',0,1924,'Trinity College'),('2007-06-01 00:00:00',0,1925,'Tsing Hua University'),('2007-06-01 00:00:00',0,1926,'Tsukuba University'),('2007-06-01 00:00:00',0,1927,'Tufts University'),('2007-06-01 00:00:00',0,1928,'Tulane University'),('2007-06-01 00:00:00',0,1929,'Umea University'),('2007-06-01 00:00:00',0,1930,'Union College'),('2007-06-01 00:00:00',0,1931,'University Aberdeen'),('2007-06-01 00:00:00',0,1932,'University Adelaide'),('2007-06-01 00:00:00',0,1933,'University Aix Marseille'),('2007-06-01 00:00:00',0,1934,'University Akron'),('2007-06-01 00:00:00',0,1935,'University Alabama - Birmingham'),('2007-06-01 00:00:00',0,1936,'University Alaska - Fairbanks'),('2007-06-01 00:00:00',0,1937,'University Alberta'),('2007-06-01 00:00:00',0,1938,'University Amsterdam'),('2007-06-01 00:00:00',0,1939,'University Antwerp'),('2007-06-01 00:00:00',0,1940,'University Arizona'),('2007-06-01 00:00:00',0,1941,'University Arkansas - Little Rock'),('2007-06-01 00:00:00',0,1942,'University Athens'),('2007-06-01 00:00:00',0,1943,'University Auckland'),('2007-06-01 00:00:00',0,1944,'University Autonoma Barcelona'),('2007-06-01 00:00:00',0,1945,'University Autonoma Madrid'),('2007-06-01 00:00:00',0,1946,'University Barcelona'),('2007-06-01 00:00:00',0,1947,'University Bari'),('2007-06-01 00:00:00',0,1948,'University Basel'),('2007-06-01 00:00:00',0,1949,'University Bath'),('2007-06-01 00:00:00',0,1950,'University Bayreuth'),('2007-06-01 00:00:00',0,1951,'University Bergen'),('2007-06-01 00:00:00',0,1952,'University Bern'),('2007-06-01 00:00:00',0,1953,'University Bielefeld'),('2007-06-01 00:00:00',0,1954,'University Birmingham'),('2007-06-01 00:00:00',0,1955,'University Bochum'),('2007-06-01 00:00:00',0,1956,'University Bologna'),('2007-06-01 00:00:00',0,1957,'University Bonn'),('2007-06-01 00:00:00',0,1958,'University Bordeaux'),('2007-06-01 00:00:00',0,1959,'University Bradford'),('2007-06-01 00:00:00',0,1960,'University Bremen'),('2007-06-01 00:00:00',0,1961,'University Bristol'),('2007-06-01 00:00:00',0,1962,'University British Columbia'),('2007-06-01 00:00:00',0,1963,'University Buenos Aires'),('2007-06-01 00:00:00',0,1964,'University Cagliari'),('2007-06-01 00:00:00',0,1965,'University Calcutta'),('2007-06-01 00:00:00',0,1966,'University Calgary'),('2007-06-01 00:00:00',0,1967,'University California - Berkeley'),('2007-06-01 00:00:00',0,1968,'University California - Davis'),('2007-06-01 00:00:00',0,1969,'University California - Irvine'),('2007-06-01 00:00:00',0,1970,'University California - Los Angeles'),('2007-06-01 00:00:00',0,1971,'University California - Riverside'),('2007-06-01 00:00:00',0,1972,'University California - San Diego'),('2007-06-01 00:00:00',0,1973,'University California - San Francisco'),('2007-06-01 00:00:00',0,1974,'University California - Santa Barbara'),('2007-06-01 00:00:00',0,1975,'University California - Santa Cruz'),('2007-06-01 00:00:00',0,1976,'University Cambridge'),('2007-06-01 00:00:00',0,1977,'University Cape Town'),('2007-06-01 00:00:00',0,1978,'University Central Florida'),('2007-06-01 00:00:00',0,1979,'University Chicago'),('2007-06-01 00:00:00',0,1980,'University Chile'),('2007-06-01 00:00:00',0,1981,'University Cincinnati - Cincinnati'),('2007-06-01 00:00:00',0,1982,'University Coll Cork'),('2007-06-01 00:00:00',0,1983,'University Coll Dublin'),('2007-06-01 00:00:00',0,1984,'University Coll London'),('2007-06-01 00:00:00',0,1985,'University Colorado - Boulder'),('2007-06-01 00:00:00',0,1986,'University Colorado Health Sci Center'),('2007-06-01 00:00:00',0,1987,'University Complutense - Madrid'),('2007-06-01 00:00:00',0,1988,'University Connecticut - Storrs'),('2007-06-01 00:00:00',0,1989,'University Connecticut Health Center'),('2007-06-01 00:00:00',0,1990,'University Copenhagen'),('2007-06-01 00:00:00',0,1991,'University Delaware'),('2007-06-01 00:00:00',0,1992,'University Duesseldorf'),('2007-06-01 00:00:00',0,1993,'University Duisburg Essen'),('2007-06-01 00:00:00',0,1994,'University Dundee'),('2007-06-01 00:00:00',0,1995,'University Durham'),('2007-06-01 00:00:00',0,1996,'University East Anglia'),('2007-06-01 00:00:00',0,1997,'University Edinburgh'),('2007-06-01 00:00:00',0,1998,'University Erlangen Nuernberg'),('2007-06-01 00:00:00',0,1999,'University Essex'),('2007-06-01 00:00:00',0,2000,'University Estadual Campinas'),('2007-06-01 00:00:00',0,2001,'University Estadual Paulista'),('2007-06-01 00:00:00',0,2002,'University Exeter'),('2007-06-01 00:00:00',0,2003,'University Fed Rio de Janeiro'),('2007-06-01 00:00:00',0,2004,'University Ferrara'),('2007-06-01 00:00:00',0,2005,'University Florence'),('2007-06-01 00:00:00',0,2006,'University Florida'),('2007-06-01 00:00:00',0,2007,'University Frankfurt'),('2007-06-01 00:00:00',0,2008,'University Freiburg'),('2007-06-01 00:00:00',0,2009,'University Fribourg'),('2007-06-01 00:00:00',0,2010,'University Geneva'),('2007-06-01 00:00:00',0,2011,'University Genoa'),('2007-06-01 00:00:00',0,2012,'University Georgia'),('2007-06-01 00:00:00',0,2013,'University Ghent'),('2007-06-01 00:00:00',0,2014,'University Giessen'),('2007-06-01 00:00:00',0,2015,'University Glasgow'),('2007-06-01 00:00:00',0,2016,'University Goettingen'),('2007-06-01 00:00:00',0,2017,'University Granada'),('2007-06-01 00:00:00',0,2018,'University Graz'),('2007-06-01 00:00:00',0,2019,'University Greifswald'),('2007-06-01 00:00:00',0,2020,'University Grenoble'),('2007-06-01 00:00:00',0,2021,'University Groningen'),('2007-06-01 00:00:00',0,2022,'University Guelph'),('2007-06-01 00:00:00',0,2023,'University Haifa'),('2007-06-01 00:00:00',0,2024,'University Halle - Wittenberg'),('2007-06-01 00:00:00',0,2025,'University Hamburg'),('2007-06-01 00:00:00',0,2026,'University Hawaii - Manoa'),('2007-06-01 00:00:00',0,2027,'University Heidelberg'),('2007-06-01 00:00:00',0,2028,'University Helsinki'),('2007-06-01 00:00:00',0,2029,'University Hong Kong'),('2007-06-01 00:00:00',0,2030,'University Houston'),('2007-06-01 00:00:00',0,2031,'University Idaho'),('2007-06-01 00:00:00',0,2032,'University Illinois - Chicago'),('2007-06-01 00:00:00',0,2033,'University Illinois - Urbana Champaign'),('2007-06-01 00:00:00',0,2034,'University Iowa'),('2007-06-01 00:00:00',0,2035,'University Jena'),('2007-06-01 00:00:00',0,2036,'University Jyvaskyla'),('2007-06-01 00:00:00',0,2037,'University Kaiserslautern'),('2007-06-01 00:00:00',0,2038,'University Kansas - Lawrence'),('2007-06-01 00:00:00',0,2039,'University Kansas Med Center'),('2007-06-01 00:00:00',0,2040,'University Karlsruhe'),('2007-06-01 00:00:00',0,2041,'University Kentucky'),('2007-06-01 00:00:00',0,2042,'University Kiel'),('2007-06-01 00:00:00',0,2043,'University Koeln'),('2007-06-01 00:00:00',0,2044,'University Konstanz'),('2007-06-01 00:00:00',0,2045,'University KwaZulu-Natal'),('2007-06-01 00:00:00',0,2046,'University Lancaster'),('2007-06-01 00:00:00',0,2047,'University Lausanne'),('2007-06-01 00:00:00',0,2048,'University Laval'),('2007-06-01 00:00:00',0,2049,'University Leeds'),('2007-06-01 00:00:00',0,2050,'University Leicester'),('2007-06-01 00:00:00',0,2051,'University Leiden'),('2007-06-01 00:00:00',0,2052,'University Leipzig'),('2007-06-01 00:00:00',0,2053,'University Leuven'),('2007-06-01 00:00:00',0,2054,'University Libre Bruxelles'),('2007-06-01 00:00:00',0,2055,'University Liege'),('2007-06-01 00:00:00',0,2056,'University Lisbon'),('2007-06-01 00:00:00',0,2057,'University Liverpool'),('2007-06-01 00:00:00',0,2058,'University Louisville'),('2007-06-01 00:00:00',0,2059,'University Louvain'),('2007-06-01 00:00:00',0,2060,'University Lyon'),('2007-06-01 00:00:00',0,2061,'University Maastricht'),('2007-06-01 00:00:00',0,2062,'University Maine - Orono'),('2007-06-01 00:00:00',0,2063,'University Mainz'),('2007-06-01 00:00:00',0,2064,'University Manchester'),('2007-06-01 00:00:00',0,2065,'University Manchester Inst Sci & Tech'),('2007-06-01 00:00:00',0,2066,'University Manitoba'),('2007-06-01 00:00:00',0,2067,'University Marburg'),('2007-06-01 00:00:00',0,2068,'University Maryland - Baltimore'),('2007-06-01 00:00:00',0,2069,'University Maryland - Baltimore County'),('2007-06-01 00:00:00',0,2070,'University Maryland - Coll Park'),('2007-06-01 00:00:00',0,2071,'University Massachusetts - Amherst'),('2007-06-01 00:00:00',0,2072,'University Massachusetts - Boston'),('2007-06-01 00:00:00',0,2073,'University Massachusetts - Worcester'),('2007-06-01 00:00:00',0,2074,'University Med & Dentistry New Jersey'),('2007-06-01 00:00:00',0,2075,'University Mediterranee'),('2007-06-01 00:00:00',0,2076,'University Melbourne'),('2007-06-01 00:00:00',0,2077,'University Miami'),('2007-06-01 00:00:00',0,2078,'University Michigan - Ann Arbor'),('2007-06-01 00:00:00',0,2079,'University Milan'),('2007-06-01 00:00:00',0,2080,'University Minnesota - Twin Cities'),('2007-06-01 00:00:00',0,2081,'University Mississippi - Oxford'),('2007-06-01 00:00:00',0,2082,'University Missouri - Columbia'),('2007-06-01 00:00:00',0,2083,'University Montana - Missoula'),('2007-06-01 00:00:00',0,2084,'University Montpellier'),('2007-06-01 00:00:00',0,2085,'University Montreal'),('2007-06-01 00:00:00',0,2086,'University Muenster'),('2007-06-01 00:00:00',0,2087,'University Munich'),('2007-06-01 00:00:00',0,2088,'University Nacl Autonoma Mexico'),('2007-06-01 00:00:00',0,2089,'University Nancy'),('2007-06-01 00:00:00',0,2090,'University Naples Federico II'),('2007-06-01 00:00:00',0,2091,'University Nebraska - Lincoln'),('2007-06-01 00:00:00',0,2092,'University Nebraska Med Center'),('2007-06-01 00:00:00',0,2093,'University Nevada - Reno'),('2007-06-01 00:00:00',0,2094,'University New Hampshire - Durham'),('2007-06-01 00:00:00',0,2095,'University New Mexico - Albuquerque'),('2007-06-01 00:00:00',0,2096,'University New South Wales'),('2007-06-01 00:00:00',0,2097,'University Newcastle'),('2007-06-01 00:00:00',0,2098,'University Nijmegen'),('2007-06-01 00:00:00',0,2099,'University North Carolina - Chapel Hill'),('2007-06-01 00:00:00',0,2100,'University Notre Dame'),('2007-06-01 00:00:00',0,2101,'University Nottingham'),('2007-06-01 00:00:00',0,2102,'University of Puget Sound'),('2007-06-01 00:00:00',0,2103,'University of Richmond'),('2007-06-01 00:00:00',0,2104,'University Oklahoma - Norman'),('2007-06-01 00:00:00',0,2105,'University Oregon'),('2007-06-01 00:00:00',0,2106,'University Osaka Prefecture'),('2007-06-01 00:00:00',0,2107,'University Oslo'),('2007-06-01 00:00:00',0,2108,'University Otago'),('2007-06-01 00:00:00',0,2109,'University Ottawa'),('2007-06-01 00:00:00',0,2110,'University Oulu'),('2007-06-01 00:00:00',0,2111,'University Oxford'),('2007-06-01 00:00:00',0,2112,'University Padua'),('2007-06-01 00:00:00',0,2113,'University Palermo'),('2007-06-01 00:00:00',0,2114,'University Paris'),('2007-06-01 00:00:00',0,2115,'University Paris 05'),('2007-06-01 00:00:00',0,2116,'University Paris 06'),('2007-06-01 00:00:00',0,2117,'University Paris 09'),('2007-06-01 00:00:00',0,2118,'University Parma'),('2007-06-01 00:00:00',0,2119,'University Pavia'),('2007-06-01 00:00:00',0,2120,'University Pennsylvania'),('2007-06-01 00:00:00',0,2121,'University Perugia'),('2007-06-01 00:00:00',0,2122,'University Pisa'),('2007-06-01 00:00:00',0,2123,'University Pittsburgh - Pittsburgh'),('2007-06-01 00:00:00',0,2124,'University Pretoria'),('2007-06-01 00:00:00',0,2125,'University Quebec'),('2007-06-01 00:00:00',0,2126,'University Queensland'),('2007-06-01 00:00:00',0,2127,'University Reading'),('2007-06-01 00:00:00',0,2128,'University Regensburg'),('2007-06-01 00:00:00',0,2129,'University Rennes'),('2007-06-01 00:00:00',0,2130,'University Rhode Island'),('2007-06-01 00:00:00',0,2131,'University Rochester'),('2007-06-01 00:00:00',0,2132,'University Roma - La Sapienza'),('2007-06-01 00:00:00',0,2133,'University Roma - Tor Vergata'),('2007-06-01 00:00:00',0,2134,'University Saarlandes'),('2007-06-01 00:00:00',0,2135,'University Santiago Compostela'),('2007-06-01 00:00:00',0,2136,'University Sao Paulo'),('2007-06-01 00:00:00',0,2137,'University Saskatchewan'),('2007-06-01 00:00:00',0,2138,'University Sci & Tech China'),('2007-06-01 00:00:00',0,2139,'University Sevilla'),('2007-06-01 00:00:00',0,2140,'University Sheffield'),('2007-06-01 00:00:00',0,2141,'University Sherbrooke'),('2007-06-01 00:00:00',0,2142,'University Siena'),('2007-06-01 00:00:00',0,2143,'University South Carolina - Columbia'),('2007-06-01 00:00:00',0,2144,'University South Florida'),('2007-06-01 00:00:00',0,2145,'University Southampton'),('2007-06-01 00:00:00',0,2146,'University Southern California'),('2007-06-01 00:00:00',0,2147,'University Southern Denmark'),('2007-06-01 00:00:00',0,2148,'University St Andrews'),('2007-06-01 00:00:00',0,2149,'University Strasbourg'),('2007-06-01 00:00:00',0,2150,'University Stuttgart'),('2007-06-01 00:00:00',0,2151,'University Surrey'),('2007-06-01 00:00:00',0,2152,'University Sussex'),('2007-06-01 00:00:00',0,2153,'University Sydney'),('2007-06-01 00:00:00',0,2154,'University Szeged'),('2007-06-01 00:00:00',0,2155,'University Tasmania'),('2007-06-01 00:00:00',0,2156,'University Tennessee - Knoxville'),('2007-06-01 00:00:00',0,2157,'University Tennessee Health Sci Center'),('2007-06-01 00:00:00',0,2158,'University Texas - Austin'),('2007-06-01 00:00:00',0,2159,'University Texas Health Sci Center - Houston'),('2007-06-01 00:00:00',0,2160,'University Texas Health Sci Center - San Anto'),('2007-06-01 00:00:00',0,2161,'University Texas M.D. Anderson Cancer Center'),('2007-06-01 00:00:00',0,2162,'University Texas Med Branch - Galveston'),('2007-06-01 00:00:00',0,2163,'University Texas Southwestern Med Center'),('2007-06-01 00:00:00',0,2164,'University Thessaloniki'),('2007-06-01 00:00:00',0,2165,'University Tokushima'),('2007-06-01 00:00:00',0,2166,'University Toronto'),('2007-06-01 00:00:00',0,2167,'University Toulouse'),('2007-06-01 00:00:00',0,2168,'University Trent'),('2007-06-01 00:00:00',0,2169,'University Trieste'),('2007-06-01 00:00:00',0,2170,'University Tromso'),('2007-06-01 00:00:00',0,2171,'University Tuebingen'),('2007-06-01 00:00:00',0,2172,'University Turin'),('2007-06-01 00:00:00',0,2173,'University Turku'),('2007-06-01 00:00:00',0,2174,'University Twente'),('2007-06-01 00:00:00',0,2175,'University Ulm'),('2007-06-01 00:00:00',0,2176,'University Utah'),('2007-06-01 00:00:00',0,2177,'University Utrecht'),('2007-06-01 00:00:00',0,2178,'University Valencia'),('2007-06-01 00:00:00',0,2179,'University Vermont'),('2007-06-01 00:00:00',0,2180,'University Victoria'),('2007-06-01 00:00:00',0,2181,'University Vienna'),('2007-06-01 00:00:00',0,2182,'University Virginia'),('2007-06-01 00:00:00',0,2183,'University Wageningen'),('2007-06-01 00:00:00',0,2184,'University Wales - Swansea'),('2007-06-01 00:00:00',0,2185,'University Warsaw'),('2007-06-01 00:00:00',0,2186,'University Warwick'),('2007-06-01 00:00:00',0,2187,'University Washington - Seattle'),('2007-06-01 00:00:00',0,2188,'University Waterloo'),('2007-06-01 00:00:00',0,2189,'University Western Australia'),('2007-06-01 00:00:00',0,2190,'University Western Ontario'),('2007-06-01 00:00:00',0,2191,'University Wisconsin - Madison'),('2007-06-01 00:00:00',0,2192,'University Witwatersrand'),('2007-06-01 00:00:00',0,2193,'University Wuerzburg'),('2007-06-01 00:00:00',0,2194,'University Wuppertal'),('2007-06-01 00:00:00',0,2195,'University Wyoming'),('2007-06-01 00:00:00',0,2196,'University York'),('2007-06-01 00:00:00',0,2197,'University Zaragoza'),('2007-06-01 00:00:00',0,2198,'University Zurich'),('2007-06-01 00:00:00',0,2199,'Uppsala University'),('2007-06-01 00:00:00',0,2200,'Ursinus College'),('2007-06-01 00:00:00',0,2201,'Utah State University'),('2007-06-01 00:00:00',0,2202,'Vanderbilt University'),('2007-06-01 00:00:00',0,2203,'Vassar College'),('2007-06-01 00:00:00',0,2204,'Vienna Tech University'),('2007-06-01 00:00:00',0,2205,'Virginia Commonwealth University'),('2007-06-01 00:00:00',0,2206,'Virginia Military Institute'),('2007-06-01 00:00:00',0,2207,'Virginia Tech'),('2007-06-01 00:00:00',0,2208,'Vrije University Brussel'),('2007-06-01 00:00:00',0,2209,'Wabash College'),('2007-06-01 00:00:00',0,2210,'Wake Forest University'),('2007-06-01 00:00:00',0,2211,'Waseda University'),('2007-06-01 00:00:00',0,2212,'Washington and Jefferson College'),('2007-06-01 00:00:00',0,2213,'Washington and Lee University'),('2007-06-01 00:00:00',0,2214,'Washington State University - Pullman'),('2007-06-01 00:00:00',0,2215,'Washington University - St. Louis'),('2007-06-01 00:00:00',0,2216,'Wayne State University'),('2007-06-01 00:00:00',0,2217,'Weizmann Inst Sci'),('2007-06-01 00:00:00',0,2218,'Wellesley College'),('2007-06-01 00:00:00',0,2219,'Wesleyan University'),('2007-06-01 00:00:00',0,2220,'West Virginia University'),('2007-06-01 00:00:00',0,2221,'Westmont College'),('2007-06-01 00:00:00',0,2222,'Wheaton College'),('2007-06-01 00:00:00',0,2223,'Whitman College'),('2007-06-01 00:00:00',0,2224,'Willamette University'),('2007-06-01 00:00:00',0,2225,'Williams College'),('2007-06-01 00:00:00',0,2226,'Wofford College'),('2007-06-01 00:00:00',0,2227,'Yale University'),('2007-06-01 00:00:00',0,2228,'Yamaguchi University'),('2007-06-01 00:00:00',0,2229,'Yeshiva University'),('2007-06-01 00:00:00',0,2230,'Yonsei University'),('2007-06-01 00:00:00',0,2231,'York University'),('2007-06-01 00:00:00',0,2232,'Zhejiang University'),('2007-06-01 00:00:00',0,2233,'University College London'),('2007-08-29 15:55:21',0,2234,'Stanford  University Inc'),('2007-08-30 14:50:51',0,2235,'Ficticious School'),('2007-09-11 15:43:53',0,2236,'UC Berkeley'),('2007-09-11 16:10:12',0,2237,'UC Davis'),('2007-09-11 16:16:06',0,2238,'UCLA'),('2007-09-14 11:07:00',0,2239,'U C Berkeley'),('2007-09-21 09:20:59',0,2240,'Dartmouth College'),('2007-09-21 09:20:59',0,2241,'Columbia College of P&S'),('2007-09-21 09:20:59',0,2242,'Bellvue Hospital'),('2007-09-21 09:20:59',0,2243,'Stanford Medical School'),('2007-09-21 09:20:59',0,2244,'University College Dublin'),('2007-09-21 09:20:59',0,2245,'Stanford University'),('2007-09-21 09:20:59',0,2246,'King\'s College'),('2007-09-21 09:20:59',0,2247,'UCSF  Family Medicine Residency'),('2007-09-21 09:20:59',0,2248,'Stanford School of Medicine'),('2007-09-21 09:20:59',0,2249,'Brigham & Womens Hosp.'),('2007-09-21 09:20:59',0,2250,'George Washington School of Med.'),('2007-09-21 09:20:59',0,2251,'M.I.T.'),('2007-09-21 09:20:59',0,2252,'Harvard Medical School'),('2007-09-21 09:20:59',0,2253,'Edinburgh University'),('2007-09-21 09:21:00',0,2254,'California Inst. of Technology'),('2007-09-21 09:21:00',0,2255,'Harvard College'),('2007-09-21 09:21:00',0,2256,'HST, MIT, Harvard Medical School'),('2007-09-21 09:21:00',0,2257,'MIT'),('2007-09-21 09:21:00',0,2258,'Brown Univ. School of Medicine'),('2007-10-03 13:40:52',0,2259,'Pennsylvania State University'),('2007-10-08 14:33:26',0,2260,'University of Wisconsin - Madison'),('2007-10-10 14:46:45',0,2261,'Laboratoire Central des Ponts et Chausees'),('2007-10-18 16:40:48',0,2262,'University of Michigan'),('2007-10-21 12:21:16',0,2263,'Stanford Business School'),('2007-10-22 22:26:59',0,2264,'UCSD'),('2007-12-04 21:52:14',0,2265,'National Technical University of Athens'),('2007-12-07 16:05:12',0,2266,'University of Massachusetts, Amherst'),('2007-12-11 12:40:19',0,2267,'Cornell University Med School'),('2008-04-18 10:03:44',0,2268,'Stanford Unversity'),('2008-04-20 21:36:18',0,2269,'University of California, Santa Barbara'),('2010-08-19 11:35:42',0,2270,'Stanford');
/*!40000 ALTER TABLE `pwf_institute` ENABLE KEYS */;
UNLOCK TABLES;

--
-- Table structure for table `pwf_position`
--

DROP TABLE IF EXISTS `pwf_position`;
/*!40101 SET @saved_cs_client     = @@character_set_client */;
/*!40101 SET character_set_client = utf8 */;
CREATE TABLE `pwf_position` (
  `id` mediumint(8) unsigned NOT NULL AUTO_INCREMENT,
  `name` varchar(45) NOT NULL,
  `f` int(10) unsigned NOT NULL DEFAULT '0',
  `created` datetime NOT NULL DEFAULT '0000-00-00 00:00:00',
  PRIMARY KEY (`id`),
  UNIQUE KEY `name` (`name`)
) ENGINE=InnoDB AUTO_INCREMENT=48 DEFAULT CHARSET=utf8;
/*!40101 SET character_set_client = @saved_cs_client */;

--
-- Dumping data for table `pwf_position`
--

LOCK TABLES `pwf_position` WRITE;
/*!40000 ALTER TABLE `pwf_position` DISABLE KEYS */;
INSERT INTO `pwf_position` VALUES (44,'lead front-end engineeer',0,'0000-00-00 00:00:00'),(45,'ceo',0,'0000-00-00 00:00:00'),(46,'chief architect',0,'0000-00-00 00:00:00'),(47,'porn lead',0,'2009-07-18 17:39:26');
/*!40000 ALTER TABLE `pwf_position` ENABLE KEYS */;
UNLOCK TABLES;

--
-- Table structure for table `pwf_select`
--

DROP TABLE IF EXISTS `pwf_select`;
/*!40101 SET @saved_cs_client     = @@character_set_client */;
/*!40101 SET character_set_client = utf8 */;
CREATE TABLE `pwf_select` (
  `created` datetime NOT NULL DEFAULT '0000-00-00 00:00:00',
  `f` int(10) unsigned NOT NULL DEFAULT '0',
  `id` mediumint(8) unsigned NOT NULL AUTO_INCREMENT,
  `modified` datetime NOT NULL DEFAULT '0000-00-00 00:00:00',
  `name` varchar(64) NOT NULL,
  `status` enum('deleted','active') NOT NULL DEFAULT 'active',
  PRIMARY KEY (`id`),
  UNIQUE KEY `name` (`name`)
) ENGINE=InnoDB AUTO_INCREMENT=8 DEFAULT CHARSET=utf8;
/*!40101 SET character_set_client = @saved_cs_client */;

--
-- Dumping data for table `pwf_select`
--

LOCK TABLES `pwf_select` WRITE;
/*!40000 ALTER TABLE `pwf_select` DISABLE KEYS */;
INSERT INTO `pwf_select` VALUES ('2009-04-02 08:46:18',0,1,'2009-04-02 08:46:18','value1','active'),('2009-04-02 08:46:59',0,2,'2009-04-02 08:46:59','value2','deleted'),('2009-04-02 08:47:02',0,3,'2009-04-02 08:47:02','value3','deleted'),('2009-04-02 08:47:05',0,4,'2009-04-02 08:47:05','value4','active'),('2009-04-02 08:47:09',0,5,'2009-04-02 08:47:09','value5a','active'),('2009-04-02 09:10:46',0,6,'2009-04-02 09:10:46','value6','active'),('2009-07-24 10:19:55',0,7,'2009-07-24 10:19:55','jewjewbee','active');
/*!40000 ALTER TABLE `pwf_select` ENABLE KEYS */;
UNLOCK TABLES;

--
-- Table structure for table `pwf_state`
--

DROP TABLE IF EXISTS `pwf_state`;
/*!40101 SET @saved_cs_client     = @@character_set_client */;
/*!40101 SET character_set_client = utf8 */;
CREATE TABLE `pwf_state` (
  `id` mediumint(8) unsigned NOT NULL AUTO_INCREMENT,
  `name` varchar(45) NOT NULL,
  `f` int(10) unsigned NOT NULL DEFAULT '0',
  `modified` datetime NOT NULL,
  `created` datetime NOT NULL,
  `status` enum('active','deleted') NOT NULL DEFAULT 'active',
  PRIMARY KEY (`id`)
) ENGINE=InnoDB AUTO_INCREMENT=52 DEFAULT CHARSET=utf8;
/*!40101 SET character_set_client = @saved_cs_client */;

--
-- Dumping data for table `pwf_state`
--

LOCK TABLES `pwf_state` WRITE;
/*!40000 ALTER TABLE `pwf_state` DISABLE KEYS */;
INSERT INTO `pwf_state` VALUES (1,'Alabama',0,'0000-00-00 00:00:00','0000-00-00 00:00:00','active'),(2,'Alaska',0,'0000-00-00 00:00:00','0000-00-00 00:00:00','active'),(3,'Arizona',0,'0000-00-00 00:00:00','0000-00-00 00:00:00','active'),(4,'Arkansas',0,'0000-00-00 00:00:00','0000-00-00 00:00:00','active'),(5,'California',0,'0000-00-00 00:00:00','0000-00-00 00:00:00','active'),(6,'Colorado',0,'0000-00-00 00:00:00','0000-00-00 00:00:00','active'),(7,'Connecticut',0,'0000-00-00 00:00:00','0000-00-00 00:00:00','active'),(8,'D.C.',0,'0000-00-00 00:00:00','0000-00-00 00:00:00','active'),(9,'Delaware',0,'0000-00-00 00:00:00','0000-00-00 00:00:00','active'),(10,'Florida',0,'0000-00-00 00:00:00','0000-00-00 00:00:00','active'),(11,'Georgia',0,'0000-00-00 00:00:00','0000-00-00 00:00:00','active'),(12,'Hawaii',0,'0000-00-00 00:00:00','0000-00-00 00:00:00','active'),(13,'Idaho',0,'0000-00-00 00:00:00','0000-00-00 00:00:00','active'),(14,'Illinois',0,'0000-00-00 00:00:00','0000-00-00 00:00:00','active'),(15,'Indiana',0,'0000-00-00 00:00:00','0000-00-00 00:00:00','active'),(16,'Iowa',0,'0000-00-00 00:00:00','0000-00-00 00:00:00','active'),(17,'Kansas',0,'0000-00-00 00:00:00','0000-00-00 00:00:00','active'),(18,'Kentucky',0,'0000-00-00 00:00:00','0000-00-00 00:00:00','active'),(19,'Louisiana',0,'0000-00-00 00:00:00','0000-00-00 00:00:00','active'),(20,'Maine',0,'0000-00-00 00:00:00','0000-00-00 00:00:00','active'),(21,'Maryland',0,'0000-00-00 00:00:00','0000-00-00 00:00:00','active'),(22,'Massachusetts',0,'0000-00-00 00:00:00','0000-00-00 00:00:00','active'),(23,'Michigan',0,'0000-00-00 00:00:00','0000-00-00 00:00:00','active'),(24,'Minnesota',0,'0000-00-00 00:00:00','0000-00-00 00:00:00','active'),(25,'Mississippi',0,'0000-00-00 00:00:00','0000-00-00 00:00:00','active'),(26,'Missouri',0,'0000-00-00 00:00:00','0000-00-00 00:00:00','active'),(27,'Montana',0,'0000-00-00 00:00:00','0000-00-00 00:00:00','active'),(28,'Nebraska',0,'0000-00-00 00:00:00','0000-00-00 00:00:00','active'),(29,'Nevada',0,'0000-00-00 00:00:00','0000-00-00 00:00:00','active'),(30,'New Hampshire',0,'0000-00-00 00:00:00','0000-00-00 00:00:00','active'),(31,'New Jersey',0,'0000-00-00 00:00:00','0000-00-00 00:00:00','active'),(32,'New Mexico',0,'0000-00-00 00:00:00','0000-00-00 00:00:00','active'),(33,'New York',0,'0000-00-00 00:00:00','0000-00-00 00:00:00','active'),(34,'North Carolina',0,'0000-00-00 00:00:00','0000-00-00 00:00:00','active'),(35,'North Dakota',0,'0000-00-00 00:00:00','0000-00-00 00:00:00','active'),(36,'Ohio',0,'0000-00-00 00:00:00','0000-00-00 00:00:00','active'),(37,'Oklahoma',0,'0000-00-00 00:00:00','0000-00-00 00:00:00','active'),(38,'Oregon',0,'0000-00-00 00:00:00','0000-00-00 00:00:00','active'),(39,'Pennsylvania',0,'0000-00-00 00:00:00','0000-00-00 00:00:00','active'),(40,'Rhode Island',0,'0000-00-00 00:00:00','0000-00-00 00:00:00','active'),(41,'South Carolina',0,'0000-00-00 00:00:00','0000-00-00 00:00:00','active'),(42,'South Dakota',0,'0000-00-00 00:00:00','0000-00-00 00:00:00','active'),(43,'Tennessee',0,'0000-00-00 00:00:00','0000-00-00 00:00:00','active'),(44,'Texas',0,'0000-00-00 00:00:00','0000-00-00 00:00:00','active'),(45,'Utah',0,'0000-00-00 00:00:00','0000-00-00 00:00:00','active'),(46,'Virginia',0,'0000-00-00 00:00:00','0000-00-00 00:00:00','active'),(47,'Vermont',0,'0000-00-00 00:00:00','0000-00-00 00:00:00','active'),(48,'Washington',0,'0000-00-00 00:00:00','0000-00-00 00:00:00','active'),(49,'West Virginia',0,'0000-00-00 00:00:00','0000-00-00 00:00:00','active'),(50,'Wisconsin',0,'0000-00-00 00:00:00','0000-00-00 00:00:00','active'),(51,'Wyoming',0,'0000-00-00 00:00:00','0000-00-00 00:00:00','active');
/*!40000 ALTER TABLE `pwf_state` ENABLE KEYS */;
UNLOCK TABLES;

--
-- Table structure for table `pwf_testselect`
--

DROP TABLE IF EXISTS `pwf_testselect`;
/*!40101 SET @saved_cs_client     = @@character_set_client */;
/*!40101 SET character_set_client = utf8 */;
CREATE TABLE `pwf_testselect` (
  `created` datetime NOT NULL DEFAULT '0000-00-00 00:00:00',
  `f` int(10) unsigned NOT NULL DEFAULT '0',
  `id` mediumint(8) unsigned NOT NULL AUTO_INCREMENT,
  `modified` datetime NOT NULL DEFAULT '0000-00-00 00:00:00',
  `name` varchar(64) NOT NULL,
  `status` enum('deleted','active') NOT NULL DEFAULT 'active',
  PRIMARY KEY (`id`),
  UNIQUE KEY `name` (`name`)
) ENGINE=InnoDB AUTO_INCREMENT=7 DEFAULT CHARSET=utf8;
/*!40101 SET character_set_client = @saved_cs_client */;

--
-- Dumping data for table `pwf_testselect`
--

LOCK TABLES `pwf_testselect` WRITE;
/*!40000 ALTER TABLE `pwf_testselect` DISABLE KEYS */;
INSERT INTO `pwf_testselect` VALUES ('2009-06-13 16:21:22',0,1,'2009-06-13 16:21:22','test 1','active'),('2009-06-13 16:21:25',0,2,'2009-06-13 16:21:25','test 2','active'),('2009-06-13 16:21:28',0,3,'2009-06-13 16:21:28','test 3','active'),('2009-07-25 17:22:07',0,4,'2009-07-25 17:22:07','test 4','deleted'),('2009-07-25 17:22:42',0,6,'2009-07-25 17:22:42','test 5','active');
/*!40000 ALTER TABLE `pwf_testselect` ENABLE KEYS */;
UNLOCK TABLES;

--
-- Table structure for table `pwf_tryme`
--

DROP TABLE IF EXISTS `pwf_tryme`;
/*!40101 SET @saved_cs_client     = @@character_set_client */;
/*!40101 SET character_set_client = utf8 */;
CREATE TABLE `pwf_tryme` (
  `created` datetime NOT NULL DEFAULT '0000-00-00 00:00:00',
  `f` int(10) unsigned NOT NULL DEFAULT '0',
  `id` mediumint(8) unsigned NOT NULL AUTO_INCREMENT,
  `modified` datetime NOT NULL DEFAULT '0000-00-00 00:00:00',
  `name` varchar(64) NOT NULL,
  `status` enum('deleted','active') NOT NULL DEFAULT 'active',
  PRIMARY KEY (`id`),
  UNIQUE KEY `name` (`name`)
) ENGINE=MyISAM DEFAULT CHARSET=utf8;
/*!40101 SET character_set_client = @saved_cs_client */;

--
-- Dumping data for table `pwf_tryme`
--

LOCK TABLES `pwf_tryme` WRITE;
/*!40000 ALTER TABLE `pwf_tryme` DISABLE KEYS */;
/*!40000 ALTER TABLE `pwf_tryme` ENABLE KEYS */;
UNLOCK TABLES;

--
-- Table structure for table `registration_task`
--

DROP TABLE IF EXISTS `registration_task`;
/*!40101 SET @saved_cs_client     = @@character_set_client */;
/*!40101 SET character_set_client = utf8 */;
CREATE TABLE `registration_task` (
  `created` timestamp NOT NULL DEFAULT '0000-00-00 00:00:00',
  `description` tinytext NOT NULL,
  `id` int(11) unsigned NOT NULL AUTO_INCREMENT,
  `modified` timestamp NOT NULL DEFAULT CURRENT_TIMESTAMP ON UPDATE CURRENT_TIMESTAMP,
  `priority` tinyint(2) unsigned NOT NULL,
  `status` enum('active','inactive') NOT NULL DEFAULT 'active',
  `type` enum('join','payment','required','tos') NOT NULL,
  `name` varchar(255) NOT NULL,
  PRIMARY KEY (`id`)
) ENGINE=InnoDB AUTO_INCREMENT=5 DEFAULT CHARSET=utf8;
/*!40101 SET character_set_client = @saved_cs_client */;

--
-- Dumping data for table `registration_task`
--

LOCK TABLES `registration_task` WRITE;
/*!40000 ALTER TABLE `registration_task` DISABLE KEYS */;
INSERT INTO `registration_task` VALUES ('2010-08-05 07:10:45','Terms of Service (TOS) &ndash; Users must agree to TOS before using your site. To update the TOS, see <a href=\"/admin.action?page=content&task=content&subtask=terms\">Update Terms of Service</a>.',1,'2010-08-23 07:47:42',1,'active','tos','Terms of Service'),('2010-08-05 07:10:45','Required Fields &ndash; Any required fields must be filled out by the user before entering site',2,'2010-08-23 07:55:46',2,'active','required','Complete Registration'),('2010-08-05 07:10:45','Pay Fee &ndash; The User must pay a fee before entering the site',3,'2010-08-05 07:10:45',3,'inactive','payment','Pay Dues'),('2010-08-05 07:10:45','Join Network &ndash; Users must become part of a network before entering the site. Optionally, they may join groups and link friends.',4,'2010-08-23 07:55:47',4,'active','join','Get Connected');
/*!40000 ALTER TABLE `registration_task` ENABLE KEYS */;
UNLOCK TABLES;

--
-- Table structure for table `registration_task_searchable`
--

DROP TABLE IF EXISTS `registration_task_searchable`;
/*!40101 SET @saved_cs_client     = @@character_set_client */;
/*!40101 SET character_set_client = utf8 */;
CREATE TABLE `registration_task_searchable` (
  `created` timestamp NOT NULL DEFAULT '0000-00-00 00:00:00',
  `modified` timestamp NOT NULL DEFAULT CURRENT_TIMESTAMP ON UPDATE CURRENT_TIMESTAMP,
  `registration_task_id` int(11) unsigned NOT NULL,
  `searchable_id` int(11) unsigned NOT NULL,
  PRIMARY KEY (`registration_task_id`,`searchable_id`),
  KEY `registration_task_searchable_task_fk` (`registration_task_id`),
  KEY `registration_task_searchable_searchable_fk` (`searchable_id`),
  CONSTRAINT `registration_task_searchable_searchable_fk` FOREIGN KEY (`searchable_id`) REFERENCES `searchable` (`id`),
  CONSTRAINT `registration_task_searchable_task_fk` FOREIGN KEY (`registration_task_id`) REFERENCES `registration_task` (`id`)
) ENGINE=InnoDB DEFAULT CHARSET=utf8;
/*!40101 SET character_set_client = @saved_cs_client */;

--
-- Dumping data for table `registration_task_searchable`
--

LOCK TABLES `registration_task_searchable` WRITE;
/*!40000 ALTER TABLE `registration_task_searchable` DISABLE KEYS */;
INSERT INTO `registration_task_searchable` VALUES ('2010-08-21 20:52:58','2010-08-21 20:52:58',1,13),('2010-08-23 07:56:35','2010-08-23 07:56:35',1,253),('2010-08-24 17:47:48','2010-08-24 17:47:48',1,254),('2010-08-24 17:53:07','2010-08-24 17:53:07',1,255),('2010-10-03 02:18:11','2010-10-03 02:18:11',1,258),('2010-08-21 20:53:59','2010-08-21 20:53:59',2,13),('2010-08-24 17:48:00','2010-08-24 17:48:00',2,254),('2010-08-24 17:53:19','2010-08-24 17:53:19',2,255),('2010-10-03 02:18:31','2010-10-03 02:18:31',2,258),('2010-08-24 17:18:37','2010-08-24 17:18:37',3,13),('2010-08-24 17:48:02','2010-08-24 17:48:02',3,254),('2010-08-21 20:54:02','2010-08-21 20:54:02',4,13),('2010-08-24 17:48:11','2010-08-24 17:48:11',4,254),('2010-08-24 17:53:21','2010-08-24 17:53:21',4,255);
/*!40000 ALTER TABLE `registration_task_searchable` ENABLE KEYS */;
UNLOCK TABLES;

--
-- Table structure for table `searchable`
--

DROP TABLE IF EXISTS `searchable`;
/*!40101 SET @saved_cs_client     = @@character_set_client */;
/*!40101 SET character_set_client = utf8 */;
CREATE TABLE `searchable` (
  `access` enum('O','P','C') NOT NULL DEFAULT 'O',
  `created` timestamp NOT NULL DEFAULT '0000-00-00 00:00:00',
  `email` varchar(255) NOT NULL,
  `features` int(3) unsigned NOT NULL DEFAULT '0',
  `feature_access` int(2) unsigned NOT NULL DEFAULT '0',
  `id` int(11) unsigned NOT NULL AUTO_INCREMENT,
  `key` varchar(45) NOT NULL,
  `modified` timestamp NOT NULL DEFAULT CURRENT_TIMESTAMP ON UPDATE CURRENT_TIMESTAMP,
  `name` varchar(64) NOT NULL,
  `notify` enum('false','true') NOT NULL DEFAULT 'true',
  `status` enum('active','deleted','inactive','pending') NOT NULL DEFAULT 'active',
  `type` enum('group','network','user') NOT NULL,
  `uri_image` varchar(255) NOT NULL DEFAULT '/images/searchables/blank_image.gif',
  `uri_thumb` varchar(255) NOT NULL DEFAULT '/images/thumbs/blank_thumb.gif',
  `pending_bit` tinyint(3) unsigned NOT NULL DEFAULT '0',
  `isAdmin` enum('true','false') DEFAULT 'false',
  PRIMARY KEY (`id`)
) ENGINE=InnoDB AUTO_INCREMENT=259 DEFAULT CHARSET=utf8;
/*!40101 SET character_set_client = @saved_cs_client */;

--
-- Dumping data for table `searchable`
--

LOCK TABLES `searchable` WRITE;
/*!40000 ALTER TABLE `searchable` DISABLE KEYS */;
INSERT INTO `searchable` VALUES ('O','0000-00-00 00:00:00','admin@godster.stanford.edu',0,0,1,'asdf1234','2007-09-11 06:46:17','Administrator','false','active','user','/images/searchables/blank_image.gif','/images/thumbs/blank_thumb.gif',0,'false'),('O','2007-01-15 10:05:41','mattesnider@gmail.com',6,6,13,'943f10b7abf00c6c77b7515a096e4322','2010-09-13 02:29:06','Matt Snider','false','active','user','/images/searchables/blank_user.gif','/images/thumbs/blank_user_thumb.gif',0,'true'),('O','2007-01-15 11:35:40','msjaastad@comcast.net',6,7,16,'7808b471478f0cfdb2b407be92c170eb','2009-07-28 16:20:14','Mike Sjaastad','true','active','user','/images/searchables/5a7b061882821c8d999d9322873fc350.jpg','/images/thumbs/5a7b061882821c8d999d9322873fc350.jpg',0,'true'),('O','2007-09-04 07:00:00','juliemlr@comcast.net',0,1,34,'452ebc4db96ea12d336565e85d37125a','2009-07-28 03:42:55','Julie Miller','false','active','user','/images/searchables/blank_image.gif','/images/thumbs/blank_thumb.gif',0,'false'),('O','2008-12-15 16:40:37','billglasscmln@gmail.com',0,0,182,'d542599794c1cf067d90638b5d3911f3','2009-07-28 03:51:18','Bill Glass','true','active','user','/images/searchables/blank_image.gif','/images/thumbs/blank_thumb.gif',0,'false'),('O','2008-12-15 16:43:10','alan.morris@comcast.net',0,0,183,'b10d25cbe07aeb3bbf6ec350cec76fcc','2010-01-29 16:19:51','Alan Morris','true','active','user','/images/searchables/blank_image.gif','/images/thumbs/blank_thumb.gif',0,'false'),('O','2008-12-15 16:44:19','suegordoncmln@gmail.com',0,0,184,'ea8aeef5401513a8f81113ee9d157f22','2010-01-29 16:23:30','Sue Gordon','true','active','user','/images/searchables/blank_image.gif','/images/thumbs/blank_thumb.gif',0,'false'),('O','2008-12-15 16:47:09','gregbucknercmln@gmail.com',0,0,185,'82166899aa3db47b87226f5e2abfbca7','2008-12-15 16:47:09','Greg Buckner','true','active','user','/images/searchables/blank_image.gif','/images/thumbs/blank_thumb.gif',0,'false'),('O','2008-12-15 16:49:27','wendygladstonecmln@gmail.com',0,0,186,'cbdf0b0d70ec00ff3d9e02bc628c01a4','2008-12-15 16:49:27','Wendy Gladstone','true','active','user','/images/searchables/blank_image.gif','/images/thumbs/blank_thumb.gif',0,'false'),('O','2008-12-18 17:00:06','',4,4,187,'f06ae085fe74cd78ad5e89496b197fe1','2010-09-13 02:30:26','Matt\'s Test Group','true','active','group','/images/searchables/blank_group.gif','/images/thumbs/blank_group_thumb.gif',0,'false'),('O','2009-06-13 19:58:44','matt1@test.com',0,0,188,'5f5ffbe75132e2154371f842f946c4e1','2009-06-13 20:01:07','matt1','true','active','user','/images/searchables/blank_image.gif','/images/thumbs/blank_thumb.gif',0,'false'),('O','2009-06-15 16:11:39','matt2@test.com',0,0,189,'d93ed5b6db83be78efb0d05ae420158e','2010-02-11 03:13:14','matt2','true','active','user','/images/searchables/blank_image.gif','/images/thumbs/blank_thumb.gif',0,'false'),('O','2009-06-15 16:20:07','matt3@test.com',0,0,190,'eb40887da3e98ba4f3708f84521ae52f','2010-02-11 06:36:03','matt3','true','active','user','/images/searchables/blank_image.gif','/images/thumbs/blank_thumb.gif',0,'false'),('O','2009-06-27 20:11:44','matt4@test.com',0,0,191,'31a6b5568bbb9c350c1b296d9086acf0','2009-06-27 20:15:47','matt4','true','active','user','/images/searchables/blank_image.gif','/images/thumbs/blank_thumb.gif',0,'false'),('O','2009-06-27 20:16:23','matt5@test.com',0,0,192,'2a83c2b6e517f17cae341a080c27d8e2','2009-06-27 20:16:23','matt5','true','active','user','/images/searchables/blank_image.gif','/images/thumbs/blank_thumb.gif',0,'false'),('O','2009-06-28 02:07:50','test6@test.com',0,0,193,'92a05f3584af93d17968cc842716fd4c','2009-06-28 02:07:57','matt6','true','active','user','/images/searchables/blank_image.gif','/images/thumbs/blank_thumb.gif',0,'false'),('O','2009-07-01 16:27:07','matt7@test.com',0,0,194,'47c25f64f2b40398afb5cd9e67e53f28','2009-07-01 16:30:22','matt7','true','active','user','/images/searchables/blank_image.gif','/images/thumbs/blank_thumb.gif',0,'false'),('O','2009-07-01 16:31:38','matt8@test.com',0,0,195,'6a4d5952d4c018a1c1af9fa590a10dda','2009-07-01 17:43:45','matt8','true','active','user','/images/searchables/blank_image.gif','/images/thumbs/blank_thumb.gif',0,'false'),('O','2009-07-01 16:35:10','matt9@test.com',0,0,196,'5003307d211c815c97cc8bada9c6edec','2010-04-09 16:00:49','matt9','true','active','user','/images/searchables/blank_image.gif','/images/thumbs/blank_thumb.gif',0,'false'),('O','2009-07-02 16:34:59','',0,0,197,'78106a0fa774284d86ec3585a5112ca5','2009-07-02 16:38:53','Pimp House','true','active','group','/images/searchables/blank_image.gif','/images/thumbs/blank_thumb.gif',0,'false'),('O','2009-07-02 16:51:19','',0,0,198,'607093fb70318b813d0e9b8531916fbe','2010-02-08 16:42:07','D&D Society','true','active','group','/images/searchables/blank_image.gif','/images/thumbs/blank_thumb.gif',0,'false'),('O','2009-07-02 16:56:17','',0,0,199,'81b073de9370ea873f548e31b8adc081','2009-07-02 16:56:27','BTICH','true','deleted','group','/images/searchables/blank_image.gif','/images/thumbs/blank_thumb.gif',1,'false'),('O','2010-01-26 17:17:00','',0,0,234,'3579498120f00030169e6b070ceb7294','2010-02-03 17:14:08','Network Root','true','active','network','/images/searchables/blank_image.gif','/images/thumbs/blank_thumb.gif',0,'false'),('O','2010-01-26 17:17:11','',0,0,235,'c2c9835954518da05359468793352743','2010-01-26 17:17:11','Network lvl 1a','true','active','network','/images/searchables/blank_image.gif','/images/thumbs/blank_thumb.gif',0,'false'),('O','2010-01-26 17:30:56','',0,0,236,'0884d380d53efff1a0e07beae6d7c90b','2010-01-26 17:30:56','Network lvl 1b','true','active','network','/images/searchables/blank_image.gif','/images/thumbs/blank_thumb.gif',0,'false'),('O','2010-01-26 17:31:05','',0,0,237,'9eb766055ba33f97f9daa56ae4c48d68','2010-01-26 17:31:05','Network lvl 1c','true','active','network','/images/searchables/blank_image.gif','/images/thumbs/blank_thumb.gif',0,'false'),('O','2010-01-26 17:31:37','',0,0,238,'33a53636a67c9b7eabde5dbb909abe6c','2010-01-26 17:31:37','Network lvl 1a 2a','true','active','network','/images/searchables/blank_image.gif','/images/thumbs/blank_thumb.gif',0,'false'),('O','2010-01-26 17:32:16','',0,0,239,'af9a720bb1d26e73050fd6854489ebd2','2010-01-26 17:32:16','Network lvl 1a 2b','true','active','network','/images/searchables/blank_image.gif','/images/thumbs/blank_thumb.gif',0,'false'),('O','2010-01-26 17:32:25','',0,0,240,'00912e8497dfc913952d8989ce684a82','2010-01-26 17:32:25','Network lvl 1a 2c','true','active','network','/images/searchables/blank_image.gif','/images/thumbs/blank_thumb.gif',0,'false'),('O','2010-01-26 17:32:37','',0,0,241,'d3af3cc70b273bede8de082708703d86','2010-01-26 17:32:37','Network lvl 2a 2a','true','active','network','/images/searchables/blank_image.gif','/images/thumbs/blank_thumb.gif',0,'false'),('O','2010-01-26 17:32:46','',0,0,242,'a57f6abdb749762843a1bc5d3c7aaf36','2010-01-26 17:32:46','Network lvl 2a 2b','true','active','network','/images/searchables/blank_image.gif','/images/thumbs/blank_thumb.gif',0,'false'),('O','2010-01-26 17:33:27','',0,0,243,'234af8728eb1612a7c381a8267e4269e','2010-01-26 17:33:27','Network lvl 1c 2a','true','active','network','/images/searchables/blank_image.gif','/images/thumbs/blank_thumb.gif',0,'false'),('O','2010-01-26 17:33:46','',0,0,244,'5157879fb47ae70e34c8558bd37dfcb5','2010-01-26 17:33:46','Network lvl 1a 2a 3a','true','active','network','/images/searchables/blank_image.gif','/images/thumbs/blank_thumb.gif',0,'false'),('O','2010-02-12 07:19:37','',0,0,245,'50cff3f3ed829cbef45585a2baa658b1','2010-02-12 07:37:29','WTF?','true','deleted','group','/images/searchables/blank_group.gif','/images/thumbs/blank_group_thumb.gif',0,'false'),('O','2010-02-12 07:24:31','',0,0,246,'9d0a16c28f4c7b3da5cb10501cf706a5','2010-02-12 07:37:25','WTF?','true','deleted','group','/images/searchables/blank_group.gif','/images/thumbs/blank_group_thumb.gif',0,'false'),('O','2010-02-12 07:25:59','',0,0,247,'fc6d70c17731732d31d15ffd9cd4b678','2010-02-12 07:36:37','WTF?','true','deleted','group','/images/searchables/blank_group.gif','/images/thumbs/blank_group_thumb.gif',0,'false'),('O','2010-02-12 07:26:07','',0,0,248,'48782e1488c59210a8aaffde626b9bf7','2010-02-12 07:36:16','WTF?','true','deleted','group','/images/searchables/blank_group.gif','/images/thumbs/blank_group_thumb.gif',0,'false'),('O','2010-02-12 07:38:27','',0,0,249,'d5a7644458205df1f204c86e81685ec6','2010-02-12 07:38:27','WTF?','true','deleted','group','/images/searchables/blank_group.gif','/images/thumbs/blank_group_thumb.gif',0,'false'),('O','2010-02-12 07:39:53','',0,0,250,'c9911405aedeed626143fa71a1751740','2010-02-12 07:39:53','wtf?','true','deleted','group','/images/searchables/blank_group.gif','/images/thumbs/blank_group_thumb.gif',0,'false'),('O','2010-02-12 07:42:16','',0,0,251,'519019767442b24ef5a0b470ccb55087','2010-02-12 07:44:46','WTF?','true','deleted','group','/images/searchables/blank_group.gif','/images/thumbs/blank_group_thumb.gif',0,'false'),('O','2010-02-12 07:45:42','',0,0,252,'756237fa1dc7eca7db8649117501fe39','2010-02-12 07:45:42','WTF?','true','active','group','/images/searchables/blank_group.gif','/images/thumbs/blank_group_thumb.gif',0,'false'),('O','2010-08-23 02:14:34','matt@test.com',0,0,253,'02a536185ee771268ded53318442b0ab','2010-08-23 02:14:36','test reg','true','active','user','/images/searchables/blank_user.gif','/images/thumbs/blank_user_thumb.gif',0,'false'),('O','2010-08-24 17:47:40','matt08242011@test.com',0,0,254,'78cde75bc92b396d30763c436176a856','2010-08-24 17:47:40','matt08242011','true','active','user','/images/searchables/blank_user.gif','/images/thumbs/blank_user_thumb.gif',0,'false'),('O','2010-08-24 17:51:40','matt08242012@test.com',0,0,255,'0c2da129f5973972687cd2053845c850','2010-08-24 17:51:40','matt0824012','true','active','user','/images/searchables/blank_user.gif','/images/thumbs/blank_user_thumb.gif',0,'false'),('O','2010-08-27 16:09:05','',0,0,256,'c09024c519c3c835ff2ac4227a5130f4','2010-08-27 16:09:05','My New Team','true','active','group','/images/searchables/blank_group.gif','/images/thumbs/blank_group_thumb.gif',0,'false'),('O','2010-09-03 03:33:43','',0,0,257,'49fe6ed9811367ec673a08bdc5ca5dcb','2010-09-03 03:33:43','Test','true','active','group','/images/searchables/blank_group.gif','/images/thumbs/blank_group_thumb.gif',0,'false'),('O','2010-10-03 02:17:50','matt10@test.com',0,0,258,'dec80c81a26e3220a9e67a36e23c8ee3','2010-10-03 02:17:50','matt10','true','active','user','/images/searchables/blank_user.gif','/images/thumbs/blank_user_thumb.gif',0,'false');
/*!40000 ALTER TABLE `searchable` ENABLE KEYS */;
UNLOCK TABLES;

--
-- Table structure for table `searchable_profile_feature`
--

DROP TABLE IF EXISTS `searchable_profile_feature`;
/*!40101 SET @saved_cs_client     = @@character_set_client */;
/*!40101 SET character_set_client = utf8 */;
CREATE TABLE `searchable_profile_feature` (
  `searchable_id` int(11) unsigned NOT NULL,
  `profile_feature_id` smallint(3) unsigned NOT NULL,
  PRIMARY KEY (`searchable_id`,`profile_feature_id`),
  KEY `searchable_profile_feature_searchable_fk` (`searchable_id`),
  CONSTRAINT `searchable_profile_feature_searchable_fk` FOREIGN KEY (`searchable_id`) REFERENCES `searchable` (`id`)
) ENGINE=InnoDB DEFAULT CHARSET=utf8;
/*!40101 SET character_set_client = @saved_cs_client */;

--
-- Dumping data for table `searchable_profile_feature`
--

LOCK TABLES `searchable_profile_feature` WRITE;
/*!40000 ALTER TABLE `searchable_profile_feature` DISABLE KEYS */;
/*!40000 ALTER TABLE `searchable_profile_feature` ENABLE KEYS */;
UNLOCK TABLES;

--
-- Table structure for table `searchable_searchable`
--

DROP TABLE IF EXISTS `searchable_searchable`;
/*!40101 SET @saved_cs_client     = @@character_set_client */;
/*!40101 SET character_set_client = utf8 */;
CREATE TABLE `searchable_searchable` (
  `admin` enum('false','true') NOT NULL DEFAULT 'false',
  `created` timestamp NOT NULL DEFAULT '0000-00-00 00:00:00',
  `modified` timestamp NOT NULL DEFAULT CURRENT_TIMESTAMP ON UPDATE CURRENT_TIMESTAMP,
  `sadmin` enum('true','false') NOT NULL DEFAULT 'false',
  `searchableA_id` int(11) unsigned NOT NULL,
  `status` enum('active','deleted','pending') NOT NULL DEFAULT 'active',
  `searchableB_id` int(11) unsigned NOT NULL,
  `is_owner` enum('false','true') NOT NULL DEFAULT 'false',
  PRIMARY KEY (`searchableA_id`,`searchableB_id`),
  KEY `searchable_searchable_searchableB_fk` (`searchableB_id`),
  CONSTRAINT `searchable_searchable_searchableA_fk` FOREIGN KEY (`searchableA_id`) REFERENCES `searchable` (`id`),
  CONSTRAINT `searchable_searchable_searchableB_fk` FOREIGN KEY (`searchableB_id`) REFERENCES `searchable` (`id`)
) ENGINE=InnoDB DEFAULT CHARSET=utf8;
/*!40101 SET character_set_client = @saved_cs_client */;

--
-- Dumping data for table `searchable_searchable`
--

LOCK TABLES `searchable_searchable` WRITE;
/*!40000 ALTER TABLE `searchable_searchable` DISABLE KEYS */;
INSERT INTO `searchable_searchable` VALUES ('false','2009-06-13 19:40:48','2009-06-13 19:41:16','false',13,'active',16,'false'),('false','2009-02-22 19:26:46','2009-02-22 19:26:46','false',13,'active',34,'false'),('false','2010-01-29 16:18:04','2010-01-29 16:18:04','false',13,'active',183,'false'),('false','2010-01-29 16:29:08','2010-01-29 16:29:08','false',13,'active',184,'false'),('false','0000-00-00 00:00:00','2010-10-03 06:18:15','false',13,'active',187,'false'),('false','2010-02-26 18:35:42','2010-02-26 18:35:42','false',13,'active',188,'false'),('false','2010-08-20 05:01:57','2010-08-20 05:01:57','false',13,'active',193,'false'),('false','0000-00-00 00:00:00','2010-10-03 06:18:15','false',13,'active',197,'false'),('false','0000-00-00 00:00:00','2010-10-03 06:18:15','false',13,'active',198,'false'),('false','0000-00-00 00:00:00','2010-10-03 06:18:15','false',13,'active',199,'false'),('false','0000-00-00 00:00:00','2010-10-03 06:18:15','false',13,'active',235,'false'),('false','0000-00-00 00:00:00','2010-10-03 06:18:15','false',13,'active',240,'false'),('false','0000-00-00 00:00:00','2010-10-03 06:18:15','false',13,'active',241,'false'),('false','0000-00-00 00:00:00','2010-10-03 06:18:15','false',13,'active',242,'false'),('false','0000-00-00 00:00:00','2010-10-03 06:18:15','false',13,'active',243,'false'),('false','0000-00-00 00:00:00','2010-10-03 06:18:15','false',13,'active',244,'false'),('false','0000-00-00 00:00:00','2010-10-03 06:18:15','false',13,'active',251,'false'),('false','0000-00-00 00:00:00','2010-10-03 06:18:15','false',13,'active',252,'false'),('false','0000-00-00 00:00:00','2010-10-03 06:18:15','false',13,'active',256,'false'),('false','0000-00-00 00:00:00','2010-10-03 06:18:15','false',13,'active',257,'false'),('false','2009-06-13 19:41:16','2010-08-27 16:05:24','',16,'active',13,'false'),('false','0000-00-00 00:00:00','2010-10-03 06:18:15','false',16,'active',187,'false'),('false','2010-02-11 06:57:19','2010-02-11 06:57:19','false',16,'active',191,'false'),('false','0000-00-00 00:00:00','2010-10-03 06:18:15','false',16,'active',198,'false'),('false','0000-00-00 00:00:00','2010-10-03 06:18:15','false',16,'active',234,'false'),('false','0000-00-00 00:00:00','2010-10-03 06:18:15','false',16,'active',235,'false'),('false','0000-00-00 00:00:00','2010-10-03 06:18:15','false',16,'active',257,'false'),('false','2009-02-22 19:26:46','2010-08-27 16:05:24','',34,'active',13,'false'),('false','0000-00-00 00:00:00','2010-10-03 06:18:15','false',34,'active',257,'false'),('false','2010-01-29 16:19:58','2010-08-27 16:05:24','',183,'active',13,'false'),('false','0000-00-00 00:00:00','2010-10-03 06:18:15','false',183,'active',239,'false'),('false','0000-00-00 00:00:00','2010-10-03 06:18:15','false',184,'active',13,'false'),('true','2010-05-09 06:29:00','2010-08-27 16:04:02','true',187,'active',13,'false'),('true','2010-05-09 06:29:00','2010-08-31 08:13:25','false',187,'active',16,'false'),('false','2010-05-09 06:29:00','2010-09-01 17:56:45','false',187,'active',189,'false'),('false','0000-00-00 00:00:00','2010-10-03 06:18:15','false',187,'active',237,'false'),('false','0000-00-00 00:00:00','2010-10-03 06:18:15','false',188,'active',13,'false'),('false','0000-00-00 00:00:00','2010-10-03 06:18:15','false',188,'active',240,'false'),('false','0000-00-00 00:00:00','2010-10-03 06:18:15','false',189,'active',187,'false'),('false','0000-00-00 00:00:00','2010-10-03 06:18:15','false',189,'active',235,'false'),('false','0000-00-00 00:00:00','2010-10-03 06:18:15','false',190,'active',240,'false'),('false','2010-02-11 06:57:19','2010-02-11 06:57:19','false',191,'active',16,'false'),('false','0000-00-00 00:00:00','2010-10-03 06:18:15','false',191,'active',197,'false'),('false','0000-00-00 00:00:00','2010-10-03 06:18:15','false',191,'active',198,'false'),('false','0000-00-00 00:00:00','2010-10-03 06:18:15','false',192,'active',235,'false'),('false','0000-00-00 00:00:00','2010-10-03 06:18:15','false',193,'active',13,'false'),('true','2009-07-02 16:34:59','2009-07-02 16:34:59','true',197,'active',13,'false'),('false','2010-02-11 06:48:16','2010-02-11 06:48:16','false',197,'active',191,'false'),('true','2010-02-11 07:11:21','2010-02-11 07:11:21','true',198,'active',13,'false'),('false','2010-02-11 07:11:21','2010-08-26 05:50:52','false',198,'active',16,'false'),('false','2010-02-11 06:48:30','2010-08-26 05:51:14','false',198,'active',191,'false'),('false','0000-00-00 00:00:00','2010-10-03 06:18:15','false',198,'active',235,'false'),('true','2009-07-02 16:56:17','2009-07-02 16:56:17','true',199,'active',13,'false'),('false','2010-07-11 23:03:58','2010-07-11 23:03:58','false',234,'active',16,'false'),('false','2010-07-11 22:51:14','2010-07-11 22:51:14','false',234,'active',235,'false'),('false','2010-01-30 06:38:31','2010-01-30 06:38:31','false',234,'active',236,'false'),('false','2010-01-30 06:38:31','2010-01-30 06:38:31','false',234,'active',237,'false'),('false','2010-01-30 07:11:02','2010-09-06 05:01:52','true',235,'active',13,'false'),('false','2010-08-16 16:33:44','2010-08-16 16:33:44','false',235,'active',16,'false'),('false','2010-02-09 18:15:08','2010-02-09 18:15:08','false',235,'active',189,'false'),('false','2010-02-09 18:15:08','2010-02-09 18:15:08','false',235,'active',192,'false'),('false','2010-02-10 16:21:39','2010-02-10 16:21:39','false',235,'active',198,'false'),('false','0000-00-00 00:00:00','2010-10-03 06:18:15','false',235,'active',234,'false'),('false','2010-02-10 16:21:39','2010-02-10 16:21:39','false',235,'active',238,'false'),('false','2010-02-10 16:21:39','2010-02-10 16:21:39','false',235,'active',239,'false'),('false','2010-02-10 16:21:39','2010-02-10 16:21:39','false',235,'active',240,'false'),('false','0000-00-00 00:00:00','2010-10-03 06:18:15','false',236,'active',234,'false'),('false','2010-01-26 17:32:37','2010-01-26 17:32:37','false',236,'active',241,'false'),('false','2010-01-26 17:32:46','2010-01-26 17:32:46','false',236,'active',242,'false'),('false','2010-03-08 16:44:54','2010-03-08 16:44:54','false',237,'active',187,'false'),('false','0000-00-00 00:00:00','2010-10-03 06:18:15','false',237,'active',234,'false'),('false','2010-01-26 17:33:27','2010-01-26 17:33:27','false',237,'active',243,'false'),('false','0000-00-00 00:00:00','2010-10-03 06:18:15','false',238,'active',235,'false'),('false','2010-01-26 17:33:46','2010-01-26 17:33:46','false',238,'active',244,'false'),('false','2010-02-04 16:59:19','2010-02-04 16:59:19','false',239,'active',183,'false'),('false','0000-00-00 00:00:00','2010-10-03 06:18:15','false',239,'active',235,'false'),('true','2010-09-06 04:57:07','2010-09-06 04:57:07','true',240,'active',13,'false'),('false','2010-09-20 16:10:15','2010-09-20 16:33:54','false',240,'active',188,'false'),('false','2010-09-20 16:35:33','2010-09-20 16:35:33','false',240,'active',190,'false'),('false','0000-00-00 00:00:00','2010-10-03 06:18:15','false',240,'active',235,'false'),('true','2010-09-06 04:58:04','2010-09-06 04:58:04','true',241,'active',13,'false'),('false','0000-00-00 00:00:00','2010-10-03 06:18:15','false',241,'active',236,'false'),('true','2010-09-06 04:58:12','2010-09-06 04:58:12','true',242,'active',13,'false'),('false','0000-00-00 00:00:00','2010-10-03 06:18:15','false',242,'active',236,'false'),('true','2010-09-06 04:58:20','2010-09-06 04:58:20','true',243,'active',13,'false'),('false','0000-00-00 00:00:00','2010-10-03 06:18:15','false',243,'active',237,'false'),('true','2010-09-06 04:58:26','2010-09-06 04:58:26','true',244,'active',13,'false'),('false','0000-00-00 00:00:00','2010-10-03 06:18:15','false',244,'active',238,'false'),('true','2010-02-12 07:42:16','2010-02-12 07:42:16','true',251,'active',13,'false'),('true','2010-02-12 07:45:42','2010-02-12 07:45:42','true',252,'active',13,'false'),('true','2010-08-27 16:09:05','2010-08-27 16:09:05','true',256,'active',13,'false'),('false','2010-09-03 04:12:22','2010-09-03 04:12:22','false',257,'active',13,'false'),('true','2010-09-03 03:33:43','2010-09-03 03:33:43','true',257,'active',16,'false'),('false','2010-09-03 05:19:36','2010-09-03 05:19:36','false',257,'active',34,'false'),('false','2010-09-03 05:23:26','2010-09-03 05:23:26','false',257,'pending',183,'false');
/*!40000 ALTER TABLE `searchable_searchable` ENABLE KEYS */;
UNLOCK TABLES;

--
-- Table structure for table `searchable_wall`
--

DROP TABLE IF EXISTS `searchable_wall`;
/*!40101 SET @saved_cs_client     = @@character_set_client */;
/*!40101 SET character_set_client = utf8 */;
CREATE TABLE `searchable_wall` (
  `id` int(11) unsigned NOT NULL AUTO_INCREMENT,
  `searchable_id` int(11) unsigned NOT NULL,
  `poster_id` int(11) unsigned NOT NULL,
  `created` timestamp NOT NULL DEFAULT CURRENT_TIMESTAMP ON UPDATE CURRENT_TIMESTAMP,
  `body` mediumtext NOT NULL,
  PRIMARY KEY (`id`),
  KEY `searchable_wall_searchable_fk` (`searchable_id`),
  KEY `searchable_wall_poster_fk` (`poster_id`),
  CONSTRAINT `searchable_wall_poster_fk` FOREIGN KEY (`poster_id`) REFERENCES `searchable` (`id`),
  CONSTRAINT `searchable_wall_searchable_fk` FOREIGN KEY (`searchable_id`) REFERENCES `searchable` (`id`)
) ENGINE=InnoDB DEFAULT CHARSET=utf8;
/*!40101 SET character_set_client = @saved_cs_client */;

--
-- Dumping data for table `searchable_wall`
--

LOCK TABLES `searchable_wall` WRITE;
/*!40000 ALTER TABLE `searchable_wall` DISABLE KEYS */;
/*!40000 ALTER TABLE `searchable_wall` ENABLE KEYS */;
UNLOCK TABLES;

--
-- Table structure for table `user`
--

DROP TABLE IF EXISTS `user`;
/*!40101 SET @saved_cs_client     = @@character_set_client */;
/*!40101 SET character_set_client = utf8 */;
CREATE TABLE `user` (
  `last_login` datetime NOT NULL DEFAULT '0000-00-00 00:00:00',
  `login_count` mediumint(8) unsigned NOT NULL DEFAULT '0',
  `password` varchar(128) NOT NULL DEFAULT 'f5d1278e8109edd94e1e4197e04873b9',
  `searchable_id` int(11) unsigned NOT NULL,
  `terms` enum('false','true') NOT NULL DEFAULT 'false',
  UNIQUE KEY `user_searchable_fk` (`searchable_id`),
  CONSTRAINT `user_searchable_fk` FOREIGN KEY (`searchable_id`) REFERENCES `searchable` (`id`)
) ENGINE=InnoDB DEFAULT CHARSET=utf8;
/*!40101 SET character_set_client = @saved_cs_client */;

--
-- Dumping data for table `user`
--

LOCK TABLES `user` WRITE;
/*!40000 ALTER TABLE `user` DISABLE KEYS */;
INSERT INTO `user` VALUES ('0000-00-00 00:00:00',0,'f5d1278e8109edd94e1e4197e04873b9',1,'false'),('2010-10-06 09:48:25',232,'098f6bcd4621d373cade4e832627b4f6',13,'true'),('2008-08-24 15:01:08',1,'f5d1278e8109edd94e1e4197e04873b9',16,'true'),('2007-12-04 02:37:56',23,'f5d1278e8109edd94e1e4197e04873b9',34,'true'),('2008-12-15 08:40:37',1,'16d7a4fca7442dda3ad93c9a726597e4',182,'true'),('2008-12-15 08:43:10',1,'16d7a4fca7442dda3ad93c9a726597e4',183,'true'),('2008-12-15 08:44:20',1,'16d7a4fca7442dda3ad93c9a726597e4',184,'true'),('2008-12-15 08:47:09',1,'16d7a4fca7442dda3ad93c9a726597e4',185,'false'),('2008-12-15 08:49:27',1,'16d7a4fca7442dda3ad93c9a726597e4',186,'false'),('2009-06-14 14:04:56',2,'7b6c6230976a0e833faabe5a8b9bceff',188,'true'),('2009-06-15 09:11:39',1,'16d7a4fca7442dda3ad93c9a726597e4',189,'true'),('2009-06-15 09:20:07',1,'16d7a4fca7442dda3ad93c9a726597e4',190,'true'),('2009-06-27 13:15:56',4,'16d7a4fca7442dda3ad93c9a726597e4',191,'true'),('2009-06-27 13:16:23',1,'16d7a4fca7442dda3ad93c9a726597e4',192,'false'),('2009-06-27 19:07:50',1,'16d7a4fca7442dda3ad93c9a726597e4',193,'true'),('2009-07-01 09:37:29',3,'16d7a4fca7442dda3ad93c9a726597e4',194,'false'),('2009-07-01 09:31:38',1,'16d7a4fca7442dda3ad93c9a726597e4',195,'false'),('2009-07-01 09:35:10',1,'16d7a4fca7442dda3ad93c9a726597e4',196,'false'),('2010-08-23 10:02:29',4,'098f6bcd4621d373cade4e832627b4f6',253,'false'),('2010-08-24 10:47:40',1,'098f6bcd4621d373cade4e832627b4f6',254,'false'),('2010-08-24 10:51:40',1,'098f6bcd4621d373cade4e832627b4f6',255,'false'),('2010-10-02 19:33:12',3,'f5d1278e8109edd94e1e4197e04873b9',258,'false');
/*!40000 ALTER TABLE `user` ENABLE KEYS */;
UNLOCK TABLES;
/*!40103 SET TIME_ZONE=@OLD_TIME_ZONE */;

/*!40101 SET SQL_MODE=@OLD_SQL_MODE */;
/*!40014 SET FOREIGN_KEY_CHECKS=@OLD_FOREIGN_KEY_CHECKS */;
/*!40014 SET UNIQUE_CHECKS=@OLD_UNIQUE_CHECKS */;
/*!40101 SET CHARACTER_SET_CLIENT=@OLD_CHARACTER_SET_CLIENT */;
/*!40101 SET CHARACTER_SET_RESULTS=@OLD_CHARACTER_SET_RESULTS */;
/*!40101 SET COLLATION_CONNECTION=@OLD_COLLATION_CONNECTION */;
/*!40111 SET SQL_NOTES=@OLD_SQL_NOTES */;

-- Dump completed on 2010-10-08  6:19:41
