-- phpMyAdmin SQL Dump
-- version 3.3.7
-- http://www.phpmyadmin.net
--
-- Host: mysql.mattsnider.com
-- Generation Time: Dec 18, 2010 at 05:48 PM
-- Server version: 5.1.39
-- PHP Version: 5.2.14

SET SQL_MODE="NO_AUTO_VALUE_ON_ZERO";


/*!40101 SET @OLD_CHARACTER_SET_CLIENT=@@CHARACTER_SET_CLIENT */;
/*!40101 SET @OLD_CHARACTER_SET_RESULTS=@@CHARACTER_SET_RESULTS */;
/*!40101 SET @OLD_COLLATION_CONNECTION=@@COLLATION_CONNECTION */;
/*!40101 SET NAMES utf8 */;

--
-- Database: `cameleon`
--

-- --------------------------------------------------------

--
-- Table structure for table `admin`
--

CREATE TABLE IF NOT EXISTS `admin` (
  `bg_custom` tinyint(1) unsigned NOT NULL DEFAULT '0',
  `bg_type` tinyint(1) unsigned NOT NULL DEFAULT '1',
  `created` timestamp NOT NULL DEFAULT '0000-00-00 00:00:00',
  `id` smallint(5) unsigned NOT NULL AUTO_INCREMENT,
  `color_bg` varchar(6) NOT NULL DEFAULT 'EFEFEF',
  `color_hd1` varchar(6) NOT NULL DEFAULT '830A04',
  `color_hd2` varchar(6) NOT NULL DEFAULT '040A83',
  `color_hd3` varchar(6) NOT NULL DEFAULT '040A83',
  `color_hd4` varchar(6) NOT NULL DEFAULT '040A83',
  `color_label` varchar(6) NOT NULL DEFAULT '999999',
  `color_link` varchar(6) NOT NULL DEFAULT '100099',
  `color_text` varchar(6) NOT NULL DEFAULT 'EFEFEF',
  `color_visited` varchar(6) NOT NULL DEFAULT '100099',
  `has_favicon` enum('false','true') NOT NULL DEFAULT 'false',
  `has_logo` enum('false','true') NOT NULL DEFAULT 'false',
  `modified` timestamp NOT NULL DEFAULT CURRENT_TIMESTAMP ON UPDATE CURRENT_TIMESTAMP,
  PRIMARY KEY (`id`)
) ENGINE=InnoDB  DEFAULT CHARSET=utf8 AUTO_INCREMENT=15 ;

--
-- Dumping data for table `admin`
--

INSERT INTO `admin` (`bg_custom`, `bg_type`, `created`, `id`, `color_bg`, `color_hd1`, `color_hd2`, `color_hd3`, `color_hd4`, `color_label`, `color_link`, `color_text`, `color_visited`, `has_favicon`, `has_logo`, `modified`) VALUES
(0, 1, '2008-09-14 13:14:03', 3, 'EFEFEF', '040A83', '040A83', '040A83', '830A04', '666666', '000099', '000000', '000099', 'false', 'false', '2008-09-14 13:14:03'),
(0, 1, '2008-09-14 16:33:27', 4, 'EFEFEF', '830A04', '040A83', '040A83', '830A04', '666666', '000099', '000000', '000099', 'false', 'false', '2008-09-14 16:33:27'),
(0, 1, '2008-09-14 16:36:25', 5, 'EFEFEF', '040A83', '040A83', '830A04', '830A04', '666666', '000099', '000000', '000099', 'false', 'false', '2008-09-14 16:36:25'),
(0, 1, '2008-09-14 16:58:58', 6, 'EFEFEF', '040A83', '040A83', '830A04', '830A04', '666666', '000099', '000000', '6464C7', 'false', 'false', '2008-09-14 17:03:38'),
(0, 1, '2008-09-14 16:59:10', 7, 'EFEFEF', '040A83', '040A83', '830A04', '830A04', '666666', '000099', '000000', '000099', 'false', 'false', '2008-09-15 21:35:39'),
(0, 2, '2008-09-15 21:15:03', 8, 'EFEFEF', '830A04', '040A83', '040A83', '040A83', '999999', '000099', 'EFEFEF', '000099', 'false', 'false', '2008-09-15 21:15:03'),
(0, 2, '2008-09-15 21:39:48', 9, 'EFEFEF', '040A83', '040A83', '830A04', '830A04', '666666', '000099', '000000', '000099', 'false', 'false', '2008-09-15 21:46:19'),
(0, 1, '2008-09-15 21:41:06', 10, 'EFEFEF', '040A83', '040A83', '830A04', '830A04', '666666', '000099', '000000', '000099', 'false', 'false', '2008-09-15 21:46:16'),
(0, 1, '2008-09-15 21:57:13', 11, 'EFEFEF', '040A83', '040A83', '830A04', '830A04', '666666', '000099', '000000', '000099', 'false', 'false', '2008-09-15 21:59:25'),
(0, 2, '2008-09-15 21:59:16', 12, 'EFEFEF', '040A83', '040A83', '830A04', '830A04', '666666', '000099', '000000', '000099', 'false', 'false', '2008-09-15 21:59:16'),
(0, 1, '2008-09-16 10:06:18', 13, 'EFEFEF', '040A83', '040A83', '830A04', '830A04', '666666', '100099', '000000', '000099', 'false', 'false', '2008-09-16 10:06:18'),
(0, 1, '2009-02-26 13:28:27', 14, 'F5EF9C', '990033', '000000', '830A04', '830A04', '666666', '000000', '000000', '000000', 'false', 'false', '2009-02-26 13:28:27');

-- --------------------------------------------------------

--
-- Table structure for table `db_migrations`
--

CREATE TABLE IF NOT EXISTS `db_migrations` (
  `id` mediumint(8) unsigned NOT NULL AUTO_INCREMENT,
  `execute_on` timestamp NOT NULL DEFAULT CURRENT_TIMESTAMP ON UPDATE CURRENT_TIMESTAMP,
  `script_name` varchar(60) NOT NULL,
  PRIMARY KEY (`id`)
) ENGINE=InnoDB  DEFAULT CHARSET=latin1 AUTO_INCREMENT=32 ;

--
-- Dumping data for table `db_migrations`
--

INSERT INTO `db_migrations` (`id`, `execute_on`, `script_name`) VALUES
(1, '2010-12-05 00:14:14', 'migrations/0001_add_private_to_profile_widget_field.sql');

-- --------------------------------------------------------

--
-- Table structure for table `dictionary_stem`
--

CREATE TABLE IF NOT EXISTS `dictionary_stem` (
  `id` int(11) unsigned NOT NULL AUTO_INCREMENT,
  `created` timestamp NOT NULL DEFAULT CURRENT_TIMESTAMP ON UPDATE CURRENT_TIMESTAMP,
  `stem` varchar(32) NOT NULL,
  PRIMARY KEY (`id`),
  UNIQUE KEY `dictionary_stem_unique` (`stem`),
  FULLTEXT KEY `dictionary_stem_ft` (`stem`)
) ENGINE=MyISAM  DEFAULT CHARSET=utf8 AUTO_INCREMENT=1931 ;

--
-- Dumping data for table `dictionary_stem`
--

INSERT INTO `dictionary_stem` (`id`, `created`, `stem`) VALUES
(1, '2009-05-31 10:34:00', 'resourc'),
(2, '2009-05-31 10:34:00', 'esource'),
(3, '2009-05-31 10:34:00', 'resour'),
(4, '2009-05-31 10:34:00', 'source'),
(5, '2009-05-31 10:34:00', 'resou'),
(6, '2009-05-31 10:34:00', 'ource'),
(7, '2009-05-31 10:34:00', 'reso'),
(8, '2009-05-31 10:34:00', 'urce'),
(9, '2009-05-31 10:34:00', 'vide'),
(10, '2009-05-31 10:34:00', 'ideo'),
(11, '2009-05-31 10:34:00', 'game'),
(12, '2009-05-31 10:34:00', 'ames'),
(13, '2009-05-31 10:34:00', 'bloggin'),
(14, '2009-05-31 10:34:00', 'logging'),
(15, '2009-05-31 10:34:00', 'bloggi'),
(16, '2009-05-31 10:34:00', 'ogging'),
(17, '2009-05-31 10:34:00', 'blogg'),
(18, '2009-05-31 10:34:00', 'gging'),
(19, '2009-05-31 10:34:00', 'blog'),
(20, '2009-05-31 10:34:00', 'ging'),
(21, '2009-05-31 10:34:00', 'backpackin'),
(22, '2009-05-31 10:34:00', 'ackpacking'),
(23, '2009-05-31 10:34:00', 'backpacki'),
(24, '2009-05-31 10:34:00', 'ckpacking'),
(25, '2009-05-31 10:34:00', 'backpack'),
(26, '2009-05-31 10:34:00', 'kpacking'),
(27, '2009-05-31 10:34:00', 'backpac'),
(28, '2009-05-31 10:34:00', 'packing'),
(29, '2009-05-31 10:34:00', 'backpa'),
(30, '2009-05-31 10:34:00', 'acking'),
(31, '2009-05-31 10:34:00', 'backp'),
(32, '2009-05-31 10:34:00', 'cking'),
(33, '2009-05-31 10:34:00', 'back'),
(34, '2009-05-31 10:34:00', 'king'),
(35, '2009-05-31 10:34:00', 'bicyclin'),
(36, '2009-05-31 10:34:00', 'icycling'),
(37, '2009-05-31 10:34:00', 'bicycli'),
(38, '2009-05-31 10:34:00', 'cycling'),
(39, '2009-05-31 10:34:00', 'bicycl'),
(40, '2009-05-31 10:34:00', 'ycling'),
(41, '2009-05-31 10:34:00', 'bicyc'),
(42, '2009-05-31 10:34:00', 'cling'),
(43, '2009-05-31 10:34:00', 'bicy'),
(44, '2009-05-31 10:34:00', 'ling'),
(45, '2009-05-31 10:34:00', 'anim'),
(46, '2009-05-31 10:34:00', 'nime'),
(47, '2009-05-31 10:34:00', 'mang'),
(48, '2009-05-31 10:34:00', 'anga'),
(49, '2009-05-31 10:34:00', 'readin'),
(50, '2009-05-31 10:34:00', 'eading'),
(51, '2009-05-31 10:34:00', 'readi'),
(52, '2009-05-31 10:34:00', 'ading'),
(53, '2009-05-31 10:34:00', 'read'),
(54, '2009-05-31 10:34:00', 'ding'),
(55, '2009-05-31 10:34:00', 'wome'),
(56, '2009-05-31 10:34:00', 'omen'),
(57, '2009-05-31 10:34:00', 'xhtm'),
(58, '2009-05-31 10:34:00', 'html'),
(59, '2009-05-31 10:34:00', 'javascrip'),
(60, '2009-05-31 10:34:00', 'avascript'),
(61, '2009-05-31 10:34:00', 'javascri'),
(62, '2009-05-31 10:34:00', 'vascript'),
(63, '2009-05-31 10:34:00', 'javascr'),
(64, '2009-05-31 10:34:00', 'ascript'),
(65, '2009-05-31 10:34:00', 'javasc'),
(66, '2009-05-31 10:34:00', 'script'),
(67, '2009-05-31 10:34:00', 'javas'),
(68, '2009-05-31 10:34:00', 'cript'),
(69, '2009-05-31 10:34:00', 'java'),
(70, '2009-05-31 10:34:00', 'ript'),
(71, '2009-05-31 10:34:00', 'godste'),
(72, '2009-05-31 10:34:00', 'odster'),
(73, '2009-05-31 10:34:00', 'godst'),
(74, '2009-05-31 10:34:00', 'dster'),
(75, '2009-05-31 10:34:00', 'gods'),
(76, '2009-05-31 10:34:00', 'ster'),
(77, '2009-05-31 10:34:00', 'pleasanto'),
(78, '2009-05-31 10:34:00', 'leasanton'),
(79, '2009-05-31 10:34:00', 'pleasant'),
(80, '2009-05-31 10:34:00', 'easanton'),
(81, '2009-05-31 10:34:00', 'pleasan'),
(82, '2009-05-31 10:34:00', 'asanton'),
(83, '2009-05-31 10:34:00', 'pleasa'),
(84, '2009-05-31 10:34:00', 'santon'),
(85, '2009-05-31 10:34:00', 'pleas'),
(86, '2009-05-31 10:34:00', 'anton'),
(87, '2009-05-31 10:34:00', 'plea'),
(88, '2009-05-31 10:34:00', 'nton'),
(89, '2009-05-31 10:34:00', 'californi'),
(90, '2009-05-31 10:34:00', 'alifornia'),
(91, '2009-05-31 10:34:00', 'californ'),
(92, '2009-05-31 10:34:00', 'lifornia'),
(93, '2009-05-31 10:34:00', 'califor'),
(94, '2009-05-31 10:34:00', 'ifornia'),
(95, '2009-05-31 10:34:00', 'califo'),
(96, '2009-05-31 10:34:00', 'fornia'),
(97, '2009-05-31 10:34:00', 'calif'),
(98, '2009-05-31 10:34:00', 'ornia'),
(99, '2009-05-31 10:34:00', 'cali'),
(100, '2009-05-31 10:34:00', 'rnia'),
(101, '2009-05-31 10:34:00', 'unite'),
(102, '2009-05-31 10:34:00', 'nited'),
(103, '2009-05-31 10:34:00', 'unit'),
(104, '2009-05-31 10:34:00', 'ited'),
(105, '2009-05-31 10:34:00', 'state'),
(106, '2009-05-31 10:34:00', 'tates'),
(107, '2009-05-31 10:34:00', 'stat'),
(108, '2009-05-31 10:34:00', 'ates'),
(109, '2009-05-31 10:34:00', 'applicatio'),
(110, '2009-05-31 10:34:00', 'pplication'),
(111, '2009-05-31 10:34:00', 'applicati'),
(112, '2009-05-31 10:34:00', 'plication'),
(113, '2009-05-31 10:34:00', 'applicat'),
(114, '2009-05-31 10:34:00', 'lication'),
(115, '2009-05-31 10:34:00', 'applica'),
(116, '2009-05-31 10:34:00', 'ication'),
(117, '2009-05-31 10:34:00', 'applic'),
(118, '2009-05-31 10:34:00', 'cation'),
(119, '2009-05-31 10:34:00', 'appli'),
(120, '2009-05-31 10:34:00', 'ation'),
(121, '2009-05-31 10:34:00', 'appl'),
(122, '2009-05-31 10:34:00', 'tion'),
(123, '2009-05-31 10:34:00', 'develope'),
(124, '2009-05-31 10:34:00', 'eveloper'),
(125, '2009-05-31 10:34:00', 'develop'),
(126, '2009-05-31 10:34:00', 'veloper'),
(127, '2009-05-31 10:34:00', 'develo'),
(128, '2009-05-31 10:34:00', 'eloper'),
(129, '2009-05-31 10:34:00', 'devel'),
(130, '2009-05-31 10:34:00', 'loper'),
(131, '2009-05-31 10:34:00', 'deve'),
(132, '2009-05-31 10:34:00', 'oper'),
(133, '2009-05-31 10:34:00', 'fron'),
(134, '2009-05-31 10:34:00', 'ront'),
(135, '2009-05-31 10:34:00', 'architec'),
(136, '2009-05-31 10:34:00', 'rchitect'),
(137, '2009-05-31 10:34:00', 'archite'),
(138, '2009-05-31 10:34:00', 'chitect'),
(139, '2009-05-31 10:34:00', 'archit'),
(140, '2009-05-31 10:34:00', 'hitect'),
(141, '2009-05-31 10:34:00', 'archi'),
(142, '2009-05-31 10:34:00', 'itect'),
(143, '2009-05-31 10:34:00', 'arch'),
(144, '2009-05-31 10:34:00', 'tect'),
(145, '2009-05-31 10:34:00', 'complet'),
(146, '2009-05-31 10:34:00', 'omplete'),
(147, '2009-05-31 10:34:00', 'comple'),
(148, '2009-05-31 10:34:00', 'mplete'),
(149, '2009-05-31 10:34:00', 'compl'),
(150, '2009-05-31 10:34:00', 'plete'),
(151, '2009-05-31 10:34:00', 'comp'),
(152, '2009-05-31 10:34:00', 'lete'),
(153, '2009-05-31 10:34:23', 'mattesnide'),
(154, '2009-05-31 10:34:23', 'attesnider'),
(155, '2009-05-31 10:34:23', 'mattesnid'),
(156, '2009-05-31 10:34:23', 'ttesnider'),
(157, '2009-05-31 10:34:23', 'mattesni'),
(158, '2009-05-31 10:34:23', 'tesnider'),
(159, '2009-05-31 10:34:23', 'mattesn'),
(160, '2009-05-31 10:34:23', 'esnider'),
(161, '2009-05-31 10:34:23', 'mattes'),
(162, '2009-05-31 10:34:23', 'snider'),
(163, '2009-05-31 10:34:23', 'matte'),
(164, '2009-05-31 10:34:23', 'nider'),
(165, '2009-05-31 10:34:23', 'matt'),
(166, '2009-05-31 10:34:23', 'ider'),
(167, '2009-05-31 10:34:23', 'gmai'),
(168, '2009-05-31 10:34:23', 'mail'),
(169, '2009-05-31 10:34:23', 'mattsnide'),
(170, '2009-05-31 10:34:23', 'attsnider'),
(171, '2009-05-31 10:34:23', 'mattsnid'),
(172, '2009-05-31 10:34:23', 'ttsnider'),
(173, '2009-05-31 10:34:23', 'mattsni'),
(174, '2009-05-31 10:34:23', 'tsnider'),
(175, '2009-05-31 10:34:23', 'mattsn'),
(176, '2009-05-31 10:34:23', 'matts'),
(177, '2009-05-31 10:34:23', 'tripper'),
(178, '2009-05-31 10:34:23', 'rippert'),
(179, '2009-05-31 10:34:23', 'trippe'),
(180, '2009-05-31 10:34:23', 'ippert'),
(181, '2009-05-31 10:34:23', 'tripp'),
(182, '2009-05-31 10:34:23', 'ppert'),
(183, '2009-05-31 10:34:23', 'trip'),
(184, '2009-05-31 10:34:23', 'pert'),
(185, '2009-05-31 10:34:23', 'gopherno'),
(186, '2009-05-31 10:34:23', 'ophernow'),
(187, '2009-05-31 10:34:23', 'gophern'),
(188, '2009-05-31 10:34:23', 'phernow'),
(189, '2009-05-31 10:34:23', 'gopher'),
(190, '2009-05-31 10:34:23', 'hernow'),
(191, '2009-05-31 10:34:23', 'gophe'),
(192, '2009-05-31 10:34:23', 'ernow'),
(193, '2009-05-31 10:34:23', 'goph'),
(194, '2009-05-31 10:34:23', 'rnow'),
(195, '2009-05-31 10:34:23', 'supos'),
(196, '2009-05-31 10:34:23', 'upost'),
(197, '2009-05-31 10:34:23', 'supo'),
(198, '2009-05-31 10:34:23', 'post'),
(199, '2009-05-31 10:34:47', 'chicag'),
(200, '2009-05-31 10:34:47', 'hicago'),
(201, '2009-05-31 10:34:47', 'chica'),
(202, '2009-05-31 10:34:47', 'icago'),
(203, '2009-05-31 10:34:47', 'chic'),
(204, '2009-05-31 10:34:47', 'cago'),
(205, '2009-05-31 10:34:47', 'pulcin'),
(206, '2009-05-31 10:34:47', 'ulcini'),
(207, '2009-05-31 10:34:47', 'pulci'),
(208, '2009-05-31 10:34:47', 'lcini'),
(209, '2009-05-31 10:34:47', 'pulc'),
(210, '2009-05-31 10:34:47', 'cini'),
(211, '2009-05-31 10:34:47', 'azzurr'),
(212, '2009-05-31 10:34:47', 'zzurri'),
(213, '2009-05-31 10:34:47', 'azzur'),
(214, '2009-05-31 10:34:47', 'zurri'),
(215, '2009-05-31 10:34:47', 'azzu'),
(216, '2009-05-31 10:34:47', 'urri'),
(217, '2009-05-31 10:34:47', 'countin'),
(218, '2009-05-31 10:34:47', 'ounting'),
(219, '2009-05-31 10:34:47', 'counti'),
(220, '2009-05-31 10:34:47', 'unting'),
(221, '2009-05-31 10:34:47', 'count'),
(222, '2009-05-31 10:34:47', 'nting'),
(223, '2009-05-31 10:34:47', 'coun'),
(224, '2009-05-31 10:34:47', 'ting'),
(225, '2009-05-31 10:34:47', 'tota'),
(226, '2009-05-31 10:34:47', 'otal'),
(227, '2009-05-31 10:34:47', 'norma'),
(228, '2009-05-31 10:34:47', 'ormal'),
(229, '2009-05-31 10:34:47', 'norm'),
(230, '2009-05-31 10:34:47', 'rmal'),
(231, '2009-05-31 10:34:47', 'finger'),
(232, '2009-05-31 10:34:47', 'ingers'),
(233, '2009-05-31 10:34:47', 'finge'),
(234, '2009-05-31 10:34:47', 'ngers'),
(235, '2009-05-31 10:34:47', 'fing'),
(236, '2009-05-31 10:34:47', 'gers'),
(237, '2009-05-31 10:34:47', 'illinoi'),
(238, '2009-05-31 10:34:47', 'llinois'),
(239, '2009-05-31 10:34:47', 'illino'),
(240, '2009-05-31 10:34:47', 'linois'),
(241, '2009-05-31 10:34:47', 'illin'),
(242, '2009-05-31 10:34:47', 'inois'),
(243, '2009-05-31 10:34:47', 'illi'),
(244, '2009-05-31 10:34:47', 'nois'),
(245, '2009-05-31 10:34:47', 'rover'),
(246, '2009-05-31 10:34:47', 'overs'),
(247, '2009-05-31 10:34:47', 'rove'),
(248, '2009-05-31 10:34:47', 'vers'),
(249, '2009-05-31 10:34:56', 'msjaasta'),
(250, '2009-05-31 10:34:56', 'sjaastad'),
(251, '2009-05-31 10:34:56', 'msjaast'),
(252, '2009-05-31 10:34:56', 'jaastad'),
(253, '2009-05-31 10:34:56', 'msjaas'),
(254, '2009-05-31 10:34:56', 'aastad'),
(255, '2009-05-31 10:34:56', 'msjaa'),
(256, '2009-05-31 10:34:56', 'astad'),
(257, '2009-05-31 10:34:56', 'msja'),
(258, '2009-05-31 10:34:56', 'stad'),
(259, '2009-05-31 10:34:56', 'comcas'),
(260, '2009-05-31 10:34:56', 'omcast'),
(261, '2009-05-31 10:34:56', 'comca'),
(262, '2009-05-31 10:34:56', 'mcast'),
(263, '2009-05-31 10:34:56', 'comc'),
(264, '2009-05-31 10:34:56', 'cast'),
(265, '2009-05-31 10:34:56', 'mackenzi'),
(266, '2009-05-31 10:34:56', 'ackenzie'),
(267, '2009-05-31 10:34:56', 'mackenz'),
(268, '2009-05-31 10:34:56', 'ckenzie'),
(269, '2009-05-31 10:34:56', 'macken'),
(270, '2009-05-31 10:34:56', 'kenzie'),
(271, '2009-05-31 10:34:56', 'macke'),
(272, '2009-05-31 10:34:56', 'enzie'),
(273, '2009-05-31 10:34:56', 'mack'),
(274, '2009-05-31 10:34:56', 'nzie'),
(275, '2009-05-31 10:34:56', 'driv'),
(276, '2009-05-31 10:34:56', 'rive'),
(277, '2009-05-31 10:34:56', 'sunnyval'),
(278, '2009-05-31 10:34:56', 'unnyvale'),
(279, '2009-05-31 10:34:56', 'sunnyva'),
(280, '2009-05-31 10:34:56', 'nnyvale'),
(281, '2009-05-31 10:34:56', 'sunnyv'),
(282, '2009-05-31 10:34:56', 'nyvale'),
(283, '2009-05-31 10:34:56', 'sunny'),
(284, '2009-05-31 10:34:56', 'yvale'),
(285, '2009-05-31 10:34:56', 'sunn'),
(286, '2009-05-31 10:34:56', 'vale'),
(287, '2009-05-31 10:34:56', 'rikasfriend'),
(288, '2009-05-31 10:34:56', 'ikasfriends'),
(289, '2009-05-31 10:34:56', 'rikasfrien'),
(290, '2009-05-31 10:34:56', 'kasfriends'),
(291, '2009-05-31 10:34:56', 'rikasfrie'),
(292, '2009-05-31 10:34:56', 'asfriends'),
(293, '2009-05-31 10:34:56', 'rikasfri'),
(294, '2009-05-31 10:34:56', 'sfriends'),
(295, '2009-05-31 10:34:56', 'rikasfr'),
(296, '2009-05-31 10:34:56', 'friends'),
(297, '2009-05-31 10:34:56', 'rikasf'),
(298, '2009-05-31 10:34:56', 'riends'),
(299, '2009-05-31 10:34:56', 'rikas'),
(300, '2009-05-31 10:34:56', 'iends'),
(301, '2009-05-31 10:34:56', 'rika'),
(302, '2009-05-31 10:34:56', 'ends'),
(303, '2009-06-11 16:38:33', 'testin'),
(304, '2009-06-11 16:38:33', 'esting'),
(305, '2009-06-11 16:38:33', 'testi'),
(306, '2009-06-11 16:38:33', 'sting'),
(307, '2009-06-11 16:38:33', 'test'),
(308, '2009-06-11 16:38:33', 'sport'),
(309, '2009-06-11 16:38:33', 'ports'),
(310, '2009-06-11 16:38:33', 'spor'),
(311, '2009-06-11 16:38:33', 'orts'),
(312, '2009-06-11 16:38:33', 'recreatio'),
(313, '2009-06-11 16:38:33', 'ecreation'),
(314, '2009-06-11 16:38:33', 'recreati'),
(315, '2009-06-11 16:38:33', 'creation'),
(316, '2009-06-11 16:38:33', 'recreat'),
(317, '2009-06-11 16:38:33', 'reation'),
(318, '2009-06-11 16:38:33', 'recrea'),
(319, '2009-06-11 16:38:33', 'eation'),
(320, '2009-06-11 16:38:33', 'recre'),
(321, '2009-06-11 16:38:33', 'recr'),
(322, '2009-06-11 16:38:58', 'trtyert'),
(323, '2009-06-11 16:38:58', 'rtyerty'),
(324, '2009-06-11 16:38:58', 'trtyer'),
(325, '2009-06-11 16:38:58', 'tyerty'),
(326, '2009-06-11 16:38:58', 'trtye'),
(327, '2009-06-11 16:38:58', 'yerty'),
(328, '2009-06-11 16:38:58', 'trty'),
(329, '2009-06-11 16:38:58', 'erty'),
(330, '2009-06-11 16:41:12', 'ches'),
(331, '2009-06-11 16:41:12', 'hess'),
(332, '2009-06-11 16:41:12', 'academi'),
(333, '2009-06-11 16:41:12', 'cademic'),
(334, '2009-06-11 16:41:12', 'academ'),
(335, '2009-06-11 16:41:12', 'ademic'),
(336, '2009-06-11 16:41:12', 'acade'),
(337, '2009-06-11 16:41:12', 'demic'),
(338, '2009-06-11 16:41:12', 'acad'),
(339, '2009-06-11 16:41:12', 'emic'),
(340, '2009-06-11 16:48:06', 'sjaasta'),
(341, '2009-06-11 16:48:06', 'sjaast'),
(342, '2009-06-11 16:48:06', 'sjaas'),
(343, '2009-06-11 16:48:06', 'sjaa'),
(344, '2009-06-11 16:48:06', 'divisio'),
(345, '2009-06-11 16:48:06', 'ivision'),
(346, '2009-06-11 16:48:06', 'divisi'),
(347, '2009-06-11 16:48:06', 'vision'),
(348, '2009-06-11 16:48:06', 'divis'),
(349, '2009-06-11 16:48:06', 'ision'),
(350, '2009-06-11 16:48:06', 'divi'),
(351, '2009-06-11 16:48:06', 'sion'),
(352, '2009-06-11 16:48:06', 'winnin'),
(353, '2009-06-11 16:48:06', 'inning'),
(354, '2009-06-11 16:48:06', 'winni'),
(355, '2009-06-11 16:48:06', 'nning'),
(356, '2009-06-11 16:48:06', 'winn'),
(357, '2009-06-11 16:48:06', 'ning'),
(358, '2009-06-11 17:19:56', 'modif'),
(359, '2009-06-11 17:19:56', 'odify'),
(360, '2009-06-11 17:19:56', 'modi'),
(361, '2009-06-11 17:19:56', 'dify'),
(362, '2009-06-11 17:19:56', 'administrato'),
(363, '2009-06-11 17:19:56', 'dministrator'),
(364, '2009-06-11 17:19:56', 'administrat'),
(365, '2009-06-11 17:19:56', 'ministrator'),
(366, '2009-06-11 17:19:56', 'administra'),
(367, '2009-06-11 17:19:56', 'inistrator'),
(368, '2009-06-11 17:19:56', 'administr'),
(369, '2009-06-11 17:19:56', 'nistrator'),
(370, '2009-06-11 17:19:56', 'administ'),
(371, '2009-06-11 17:19:56', 'istrator'),
(372, '2009-06-11 17:19:56', 'adminis'),
(373, '2009-06-11 17:19:56', 'strator'),
(374, '2009-06-11 17:19:56', 'admini'),
(375, '2009-06-11 17:19:56', 'trator'),
(376, '2009-06-11 17:19:56', 'admin'),
(377, '2009-06-11 17:19:56', 'rator'),
(378, '2009-06-11 17:19:56', 'admi'),
(379, '2009-06-11 17:19:56', 'ator'),
(380, '2009-06-11 17:20:54', 'gool'),
(381, '2009-06-11 17:20:54', 'ools'),
(382, '2009-06-11 17:20:54', 'work'),
(383, '2009-06-11 17:20:54', 'orks'),
(384, '2009-06-11 17:20:54', 'countrie'),
(385, '2009-06-11 17:20:54', 'ountries'),
(386, '2009-06-11 17:20:54', 'countri'),
(387, '2009-06-11 17:20:54', 'untries'),
(388, '2009-06-11 17:20:54', 'countr'),
(389, '2009-06-11 17:20:54', 'ntries'),
(390, '2009-06-11 17:20:54', 'tries'),
(391, '2009-06-11 17:20:54', 'ries'),
(392, '2009-06-15 08:18:42', 'sant'),
(393, '2009-06-15 08:18:42', 'anta'),
(394, '2009-06-27 15:03:12', 'robbi'),
(395, '2009-06-27 15:03:12', 'obbin'),
(396, '2009-06-27 15:03:12', 'robb'),
(397, '2009-06-27 15:03:12', 'bbin'),
(398, '2009-06-27 15:03:12', 'parro'),
(399, '2009-06-27 15:03:12', 'arrot'),
(400, '2009-06-27 15:03:12', 'parr'),
(401, '2009-06-27 15:03:12', 'rrot'),
(402, '2009-07-06 07:37:28', 'femal'),
(403, '2009-07-06 07:37:28', 'emale'),
(404, '2009-07-06 07:37:28', 'fema'),
(405, '2009-07-06 07:37:28', 'male'),
(406, '2009-07-06 07:37:28', 'washingto'),
(407, '2009-07-06 07:37:28', 'ashington'),
(408, '2009-07-06 07:37:28', 'washingt'),
(409, '2009-07-06 07:37:28', 'shington'),
(410, '2009-07-06 07:37:28', 'washing'),
(411, '2009-07-06 07:37:28', 'hington'),
(412, '2009-07-06 07:37:28', 'washin'),
(413, '2009-07-06 07:37:28', 'ington'),
(414, '2009-07-06 07:37:28', 'washi'),
(415, '2009-07-06 07:37:28', 'ngton'),
(416, '2009-07-06 07:37:28', 'wash'),
(417, '2009-07-06 07:37:28', 'gton'),
(418, '2009-07-06 07:37:28', 'fashio'),
(419, '2009-07-06 07:37:28', 'ashion'),
(420, '2009-07-06 07:37:28', 'fashi'),
(421, '2009-07-06 07:37:28', 'shion'),
(422, '2009-07-06 07:37:28', 'fash'),
(423, '2009-07-06 07:37:28', 'hion'),
(424, '2009-07-06 07:37:28', 'mode'),
(425, '2009-07-06 07:37:28', 'odel'),
(426, '2009-07-10 19:00:40', 'earl'),
(427, '2009-07-10 19:00:40', 'arly'),
(428, '2009-07-10 19:00:40', 'horizon'),
(429, '2009-07-10 19:00:40', 'orizons'),
(430, '2009-07-10 19:00:40', 'horizo'),
(431, '2009-07-10 19:00:40', 'rizons'),
(432, '2009-07-10 19:00:40', 'horiz'),
(433, '2009-07-10 19:00:40', 'izons'),
(434, '2009-07-10 19:00:40', 'hori'),
(435, '2009-07-10 19:00:40', 'zons'),
(436, '2009-07-10 19:00:40', 'daycar'),
(437, '2009-07-10 19:00:40', 'aycare'),
(438, '2009-07-10 19:00:40', 'dayca'),
(439, '2009-07-10 19:00:40', 'ycare'),
(440, '2009-07-10 19:00:40', 'dayc'),
(441, '2009-07-10 19:00:40', 'care'),
(442, '2009-07-16 11:49:23', 'stanfor'),
(443, '2009-07-16 11:49:23', 'tanford'),
(444, '2009-07-16 11:49:23', 'stanfo'),
(445, '2009-07-16 11:49:23', 'anford'),
(446, '2009-07-16 11:49:23', 'stanf'),
(447, '2009-07-16 11:49:23', 'nford'),
(448, '2009-07-16 11:49:23', 'stan'),
(449, '2009-07-16 11:49:23', 'ford'),
(450, '2009-07-16 11:49:23', 'jame'),
(451, '2009-07-16 11:49:23', 'physiolog'),
(452, '2009-07-16 11:49:23', 'hysiology'),
(453, '2009-07-16 11:49:23', 'physiolo'),
(454, '2009-07-16 11:49:23', 'ysiology'),
(455, '2009-07-16 11:49:23', 'physiol'),
(456, '2009-07-16 11:49:23', 'siology'),
(457, '2009-07-16 11:49:23', 'physio'),
(458, '2009-07-16 11:49:23', 'iology'),
(459, '2009-07-16 11:49:23', 'physi'),
(460, '2009-07-16 11:49:23', 'ology'),
(461, '2009-07-16 11:49:23', 'phys'),
(462, '2009-07-16 11:49:23', 'logy'),
(463, '2009-07-16 11:49:23', 'davi'),
(464, '2009-07-16 11:49:23', 'avis'),
(465, '2009-07-16 11:49:23', 'graduat'),
(466, '2009-07-16 11:49:23', 'raduate'),
(467, '2009-07-16 11:49:23', 'gradua'),
(468, '2009-07-16 11:49:23', 'aduate'),
(469, '2009-07-16 11:49:23', 'gradu'),
(470, '2009-07-16 11:49:23', 'duate'),
(471, '2009-07-16 11:49:23', 'grad'),
(472, '2009-07-16 11:49:23', 'uate'),
(473, '2009-07-16 11:49:23', 'berkele'),
(474, '2009-07-16 11:49:23', 'erkeley'),
(475, '2009-07-16 11:49:23', 'berkel'),
(476, '2009-07-16 11:49:23', 'rkeley'),
(477, '2009-07-16 11:49:23', 'berke'),
(478, '2009-07-16 11:49:23', 'keley'),
(479, '2009-07-16 11:49:23', 'berk'),
(480, '2009-07-16 11:49:23', 'eley'),
(481, '2009-07-16 11:49:23', 'universit'),
(482, '2009-07-16 11:49:23', 'niversity'),
(483, '2009-07-16 11:49:23', 'universi'),
(484, '2009-07-16 11:49:23', 'iversity'),
(485, '2009-07-16 11:49:23', 'univers'),
(486, '2009-07-16 11:49:23', 'versity'),
(487, '2009-07-16 11:49:23', 'univer'),
(488, '2009-07-16 11:49:23', 'ersity'),
(489, '2009-07-16 11:49:23', 'unive'),
(490, '2009-07-16 11:49:23', 'rsity'),
(491, '2009-07-16 11:49:23', 'univ'),
(492, '2009-07-16 11:49:23', 'sity'),
(493, '2009-07-16 11:49:23', 'nelso'),
(494, '2009-07-16 11:49:23', 'elson'),
(495, '2009-07-16 11:49:23', 'nels'),
(496, '2009-07-16 11:49:23', 'lson'),
(497, '2009-07-16 11:53:04', 'supe'),
(498, '2009-07-16 11:53:04', 'uper'),
(499, '2009-07-16 11:57:01', 'pilate'),
(500, '2009-07-16 11:57:01', 'ilates'),
(501, '2009-07-16 11:57:01', 'pilat'),
(502, '2009-07-16 11:57:01', 'lates'),
(503, '2009-07-16 11:57:01', 'pila'),
(504, '2009-07-16 11:57:01', 'cookin'),
(505, '2009-07-16 11:57:01', 'ooking'),
(506, '2009-07-16 11:57:01', 'cooki'),
(507, '2009-07-16 11:57:01', 'oking'),
(508, '2009-07-16 11:57:01', 'cook'),
(509, '2009-07-16 12:09:21', 'team'),
(510, '2009-07-16 12:09:21', 'eams'),
(511, '2009-07-16 12:10:47', 'weekl'),
(512, '2009-07-16 12:10:47', 'eekly'),
(513, '2009-07-16 12:10:47', 'week'),
(514, '2009-07-16 12:10:47', 'ekly'),
(515, '2009-07-20 07:18:07', 'user'),
(516, '2009-07-20 07:18:07', 'sers'),
(517, '2009-07-20 07:18:07', 'commo'),
(518, '2009-07-20 07:18:07', 'ommon'),
(519, '2009-07-20 07:18:07', 'comm'),
(520, '2009-07-20 07:18:07', 'mmon'),
(521, '2009-07-20 07:18:07', 'interes'),
(522, '2009-07-20 07:18:07', 'nterest'),
(523, '2009-07-20 07:18:07', 'intere'),
(524, '2009-07-20 07:18:07', 'terest'),
(525, '2009-07-20 07:18:07', 'inter'),
(526, '2009-07-20 07:18:07', 'erest'),
(527, '2009-07-20 07:18:07', 'inte'),
(528, '2009-07-20 07:18:07', 'rest'),
(529, '2009-07-20 07:18:07', 'password'),
(530, '2009-07-20 07:18:07', 'asswords'),
(531, '2009-07-20 07:18:07', 'passwor'),
(532, '2009-07-20 07:18:07', 'sswords'),
(533, '2009-07-20 07:18:07', 'passwo'),
(534, '2009-07-20 07:18:07', 'swords'),
(535, '2009-07-20 07:18:07', 'passw'),
(536, '2009-07-20 07:18:07', 'words'),
(537, '2009-07-20 07:18:07', 'pass'),
(538, '2009-07-20 07:18:07', 'ords'),
(539, '2009-07-22 23:15:47', 'widge'),
(540, '2009-07-22 23:15:47', 'idget'),
(541, '2009-07-22 23:15:47', 'widg'),
(542, '2009-07-22 23:15:47', 'dget'),
(543, '2009-07-22 23:27:22', 'keepin'),
(544, '2009-07-22 23:27:22', 'eeping'),
(545, '2009-07-22 23:27:22', 'keepi'),
(546, '2009-07-22 23:27:22', 'eping'),
(547, '2009-07-22 23:27:22', 'keep'),
(548, '2009-07-22 23:27:22', 'ping'),
(549, '2009-07-22 23:27:22', 'versio'),
(550, '2009-07-22 23:27:22', 'ersion'),
(551, '2009-07-22 23:27:22', 'versi'),
(552, '2009-07-22 23:27:22', 'rsion'),
(553, '2009-07-22 23:27:22', 'mile'),
(554, '2009-07-22 23:27:22', 'iles'),
(555, '2009-07-25 17:40:47', 'unversit'),
(556, '2009-07-25 17:40:47', 'nversity'),
(557, '2009-07-25 17:40:47', 'unversi'),
(558, '2009-07-25 17:40:47', 'unvers'),
(559, '2009-07-25 17:40:47', 'unver'),
(560, '2009-07-25 17:40:47', 'unve'),
(561, '2009-07-25 17:40:47', 'barbar'),
(562, '2009-07-25 17:40:47', 'arbara'),
(563, '2009-07-25 17:40:47', 'barba'),
(564, '2009-07-25 17:40:47', 'rbara'),
(565, '2009-07-25 17:40:47', 'barb'),
(566, '2009-07-25 17:40:47', 'bara'),
(567, '2009-07-25 17:40:47', 'undergra'),
(568, '2009-07-25 17:40:47', 'ndergrad'),
(569, '2009-07-25 17:40:47', 'undergr'),
(570, '2009-07-25 17:40:47', 'dergrad'),
(571, '2009-07-25 17:40:47', 'underg'),
(572, '2009-07-25 17:40:47', 'ergrad'),
(573, '2009-07-25 17:40:47', 'under'),
(574, '2009-07-25 17:40:47', 'rgrad'),
(575, '2009-07-25 17:40:47', 'unde'),
(576, '2009-07-25 17:40:47', 'compute'),
(577, '2009-07-25 17:40:47', 'omputer'),
(578, '2009-07-25 17:40:47', 'comput'),
(579, '2009-07-25 17:40:47', 'mputer'),
(580, '2009-07-25 17:40:47', 'compu'),
(581, '2009-07-25 17:40:47', 'puter'),
(582, '2009-07-25 17:40:47', 'uter'),
(583, '2009-07-25 17:40:47', 'scienc'),
(584, '2009-07-25 17:40:47', 'cience'),
(585, '2009-07-25 17:40:47', 'scien'),
(586, '2009-07-25 17:40:47', 'ience'),
(587, '2009-07-25 17:40:47', 'scie'),
(588, '2009-07-25 17:40:47', 'ence'),
(589, '2009-07-25 17:40:47', 'engineerin'),
(590, '2009-07-25 17:40:47', 'ngineering'),
(591, '2009-07-25 17:40:47', 'engineeri'),
(592, '2009-07-25 17:40:47', 'gineering'),
(593, '2009-07-25 17:40:47', 'engineer'),
(594, '2009-07-25 17:40:47', 'ineering'),
(595, '2009-07-25 17:40:47', 'enginee'),
(596, '2009-07-25 17:40:47', 'neering'),
(597, '2009-07-25 17:40:47', 'engine'),
(598, '2009-07-25 17:40:47', 'eering'),
(599, '2009-07-25 17:40:47', 'engin'),
(600, '2009-07-25 17:40:47', 'ering'),
(601, '2009-07-25 17:40:47', 'engi'),
(602, '2009-07-25 17:40:47', 'ring'),
(603, '2009-07-25 18:45:07', 'valle'),
(604, '2009-07-25 18:45:07', 'alley'),
(605, '2009-07-25 18:45:07', 'vall'),
(606, '2009-07-25 18:45:07', 'lley'),
(607, '2009-07-25 18:49:07', 'replcemn'),
(608, '2009-07-25 18:49:07', 'eplcemnt'),
(609, '2009-07-25 18:49:07', 'replcem'),
(610, '2009-07-25 18:49:07', 'plcemnt'),
(611, '2009-07-25 18:49:07', 'replce'),
(612, '2009-07-25 18:49:07', 'lcemnt'),
(613, '2009-07-25 18:49:07', 'replc'),
(614, '2009-07-25 18:49:07', 'cemnt'),
(615, '2009-07-25 18:49:07', 'repl'),
(616, '2009-07-25 18:49:07', 'emnt'),
(617, '2009-07-25 18:49:07', 'socce'),
(618, '2009-07-25 18:49:07', 'occer'),
(619, '2009-07-25 18:49:07', 'socc'),
(620, '2009-07-25 18:49:07', 'ccer'),
(621, '2009-07-25 18:49:07', 'azzuur'),
(622, '2009-07-25 18:49:07', 'zzuuri'),
(623, '2009-07-25 18:49:07', 'azzuu'),
(624, '2009-07-25 18:49:07', 'zuuri'),
(625, '2009-07-25 18:49:07', 'uuri'),
(626, '2009-07-25 18:49:07', 'shou'),
(627, '2009-07-25 18:49:07', 'houl'),
(628, '2009-07-25 18:49:07', 'sallo'),
(629, '2009-07-25 18:49:07', 'allow'),
(630, '2009-07-25 18:49:07', 'sall'),
(631, '2009-07-25 18:49:07', 'llow'),
(632, '2009-07-25 18:49:07', 'dropdow'),
(633, '2009-07-25 18:49:07', 'ropdown'),
(634, '2009-07-25 18:49:07', 'dropdo'),
(635, '2009-07-25 18:49:07', 'opdown'),
(636, '2009-07-25 18:49:07', 'dropd'),
(637, '2009-07-25 18:49:07', 'pdown'),
(638, '2009-07-25 18:49:07', 'drop'),
(639, '2009-07-25 18:49:07', 'down'),
(640, '2009-07-25 19:07:23', 'flushin'),
(641, '2009-07-25 19:07:23', 'lushing'),
(642, '2009-07-25 19:07:23', 'flushi'),
(643, '2009-07-25 19:07:23', 'ushing'),
(644, '2009-07-25 19:07:23', 'flush'),
(645, '2009-07-25 19:07:23', 'shing'),
(646, '2009-07-25 19:07:23', 'flus'),
(647, '2009-07-25 19:07:23', 'hing'),
(648, '2009-07-25 19:07:23', 'makin'),
(649, '2009-07-25 19:07:23', 'aking'),
(650, '2009-07-25 19:07:23', 'maki'),
(651, '2009-07-25 19:07:23', 'thing'),
(652, '2009-07-25 19:07:23', 'hings'),
(653, '2009-07-25 19:07:23', 'thin'),
(654, '2009-07-25 19:07:23', 'ings'),
(655, '2009-07-28 18:15:09', 'brun'),
(656, '2009-07-28 18:15:09', 'runo'),
(657, '2009-08-13 18:43:45', 'seattl'),
(658, '2009-08-13 18:43:45', 'eattle'),
(659, '2009-08-13 18:43:45', 'seatt'),
(660, '2009-08-13 18:43:45', 'attle'),
(661, '2009-08-13 18:43:45', 'seat'),
(662, '2009-08-13 18:43:45', 'ttle'),
(663, '2009-08-13 20:07:54', 'supemode'),
(664, '2009-08-13 20:07:54', 'upemodel'),
(665, '2009-08-13 20:07:54', 'supemod'),
(666, '2009-08-13 20:07:54', 'pemodel'),
(667, '2009-08-13 20:07:54', 'supemo'),
(668, '2009-08-13 20:07:54', 'emodel'),
(669, '2009-08-13 20:07:54', 'supem'),
(670, '2009-08-13 20:07:54', 'model'),
(671, '2009-08-13 20:07:54', 'mothe'),
(672, '2009-08-13 20:07:54', 'other'),
(673, '2009-08-13 20:07:54', 'moth'),
(674, '2009-08-13 20:07:54', 'ther'),
(675, '2009-08-13 20:07:54', 'comin'),
(676, '2009-08-13 20:07:54', 'oming'),
(677, '2009-08-13 20:07:54', 'comi'),
(678, '2009-08-13 20:07:54', 'ming'),
(679, '2009-08-13 20:07:54', 'odels'),
(680, '2009-08-13 20:07:54', 'dels'),
(681, '2009-08-13 20:07:54', 'azurr'),
(682, '2009-08-13 20:07:54', 'azur'),
(683, '2009-08-14 02:09:33', 'professionall'),
(684, '2009-08-14 02:09:33', 'rofessionally'),
(685, '2009-08-14 02:09:33', 'professional'),
(686, '2009-08-14 02:09:33', 'ofessionally'),
(687, '2009-08-14 02:09:33', 'professiona'),
(688, '2009-08-14 02:09:33', 'fessionally'),
(689, '2009-08-14 02:09:33', 'profession'),
(690, '2009-08-14 02:09:33', 'essionally'),
(691, '2009-08-14 02:09:33', 'professio'),
(692, '2009-08-14 02:09:33', 'ssionally'),
(693, '2009-08-14 02:09:33', 'professi'),
(694, '2009-08-14 02:09:33', 'sionally'),
(695, '2009-08-14 02:09:33', 'profess'),
(696, '2009-08-14 02:09:33', 'ionally'),
(697, '2009-08-14 02:09:33', 'profes'),
(698, '2009-08-14 02:09:33', 'onally'),
(699, '2009-08-14 02:09:33', 'profe'),
(700, '2009-08-14 02:09:33', 'nally'),
(701, '2009-08-14 02:09:33', 'prof'),
(702, '2009-08-14 02:09:33', 'ally'),
(703, '2009-08-14 02:09:33', 'basketbal'),
(704, '2009-08-14 02:09:33', 'asketball'),
(705, '2009-08-14 02:09:33', 'basketba'),
(706, '2009-08-14 02:09:33', 'sketball'),
(707, '2009-08-14 02:09:33', 'basketb'),
(708, '2009-08-14 02:09:33', 'ketball'),
(709, '2009-08-14 02:09:33', 'basket'),
(710, '2009-08-14 02:09:33', 'etball'),
(711, '2009-08-14 02:09:33', 'baske'),
(712, '2009-08-14 02:09:33', 'tball'),
(713, '2009-08-14 02:09:33', 'bask'),
(714, '2009-08-14 02:09:33', 'ball'),
(715, '2009-08-14 02:10:39', 'fiel'),
(716, '2009-08-14 02:10:39', 'ield'),
(717, '2009-08-17 14:35:38', 'eagle'),
(718, '2009-08-17 14:35:38', 'agles'),
(719, '2009-08-17 14:35:38', 'eagl'),
(720, '2009-08-17 14:35:38', 'gles'),
(721, '2009-08-17 14:35:38', 'existin'),
(722, '2009-08-17 14:35:38', 'xisting'),
(723, '2009-08-17 14:35:38', 'existi'),
(724, '2009-08-17 14:35:38', 'isting'),
(725, '2009-08-17 14:35:38', 'exist'),
(726, '2009-08-17 14:35:38', 'exis'),
(727, '2009-08-17 14:35:38', 'group'),
(728, '2009-08-17 14:35:38', 'roups'),
(729, '2009-08-17 14:35:38', 'grou'),
(730, '2009-08-17 14:35:38', 'oups'),
(731, '2009-08-17 14:36:01', 'petsfriendsunnyval'),
(732, '2009-08-17 14:36:01', 'etsfriendsunnyvale'),
(733, '2009-08-17 14:36:01', 'petsfriendsunnyva'),
(734, '2009-08-17 14:36:01', 'tsfriendsunnyvale'),
(735, '2009-08-17 14:36:01', 'petsfriendsunnyv'),
(736, '2009-08-17 14:36:01', 'sfriendsunnyvale'),
(737, '2009-08-17 14:36:01', 'petsfriendsunny'),
(738, '2009-08-17 14:36:01', 'friendsunnyvale'),
(739, '2009-08-17 14:36:01', 'petsfriendsunn'),
(740, '2009-08-17 14:36:01', 'riendsunnyvale'),
(741, '2009-08-17 14:36:01', 'petsfriendsun'),
(742, '2009-08-17 14:36:01', 'iendsunnyvale'),
(743, '2009-08-17 14:36:01', 'petsfriendsu'),
(744, '2009-08-17 14:36:01', 'endsunnyvale'),
(745, '2009-08-17 14:36:01', 'petsfriends'),
(746, '2009-08-17 14:36:01', 'ndsunnyvale'),
(747, '2009-08-17 14:36:01', 'petsfriend'),
(748, '2009-08-17 14:36:01', 'dsunnyvale'),
(749, '2009-08-17 14:36:01', 'petsfrien'),
(750, '2009-08-17 14:36:01', 'sunnyvale'),
(751, '2009-08-17 14:36:01', 'petsfrie'),
(752, '2009-08-17 14:36:01', 'petsfri'),
(753, '2009-08-17 14:36:01', 'petsfr'),
(754, '2009-08-17 14:36:01', 'petsf'),
(755, '2009-08-17 14:36:01', 'pets'),
(756, '2009-08-25 17:06:24', 'stoppe'),
(757, '2009-08-25 17:06:24', 'topper'),
(758, '2009-08-25 17:06:24', 'stopp'),
(759, '2009-08-25 17:06:24', 'opper'),
(760, '2009-08-25 17:06:24', 'stop'),
(761, '2009-08-25 17:06:24', 'pper'),
(762, '2009-08-25 17:06:24', 'forwar'),
(763, '2009-08-25 17:06:24', 'orward'),
(764, '2009-08-25 17:06:24', 'forwa'),
(765, '2009-08-25 17:06:24', 'rward'),
(766, '2009-08-25 17:06:24', 'forw'),
(767, '2009-08-25 17:06:24', 'ward'),
(768, '2009-08-26 12:24:49', 'defende'),
(769, '2009-08-26 12:24:49', 'efender'),
(770, '2009-08-26 12:24:49', 'defend'),
(771, '2009-08-26 12:24:49', 'fender'),
(772, '2009-08-26 12:24:49', 'defen'),
(773, '2009-08-26 12:24:49', 'ender'),
(774, '2009-08-26 12:24:49', 'defe'),
(775, '2009-08-26 12:24:49', 'nder'),
(776, '2009-08-26 12:24:49', 'keepe'),
(777, '2009-08-26 12:24:49', 'eeper'),
(778, '2009-08-27 17:11:11', 'intermediat'),
(779, '2009-08-27 17:11:11', 'ntermediate'),
(780, '2009-08-27 17:11:11', 'intermedia'),
(781, '2009-08-27 17:11:11', 'termediate'),
(782, '2009-08-27 17:11:11', 'intermedi'),
(783, '2009-08-27 17:11:11', 'ermediate'),
(784, '2009-08-27 17:11:11', 'intermed'),
(785, '2009-08-27 17:11:11', 'rmediate'),
(786, '2009-08-27 17:11:11', 'interme'),
(787, '2009-08-27 17:11:11', 'mediate'),
(788, '2009-08-27 17:11:11', 'interm'),
(789, '2009-08-27 17:11:11', 'ediate'),
(790, '2009-08-27 17:11:11', 'diate'),
(791, '2009-08-27 17:11:11', 'iate'),
(792, '2009-08-27 17:11:11', 'midfiel'),
(793, '2009-08-27 17:11:11', 'idfield'),
(794, '2009-08-27 17:11:11', 'midfie'),
(795, '2009-08-27 17:11:11', 'dfield'),
(796, '2009-08-27 17:11:11', 'midfi'),
(797, '2009-08-27 17:11:11', 'field'),
(798, '2009-08-27 17:11:11', 'midf'),
(799, '2009-08-28 06:34:50', 'analytica'),
(800, '2009-08-28 06:34:50', 'nalytical'),
(801, '2009-08-28 06:34:50', 'analytic'),
(802, '2009-08-28 06:34:50', 'alytical'),
(803, '2009-08-28 06:34:50', 'analyti'),
(804, '2009-08-28 06:34:50', 'lytical'),
(805, '2009-08-28 06:34:50', 'analyt'),
(806, '2009-08-28 06:34:50', 'ytical'),
(807, '2009-08-28 06:34:50', 'analy'),
(808, '2009-08-28 06:34:50', 'tical'),
(809, '2009-08-28 06:34:50', 'anal'),
(810, '2009-08-28 06:34:50', 'ical'),
(811, '2009-08-28 06:34:50', 'star'),
(812, '2009-08-28 06:34:50', 'tart'),
(813, '2009-08-28 06:34:50', 'emai'),
(814, '2009-08-28 06:34:50', 'technolog'),
(815, '2009-08-28 06:34:50', 'echnology'),
(816, '2009-08-28 06:34:50', 'technolo'),
(817, '2009-08-28 06:34:50', 'chnology'),
(818, '2009-08-28 06:34:50', 'technol'),
(819, '2009-08-28 06:34:50', 'hnology'),
(820, '2009-08-28 06:34:50', 'techno'),
(821, '2009-08-28 06:34:50', 'nology'),
(822, '2009-08-28 06:34:50', 'techn'),
(823, '2009-08-28 06:34:50', 'tech'),
(824, '2009-08-28 06:34:50', 'marketin'),
(825, '2009-08-28 06:34:50', 'arketing'),
(826, '2009-08-28 06:34:50', 'marketi'),
(827, '2009-08-28 06:34:50', 'rketing'),
(828, '2009-08-28 06:34:50', 'market'),
(829, '2009-08-28 06:34:50', 'keting'),
(830, '2009-08-28 06:34:50', 'marke'),
(831, '2009-08-28 06:34:50', 'eting'),
(832, '2009-08-28 06:34:50', 'mark'),
(833, '2009-08-28 06:34:50', 'directo'),
(834, '2009-08-28 06:34:50', 'irector'),
(835, '2009-08-28 06:34:50', 'direct'),
(836, '2009-08-28 06:34:50', 'rector'),
(837, '2009-08-28 06:34:50', 'direc'),
(838, '2009-08-28 06:34:50', 'ector'),
(839, '2009-08-28 06:34:50', 'dire'),
(840, '2009-08-28 06:34:50', 'ctor'),
(841, '2009-08-28 06:34:50', 'siliconvalleysocce'),
(842, '2009-08-28 06:34:50', 'iliconvalleysoccer'),
(843, '2009-08-28 06:34:50', 'siliconvalleysocc'),
(844, '2009-08-28 06:34:50', 'liconvalleysoccer'),
(845, '2009-08-28 06:34:50', 'siliconvalleysoc'),
(846, '2009-08-28 06:34:50', 'iconvalleysoccer'),
(847, '2009-08-28 06:34:50', 'siliconvalleyso'),
(848, '2009-08-28 06:34:50', 'convalleysoccer'),
(849, '2009-08-28 06:34:50', 'siliconvalleys'),
(850, '2009-08-28 06:34:50', 'onvalleysoccer'),
(851, '2009-08-28 06:34:50', 'siliconvalley'),
(852, '2009-08-28 06:34:50', 'nvalleysoccer'),
(853, '2009-08-28 06:34:50', 'siliconvalle'),
(854, '2009-08-28 06:34:50', 'valleysoccer'),
(855, '2009-08-28 06:34:50', 'siliconvall'),
(856, '2009-08-28 06:34:50', 'alleysoccer'),
(857, '2009-08-28 06:34:50', 'siliconval'),
(858, '2009-08-28 06:34:50', 'lleysoccer'),
(859, '2009-08-28 06:34:50', 'siliconva'),
(860, '2009-08-28 06:34:50', 'leysoccer'),
(861, '2009-08-28 06:34:50', 'siliconv'),
(862, '2009-08-28 06:34:50', 'eysoccer'),
(863, '2009-08-28 06:34:50', 'silicon'),
(864, '2009-08-28 06:34:50', 'ysoccer'),
(865, '2009-08-28 06:34:50', 'silico'),
(866, '2009-08-28 06:34:50', 'soccer'),
(867, '2009-08-28 06:34:50', 'silic'),
(868, '2009-08-28 06:34:50', 'sili'),
(869, '2009-08-28 06:34:50', 'bioscienc'),
(870, '2009-08-28 06:34:50', 'ioscience'),
(871, '2009-08-28 06:34:50', 'bioscien'),
(872, '2009-08-28 06:34:50', 'oscience'),
(873, '2009-08-28 06:34:50', 'bioscie'),
(874, '2009-08-28 06:34:50', 'science'),
(875, '2009-08-28 06:34:50', 'biosci'),
(876, '2009-08-28 06:34:50', 'biosc'),
(877, '2009-08-28 06:34:50', 'bios'),
(878, '2009-08-28 06:34:50', 'vitr'),
(879, '2009-08-28 06:34:50', 'itra'),
(880, '2009-08-28 06:34:50', 'technologie'),
(881, '2009-08-28 06:34:50', 'echnologies'),
(882, '2009-08-28 06:34:50', 'technologi'),
(883, '2009-08-28 06:34:50', 'chnologies'),
(884, '2009-08-28 06:34:50', 'hnologies'),
(885, '2009-08-28 06:34:50', 'nologies'),
(886, '2009-08-28 06:34:50', 'ologies'),
(887, '2009-08-28 06:34:50', 'logies'),
(888, '2009-08-28 06:34:50', 'ogies'),
(889, '2009-08-28 06:34:50', 'gies'),
(890, '2009-08-28 06:34:50', 'biotechnolog'),
(891, '2009-08-28 06:34:50', 'iotechnology'),
(892, '2009-08-28 06:34:50', 'biotechnolo'),
(893, '2009-08-28 06:34:50', 'otechnology'),
(894, '2009-08-28 06:34:50', 'biotechnol'),
(895, '2009-08-28 06:34:50', 'technology'),
(896, '2009-08-28 06:34:50', 'biotechno'),
(897, '2009-08-28 06:34:50', 'biotechn'),
(898, '2009-08-28 06:34:50', 'biotech'),
(899, '2009-08-28 06:34:50', 'biotec'),
(900, '2009-08-28 06:34:50', 'biote'),
(901, '2009-08-28 06:34:50', 'biot'),
(902, '2009-08-30 13:38:59', 'cente'),
(903, '2009-08-30 13:38:59', 'enter'),
(904, '2009-08-30 13:38:59', 'cent'),
(905, '2009-08-30 13:38:59', 'nter'),
(906, '2009-08-30 14:47:00', 'nigh'),
(907, '2009-08-30 14:47:00', 'ight'),
(908, '2009-08-30 14:47:00', 'saturday'),
(909, '2009-08-30 14:47:00', 'aturdays'),
(910, '2009-08-30 14:47:00', 'saturda'),
(911, '2009-08-30 14:47:00', 'turdays'),
(912, '2009-08-30 14:47:00', 'saturd'),
(913, '2009-08-30 14:47:00', 'urdays'),
(914, '2009-08-30 14:47:00', 'satur'),
(915, '2009-08-30 14:47:00', 'rdays'),
(916, '2009-08-30 14:47:00', 'satu'),
(917, '2009-08-30 14:47:00', 'days'),
(918, '2009-08-30 14:49:54', 'bease'),
(919, '2009-08-30 14:49:54', 'easeu'),
(920, '2009-08-30 14:49:54', 'beas'),
(921, '2009-08-30 14:49:54', 'aseu'),
(922, '2009-08-30 14:49:54', 'pulcinc'),
(923, '2009-08-30 14:49:54', 'ulcinci'),
(924, '2009-08-30 14:49:54', 'lcinci'),
(925, '2009-08-30 14:49:54', 'cinci'),
(926, '2009-08-30 14:49:54', 'inci'),
(927, '2009-08-30 14:49:54', 'sorenese'),
(928, '2009-08-30 14:49:54', 'orenesen'),
(929, '2009-08-30 14:49:54', 'sorenes'),
(930, '2009-08-30 14:49:54', 'renesen'),
(931, '2009-08-30 14:49:54', 'sorene'),
(932, '2009-08-30 14:49:54', 'enesen'),
(933, '2009-08-30 14:49:54', 'soren'),
(934, '2009-08-30 14:49:54', 'nesen'),
(935, '2009-08-30 14:49:54', 'sore'),
(936, '2009-08-30 14:49:54', 'esen'),
(937, '2009-08-30 14:51:32', 'sorense'),
(938, '2009-08-30 14:51:32', 'orensen'),
(939, '2009-08-30 14:51:32', 'sorens'),
(940, '2009-08-30 14:51:32', 'rensen'),
(941, '2009-08-30 14:51:32', 'ensen'),
(942, '2009-08-30 14:51:32', 'nsen'),
(943, '2009-08-30 14:52:10', 'geek'),
(944, '2009-08-30 14:52:10', 'eeky'),
(945, '2009-08-30 14:52:10', 'airplane'),
(946, '2009-08-30 14:52:10', 'irplanes'),
(947, '2009-08-30 14:52:10', 'airplan'),
(948, '2009-08-30 14:52:10', 'rplanes'),
(949, '2009-08-30 14:52:10', 'airpla'),
(950, '2009-08-30 14:52:10', 'planes'),
(951, '2009-08-30 14:52:10', 'airpl'),
(952, '2009-08-30 14:52:10', 'lanes'),
(953, '2009-08-30 14:52:10', 'airp'),
(954, '2009-08-30 14:52:10', 'anes'),
(955, '2009-08-30 14:52:10', 'helicopter'),
(956, '2009-08-30 14:52:10', 'elicopters'),
(957, '2009-08-30 14:52:10', 'helicopte'),
(958, '2009-08-30 14:52:10', 'licopters'),
(959, '2009-08-30 14:52:10', 'helicopt'),
(960, '2009-08-30 14:52:10', 'icopters'),
(961, '2009-08-30 14:52:10', 'helicop'),
(962, '2009-08-30 14:52:10', 'copters'),
(963, '2009-08-30 14:52:10', 'helico'),
(964, '2009-08-30 14:52:10', 'opters'),
(965, '2009-08-30 14:52:10', 'helic'),
(966, '2009-08-30 14:52:10', 'pters'),
(967, '2009-08-30 14:52:10', 'heli'),
(968, '2009-08-30 14:52:10', 'ters'),
(969, '2009-08-30 14:52:10', 'talkin'),
(970, '2009-08-30 14:52:10', 'alking'),
(971, '2009-08-30 14:52:10', 'talki'),
(972, '2009-08-30 14:52:10', 'lking'),
(973, '2009-08-30 14:52:10', 'talk'),
(974, '2009-08-31 00:08:14', 'advance'),
(975, '2009-08-31 00:08:14', 'dvanced'),
(976, '2009-08-31 00:08:14', 'advanc'),
(977, '2009-08-31 00:08:14', 'vanced'),
(978, '2009-08-31 00:08:14', 'advan'),
(979, '2009-08-31 00:08:14', 'anced'),
(980, '2009-08-31 00:08:14', 'adva'),
(981, '2009-08-31 00:08:14', 'nced'),
(982, '2009-08-31 00:08:14', 'defens'),
(983, '2009-08-31 00:08:14', 'efense'),
(984, '2009-08-31 00:08:14', 'fense'),
(985, '2009-08-31 00:08:14', 'ense'),
(986, '2009-08-31 00:08:14', 'tuesda'),
(987, '2009-08-31 00:08:14', 'uesday'),
(988, '2009-08-31 00:08:14', 'tuesd'),
(989, '2009-08-31 00:08:14', 'esday'),
(990, '2009-08-31 00:08:14', 'tues'),
(991, '2009-08-31 00:08:14', 'sday'),
(992, '2009-08-31 00:08:14', 'wednesda'),
(993, '2009-08-31 00:08:14', 'ednesday'),
(994, '2009-08-31 00:08:14', 'wednesd'),
(995, '2009-08-31 00:08:14', 'dnesday'),
(996, '2009-08-31 00:08:14', 'wednes'),
(997, '2009-08-31 00:08:14', 'nesday'),
(998, '2009-08-31 00:08:14', 'wedne'),
(999, '2009-08-31 00:08:14', 'wedn'),
(1000, '2009-08-31 09:37:19', 'bergenfiel'),
(1001, '2009-08-31 09:37:19', 'ergenfield'),
(1002, '2009-08-31 09:37:19', 'bergenfie'),
(1003, '2009-08-31 09:37:19', 'rgenfield'),
(1004, '2009-08-31 09:37:19', 'bergenfi'),
(1005, '2009-08-31 09:37:19', 'genfield'),
(1006, '2009-08-31 09:37:19', 'bergenf'),
(1007, '2009-08-31 09:37:19', 'enfield'),
(1008, '2009-08-31 09:37:19', 'bergen'),
(1009, '2009-08-31 09:37:19', 'nfield'),
(1010, '2009-08-31 09:37:19', 'berge'),
(1011, '2009-08-31 09:37:19', 'berg'),
(1012, '2009-08-31 09:38:03', 'jerse'),
(1013, '2009-08-31 09:38:03', 'ersey'),
(1014, '2009-08-31 09:38:03', 'jers'),
(1015, '2009-08-31 09:38:03', 'rsey'),
(1016, '2009-08-31 09:38:03', 'zzuri'),
(1017, '2009-08-31 09:38:03', 'zuri'),
(1018, '2009-08-31 09:45:35', 'pizz'),
(1019, '2009-08-31 09:45:35', 'izza'),
(1020, '2009-08-31 09:47:54', 'henit'),
(1021, '2009-08-31 09:47:54', 'enitz'),
(1022, '2009-08-31 09:47:54', 'heni'),
(1023, '2009-08-31 09:47:54', 'nitz'),
(1024, '2009-08-31 09:47:54', 'yaho'),
(1025, '2009-08-31 09:47:54', 'ahoo'),
(1026, '2009-08-31 09:48:15', 'colleg'),
(1027, '2009-08-31 09:48:15', 'ollege'),
(1028, '2009-08-31 09:48:15', 'colle'),
(1029, '2009-08-31 09:48:15', 'llege'),
(1030, '2009-08-31 09:48:15', 'coll'),
(1031, '2009-08-31 09:48:15', 'lege'),
(1032, '2009-08-31 13:22:24', 'becasu'),
(1033, '2009-08-31 13:22:24', 'ecasue'),
(1034, '2009-08-31 13:22:24', 'becas'),
(1035, '2009-08-31 13:22:24', 'casue'),
(1036, '2009-08-31 13:22:24', 'beca'),
(1037, '2009-08-31 13:22:24', 'asue'),
(1038, '2009-09-10 17:55:57', 'pordenon'),
(1039, '2009-09-10 17:55:57', 'ordenone'),
(1040, '2009-09-10 17:55:57', 'pordeno'),
(1041, '2009-09-10 17:55:57', 'rdenone'),
(1042, '2009-09-10 17:55:57', 'porden'),
(1043, '2009-09-10 17:55:57', 'denone'),
(1044, '2009-09-10 17:55:57', 'porde'),
(1045, '2009-09-10 17:55:57', 'enone'),
(1046, '2009-09-10 17:55:57', 'pord'),
(1047, '2009-09-10 17:55:57', 'none'),
(1048, '2009-09-10 17:55:57', 'ital'),
(1049, '2009-09-10 17:55:57', 'taly'),
(1050, '2009-09-10 17:55:57', 'basher'),
(1051, '2009-09-10 17:55:57', 'ashers'),
(1052, '2009-09-10 17:55:57', 'bashe'),
(1053, '2009-09-10 17:55:57', 'shers'),
(1054, '2009-09-10 17:55:57', 'bash'),
(1055, '2009-09-10 17:55:57', 'hers'),
(1056, '2009-09-10 17:56:23', 'ventur'),
(1057, '2009-09-10 17:56:23', 'entura'),
(1058, '2009-09-10 17:56:23', 'ventu'),
(1059, '2009-09-10 17:56:23', 'ntura'),
(1060, '2009-09-10 17:56:23', 'vent'),
(1061, '2009-09-10 17:56:23', 'tura'),
(1062, '2009-09-10 17:56:23', 'fran'),
(1063, '2009-09-10 17:56:23', 'ranc'),
(1064, '2009-09-10 17:57:52', 'tate'),
(1065, '2009-09-10 17:57:52', 'psycholog'),
(1066, '2009-09-10 17:57:52', 'sychology'),
(1067, '2009-09-10 17:57:52', 'psycholo'),
(1068, '2009-09-10 17:57:52', 'ychology'),
(1069, '2009-09-10 17:57:52', 'psychol'),
(1070, '2009-09-10 17:57:52', 'chology'),
(1071, '2009-09-10 17:57:52', 'psycho'),
(1072, '2009-09-10 17:57:52', 'hology'),
(1073, '2009-09-10 17:57:52', 'psych'),
(1074, '2009-09-10 17:57:52', 'psyc'),
(1075, '2009-09-10 17:57:52', 'balli'),
(1076, '2009-09-10 17:57:52', 'allin'),
(1077, '2009-09-10 17:57:52', 'llin'),
(1078, '2009-09-10 17:57:52', 'outt'),
(1079, '2009-09-10 17:57:52', 'utta'),
(1080, '2009-09-10 17:57:52', 'contro'),
(1081, '2009-09-10 17:57:52', 'ontrol'),
(1082, '2009-09-10 17:57:52', 'contr'),
(1083, '2009-09-10 17:57:52', 'ntrol'),
(1084, '2009-09-10 17:57:52', 'cont'),
(1085, '2009-09-10 17:57:52', 'trol'),
(1086, '2009-09-12 17:57:19', 'beginne'),
(1087, '2009-09-12 17:57:19', 'eginner'),
(1088, '2009-09-12 17:57:19', 'beginn'),
(1089, '2009-09-12 17:57:19', 'ginner'),
(1090, '2009-09-12 17:57:19', 'begin'),
(1091, '2009-09-12 17:57:19', 'inner'),
(1092, '2009-09-12 17:57:19', 'begi'),
(1093, '2009-09-12 17:57:19', 'nner'),
(1094, '2009-09-12 17:57:19', 'monda'),
(1095, '2009-09-12 17:57:19', 'onday'),
(1096, '2009-09-12 17:57:19', 'mond'),
(1097, '2009-09-12 17:57:19', 'nday'),
(1098, '2009-09-12 18:01:00', 'burgerglo'),
(1099, '2009-09-12 18:01:00', 'urgerglob'),
(1100, '2009-09-12 18:01:00', 'burgergl'),
(1101, '2009-09-12 18:01:00', 'rgerglob'),
(1102, '2009-09-12 18:01:00', 'burgerg'),
(1103, '2009-09-12 18:01:00', 'gerglob'),
(1104, '2009-09-12 18:01:00', 'burger'),
(1105, '2009-09-12 18:01:00', 'erglob'),
(1106, '2009-09-12 18:01:00', 'burge'),
(1107, '2009-09-12 18:01:00', 'rglob'),
(1108, '2009-09-12 18:01:00', 'burg'),
(1109, '2009-09-12 18:01:00', 'glob'),
(1110, '2009-09-12 18:01:00', 'yugoslavi'),
(1111, '2009-09-12 18:01:00', 'ugoslavia'),
(1112, '2009-09-12 18:01:00', 'yugoslav'),
(1113, '2009-09-12 18:01:00', 'goslavia'),
(1114, '2009-09-12 18:01:00', 'yugosla'),
(1115, '2009-09-12 18:01:00', 'oslavia'),
(1116, '2009-09-12 18:01:00', 'yugosl'),
(1117, '2009-09-12 18:01:00', 'slavia'),
(1118, '2009-09-12 18:01:00', 'yugos'),
(1119, '2009-09-12 18:01:00', 'lavia'),
(1120, '2009-09-12 18:01:00', 'yugo'),
(1121, '2009-09-12 18:01:00', 'avia'),
(1122, '2009-09-15 14:44:37', 'aarhu'),
(1123, '2009-09-15 14:44:37', 'arhus'),
(1124, '2009-09-15 14:44:37', 'aarh'),
(1125, '2009-09-15 14:44:37', 'rhus'),
(1126, '2009-09-15 14:47:10', 'frien'),
(1127, '2009-09-15 14:47:10', 'riend'),
(1128, '2009-09-15 14:47:10', 'frie'),
(1129, '2009-09-15 14:47:10', 'iend'),
(1130, '2009-09-15 14:47:10', 'anima'),
(1131, '2009-09-15 14:47:10', 'nimal'),
(1132, '2009-09-15 14:47:10', 'imal'),
(1133, '2009-09-15 14:47:10', 'clini'),
(1134, '2009-09-15 14:47:10', 'linic'),
(1135, '2009-09-15 14:47:10', 'clin'),
(1136, '2009-09-15 14:47:10', 'inic'),
(1137, '2009-09-15 14:47:10', 'owne'),
(1138, '2009-09-15 14:47:10', 'wner'),
(1139, '2009-09-15 14:47:10', 'healthcar'),
(1140, '2009-09-15 14:47:10', 'ealthcare'),
(1141, '2009-09-15 14:47:10', 'healthca'),
(1142, '2009-09-15 14:47:10', 'althcare'),
(1143, '2009-09-15 14:47:10', 'healthc'),
(1144, '2009-09-15 14:47:10', 'lthcare'),
(1145, '2009-09-15 14:47:10', 'health'),
(1146, '2009-09-15 14:47:10', 'thcare'),
(1147, '2009-09-15 14:47:10', 'healt'),
(1148, '2009-09-15 14:47:10', 'hcare'),
(1149, '2009-09-15 14:47:10', 'heal'),
(1150, '2009-09-15 14:47:10', 'veterinar'),
(1151, '2009-09-15 14:47:10', 'eterinary'),
(1152, '2009-09-15 14:47:10', 'veterina'),
(1153, '2009-09-15 14:47:10', 'terinary'),
(1154, '2009-09-15 14:47:10', 'veterin'),
(1155, '2009-09-15 14:47:10', 'erinary'),
(1156, '2009-09-15 14:47:10', 'veteri'),
(1157, '2009-09-15 14:47:10', 'rinary'),
(1158, '2009-09-15 14:47:10', 'veter'),
(1159, '2009-09-15 14:47:10', 'inary'),
(1160, '2009-09-15 14:47:10', 'vete'),
(1161, '2009-09-15 14:47:10', 'nary'),
(1162, '2009-10-03 16:08:51', 'cupertin'),
(1163, '2009-10-03 16:08:51', 'upertino'),
(1164, '2009-10-03 16:08:51', 'cuperti'),
(1165, '2009-10-03 16:08:51', 'pertino'),
(1166, '2009-10-03 16:08:51', 'cupert'),
(1167, '2009-10-03 16:08:51', 'ertino'),
(1168, '2009-10-03 16:08:51', 'cuper'),
(1169, '2009-10-03 16:08:51', 'rtino'),
(1170, '2009-10-03 16:08:51', 'cupe'),
(1171, '2009-10-03 16:08:51', 'tino'),
(1172, '2009-10-03 16:08:51', 'coor'),
(1173, '2009-10-03 16:08:51', 'oors'),
(1174, '2009-10-03 16:08:51', 'bikin'),
(1175, '2009-10-03 16:08:51', 'iking'),
(1176, '2009-10-03 16:08:51', 'biki'),
(1177, '2009-10-03 16:08:51', 'hikin'),
(1178, '2009-10-03 16:08:51', 'hiki'),
(1179, '2009-10-03 16:08:51', 'footbal'),
(1180, '2009-10-03 16:08:51', 'ootball'),
(1181, '2009-10-03 16:08:51', 'footba'),
(1182, '2009-10-03 16:08:51', 'otball'),
(1183, '2009-10-03 16:08:51', 'footb'),
(1184, '2009-10-03 16:08:51', 'foot'),
(1185, '2009-10-03 16:08:51', 'watchin'),
(1186, '2009-10-03 16:08:51', 'atching'),
(1187, '2009-10-03 16:08:51', 'watchi'),
(1188, '2009-10-03 16:08:51', 'tching'),
(1189, '2009-10-03 16:08:51', 'watch'),
(1190, '2009-10-03 16:08:51', 'ching'),
(1191, '2009-10-03 16:08:51', 'watc'),
(1192, '2009-10-03 16:08:51', 'futbo'),
(1193, '2009-10-03 16:08:51', 'utbol'),
(1194, '2009-10-03 16:08:51', 'futb'),
(1195, '2009-10-03 16:08:51', 'tbol'),
(1196, '2009-10-03 16:08:51', 'calle'),
(1197, '2009-10-03 16:08:51', 'alled'),
(1198, '2009-10-03 16:08:51', 'call'),
(1199, '2009-10-03 16:08:51', 'lled'),
(1200, '2009-10-03 16:08:51', 'name'),
(1201, '2009-10-03 16:08:51', 'amed'),
(1202, '2009-10-03 16:08:51', 'youn'),
(1203, '2009-10-03 16:08:51', 'oung'),
(1204, '2009-10-03 16:08:51', 'card'),
(1205, '2009-10-03 16:08:51', 'ards'),
(1206, '2009-10-03 16:08:51', 'yello'),
(1207, '2009-10-03 16:08:51', 'ellow'),
(1208, '2009-10-03 16:08:51', 'yell'),
(1209, '2009-10-03 16:08:51', 'ligh'),
(1210, '2009-12-05 20:50:49', 'frida'),
(1211, '2009-12-05 20:50:49', 'riday'),
(1212, '2009-12-05 20:50:49', 'frid'),
(1213, '2009-12-05 20:50:49', 'iday'),
(1214, '2009-12-06 16:45:23', 'ioiijiu'),
(1215, '2009-12-06 16:45:23', 'oiijiuj'),
(1216, '2009-12-06 16:45:23', 'ioiiji'),
(1217, '2009-12-06 16:45:23', 'iijiuj'),
(1218, '2009-12-06 16:45:23', 'ioiij'),
(1219, '2009-12-06 16:45:23', 'ijiuj'),
(1220, '2009-12-06 16:45:23', 'ioii'),
(1221, '2009-12-06 16:45:23', 'jiuj'),
(1222, '2009-12-06 16:56:13', 'peninsulasoccerleagu'),
(1223, '2009-12-06 16:56:13', 'eninsulasoccerleague'),
(1224, '2009-12-06 16:56:13', 'peninsulasoccerleag'),
(1225, '2009-12-06 16:56:13', 'ninsulasoccerleague'),
(1226, '2009-12-06 16:56:13', 'peninsulasoccerlea'),
(1227, '2009-12-06 16:56:13', 'insulasoccerleague'),
(1228, '2009-12-06 16:56:13', 'peninsulasoccerle'),
(1229, '2009-12-06 16:56:13', 'nsulasoccerleague'),
(1230, '2009-12-06 16:56:13', 'peninsulasoccerl'),
(1231, '2009-12-06 16:56:13', 'sulasoccerleague'),
(1232, '2009-12-06 16:56:13', 'peninsulasoccer'),
(1233, '2009-12-06 16:56:13', 'ulasoccerleague'),
(1234, '2009-12-06 16:56:13', 'peninsulasocce'),
(1235, '2009-12-06 16:56:13', 'lasoccerleague'),
(1236, '2009-12-06 16:56:13', 'peninsulasocc'),
(1237, '2009-12-06 16:56:13', 'asoccerleague'),
(1238, '2009-12-06 16:56:13', 'peninsulasoc'),
(1239, '2009-12-06 16:56:13', 'soccerleague'),
(1240, '2009-12-06 16:56:13', 'peninsulaso'),
(1241, '2009-12-06 16:56:13', 'occerleague'),
(1242, '2009-12-06 16:56:13', 'peninsulas'),
(1243, '2009-12-06 16:56:13', 'ccerleague'),
(1244, '2009-12-06 16:56:13', 'peninsula'),
(1245, '2009-12-06 16:56:13', 'cerleague'),
(1246, '2009-12-06 16:56:13', 'peninsul'),
(1247, '2009-12-06 16:56:13', 'erleague'),
(1248, '2009-12-06 16:56:13', 'peninsu'),
(1249, '2009-12-06 16:56:13', 'rleague'),
(1250, '2009-12-06 16:56:13', 'penins'),
(1251, '2009-12-06 16:56:13', 'league'),
(1252, '2009-12-06 16:56:13', 'penin'),
(1253, '2009-12-06 16:56:13', 'eague'),
(1254, '2009-12-06 16:56:13', 'peni'),
(1255, '2009-12-06 16:56:13', 'ague'),
(1256, '2009-12-06 16:56:13', 'sche'),
(1257, '2009-12-06 16:56:13', 'ched'),
(1258, '2009-12-06 17:02:37', 'paima'),
(1259, '2009-12-06 17:02:37', 'aiman'),
(1260, '2009-12-06 17:02:37', 'paim'),
(1261, '2009-12-06 17:02:37', 'iman'),
(1262, '2009-12-24 10:06:12', 'leagu'),
(1263, '2009-12-24 10:06:12', 'leag'),
(1264, '2009-12-24 10:06:12', 'coed_winter_200'),
(1265, '2009-12-24 10:06:12', 'oed_winter_2009'),
(1266, '2009-12-24 10:06:12', 'coed_winter_20'),
(1267, '2009-12-24 10:06:12', 'ed_winter_2009'),
(1268, '2009-12-24 10:06:12', 'coed_winter_2'),
(1269, '2009-12-24 10:06:12', 'd_winter_2009'),
(1270, '2009-12-24 10:06:12', 'coed_winter_'),
(1271, '2009-12-24 10:06:12', '_winter_2009'),
(1272, '2009-12-24 10:06:12', 'coed_winter'),
(1273, '2009-12-24 10:06:12', 'winter_2009'),
(1274, '2009-12-24 10:06:12', 'coed_winte'),
(1275, '2009-12-24 10:06:12', 'inter_2009'),
(1276, '2009-12-24 10:06:12', 'coed_wint'),
(1277, '2009-12-24 10:06:12', 'nter_2009'),
(1278, '2009-12-24 10:06:12', 'coed_win'),
(1279, '2009-12-24 10:06:12', 'ter_2009'),
(1280, '2009-12-24 10:06:12', 'coed_wi'),
(1281, '2009-12-24 10:06:12', 'er_2009'),
(1282, '2009-12-24 10:06:12', 'coed_w'),
(1283, '2009-12-24 10:06:12', 'r_2009'),
(1284, '2009-12-24 10:06:12', 'coed_'),
(1285, '2009-12-24 10:06:12', '_2009'),
(1286, '2009-12-24 10:06:12', 'coed'),
(1287, '2009-12-24 10:06:12', '2009'),
(1288, '2009-12-24 10:06:12', 'bytea'),
(1289, '2009-12-24 10:06:12', 'yteam'),
(1290, '2009-12-24 10:06:12', 'byte'),
(1291, '2009-12-24 10:06:23', 'team_i'),
(1292, '2009-12-24 10:06:23', 'eam_id'),
(1293, '2009-12-24 10:06:23', 'team_'),
(1294, '2009-12-24 10:06:23', 'am_id'),
(1295, '2009-12-24 10:06:23', 'm_id'),
(1296, '2009-12-24 10:17:27', 'premie'),
(1297, '2009-12-24 10:17:27', 'remier'),
(1298, '2009-12-24 10:17:27', 'premi'),
(1299, '2009-12-24 10:17:27', 'emier'),
(1300, '2009-12-24 10:17:27', 'prem');
INSERT INTO `dictionary_stem` (`id`, `created`, `stem`) VALUES
(1301, '2009-12-24 10:17:27', 'mier'),
(1302, '2009-12-24 10:43:35', 'fwetgr'),
(1303, '2009-12-24 10:43:35', 'wetgrf'),
(1304, '2009-12-24 10:43:35', 'fwetg'),
(1305, '2009-12-24 10:43:35', 'etgrf'),
(1306, '2009-12-24 10:43:35', 'fwet'),
(1307, '2009-12-24 10:43:35', 'tgrf'),
(1308, '2009-12-24 10:44:28', 'summe'),
(1309, '2009-12-24 10:44:28', 'ummer'),
(1310, '2009-12-24 10:44:28', 'summ'),
(1311, '2009-12-24 10:44:28', 'mmer'),
(1312, '2009-12-29 16:29:47', 'friendl'),
(1313, '2009-12-29 16:29:47', 'riendly'),
(1314, '2009-12-29 16:29:47', 'friend'),
(1315, '2009-12-29 16:29:47', 'iendly'),
(1316, '2009-12-29 16:29:47', 'endly'),
(1317, '2009-12-29 16:29:47', 'ndly'),
(1318, '2009-12-29 16:29:47', 'roup'),
(1319, '2009-12-29 16:29:47', 'prie'),
(1320, '2009-12-29 16:29:47', 'competitiv'),
(1321, '2009-12-29 16:29:47', 'ompetitive'),
(1322, '2009-12-29 16:29:47', 'competiti'),
(1323, '2009-12-29 16:29:47', 'mpetitive'),
(1324, '2009-12-29 16:29:47', 'competit'),
(1325, '2009-12-29 16:29:47', 'petitive'),
(1326, '2009-12-29 16:29:47', 'competi'),
(1327, '2009-12-29 16:29:47', 'etitive'),
(1328, '2009-12-29 16:29:47', 'compet'),
(1329, '2009-12-29 16:29:47', 'titive'),
(1330, '2009-12-29 16:29:47', 'compe'),
(1331, '2009-12-29 16:29:47', 'itive'),
(1332, '2009-12-29 16:29:47', 'tive'),
(1333, '2009-12-29 16:29:47', 'chea'),
(1334, '2009-12-29 16:29:47', 'heap'),
(1335, '2009-12-29 16:29:47', 'hack'),
(1336, '2009-12-29 16:29:47', 'acks'),
(1337, '2009-12-29 16:29:47', 'destro'),
(1338, '2009-12-29 16:29:47', 'estroy'),
(1339, '2009-12-29 16:29:47', 'destr'),
(1340, '2009-12-29 16:29:47', 'stroy'),
(1341, '2009-12-29 16:29:47', 'dest'),
(1342, '2009-12-29 16:29:47', 'troy'),
(1343, '2009-12-29 16:46:02', 'implementatio'),
(1344, '2009-12-29 16:46:02', 'mplementation'),
(1345, '2009-12-29 16:46:02', 'implementati'),
(1346, '2009-12-29 16:46:02', 'plementation'),
(1347, '2009-12-29 16:46:02', 'implementat'),
(1348, '2009-12-29 16:46:02', 'lementation'),
(1349, '2009-12-29 16:46:02', 'implementa'),
(1350, '2009-12-29 16:46:02', 'ementation'),
(1351, '2009-12-29 16:46:02', 'implement'),
(1352, '2009-12-29 16:46:02', 'mentation'),
(1353, '2009-12-29 16:46:02', 'implemen'),
(1354, '2009-12-29 16:46:02', 'entation'),
(1355, '2009-12-29 16:46:02', 'impleme'),
(1356, '2009-12-29 16:46:02', 'ntation'),
(1357, '2009-12-29 16:46:02', 'implem'),
(1358, '2009-12-29 16:46:02', 'tation'),
(1359, '2009-12-29 16:46:02', 'imple'),
(1360, '2009-12-29 16:46:02', 'impl'),
(1361, '2009-12-29 16:46:02', 'editin'),
(1362, '2009-12-29 16:46:02', 'diting'),
(1363, '2009-12-29 16:46:02', 'editi'),
(1364, '2009-12-29 16:46:02', 'iting'),
(1365, '2009-12-29 16:46:02', 'edit'),
(1366, '2009-12-29 16:46:02', 'does'),
(1367, '2009-12-29 16:46:02', 'oesn'),
(1368, '2010-01-02 18:34:33', 'biographica'),
(1369, '2010-01-02 18:34:33', 'iographical'),
(1370, '2010-01-02 18:34:33', 'biographic'),
(1371, '2010-01-02 18:34:33', 'ographical'),
(1372, '2010-01-02 18:34:33', 'biographi'),
(1373, '2010-01-02 18:34:33', 'graphical'),
(1374, '2010-01-02 18:34:33', 'biograph'),
(1375, '2010-01-02 18:34:33', 'raphical'),
(1376, '2010-01-02 18:34:33', 'biograp'),
(1377, '2010-01-02 18:34:33', 'aphical'),
(1378, '2010-01-02 18:34:33', 'biogra'),
(1379, '2010-01-02 18:34:33', 'phical'),
(1380, '2010-01-02 18:34:33', 'biogr'),
(1381, '2010-01-02 18:34:33', 'hical'),
(1382, '2010-01-02 18:34:33', 'biog'),
(1383, '2010-01-02 18:34:33', 'relevan'),
(1384, '2010-01-02 18:34:33', 'elevant'),
(1385, '2010-01-02 18:34:33', 'releva'),
(1386, '2010-01-02 18:34:33', 'levant'),
(1387, '2010-01-02 18:34:33', 'relev'),
(1388, '2010-01-02 18:34:33', 'evant'),
(1389, '2010-01-02 18:34:33', 'rele'),
(1390, '2010-01-02 18:34:33', 'vant'),
(1391, '2010-01-02 18:34:33', 'network'),
(1392, '2010-01-02 18:34:33', 'etworks'),
(1393, '2010-01-02 18:34:33', 'networ'),
(1394, '2010-01-02 18:34:33', 'tworks'),
(1395, '2010-01-02 18:34:33', 'netwo'),
(1396, '2010-01-02 18:34:33', 'works'),
(1397, '2010-01-02 18:34:33', 'netw'),
(1398, '2010-01-04 18:33:34', 'etwork'),
(1399, '2010-01-04 18:33:34', 'twork'),
(1400, '2010-01-16 10:48:56', 'contac'),
(1401, '2010-01-16 10:48:56', 'ontact'),
(1402, '2010-01-16 10:48:56', 'conta'),
(1403, '2010-01-16 10:48:56', 'ntact'),
(1404, '2010-01-16 10:48:56', 'tact'),
(1405, '2010-01-30 10:26:27', 'weeknigh'),
(1406, '2010-01-30 10:26:27', 'eeknight'),
(1407, '2010-01-30 10:26:27', 'weeknig'),
(1408, '2010-01-30 10:26:27', 'eknight'),
(1409, '2010-01-30 10:26:27', 'weekni'),
(1410, '2010-01-30 10:26:27', 'knight'),
(1411, '2010-01-30 10:26:27', 'weekn'),
(1412, '2010-01-30 10:26:27', 'night'),
(1413, '2010-01-30 10:28:24', 'kati'),
(1414, '2010-01-30 10:28:24', 'atie'),
(1415, '2010-01-30 10:28:24', 'bushnel'),
(1416, '2010-01-30 10:28:24', 'ushnell'),
(1417, '2010-01-30 10:28:24', 'bushne'),
(1418, '2010-01-30 10:28:24', 'shnell'),
(1419, '2010-01-30 10:28:24', 'bushn'),
(1420, '2010-01-30 10:28:24', 'hnell'),
(1421, '2010-01-30 10:28:24', 'bush'),
(1422, '2010-01-30 10:28:24', 'nell'),
(1423, '2010-01-30 10:30:14', 'cougar'),
(1424, '2010-01-30 10:30:14', 'ougars'),
(1425, '2010-01-30 10:30:14', 'couga'),
(1426, '2010-01-30 10:30:14', 'ugars'),
(1427, '2010-01-30 10:30:14', 'coug'),
(1428, '2010-01-30 10:30:14', 'gars'),
(1429, '2010-01-30 10:30:14', 'sunda'),
(1430, '2010-01-30 10:30:14', 'unday'),
(1431, '2010-01-30 10:30:14', 'sund'),
(1432, '2010-01-30 10:30:14', 'women'),
(1433, '2010-01-30 10:30:14', 'omens'),
(1434, '2010-01-30 10:30:14', 'mens'),
(1435, '2010-01-30 10:30:14', 'mand'),
(1436, '2010-01-30 10:30:14', 'andy'),
(1437, '2010-01-30 10:30:14', 'pand'),
(1438, '2010-02-05 14:41:49', 'ilicon'),
(1439, '2010-02-05 14:41:49', 'licon'),
(1440, '2010-02-05 14:41:49', 'icon'),
(1441, '2010-02-05 14:41:49', 'associatio'),
(1442, '2010-02-05 14:41:49', 'ssociation'),
(1443, '2010-02-05 14:41:49', 'associati'),
(1444, '2010-02-05 14:41:49', 'sociation'),
(1445, '2010-02-05 14:41:49', 'associat'),
(1446, '2010-02-05 14:41:49', 'ociation'),
(1447, '2010-02-05 14:41:49', 'associa'),
(1448, '2010-02-05 14:41:49', 'ciation'),
(1449, '2010-02-05 14:41:49', 'associ'),
(1450, '2010-02-05 14:41:49', 'iation'),
(1451, '2010-02-05 14:41:49', 'assoc'),
(1452, '2010-02-05 14:41:49', 'asso'),
(1453, '2010-02-05 15:02:37', 'winte'),
(1454, '2010-02-05 15:02:37', 'wint'),
(1455, '2010-02-05 15:10:58', 'ields'),
(1456, '2010-02-05 15:10:58', 'elds'),
(1457, '2010-02-08 12:40:36', 'womens'),
(1458, '2010-02-08 12:40:36', 'omenss'),
(1459, '2010-02-08 12:40:36', 'menss'),
(1460, '2010-02-08 12:40:36', 'enss'),
(1461, '2010-02-15 15:05:41', 'activ'),
(1462, '2010-02-15 15:05:41', 'ctive'),
(1463, '2010-02-15 15:05:41', 'acti'),
(1464, '2010-02-26 10:56:45', 'field_i'),
(1465, '2010-02-26 10:56:45', 'ield_id'),
(1466, '2010-02-26 10:56:45', 'field_'),
(1467, '2010-02-26 10:56:45', 'eld_id'),
(1468, '2010-02-26 10:56:45', 'ld_id'),
(1469, '2010-02-26 10:56:45', 'd_id'),
(1470, '2010-02-26 10:56:45', 'mayfiel'),
(1471, '2010-02-26 10:56:45', 'ayfield'),
(1472, '2010-02-26 10:56:45', 'mayfie'),
(1473, '2010-02-26 10:56:45', 'yfield'),
(1474, '2010-02-26 10:56:45', 'mayfi'),
(1475, '2010-02-26 10:56:45', 'mayf'),
(1476, '2010-02-26 11:48:39', 'coed_spring_pa_201'),
(1477, '2010-02-26 11:48:39', 'oed_spring_pa_2010'),
(1478, '2010-02-26 11:48:39', 'coed_spring_pa_20'),
(1479, '2010-02-26 11:48:39', 'ed_spring_pa_2010'),
(1480, '2010-02-26 11:48:39', 'coed_spring_pa_2'),
(1481, '2010-02-26 11:48:39', 'd_spring_pa_2010'),
(1482, '2010-02-26 11:48:39', 'coed_spring_pa_'),
(1483, '2010-02-26 11:48:39', '_spring_pa_2010'),
(1484, '2010-02-26 11:48:39', 'coed_spring_pa'),
(1485, '2010-02-26 11:48:39', 'spring_pa_2010'),
(1486, '2010-02-26 11:48:39', 'coed_spring_p'),
(1487, '2010-02-26 11:48:39', 'pring_pa_2010'),
(1488, '2010-02-26 11:48:39', 'coed_spring_'),
(1489, '2010-02-26 11:48:39', 'ring_pa_2010'),
(1490, '2010-02-26 11:48:39', 'coed_spring'),
(1491, '2010-02-26 11:48:39', 'ing_pa_2010'),
(1492, '2010-02-26 11:48:39', 'coed_sprin'),
(1493, '2010-02-26 11:48:39', 'ng_pa_2010'),
(1494, '2010-02-26 11:48:39', 'coed_spri'),
(1495, '2010-02-26 11:48:39', 'g_pa_2010'),
(1496, '2010-02-26 11:48:39', 'coed_spr'),
(1497, '2010-02-26 11:48:39', '_pa_2010'),
(1498, '2010-02-26 11:48:39', 'coed_sp'),
(1499, '2010-02-26 11:48:39', 'pa_2010'),
(1500, '2010-02-26 11:48:39', 'coed_s'),
(1501, '2010-02-26 11:48:39', 'a_2010'),
(1502, '2010-02-26 11:48:39', '_2010'),
(1503, '2010-02-26 11:48:39', '2010'),
(1504, '2010-02-26 14:58:20', 'forge'),
(1505, '2010-02-26 14:58:20', 'orget'),
(1506, '2010-02-26 14:58:20', 'forg'),
(1507, '2010-02-26 14:58:20', 'rget'),
(1508, '2010-02-26 14:58:20', 'tonigh'),
(1509, '2010-02-26 14:58:20', 'onight'),
(1510, '2010-02-26 14:58:20', 'tonig'),
(1511, '2010-02-26 14:58:20', 'toni'),
(1512, '2010-02-26 15:15:23', 'seaso'),
(1513, '2010-02-26 15:15:23', 'eason'),
(1514, '2010-02-26 15:15:23', 'seas'),
(1515, '2010-02-26 15:15:23', 'ason'),
(1516, '2010-02-26 15:15:23', 'start'),
(1517, '2010-02-26 15:15:23', 'tarts'),
(1518, '2010-02-26 15:15:23', 'arts'),
(1519, '2010-02-26 15:15:23', 'marc'),
(1520, '2010-04-11 16:06:00', 'jaso'),
(1521, '2010-04-11 16:06:00', 'novauror'),
(1522, '2010-04-11 16:06:00', 'ovaurora'),
(1523, '2010-04-11 16:06:00', 'novauro'),
(1524, '2010-04-11 16:06:00', 'vaurora'),
(1525, '2010-04-11 16:06:00', 'novaur'),
(1526, '2010-04-11 16:06:00', 'aurora'),
(1527, '2010-04-11 16:06:00', 'novau'),
(1528, '2010-04-11 16:06:00', 'urora'),
(1529, '2010-04-11 16:06:00', 'nova'),
(1530, '2010-04-11 16:06:00', 'rora'),
(1531, '2010-04-12 16:35:05', 'division'),
(1532, '2010-04-12 16:35:05', 'ivisions'),
(1533, '2010-04-12 16:35:05', 'visions'),
(1534, '2010-04-12 16:35:05', 'isions'),
(1535, '2010-04-12 16:35:05', 'sions'),
(1536, '2010-04-12 16:35:05', 'ions'),
(1537, '2010-05-16 15:58:25', 'variabl'),
(1538, '2010-05-16 15:58:25', 'ariable'),
(1539, '2010-05-16 15:58:25', 'variab'),
(1540, '2010-05-16 15:58:25', 'riable'),
(1541, '2010-05-16 15:58:25', 'varia'),
(1542, '2010-05-16 15:58:25', 'iable'),
(1543, '2010-05-16 15:58:25', 'vari'),
(1544, '2010-05-16 15:58:25', 'able'),
(1545, '2010-05-16 17:27:46', 'cougaro'),
(1546, '2010-05-16 17:27:46', 'ougaros'),
(1547, '2010-05-16 17:27:46', 'ugaros'),
(1548, '2010-05-16 17:27:46', 'garos'),
(1549, '2010-05-16 17:27:46', 'aros'),
(1550, '2010-05-16 17:28:57', 'member'),
(1551, '2010-05-16 17:28:57', 'embers'),
(1552, '2010-05-16 17:28:57', 'membe'),
(1553, '2010-05-16 17:28:57', 'mbers'),
(1554, '2010-05-16 17:28:57', 'memb'),
(1555, '2010-05-16 17:28:57', 'bers'),
(1556, '2010-05-16 17:48:23', 'gjsjggx'),
(1557, '2010-05-16 17:48:23', 'jsjggxj'),
(1558, '2010-05-16 17:48:23', 'gjsjgg'),
(1559, '2010-05-16 17:48:23', 'sjggxj'),
(1560, '2010-05-16 17:48:23', 'gjsjg'),
(1561, '2010-05-16 17:48:23', 'jggxj'),
(1562, '2010-05-16 17:48:23', 'gjsj'),
(1563, '2010-05-16 17:48:23', 'ggxj'),
(1564, '2010-05-16 18:19:35', 'injure'),
(1565, '2010-05-16 18:19:35', 'njured'),
(1566, '2010-05-16 18:19:35', 'injur'),
(1567, '2010-05-16 18:19:35', 'jured'),
(1568, '2010-05-16 18:19:35', 'inju'),
(1569, '2010-05-16 18:19:35', 'ured'),
(1570, '2010-05-16 19:16:33', 'temporail'),
(1571, '2010-05-16 19:16:33', 'emporaily'),
(1572, '2010-05-16 19:16:33', 'temporai'),
(1573, '2010-05-16 19:16:33', 'mporaily'),
(1574, '2010-05-16 19:16:33', 'tempora'),
(1575, '2010-05-16 19:16:33', 'poraily'),
(1576, '2010-05-16 19:16:33', 'tempor'),
(1577, '2010-05-16 19:16:33', 'oraily'),
(1578, '2010-05-16 19:16:33', 'tempo'),
(1579, '2010-05-16 19:16:33', 'raily'),
(1580, '2010-05-16 19:16:33', 'temp'),
(1581, '2010-05-16 19:16:33', 'aily'),
(1582, '2010-05-16 19:16:33', 'inactiv'),
(1583, '2010-05-16 19:16:33', 'nactive'),
(1584, '2010-05-16 19:16:33', 'inacti'),
(1585, '2010-05-16 19:16:33', 'active'),
(1586, '2010-05-16 19:16:33', 'inact'),
(1587, '2010-05-16 19:16:33', 'inac'),
(1588, '2010-05-17 11:52:20', 'interestin'),
(1589, '2010-05-17 11:52:20', 'nteresting'),
(1590, '2010-05-17 11:52:20', 'interesti'),
(1591, '2010-05-17 11:52:20', 'teresting'),
(1592, '2010-05-17 11:52:20', 'interest'),
(1593, '2010-05-17 11:52:20', 'eresting'),
(1594, '2010-05-17 11:52:20', 'resting'),
(1595, '2010-05-17 11:52:20', 'confir'),
(1596, '2010-05-17 11:52:20', 'onfirm'),
(1597, '2010-05-17 11:52:20', 'confi'),
(1598, '2010-05-17 11:52:20', 'nfirm'),
(1599, '2010-05-17 11:52:20', 'conf'),
(1600, '2010-05-17 11:52:20', 'firm'),
(1601, '2010-05-17 11:52:20', 'year'),
(1602, '2010-05-17 11:52:20', 'ears'),
(1603, '2010-05-17 16:42:18', 'scientis'),
(1604, '2010-05-17 16:42:18', 'cientist'),
(1605, '2010-05-17 16:42:18', 'scienti'),
(1606, '2010-05-17 16:42:18', 'ientist'),
(1607, '2010-05-17 16:42:18', 'scient'),
(1608, '2010-05-17 16:42:18', 'entist'),
(1609, '2010-05-17 16:42:18', 'ntist'),
(1610, '2010-05-17 16:42:18', 'tist'),
(1611, '2010-05-18 08:38:12', 'slacke'),
(1612, '2010-05-18 08:38:12', 'lacker'),
(1613, '2010-05-18 08:38:12', 'slack'),
(1614, '2010-05-18 08:38:12', 'acker'),
(1615, '2010-05-18 08:38:12', 'slac'),
(1616, '2010-05-18 08:38:12', 'cker'),
(1617, '2010-05-18 08:45:52', 'cancelle'),
(1618, '2010-05-18 08:45:52', 'ancelled'),
(1619, '2010-05-18 08:45:52', 'cancell'),
(1620, '2010-05-18 08:45:52', 'ncelled'),
(1621, '2010-05-18 08:45:52', 'cancel'),
(1622, '2010-05-18 08:45:52', 'celled'),
(1623, '2010-05-18 08:45:52', 'cance'),
(1624, '2010-05-18 08:45:52', 'elled'),
(1625, '2010-05-18 08:45:52', 'canc'),
(1626, '2010-05-18 12:12:38', 'jjjj'),
(1627, '2010-05-20 10:06:36', 'unemploye'),
(1628, '2010-05-20 10:06:36', 'nemployed'),
(1629, '2010-05-20 10:06:36', 'unemploy'),
(1630, '2010-05-20 10:06:36', 'employed'),
(1631, '2010-05-20 10:06:36', 'unemplo'),
(1632, '2010-05-20 10:06:36', 'mployed'),
(1633, '2010-05-20 10:06:36', 'unempl'),
(1634, '2010-05-20 10:06:36', 'ployed'),
(1635, '2010-05-20 10:06:36', 'unemp'),
(1636, '2010-05-20 10:06:36', 'loyed'),
(1637, '2010-05-20 10:06:36', 'unem'),
(1638, '2010-05-20 10:06:36', 'oyed'),
(1639, '2010-05-22 21:15:37', 'awesom'),
(1640, '2010-05-22 21:15:37', 'wesome'),
(1641, '2010-05-22 21:15:37', 'aweso'),
(1642, '2010-05-22 21:15:37', 'esome'),
(1643, '2010-05-22 21:15:37', 'awes'),
(1644, '2010-05-22 21:15:37', 'some'),
(1645, '2010-05-22 21:15:37', 'clockwor'),
(1646, '2010-05-22 21:15:37', 'lockwork'),
(1647, '2010-05-22 21:15:37', 'clockwo'),
(1648, '2010-05-22 21:15:37', 'ockwork'),
(1649, '2010-05-22 21:15:37', 'clockw'),
(1650, '2010-05-22 21:15:37', 'ckwork'),
(1651, '2010-05-22 21:15:37', 'clock'),
(1652, '2010-05-22 21:15:37', 'kwork'),
(1653, '2010-05-22 21:15:37', 'cloc'),
(1654, '2010-05-22 21:15:37', 'orang'),
(1655, '2010-05-22 21:15:37', 'range'),
(1656, '2010-05-22 21:15:37', 'oran'),
(1657, '2010-05-22 21:15:37', 'ange'),
(1658, '2010-05-22 21:15:37', 'terrorist'),
(1659, '2010-05-22 21:15:37', 'errorista'),
(1660, '2010-05-22 21:15:37', 'terroris'),
(1661, '2010-05-22 21:15:37', 'rrorista'),
(1662, '2010-05-22 21:15:37', 'terrori'),
(1663, '2010-05-22 21:15:37', 'rorista'),
(1664, '2010-05-22 21:15:37', 'terror'),
(1665, '2010-05-22 21:15:37', 'orista'),
(1666, '2010-05-22 21:15:37', 'terro'),
(1667, '2010-05-22 21:15:37', 'rista'),
(1668, '2010-05-22 21:15:37', 'terr'),
(1669, '2010-05-22 21:15:37', 'ista'),
(1670, '2010-05-22 21:18:33', 'onetwothreefou'),
(1671, '2010-05-22 21:18:33', 'netwothreefour'),
(1672, '2010-05-22 21:18:33', 'onetwothreefo'),
(1673, '2010-05-22 21:18:33', 'etwothreefour'),
(1674, '2010-05-22 21:18:33', 'onetwothreef'),
(1675, '2010-05-22 21:18:33', 'twothreefour'),
(1676, '2010-05-22 21:18:33', 'onetwothree'),
(1677, '2010-05-22 21:18:33', 'wothreefour'),
(1678, '2010-05-22 21:18:33', 'onetwothre'),
(1679, '2010-05-22 21:18:33', 'othreefour'),
(1680, '2010-05-22 21:18:33', 'onetwothr'),
(1681, '2010-05-22 21:18:33', 'threefour'),
(1682, '2010-05-22 21:18:33', 'onetwoth'),
(1683, '2010-05-22 21:18:33', 'hreefour'),
(1684, '2010-05-22 21:18:33', 'onetwot'),
(1685, '2010-05-22 21:18:33', 'reefour'),
(1686, '2010-05-22 21:18:33', 'onetwo'),
(1687, '2010-05-22 21:18:33', 'eefour'),
(1688, '2010-05-22 21:18:33', 'onetw'),
(1689, '2010-05-22 21:18:33', 'efour'),
(1690, '2010-05-22 21:18:33', 'onet'),
(1691, '2010-05-22 21:18:33', 'four'),
(1692, '2010-05-22 21:18:48', 'fallin'),
(1693, '2010-05-22 21:18:48', 'alling'),
(1694, '2010-05-22 21:18:48', 'falli'),
(1695, '2010-05-22 21:18:48', 'lling'),
(1696, '2010-05-22 21:18:48', 'fall'),
(1697, '2010-05-27 16:24:43', 'gree'),
(1698, '2010-05-27 16:24:43', 'reen'),
(1699, '2010-05-27 16:24:43', 'diape'),
(1700, '2010-05-27 16:24:43', 'iaper'),
(1701, '2010-05-27 16:24:43', 'diap'),
(1702, '2010-05-27 16:24:43', 'aper'),
(1703, '2010-05-27 16:24:43', 'change'),
(1704, '2010-05-27 16:24:43', 'hanger'),
(1705, '2010-05-27 16:24:43', 'chang'),
(1706, '2010-05-27 16:24:43', 'anger'),
(1707, '2010-05-27 16:24:43', 'chan'),
(1708, '2010-05-27 16:24:43', 'nger'),
(1709, '2010-08-19 23:50:30', 'dadd'),
(1710, '2010-08-19 23:50:30', 'addy'),
(1711, '2010-08-22 12:43:02', 'stree'),
(1712, '2010-08-22 12:43:02', 'treet'),
(1713, '2010-08-22 12:43:02', 'stre'),
(1714, '2010-08-22 12:43:02', 'reet'),
(1715, '2010-08-22 13:22:05', 'plac'),
(1716, '2010-08-22 13:22:05', 'lace'),
(1717, '2010-08-22 13:22:06', 'milpita'),
(1718, '2010-08-22 13:22:06', 'ilpitas'),
(1719, '2010-08-22 13:22:06', 'milpit'),
(1720, '2010-08-22 13:22:06', 'lpitas'),
(1721, '2010-08-22 13:22:06', 'milpi'),
(1722, '2010-08-22 13:22:06', 'pitas'),
(1723, '2010-08-22 13:22:06', 'milp'),
(1724, '2010-08-22 13:22:06', 'itas'),
(1725, '2010-09-06 16:26:31', 'snide'),
(1726, '2010-09-06 16:26:31', 'snid'),
(1727, '2010-09-06 16:29:41', 'osirist'),
(1728, '2010-09-06 16:29:41', 'siristx'),
(1729, '2010-09-06 16:29:41', 'osiris'),
(1730, '2010-09-06 16:29:41', 'iristx'),
(1731, '2010-09-06 16:29:41', 'osiri'),
(1732, '2010-09-06 16:29:41', 'ristx'),
(1733, '2010-09-06 16:29:41', 'osir'),
(1734, '2010-09-06 16:29:41', 'istx'),
(1735, '2010-09-06 16:29:41', 'tech_om'),
(1736, '2010-09-06 16:29:41', 'ech_omp'),
(1737, '2010-09-06 16:29:41', 'tech_o'),
(1738, '2010-09-06 16:29:41', 'ch_omp'),
(1739, '2010-09-06 16:29:41', 'tech_'),
(1740, '2010-09-06 16:29:41', 'h_omp'),
(1741, '2010-09-06 16:29:41', '_omp'),
(1742, '2010-09-06 16:40:52', 'iotech'),
(1743, '2010-09-06 16:40:52', 'otech'),
(1744, '2010-09-06 16:43:11', 'temporaril'),
(1745, '2010-09-06 16:43:11', 'emporarily'),
(1746, '2010-09-06 16:43:11', 'temporari'),
(1747, '2010-09-06 16:43:11', 'mporarily'),
(1748, '2010-09-06 16:43:11', 'temporar'),
(1749, '2010-09-06 16:43:11', 'porarily'),
(1750, '2010-09-06 16:43:11', 'orarily'),
(1751, '2010-09-06 16:43:11', 'rarily'),
(1752, '2010-09-06 16:43:11', 'arily'),
(1753, '2010-09-06 16:43:11', 'rily'),
(1754, '2010-09-06 18:37:31', 'fsdfsd'),
(1755, '2010-09-06 18:37:31', 'sdfsdf'),
(1756, '2010-09-06 18:37:31', 'fsdfs'),
(1757, '2010-09-06 18:37:31', 'dfsdf'),
(1758, '2010-09-06 18:37:31', 'fsdf'),
(1759, '2010-09-06 18:37:31', 'dsfsd'),
(1760, '2010-09-06 18:37:31', 'sfsdf'),
(1761, '2010-09-06 18:37:31', 'dsfs'),
(1762, '2010-09-06 18:51:06', 'netfli'),
(1763, '2010-09-06 18:51:06', 'etflix'),
(1764, '2010-09-06 18:51:06', 'netfl'),
(1765, '2010-09-06 18:51:06', 'tflix'),
(1766, '2010-09-06 18:51:06', 'netf'),
(1767, '2010-09-06 18:51:06', 'flix'),
(1768, '2010-09-18 07:34:14', 'opiuoi'),
(1769, '2010-09-18 07:34:14', 'piuoiu'),
(1770, '2010-09-18 07:34:14', 'opiuo'),
(1771, '2010-09-18 07:34:14', 'iuoiu'),
(1772, '2010-09-18 07:34:14', 'opiu'),
(1773, '2010-09-18 07:34:14', 'uoiu'),
(1774, '2010-09-18 07:41:41', 'dmin'),
(1775, '2010-09-18 07:43:10', 'svsa_coed_fall_201'),
(1776, '2010-09-18 07:43:10', 'vsa_coed_fall_2010'),
(1777, '2010-09-18 07:43:10', 'svsa_coed_fall_20'),
(1778, '2010-09-18 07:43:10', 'sa_coed_fall_2010'),
(1779, '2010-09-18 07:43:10', 'svsa_coed_fall_2'),
(1780, '2010-09-18 07:43:10', 'a_coed_fall_2010'),
(1781, '2010-09-18 07:43:10', 'svsa_coed_fall_'),
(1782, '2010-09-18 07:43:10', '_coed_fall_2010'),
(1783, '2010-09-18 07:43:10', 'svsa_coed_fall'),
(1784, '2010-09-18 07:43:10', 'coed_fall_2010'),
(1785, '2010-09-18 07:43:10', 'svsa_coed_fal'),
(1786, '2010-09-18 07:43:10', 'oed_fall_2010'),
(1787, '2010-09-18 07:43:10', 'svsa_coed_fa'),
(1788, '2010-09-18 07:43:10', 'ed_fall_2010'),
(1789, '2010-09-18 07:43:10', 'svsa_coed_f'),
(1790, '2010-09-18 07:43:10', 'd_fall_2010'),
(1791, '2010-09-18 07:43:10', 'svsa_coed_'),
(1792, '2010-09-18 07:43:10', '_fall_2010'),
(1793, '2010-09-18 07:43:10', 'svsa_coed'),
(1794, '2010-09-18 07:43:10', 'fall_2010'),
(1795, '2010-09-18 07:43:10', 'svsa_coe'),
(1796, '2010-09-18 07:43:10', 'all_2010'),
(1797, '2010-09-18 07:43:10', 'svsa_co'),
(1798, '2010-09-18 07:43:10', 'll_2010'),
(1799, '2010-09-18 07:43:10', 'svsa_c'),
(1800, '2010-09-18 07:43:10', 'l_2010'),
(1801, '2010-09-18 07:43:10', 'svsa_'),
(1802, '2010-09-18 07:43:10', 'svsa'),
(1803, '2010-10-19 12:57:07', 'encin'),
(1804, '2010-10-19 12:57:07', 'ncino'),
(1805, '2010-10-19 12:57:07', 'enci'),
(1806, '2010-10-19 12:57:07', 'cino'),
(1807, '2010-10-19 12:57:07', 'livermor'),
(1808, '2010-10-19 12:57:07', 'ivermore'),
(1809, '2010-10-19 12:57:07', 'livermo'),
(1810, '2010-10-19 12:57:07', 'vermore'),
(1811, '2010-10-19 12:57:07', 'liverm'),
(1812, '2010-10-19 12:57:07', 'ermore'),
(1813, '2010-10-19 12:57:07', 'liver'),
(1814, '2010-10-19 12:57:07', 'rmore'),
(1815, '2010-10-19 12:57:07', 'live'),
(1816, '2010-10-19 12:57:07', 'more'),
(1817, '2010-10-19 12:57:07', 'vysu'),
(1818, '2010-10-19 12:57:07', 'ysus'),
(1819, '2010-10-21 12:24:39', 'locatio'),
(1820, '2010-10-21 12:24:39', 'ocation'),
(1821, '2010-10-21 12:24:39', 'locati'),
(1822, '2010-10-21 12:24:39', 'locat'),
(1823, '2010-10-21 12:24:39', 'loca'),
(1824, '2010-10-31 12:16:03', 'karameo'),
(1825, '2010-10-31 12:16:03', 'arameos'),
(1826, '2010-10-31 12:16:03', 'karame'),
(1827, '2010-10-31 12:16:03', 'rameos'),
(1828, '2010-10-31 12:16:03', 'karam'),
(1829, '2010-10-31 12:16:03', 'ameos'),
(1830, '2010-10-31 12:16:03', 'kara'),
(1831, '2010-10-31 12:16:03', 'meos'),
(1832, '2010-11-01 12:26:12', 'mattesnider10'),
(1833, '2010-11-01 12:26:12', 'attesnider100'),
(1834, '2010-11-01 12:26:12', 'mattesnider1'),
(1835, '2010-11-01 12:26:12', 'ttesnider100'),
(1836, '2010-11-01 12:26:12', 'mattesnider'),
(1837, '2010-11-01 12:26:12', 'tesnider100'),
(1838, '2010-11-01 12:26:12', 'esnider100'),
(1839, '2010-11-01 12:26:12', 'snider100'),
(1840, '2010-11-01 12:26:12', 'nider100'),
(1841, '2010-11-01 12:26:12', 'ider100'),
(1842, '2010-11-01 12:26:12', 'der100'),
(1843, '2010-11-01 12:26:12', 'er100'),
(1844, '2010-11-01 12:26:12', 'r100'),
(1845, '2010-11-01 12:26:12', 'treterte'),
(1846, '2010-11-01 12:26:12', 'reterter'),
(1847, '2010-11-01 12:26:12', 'tretert'),
(1848, '2010-11-01 12:26:12', 'eterter'),
(1849, '2010-11-01 12:26:12', 'treter'),
(1850, '2010-11-01 12:26:12', 'terter'),
(1851, '2010-11-01 12:26:12', 'trete'),
(1852, '2010-11-01 12:26:12', 'erter'),
(1853, '2010-11-01 12:26:12', 'tret'),
(1854, '2010-11-01 12:26:12', 'rter'),
(1855, '2010-11-01 12:26:12', 'rterter'),
(1856, '2010-11-01 12:26:12', 'tertert'),
(1857, '2010-11-01 12:26:12', 'rterte'),
(1858, '2010-11-01 12:26:12', 'ertert'),
(1859, '2010-11-01 12:26:12', 'rtert'),
(1860, '2010-11-01 12:26:12', 'tert'),
(1861, '2010-11-01 12:33:57', 'attesnider101'),
(1862, '2010-11-01 12:33:57', 'ttesnider101'),
(1863, '2010-11-01 12:33:57', 'tesnider101'),
(1864, '2010-11-01 12:33:57', 'esnider101'),
(1865, '2010-11-01 12:33:57', 'snider101'),
(1866, '2010-11-01 12:33:57', 'nider101'),
(1867, '2010-11-01 12:33:57', 'ider101'),
(1868, '2010-11-01 12:33:57', 'der101'),
(1869, '2010-11-01 12:33:57', 'er101'),
(1870, '2010-11-01 12:33:57', 'r101'),
(1871, '2010-11-02 19:28:30', 'angele'),
(1872, '2010-11-02 19:28:30', 'ngeles'),
(1873, '2010-11-02 19:28:30', 'angel'),
(1874, '2010-11-02 19:28:30', 'geles'),
(1875, '2010-11-02 19:28:30', 'eles'),
(1876, '2010-11-02 19:28:30', 'rtwretwer'),
(1877, '2010-11-02 19:28:30', 'twretwert'),
(1878, '2010-11-02 19:28:30', 'rtwretwe'),
(1879, '2010-11-02 19:28:30', 'wretwert'),
(1880, '2010-11-02 19:28:30', 'rtwretw'),
(1881, '2010-11-02 19:28:30', 'retwert'),
(1882, '2010-11-02 19:28:30', 'rtwret'),
(1883, '2010-11-02 19:28:30', 'etwert'),
(1884, '2010-11-02 19:28:30', 'rtwre'),
(1885, '2010-11-02 19:28:30', 'twert'),
(1886, '2010-11-02 19:28:30', 'rtwr'),
(1887, '2010-11-02 19:28:30', 'wert'),
(1888, '2010-11-10 15:14:16', 'carlo'),
(1889, '2010-11-10 15:14:16', 'arlos'),
(1890, '2010-11-10 15:14:16', 'carl'),
(1891, '2010-11-10 15:14:16', 'rlos'),
(1892, '2010-11-10 15:14:16', 'ertygsdg'),
(1893, '2010-11-10 15:14:16', 'rtygsdgs'),
(1894, '2010-11-10 15:14:16', 'ertygsd'),
(1895, '2010-11-10 15:14:16', 'tygsdgs'),
(1896, '2010-11-10 15:14:16', 'ertygs'),
(1897, '2010-11-10 15:14:16', 'ygsdgs'),
(1898, '2010-11-10 15:14:16', 'ertyg'),
(1899, '2010-11-10 15:14:16', 'gsdgs'),
(1900, '2010-11-10 15:14:16', 'sdgs'),
(1901, '2010-11-10 15:18:51', 'azzzuurrrriii'),
(1902, '2010-11-10 15:18:51', 'zzzuurrrriiii'),
(1903, '2010-11-10 15:18:51', 'azzzuurrrrii'),
(1904, '2010-11-10 15:18:51', 'zzuurrrriiii'),
(1905, '2010-11-10 15:18:51', 'azzzuurrrri'),
(1906, '2010-11-10 15:18:51', 'zuurrrriiii'),
(1907, '2010-11-10 15:18:51', 'azzzuurrrr'),
(1908, '2010-11-10 15:18:51', 'uurrrriiii'),
(1909, '2010-11-10 15:18:51', 'azzzuurrr'),
(1910, '2010-11-10 15:18:51', 'urrrriiii'),
(1911, '2010-11-10 15:18:51', 'azzzuurr'),
(1912, '2010-11-10 15:18:51', 'rrrriiii'),
(1913, '2010-11-10 15:18:51', 'azzzuur'),
(1914, '2010-11-10 15:18:51', 'rrriiii'),
(1915, '2010-11-10 15:18:51', 'azzzuu'),
(1916, '2010-11-10 15:18:51', 'rriiii'),
(1917, '2010-11-10 15:18:51', 'azzzu'),
(1918, '2010-11-10 15:18:51', 'riiii'),
(1919, '2010-11-10 15:18:51', 'azzz'),
(1920, '2010-11-10 15:18:51', 'iiii'),
(1921, '2010-11-10 15:19:58', 'dfgdf'),
(1922, '2010-11-10 15:19:58', 'fgdfg'),
(1923, '2010-11-10 15:19:58', 'dfgd'),
(1924, '2010-11-10 15:19:58', 'gdfg'),
(1925, '2010-11-22 22:15:29', 'pppqe'),
(1926, '2010-11-22 22:15:29', 'ppqef'),
(1927, '2010-11-22 22:15:29', 'pppq'),
(1928, '2010-11-22 22:15:29', 'pqef'),
(1929, '2010-11-22 22:15:29', 'qres'),
(1930, '2010-11-22 22:15:29', 'resh');

-- --------------------------------------------------------

--
-- Table structure for table `dictionary_stem_word`
--

CREATE TABLE IF NOT EXISTS `dictionary_stem_word` (
  `stem_id` int(11) unsigned NOT NULL,
  `word_id` int(11) unsigned NOT NULL,
  PRIMARY KEY (`stem_id`,`word_id`),
  KEY `dictionary_stem_fk` (`stem_id`),
  KEY `dictionary_word_fk` (`word_id`)
) ENGINE=MyISAM DEFAULT CHARSET=utf8;

--
-- Dumping data for table `dictionary_stem_word`
--

INSERT INTO `dictionary_stem_word` (`stem_id`, `word_id`) VALUES
(1, 16),
(2, 16),
(3, 16),
(4, 16),
(5, 16),
(6, 16),
(7, 16),
(8, 16),
(9, 18),
(10, 18),
(11, 19),
(12, 19),
(13, 20),
(14, 20),
(15, 20),
(16, 20),
(17, 20),
(18, 20),
(19, 20),
(20, 20),
(21, 21),
(22, 21),
(23, 21),
(24, 21),
(25, 21),
(26, 21),
(27, 21),
(28, 21),
(29, 21),
(30, 21),
(31, 21),
(32, 21),
(33, 21),
(34, 21),
(35, 22),
(36, 22),
(37, 22),
(38, 22),
(39, 22),
(40, 22),
(41, 22),
(42, 22),
(43, 22),
(44, 22),
(45, 23),
(46, 23),
(47, 24),
(48, 24),
(49, 25),
(50, 25),
(51, 25),
(52, 25),
(53, 25),
(54, 25),
(55, 26),
(56, 26),
(57, 15),
(58, 15),
(59, 14),
(60, 14),
(61, 14),
(62, 14),
(63, 14),
(64, 14),
(65, 14),
(66, 14),
(67, 14),
(68, 14),
(69, 14),
(70, 14),
(71, 13),
(72, 13),
(73, 13),
(74, 13),
(75, 13),
(76, 13),
(77, 2),
(78, 2),
(79, 2),
(80, 2),
(81, 2),
(82, 2),
(83, 2),
(84, 2),
(85, 2),
(86, 2),
(87, 2),
(88, 2),
(89, 3),
(90, 3),
(91, 3),
(92, 3),
(93, 3),
(94, 3),
(95, 3),
(96, 3),
(97, 3),
(98, 3),
(99, 3),
(100, 3),
(101, 4),
(102, 4),
(103, 4),
(104, 4),
(105, 5),
(106, 5),
(107, 5),
(108, 5),
(109, 6),
(110, 6),
(111, 6),
(112, 6),
(113, 6),
(114, 6),
(115, 6),
(116, 6),
(117, 6),
(118, 6),
(119, 6),
(120, 6),
(121, 6),
(122, 6),
(123, 7),
(124, 7),
(125, 7),
(126, 7),
(127, 7),
(128, 7),
(129, 7),
(130, 7),
(131, 7),
(132, 7),
(133, 9),
(134, 9),
(135, 10),
(136, 10),
(137, 10),
(138, 10),
(139, 10),
(140, 10),
(141, 10),
(142, 10),
(143, 10),
(144, 10),
(145, 12),
(146, 12),
(147, 12),
(148, 12),
(149, 12),
(150, 12),
(151, 12),
(152, 12),
(153, 28),
(154, 28),
(155, 28),
(156, 28),
(157, 28),
(158, 28),
(159, 28),
(160, 28),
(161, 28),
(162, 33),
(163, 28),
(164, 33),
(165, 33),
(166, 33),
(167, 29),
(168, 29),
(169, 33),
(170, 33),
(171, 33),
(172, 33),
(173, 33),
(174, 33),
(175, 33),
(176, 33),
(177, 34),
(178, 34),
(179, 34),
(180, 34),
(181, 34),
(182, 34),
(183, 34),
(184, 34),
(185, 35),
(186, 35),
(187, 35),
(188, 35),
(189, 35),
(190, 35),
(191, 35),
(192, 35),
(193, 35),
(194, 35),
(195, 36),
(196, 36),
(197, 36),
(198, 36),
(199, 37),
(200, 37),
(201, 37),
(202, 37),
(203, 37),
(204, 37),
(205, 46),
(206, 46),
(207, 46),
(208, 46),
(209, 46),
(210, 46),
(211, 45),
(212, 45),
(213, 45),
(214, 45),
(215, 45),
(216, 45),
(217, 44),
(218, 44),
(219, 44),
(220, 44),
(221, 44),
(222, 44),
(223, 44),
(224, 44),
(225, 43),
(226, 43),
(227, 42),
(228, 42),
(229, 42),
(230, 42),
(231, 39),
(232, 39),
(233, 39),
(234, 39),
(235, 39),
(236, 39),
(237, 38),
(238, 38),
(239, 38),
(240, 38),
(241, 38),
(242, 38),
(243, 38),
(244, 38),
(245, 47),
(246, 47),
(247, 47),
(248, 47),
(249, 48),
(250, 48),
(251, 48),
(252, 48),
(253, 48),
(254, 48),
(255, 48),
(256, 48),
(257, 48),
(258, 48),
(259, 49),
(260, 49),
(261, 49),
(262, 49),
(263, 49),
(264, 49),
(265, 50),
(266, 50),
(267, 50),
(268, 50),
(269, 50),
(270, 50),
(271, 50),
(272, 50),
(273, 50),
(274, 50),
(275, 51),
(276, 51),
(277, 52),
(278, 52),
(279, 52),
(280, 52),
(281, 52),
(282, 52),
(283, 52),
(284, 52),
(285, 52),
(286, 52),
(287, 53),
(288, 53),
(289, 53),
(290, 53),
(291, 53),
(292, 53),
(293, 53),
(294, 53),
(295, 53),
(296, 53),
(297, 53),
(298, 53),
(299, 53),
(300, 53),
(301, 53),
(302, 53),
(303, 55),
(304, 55),
(305, 55),
(306, 55),
(307, 55),
(308, 56),
(309, 56),
(310, 56),
(311, 56),
(312, 57),
(313, 57),
(314, 57),
(315, 57),
(316, 57),
(317, 57),
(318, 57),
(319, 57),
(320, 57),
(321, 57),
(322, 59),
(323, 59),
(324, 59),
(325, 59),
(326, 59),
(327, 59),
(328, 59),
(329, 59),
(330, 60),
(331, 60),
(332, 62),
(333, 62),
(334, 62),
(335, 62),
(336, 62),
(337, 62),
(338, 62),
(339, 62),
(340, 64),
(341, 64),
(342, 64),
(343, 64),
(344, 65),
(345, 65),
(346, 65),
(347, 65),
(348, 65),
(349, 65),
(350, 65),
(351, 65),
(352, 66),
(353, 66),
(354, 66),
(355, 66),
(356, 66),
(357, 66),
(358, 69),
(359, 69),
(360, 69),
(361, 69),
(362, 72),
(363, 72),
(364, 72),
(365, 72),
(366, 72),
(367, 72),
(368, 72),
(369, 72),
(370, 72),
(371, 72),
(372, 72),
(373, 72),
(374, 72),
(375, 72),
(376, 72),
(377, 72),
(378, 72),
(379, 72),
(380, 73),
(381, 73),
(382, 76),
(383, 76),
(384, 77),
(385, 77),
(386, 77),
(387, 77),
(388, 77),
(389, 77),
(391, 77),
(392, 78),
(393, 78),
(394, 80),
(395, 80),
(396, 80),
(397, 80),
(398, 81),
(399, 81),
(400, 81),
(401, 81),
(402, 82),
(403, 82),
(404, 82),
(405, 82),
(406, 83),
(407, 83),
(408, 83),
(409, 83),
(410, 83),
(411, 83),
(412, 83),
(413, 83),
(414, 83),
(415, 83),
(416, 83),
(417, 83),
(418, 84),
(419, 84),
(420, 84),
(421, 84),
(422, 84),
(423, 84),
(424, 85),
(425, 85),
(426, 86),
(427, 86),
(428, 87),
(429, 87),
(430, 87),
(431, 87),
(432, 87),
(433, 87),
(434, 87),
(435, 87),
(436, 88),
(437, 88),
(438, 88),
(439, 88),
(440, 88),
(441, 88),
(442, 89),
(443, 89),
(444, 89),
(445, 89),
(446, 89),
(447, 89),
(448, 89),
(449, 89),
(450, 97),
(451, 96),
(452, 96),
(453, 96),
(454, 96),
(455, 96),
(456, 96),
(457, 96),
(458, 96),
(459, 96),
(460, 96),
(461, 96),
(462, 96),
(463, 95),
(464, 95),
(465, 93),
(466, 93),
(467, 93),
(468, 93),
(469, 93),
(470, 93),
(471, 93),
(472, 93),
(473, 91),
(474, 91),
(475, 91),
(476, 91),
(477, 91),
(478, 91),
(479, 91),
(480, 91),
(481, 90),
(482, 90),
(483, 90),
(484, 90),
(485, 90),
(486, 90),
(487, 90),
(488, 90),
(489, 90),
(490, 90),
(491, 90),
(492, 90),
(493, 98),
(494, 98),
(495, 98),
(496, 98),
(497, 100),
(498, 100),
(499, 102),
(500, 102),
(501, 102),
(502, 102),
(503, 102),
(504, 103),
(505, 103),
(506, 103),
(507, 103),
(508, 103),
(509, 104),
(510, 104),
(511, 105),
(512, 105),
(513, 105),
(514, 105),
(515, 106),
(516, 106),
(517, 107),
(518, 107),
(519, 107),
(520, 107),
(521, 108),
(522, 108),
(523, 108),
(524, 108),
(525, 108),
(526, 108),
(527, 108),
(528, 108),
(529, 109),
(530, 109),
(531, 109),
(532, 109),
(533, 109),
(534, 109),
(535, 109),
(536, 109),
(537, 109),
(538, 109),
(539, 110),
(540, 110),
(541, 110),
(542, 110),
(543, 111),
(544, 111),
(545, 111),
(546, 111),
(548, 111),
(549, 112),
(550, 112),
(551, 112),
(552, 112),
(553, 113),
(554, 113),
(555, 114),
(556, 114),
(557, 114),
(558, 114),
(559, 114),
(560, 114),
(561, 115),
(562, 115),
(563, 115),
(564, 115),
(565, 115),
(566, 115),
(567, 116),
(568, 116),
(569, 116),
(570, 116),
(571, 116),
(572, 116),
(574, 116),
(575, 116),
(576, 117),
(577, 117),
(578, 117),
(579, 117),
(580, 117),
(581, 117),
(582, 117),
(583, 118),
(584, 118),
(585, 118),
(586, 118),
(587, 118),
(588, 118),
(589, 119),
(590, 119),
(591, 119),
(592, 119),
(593, 119),
(594, 119),
(595, 119),
(596, 119),
(597, 119),
(598, 119),
(599, 119),
(600, 119),
(601, 119),
(602, 119),
(603, 122),
(604, 122),
(605, 122),
(606, 122),
(607, 123),
(608, 123),
(609, 123),
(610, 123),
(611, 123),
(612, 123),
(613, 123),
(614, 123),
(615, 123),
(616, 123),
(617, 125),
(618, 125),
(619, 125),
(620, 125),
(621, 127),
(622, 127),
(623, 127),
(624, 127),
(625, 127),
(626, 128),
(627, 128),
(628, 129),
(630, 129),
(631, 129),
(632, 130),
(633, 130),
(634, 130),
(635, 130),
(636, 130),
(637, 130),
(638, 130),
(640, 131),
(641, 131),
(642, 131),
(643, 131),
(644, 131),
(645, 131),
(646, 131),
(647, 131),
(648, 133),
(649, 133),
(650, 133),
(651, 134),
(652, 134),
(653, 134),
(654, 134),
(655, 136),
(656, 136),
(657, 137),
(658, 137),
(659, 137),
(660, 137),
(661, 137),
(662, 137),
(663, 140),
(664, 140),
(665, 140),
(666, 140),
(667, 140),
(668, 140),
(669, 140),
(670, 143),
(671, 141),
(673, 141),
(674, 141),
(675, 142),
(676, 142),
(677, 142),
(678, 142),
(679, 143),
(680, 143),
(681, 144),
(682, 144),
(683, 147),
(684, 147),
(685, 147),
(686, 147),
(687, 147),
(688, 147),
(689, 147),
(690, 147),
(691, 147),
(692, 147),
(693, 147),
(694, 147),
(695, 147),
(696, 147),
(697, 147),
(698, 147),
(699, 147),
(700, 147),
(701, 147),
(702, 147),
(703, 148),
(704, 148),
(705, 148),
(706, 148),
(707, 148),
(708, 148),
(709, 148),
(710, 148),
(711, 148),
(712, 148),
(713, 148),
(714, 148),
(715, 150),
(716, 150),
(717, 151),
(718, 151),
(719, 151),
(720, 151),
(721, 152),
(722, 152),
(723, 152),
(724, 152),
(725, 152),
(726, 152),
(727, 153),
(728, 153),
(729, 153),
(730, 153),
(731, 154),
(732, 154),
(733, 154),
(734, 154),
(735, 154),
(736, 154),
(737, 154),
(738, 154),
(739, 154),
(740, 154),
(741, 154),
(742, 154),
(743, 154),
(744, 154),
(745, 154),
(746, 154),
(747, 154),
(748, 154),
(749, 154),
(750, 154),
(751, 154),
(752, 154),
(753, 154),
(754, 154),
(755, 154),
(756, 156),
(757, 156),
(758, 156),
(759, 156),
(760, 156),
(761, 156),
(762, 157),
(763, 157),
(764, 157),
(765, 157),
(766, 157),
(767, 157),
(768, 158),
(769, 158),
(770, 158),
(771, 158),
(772, 158),
(773, 158),
(774, 158),
(775, 158),
(776, 159),
(777, 159),
(778, 161),
(779, 161),
(780, 161),
(781, 161),
(782, 161),
(783, 161),
(784, 161),
(785, 161),
(786, 161),
(787, 161),
(788, 161),
(789, 161),
(790, 161),
(791, 161),
(792, 162),
(793, 162),
(794, 162),
(795, 162),
(796, 162),
(797, 162),
(798, 162),
(799, 164),
(800, 164),
(801, 164),
(802, 164),
(803, 164),
(804, 164),
(805, 164),
(806, 164),
(807, 164),
(808, 164),
(809, 164),
(810, 164),
(811, 174),
(812, 174),
(813, 173),
(814, 165),
(815, 175),
(816, 165),
(817, 175),
(818, 165),
(819, 175),
(820, 165),
(821, 175),
(822, 165),
(823, 165),
(824, 170),
(825, 170),
(826, 170),
(827, 170),
(828, 170),
(829, 170),
(830, 170),
(831, 170),
(832, 170),
(833, 169),
(834, 169),
(835, 169),
(836, 169),
(837, 169),
(838, 169),
(839, 169),
(840, 169),
(841, 168),
(842, 168),
(843, 168),
(844, 168),
(845, 168),
(846, 168),
(847, 168),
(848, 168),
(849, 168),
(850, 168),
(851, 168),
(852, 168),
(853, 168),
(854, 168),
(855, 168),
(856, 168),
(857, 168),
(858, 168),
(859, 168),
(860, 168),
(861, 168),
(862, 168),
(863, 168),
(864, 168),
(865, 168),
(866, 168),
(867, 168),
(868, 168),
(869, 167),
(870, 167),
(871, 167),
(872, 167),
(873, 167),
(874, 167),
(875, 167),
(876, 167),
(877, 167),
(878, 166),
(879, 166),
(880, 165),
(881, 165),
(882, 165),
(883, 165),
(884, 165),
(885, 165),
(886, 165),
(887, 165),
(888, 165),
(889, 165),
(890, 175),
(891, 175),
(892, 175),
(893, 175),
(894, 175),
(895, 175),
(896, 175),
(897, 175),
(898, 175),
(899, 175),
(900, 175),
(901, 175),
(902, 176),
(903, 176),
(904, 176),
(905, 176),
(906, 177),
(907, 177),
(908, 179),
(909, 179),
(910, 179),
(911, 179),
(912, 179),
(913, 179),
(914, 179),
(915, 179),
(916, 179),
(917, 179),
(918, 180),
(919, 180),
(920, 180),
(921, 180),
(922, 181),
(923, 181),
(924, 181),
(925, 181),
(926, 181),
(927, 182),
(928, 182),
(929, 182),
(930, 182),
(931, 182),
(932, 182),
(933, 182),
(934, 182),
(935, 182),
(936, 182),
(937, 183),
(938, 183),
(939, 183),
(940, 183),
(941, 183),
(942, 183),
(943, 185),
(944, 185),
(945, 186),
(946, 186),
(947, 186),
(948, 186),
(949, 186),
(950, 186),
(951, 186),
(952, 186),
(953, 186),
(954, 186),
(955, 187),
(956, 187),
(957, 187),
(958, 187),
(959, 187),
(960, 187),
(961, 187),
(962, 187),
(963, 187),
(964, 187),
(965, 187),
(966, 187),
(967, 187),
(968, 187),
(969, 188),
(970, 188),
(971, 188),
(972, 188),
(973, 188),
(974, 189),
(975, 189),
(976, 189),
(977, 189),
(978, 189),
(979, 189),
(980, 189),
(981, 189),
(982, 190),
(983, 190),
(984, 190),
(985, 190),
(986, 191),
(987, 191),
(988, 191),
(989, 192),
(990, 191),
(991, 192),
(992, 192),
(993, 192),
(994, 192),
(995, 192),
(996, 192),
(997, 192),
(998, 192),
(999, 192),
(1000, 193),
(1001, 193),
(1002, 193),
(1003, 193),
(1004, 193),
(1005, 193),
(1006, 193),
(1007, 193),
(1008, 193),
(1009, 193),
(1010, 193),
(1011, 193),
(1012, 194),
(1013, 194),
(1014, 194),
(1015, 194),
(1016, 195),
(1017, 195),
(1018, 196),
(1019, 196),
(1020, 197),
(1021, 197),
(1022, 197),
(1023, 197),
(1024, 198),
(1025, 198),
(1026, 199),
(1027, 199),
(1028, 199),
(1029, 199),
(1030, 199),
(1031, 199),
(1032, 200),
(1033, 200),
(1034, 200),
(1035, 200),
(1036, 200),
(1037, 200),
(1038, 201),
(1039, 201),
(1040, 201),
(1041, 201),
(1042, 201),
(1043, 201),
(1044, 201),
(1045, 201),
(1046, 201),
(1048, 202),
(1049, 202),
(1050, 203),
(1051, 203),
(1052, 203),
(1053, 203),
(1054, 203),
(1056, 204),
(1057, 204),
(1058, 204),
(1059, 204),
(1060, 204),
(1061, 204),
(1062, 205),
(1063, 205),
(1064, 206),
(1065, 207),
(1066, 207),
(1067, 207),
(1068, 207),
(1069, 207),
(1070, 207),
(1071, 207),
(1072, 207),
(1073, 207),
(1074, 207),
(1075, 208),
(1076, 208),
(1077, 208),
(1078, 209),
(1079, 209),
(1080, 210),
(1081, 210),
(1082, 210),
(1083, 210),
(1084, 210),
(1085, 210),
(1086, 211),
(1087, 211),
(1088, 211),
(1089, 211),
(1090, 211),
(1092, 211),
(1093, 211),
(1094, 212),
(1095, 212),
(1096, 212),
(1097, 212),
(1098, 213),
(1099, 213),
(1100, 213),
(1101, 213),
(1102, 213),
(1103, 213),
(1104, 213),
(1105, 213),
(1106, 213),
(1107, 213),
(1108, 213),
(1109, 213),
(1110, 214),
(1111, 214),
(1112, 214),
(1113, 214),
(1114, 214),
(1115, 214),
(1116, 214),
(1117, 214),
(1118, 214),
(1119, 214),
(1120, 214),
(1121, 214),
(1122, 217),
(1123, 217),
(1124, 217),
(1125, 217),
(1126, 219),
(1127, 219),
(1128, 219),
(1129, 219),
(1130, 220),
(1131, 220),
(1132, 220),
(1133, 221),
(1134, 221),
(1135, 221),
(1136, 221),
(1137, 222),
(1138, 222),
(1139, 223),
(1140, 223),
(1141, 223),
(1142, 223),
(1143, 223),
(1144, 223),
(1145, 223),
(1146, 223),
(1147, 223),
(1148, 223),
(1149, 223),
(1150, 224),
(1151, 224),
(1152, 224),
(1153, 224),
(1154, 224),
(1155, 224),
(1156, 224),
(1157, 224),
(1158, 224),
(1159, 224),
(1160, 224),
(1161, 224),
(1162, 225),
(1163, 225),
(1164, 225),
(1165, 225),
(1166, 225),
(1167, 225),
(1168, 225),
(1169, 225),
(1170, 225),
(1171, 225),
(1172, 242),
(1173, 242),
(1174, 241),
(1175, 240),
(1176, 241),
(1177, 240),
(1178, 240),
(1179, 238),
(1180, 238),
(1181, 238),
(1182, 238),
(1183, 238),
(1184, 238),
(1185, 237),
(1186, 237),
(1187, 237),
(1188, 237),
(1189, 237),
(1190, 237),
(1191, 237),
(1192, 236),
(1193, 236),
(1194, 236),
(1195, 236),
(1196, 235),
(1197, 235),
(1198, 235),
(1199, 235),
(1201, 233),
(1202, 231),
(1203, 231),
(1204, 227),
(1205, 227),
(1206, 226),
(1207, 226),
(1208, 226),
(1209, 243),
(1210, 244),
(1211, 244),
(1212, 244),
(1213, 244),
(1214, 245),
(1215, 245),
(1216, 245),
(1217, 245),
(1218, 245),
(1219, 245),
(1220, 245),
(1221, 245),
(1222, 246),
(1223, 246),
(1224, 246),
(1225, 246),
(1226, 246),
(1227, 246),
(1228, 246),
(1229, 246),
(1230, 246),
(1231, 246),
(1232, 246),
(1233, 246),
(1234, 246),
(1235, 246),
(1236, 246),
(1237, 246),
(1238, 246),
(1239, 246),
(1240, 246),
(1241, 246),
(1242, 246),
(1243, 246),
(1244, 246),
(1245, 246),
(1246, 246),
(1247, 246),
(1248, 246),
(1249, 246),
(1250, 246),
(1251, 246),
(1252, 246),
(1253, 246),
(1254, 246),
(1255, 246),
(1256, 247),
(1257, 247),
(1258, 248),
(1259, 248),
(1260, 248),
(1261, 248),
(1262, 250),
(1263, 250),
(1264, 251),
(1265, 251),
(1266, 251),
(1267, 251),
(1268, 251),
(1269, 251),
(1270, 251),
(1271, 251),
(1272, 251),
(1273, 251),
(1274, 251),
(1275, 251),
(1276, 251),
(1277, 251),
(1278, 251),
(1279, 251),
(1280, 251),
(1281, 251),
(1282, 251),
(1283, 251),
(1284, 251),
(1285, 251),
(1286, 251),
(1287, 251),
(1288, 252),
(1289, 252),
(1290, 252),
(1291, 253),
(1292, 253),
(1293, 253),
(1294, 253),
(1295, 253),
(1296, 254),
(1297, 254),
(1298, 254),
(1299, 254),
(1300, 254),
(1301, 254),
(1302, 255),
(1303, 255),
(1304, 255),
(1305, 255),
(1306, 255),
(1307, 255),
(1308, 256),
(1309, 256),
(1310, 256),
(1311, 256),
(1312, 257),
(1313, 257),
(1314, 257),
(1315, 257),
(1316, 257),
(1317, 257),
(1318, 258),
(1319, 259),
(1320, 260),
(1321, 260),
(1322, 260),
(1323, 260),
(1324, 260),
(1325, 260),
(1326, 260),
(1327, 260),
(1328, 260),
(1329, 260),
(1330, 260),
(1331, 260),
(1332, 260),
(1333, 261),
(1334, 261),
(1335, 262),
(1336, 262),
(1337, 264),
(1338, 264),
(1339, 264),
(1340, 264),
(1341, 264),
(1342, 264),
(1343, 265),
(1344, 265),
(1345, 265),
(1346, 265),
(1347, 265),
(1348, 265),
(1349, 265),
(1350, 265),
(1351, 265),
(1352, 265),
(1353, 265),
(1354, 265),
(1355, 265),
(1356, 265),
(1357, 265),
(1358, 265),
(1359, 265),
(1360, 265),
(1361, 266),
(1362, 266),
(1363, 266),
(1364, 266),
(1365, 266),
(1367, 267),
(1368, 268),
(1369, 268),
(1370, 268),
(1371, 268),
(1372, 268),
(1373, 268),
(1374, 268),
(1375, 268),
(1376, 268),
(1377, 268),
(1378, 268),
(1379, 268),
(1380, 268),
(1381, 268),
(1382, 268),
(1383, 269),
(1384, 269),
(1385, 269),
(1386, 269),
(1387, 269),
(1388, 269),
(1389, 269),
(1390, 269),
(1391, 270),
(1392, 270),
(1393, 270),
(1394, 270),
(1395, 270),
(1396, 270),
(1397, 270),
(1398, 271),
(1399, 271),
(1400, 272),
(1401, 272),
(1402, 272),
(1403, 272),
(1404, 272),
(1405, 273),
(1406, 273),
(1407, 273),
(1408, 273),
(1409, 273),
(1410, 273),
(1411, 273),
(1412, 273),
(1413, 274),
(1414, 274),
(1415, 275),
(1416, 275),
(1417, 275),
(1418, 275),
(1419, 275),
(1420, 275),
(1421, 275),
(1422, 275),
(1423, 276),
(1424, 276),
(1425, 276),
(1426, 276),
(1427, 276),
(1428, 276),
(1429, 277),
(1430, 277),
(1431, 277),
(1432, 278),
(1433, 278),
(1434, 278),
(1435, 279),
(1436, 280),
(1437, 280),
(1438, 281),
(1439, 281),
(1440, 281),
(1441, 282),
(1442, 282),
(1443, 282),
(1444, 282),
(1445, 282),
(1446, 282),
(1447, 282),
(1448, 282),
(1449, 282),
(1450, 282),
(1451, 282),
(1452, 282),
(1453, 284),
(1454, 284),
(1455, 285),
(1456, 285),
(1457, 287),
(1458, 287),
(1459, 287),
(1460, 287),
(1461, 288),
(1462, 288),
(1463, 288),
(1464, 289),
(1465, 289),
(1466, 289),
(1467, 289),
(1468, 289),
(1469, 289),
(1470, 290),
(1471, 290),
(1472, 290),
(1473, 290),
(1474, 290),
(1475, 290),
(1476, 291),
(1477, 291),
(1478, 291),
(1479, 291),
(1480, 291),
(1481, 291),
(1482, 291),
(1483, 291),
(1484, 291),
(1485, 291),
(1486, 291),
(1487, 291),
(1488, 291),
(1489, 291),
(1490, 291),
(1491, 291),
(1492, 291),
(1493, 291),
(1494, 291),
(1495, 291),
(1496, 291),
(1497, 291),
(1498, 291),
(1499, 291),
(1500, 291),
(1501, 291),
(1502, 291),
(1503, 291),
(1504, 292),
(1505, 292),
(1506, 292),
(1507, 292),
(1508, 293),
(1509, 293),
(1510, 293),
(1511, 293),
(1512, 294),
(1513, 294),
(1514, 294),
(1515, 294),
(1516, 295),
(1517, 295),
(1518, 295),
(1519, 296),
(1520, 297),
(1521, 298),
(1522, 298),
(1523, 298),
(1524, 298),
(1525, 298),
(1526, 298),
(1527, 298),
(1528, 298),
(1529, 298),
(1530, 298),
(1531, 299),
(1532, 299),
(1533, 299),
(1534, 299),
(1535, 299),
(1536, 299),
(1537, 300),
(1538, 300),
(1539, 300),
(1540, 300),
(1541, 300),
(1542, 300),
(1543, 300),
(1545, 302),
(1546, 302),
(1547, 302),
(1548, 302),
(1549, 302),
(1550, 303),
(1551, 303),
(1552, 303),
(1553, 303),
(1554, 303),
(1555, 303),
(1556, 304),
(1557, 304),
(1558, 304),
(1559, 304),
(1560, 304),
(1561, 304),
(1562, 304),
(1563, 304),
(1564, 305),
(1565, 305),
(1566, 305),
(1567, 305),
(1568, 305),
(1569, 305),
(1570, 306),
(1571, 306),
(1572, 306),
(1573, 306),
(1574, 306),
(1575, 306),
(1576, 306),
(1577, 306),
(1578, 306),
(1579, 306),
(1580, 306),
(1581, 306),
(1582, 307),
(1583, 307),
(1584, 307),
(1585, 307),
(1586, 307),
(1587, 307),
(1588, 309),
(1589, 309),
(1590, 309),
(1591, 309),
(1592, 309),
(1593, 309),
(1594, 309),
(1595, 310),
(1596, 310),
(1597, 310),
(1598, 310),
(1599, 310),
(1600, 310),
(1601, 311),
(1602, 311),
(1603, 312),
(1604, 312),
(1605, 312),
(1606, 312),
(1607, 312),
(1608, 312),
(1609, 312),
(1610, 312),
(1611, 313),
(1612, 313),
(1613, 313),
(1614, 313),
(1615, 313),
(1616, 313),
(1617, 314),
(1618, 314),
(1619, 314),
(1620, 314),
(1621, 314),
(1622, 314),
(1623, 314),
(1624, 314),
(1625, 314),
(1626, 315),
(1627, 316),
(1628, 316),
(1629, 316),
(1630, 316),
(1631, 316),
(1632, 316),
(1633, 316),
(1634, 316),
(1635, 316),
(1636, 316),
(1637, 316),
(1638, 316),
(1639, 318),
(1640, 318),
(1641, 318),
(1642, 318),
(1643, 318),
(1645, 319),
(1646, 319),
(1647, 319),
(1648, 319),
(1649, 319),
(1650, 319),
(1651, 319),
(1652, 319),
(1653, 319),
(1654, 320),
(1655, 320),
(1656, 320),
(1657, 320),
(1658, 321),
(1659, 321),
(1660, 321),
(1661, 321),
(1662, 321),
(1663, 321),
(1664, 321),
(1665, 321),
(1666, 321),
(1667, 321),
(1668, 321),
(1669, 321),
(1670, 322),
(1671, 322),
(1672, 322),
(1673, 322),
(1674, 322),
(1675, 322),
(1676, 322),
(1677, 322),
(1678, 322),
(1679, 322),
(1680, 322),
(1681, 322),
(1682, 322),
(1683, 322),
(1684, 322),
(1685, 322),
(1686, 322),
(1687, 322),
(1688, 322),
(1689, 322),
(1690, 322),
(1692, 323),
(1693, 323),
(1694, 323),
(1695, 323),
(1696, 323),
(1697, 324),
(1698, 324),
(1699, 326),
(1700, 326),
(1701, 326),
(1702, 326),
(1703, 327),
(1704, 327),
(1705, 327),
(1706, 327),
(1707, 327),
(1708, 327),
(1709, 328),
(1710, 328),
(1711, 330),
(1712, 330),
(1713, 330),
(1714, 330),
(1715, 331),
(1716, 331),
(1717, 332),
(1718, 332),
(1719, 332),
(1720, 332),
(1721, 332),
(1722, 332),
(1723, 332),
(1724, 332),
(1725, 334),
(1726, 334),
(1727, 335),
(1728, 335),
(1729, 335),
(1730, 335),
(1731, 335),
(1732, 335),
(1733, 335),
(1734, 335),
(1735, 336),
(1736, 336),
(1737, 336),
(1738, 336),
(1739, 336),
(1740, 336),
(1741, 336),
(1742, 337),
(1743, 337),
(1744, 338),
(1745, 338),
(1746, 338),
(1747, 338),
(1748, 338),
(1749, 338),
(1750, 338),
(1751, 338),
(1752, 338),
(1753, 338),
(1754, 339),
(1755, 339),
(1756, 339),
(1757, 339),
(1758, 340),
(1759, 340),
(1760, 340),
(1761, 340),
(1762, 342),
(1763, 342),
(1764, 342),
(1765, 342),
(1766, 342),
(1767, 342),
(1768, 343),
(1769, 343),
(1770, 343),
(1771, 343),
(1772, 343),
(1773, 343),
(1774, 344),
(1775, 345),
(1776, 345),
(1777, 345),
(1778, 345),
(1779, 345),
(1780, 345),
(1781, 345),
(1782, 345),
(1783, 345),
(1784, 345),
(1785, 345),
(1786, 345),
(1787, 345),
(1788, 345),
(1789, 345),
(1790, 345),
(1791, 345),
(1792, 345),
(1793, 345),
(1794, 345),
(1795, 345),
(1796, 345),
(1797, 345),
(1798, 345),
(1799, 345),
(1800, 345),
(1801, 345),
(1802, 345),
(1803, 346),
(1804, 346),
(1805, 346),
(1806, 346),
(1807, 347),
(1808, 347),
(1809, 347),
(1810, 347),
(1811, 347),
(1812, 347),
(1813, 347),
(1814, 347),
(1815, 347),
(1817, 348),
(1818, 348),
(1819, 349),
(1820, 349),
(1821, 349),
(1822, 349),
(1823, 349),
(1824, 350),
(1825, 350),
(1826, 350),
(1827, 350),
(1828, 350),
(1829, 350),
(1830, 350),
(1831, 350),
(1832, 351),
(1833, 351),
(1834, 351),
(1835, 351),
(1836, 351),
(1837, 351),
(1838, 351),
(1839, 351),
(1840, 351),
(1841, 351),
(1842, 351),
(1843, 351),
(1844, 351),
(1845, 352),
(1846, 352),
(1847, 352),
(1848, 352),
(1849, 352),
(1850, 352),
(1851, 352),
(1852, 352),
(1853, 352),
(1854, 353),
(1855, 353),
(1856, 353),
(1857, 353),
(1858, 353),
(1859, 353),
(1860, 353),
(1861, 354),
(1862, 354),
(1863, 354),
(1864, 354),
(1865, 354),
(1866, 354),
(1867, 354),
(1868, 354),
(1869, 354),
(1870, 354),
(1871, 356),
(1872, 356),
(1873, 356),
(1874, 356),
(1875, 356),
(1876, 358),
(1877, 358),
(1878, 358),
(1879, 358),
(1880, 358),
(1881, 358),
(1882, 358),
(1883, 358),
(1884, 358),
(1885, 358),
(1886, 358),
(1887, 358),
(1888, 359),
(1889, 359),
(1890, 359),
(1891, 359),
(1892, 360),
(1893, 360),
(1894, 360),
(1895, 360),
(1896, 360),
(1897, 360),
(1898, 360),
(1899, 360),
(1900, 360),
(1901, 361),
(1902, 361),
(1903, 361),
(1904, 361),
(1905, 361),
(1906, 361),
(1907, 361),
(1908, 361),
(1909, 361),
(1910, 361),
(1911, 361),
(1912, 361),
(1913, 361),
(1914, 361),
(1915, 361),
(1916, 361),
(1917, 361),
(1918, 361),
(1919, 361),
(1920, 361),
(1921, 362),
(1922, 362),
(1923, 362),
(1924, 362),
(1925, 363),
(1926, 363),
(1927, 363),
(1928, 363),
(1929, 364),
(1930, 364);

-- --------------------------------------------------------

--
-- Table structure for table `dictionary_word`
--

CREATE TABLE IF NOT EXISTS `dictionary_word` (
  `id` int(11) unsigned NOT NULL AUTO_INCREMENT,
  `created` timestamp NOT NULL DEFAULT CURRENT_TIMESTAMP ON UPDATE CURRENT_TIMESTAMP,
  `word` varchar(32) NOT NULL,
  PRIMARY KEY (`id`),
  UNIQUE KEY `dictionary_word_unique` (`word`),
  FULLTEXT KEY `dictionary_word_ft` (`word`)
) ENGINE=MyISAM  DEFAULT CHARSET=utf8 AUTO_INCREMENT=365 ;

--
-- Dumping data for table `dictionary_word`
--

INSERT INTO `dictionary_word` (`id`, `created`, `word`) VALUES
(1, '2009-05-31 10:34:00', 'male'),
(2, '2009-05-31 10:34:00', 'pleasanton'),
(3, '2009-05-31 10:34:00', 'california'),
(4, '2009-05-31 10:34:00', 'united'),
(5, '2009-05-31 10:34:00', 'states'),
(6, '2009-05-31 10:34:00', 'application'),
(7, '2009-05-31 10:34:00', 'developer'),
(8, '2009-05-31 10:34:00', 'lead'),
(9, '2009-05-31 10:34:00', 'front'),
(10, '2009-05-31 10:34:00', 'architect'),
(11, '2009-05-31 10:34:00', 'mint'),
(12, '2009-05-31 10:34:00', 'complete'),
(13, '2009-05-31 10:34:00', 'godster'),
(14, '2009-05-31 10:34:00', 'javascript'),
(15, '2009-05-31 10:34:00', 'xhtml'),
(16, '2009-05-31 10:34:00', 'resource'),
(17, '2009-05-31 10:34:00', 'blog'),
(18, '2009-05-31 10:34:00', 'video'),
(19, '2009-05-31 10:34:00', 'games'),
(20, '2009-05-31 10:34:00', 'blogging'),
(21, '2009-05-31 10:34:00', 'backpacking'),
(22, '2009-05-31 10:34:00', 'bicycling'),
(23, '2009-05-31 10:34:00', 'anime'),
(24, '2009-05-31 10:34:00', 'manga'),
(25, '2009-05-31 10:34:00', 'reading'),
(26, '2009-05-31 10:34:00', 'women'),
(27, '2009-05-31 10:34:00', 'team'),
(28, '2009-05-31 10:34:23', 'mattesnider'),
(29, '2009-05-31 10:34:23', 'gmail'),
(30, '2009-05-31 10:34:23', 'alma'),
(31, '2009-05-31 10:34:23', 'palo'),
(32, '2009-05-31 10:34:23', 'alto'),
(33, '2009-05-31 10:34:23', 'mattsnider'),
(34, '2009-05-31 10:34:23', 'trippert'),
(35, '2009-05-31 10:34:23', 'gophernow'),
(36, '2009-05-31 10:34:23', 'supost'),
(37, '2009-05-31 10:34:47', 'chicago'),
(38, '2009-05-31 10:34:47', 'illinois'),
(39, '2009-05-31 10:34:47', 'fingers'),
(40, '2009-05-31 10:34:47', 'left'),
(41, '2009-05-31 10:34:47', 'hand'),
(42, '2009-05-31 10:34:47', 'normal'),
(43, '2009-05-31 10:34:47', 'total'),
(44, '2009-05-31 10:34:47', 'counting'),
(45, '2009-05-31 10:34:47', 'azzurri'),
(46, '2009-05-31 10:34:47', 'pulcini'),
(47, '2009-05-31 10:34:47', 'rovers'),
(48, '2009-05-31 10:34:56', 'msjaastad'),
(49, '2009-05-31 10:34:56', 'comcast'),
(50, '2009-05-31 10:34:56', 'mackenzie'),
(51, '2009-05-31 10:34:56', 'drive'),
(52, '2009-05-31 10:34:56', 'sunnyvale'),
(53, '2009-05-31 10:34:56', 'rikasfriends'),
(54, '2009-05-31 10:34:56', 'ning'),
(55, '2009-06-11 16:38:33', 'testing'),
(56, '2009-06-11 16:38:33', 'sports'),
(57, '2009-06-11 16:38:33', 'recreation'),
(58, '2009-06-11 16:38:33', 'test'),
(59, '2009-06-11 16:38:58', 'trtyerty'),
(60, '2009-06-11 16:41:12', 'chess'),
(61, '2009-06-11 16:41:12', 'club'),
(62, '2009-06-11 16:41:12', 'academic'),
(63, '2009-06-11 16:48:06', 'mike'),
(64, '2009-06-11 16:48:06', 'sjaastad'),
(65, '2009-06-11 16:48:06', 'division'),
(66, '2009-06-11 16:48:06', 'winning'),
(67, '2009-06-11 17:19:56', 'pick'),
(68, '2009-06-11 17:19:56', 'game'),
(69, '2009-06-11 17:19:56', 'modify'),
(70, '2009-06-11 17:19:56', 'drop'),
(71, '2009-06-11 17:19:56', 'list'),
(72, '2009-06-11 17:19:56', 'administrator'),
(73, '2009-06-11 17:20:54', 'gools'),
(74, '2009-06-11 17:20:54', 'link'),
(75, '2009-06-11 17:20:54', 'code'),
(76, '2009-06-11 17:20:54', 'works'),
(77, '2009-06-11 17:20:54', 'countries'),
(78, '2009-06-15 08:18:42', 'santa'),
(79, '2009-06-15 08:18:42', 'cruz'),
(80, '2009-06-27 15:03:12', 'robbin'),
(81, '2009-06-27 15:03:12', 'parrot'),
(82, '2009-07-06 07:37:28', 'female'),
(83, '2009-07-06 07:37:28', 'washington'),
(84, '2009-07-06 07:37:28', 'fashion'),
(85, '2009-07-06 07:37:28', 'model'),
(86, '2009-07-10 19:00:39', 'early'),
(87, '2009-07-10 19:00:39', 'horizons'),
(88, '2009-07-10 19:00:39', 'daycare'),
(89, '2009-07-16 11:49:23', 'stanford'),
(90, '2009-07-16 11:49:23', 'university'),
(91, '2009-07-16 11:49:23', 'berkeley'),
(92, '2009-07-16 11:49:23', 'post'),
(93, '2009-07-16 11:49:23', 'graduate'),
(94, '2009-07-16 11:49:23', 'mark'),
(95, '2009-07-16 11:49:23', 'davis'),
(96, '2009-07-16 11:49:23', 'physiology'),
(97, '2009-07-16 11:49:23', 'james'),
(98, '2009-07-16 11:49:23', 'nelson'),
(99, '2009-07-16 11:53:04', 'jose'),
(100, '2009-07-16 11:53:04', 'super'),
(101, '2009-07-16 11:54:53', 'blah'),
(102, '2009-07-16 11:57:01', 'pilates'),
(103, '2009-07-16 11:57:01', 'cooking'),
(104, '2009-07-16 12:09:21', 'teams'),
(105, '2009-07-16 12:10:47', 'weekly'),
(106, '2009-07-20 07:18:07', 'users'),
(107, '2009-07-20 07:18:07', 'common'),
(108, '2009-07-20 07:18:07', 'interest'),
(109, '2009-07-20 07:18:07', 'passwords'),
(110, '2009-07-22 23:15:47', 'widget'),
(111, '2009-07-22 23:27:22', 'keeping'),
(112, '2009-07-22 23:27:22', 'version'),
(113, '2009-07-22 23:27:22', 'miles'),
(114, '2009-07-25 17:40:47', 'unversity'),
(115, '2009-07-25 17:40:47', 'barbara'),
(116, '2009-07-25 17:40:47', 'undergrad'),
(117, '2009-07-25 17:40:47', 'computer'),
(118, '2009-07-25 17:40:47', 'science'),
(119, '2009-07-25 17:40:47', 'engineering'),
(120, '2009-07-25 18:43:32', 'firl'),
(121, '2009-07-25 18:45:07', 'mill'),
(122, '2009-07-25 18:45:07', 'valley'),
(123, '2009-07-25 18:49:07', 'replcemnt'),
(124, '2009-07-25 18:49:07', 'info'),
(125, '2009-07-25 18:49:07', 'soccer'),
(126, '2009-07-25 18:49:07', 'wine'),
(127, '2009-07-25 18:49:07', 'azzuuri'),
(128, '2009-07-25 18:49:07', 'shoul'),
(129, '2009-07-25 18:49:07', 'sallow'),
(130, '2009-07-25 18:49:07', 'dropdown'),
(131, '2009-07-25 19:07:23', 'flushing'),
(132, '2009-07-25 19:07:23', 'bugs'),
(133, '2009-07-25 19:07:23', 'making'),
(134, '2009-07-25 19:07:23', 'things'),
(135, '2009-07-25 19:07:23', 'work'),
(136, '2009-07-28 18:15:09', 'bruno'),
(137, '2009-08-13 18:43:45', 'seattle'),
(138, '2009-08-13 20:07:54', 'stay'),
(139, '2009-08-13 20:07:54', 'home'),
(140, '2009-08-13 20:07:54', 'supemodel'),
(141, '2009-08-13 20:07:54', 'mother'),
(142, '2009-08-13 20:07:54', 'coming'),
(143, '2009-08-13 20:07:54', 'models'),
(144, '2009-08-13 20:07:54', 'azurri'),
(145, '2009-08-14 02:09:32', 'play'),
(146, '2009-08-14 02:09:32', 'golf'),
(147, '2009-08-14 02:09:32', 'professionally'),
(148, '2009-08-14 02:09:32', 'basketball'),
(149, '2009-08-14 02:09:32', 'easy'),
(150, '2009-08-14 02:10:39', 'field'),
(151, '2009-08-17 14:35:38', 'eagles'),
(152, '2009-08-17 14:35:38', 'existing'),
(153, '2009-08-17 14:35:38', 'groups'),
(154, '2009-08-17 14:36:01', 'petsfriendsunnyvale'),
(155, '2009-08-25 17:06:24', 'midi'),
(156, '2009-08-25 17:06:24', 'stopper'),
(157, '2009-08-25 17:06:24', 'forward'),
(158, '2009-08-26 12:24:49', 'defender'),
(159, '2009-08-26 12:24:49', 'keeper'),
(160, '2009-08-26 12:40:35', 'beta'),
(161, '2009-08-27 17:11:11', 'intermediate'),
(162, '2009-08-27 17:11:11', 'midfield'),
(163, '2009-08-27 17:13:28', 'page'),
(164, '2009-08-28 06:34:50', 'analytical'),
(165, '2009-08-28 06:34:50', 'technologies'),
(166, '2009-08-28 06:34:50', 'vitra'),
(167, '2009-08-28 06:34:50', 'bioscience'),
(168, '2009-08-28 06:34:50', 'siliconvalleysoccer'),
(169, '2009-08-28 06:34:50', 'director'),
(170, '2009-08-28 06:34:50', 'marketing'),
(171, '2009-08-28 06:34:50', 'technology'),
(172, '2009-08-28 06:34:50', 'busy'),
(173, '2009-08-28 06:34:50', 'email'),
(174, '2009-08-28 06:34:50', 'start'),
(175, '2009-08-28 06:34:50', 'biotechnology'),
(176, '2009-08-30 13:38:59', 'center'),
(177, '2009-08-30 14:47:00', 'night'),
(178, '2009-08-30 14:47:00', 'week'),
(179, '2009-08-30 14:47:00', 'saturdays'),
(180, '2009-08-30 14:49:53', 'beaseu'),
(181, '2009-08-30 14:49:53', 'pulcinci'),
(182, '2009-08-30 14:49:53', 'sorenesen'),
(183, '2009-08-30 14:51:32', 'sorensen'),
(184, '2009-08-30 14:52:10', 'tall'),
(185, '2009-08-30 14:52:10', 'geeky'),
(186, '2009-08-30 14:52:10', 'airplanes'),
(187, '2009-08-30 14:52:10', 'helicopters'),
(188, '2009-08-30 14:52:10', 'talking'),
(189, '2009-08-31 00:08:14', 'advanced'),
(190, '2009-08-31 00:08:14', 'defense'),
(191, '2009-08-31 00:08:14', 'tuesday'),
(192, '2009-08-31 00:08:14', 'wednesday'),
(193, '2009-08-31 09:37:19', 'bergenfield'),
(194, '2009-08-31 09:38:03', 'jersey'),
(195, '2009-08-31 09:38:03', 'azzuri'),
(196, '2009-08-31 09:45:35', 'pizza'),
(197, '2009-08-31 09:47:54', 'henitz'),
(198, '2009-08-31 09:47:54', 'yahoo'),
(199, '2009-08-31 09:48:15', 'college'),
(200, '2009-08-31 13:22:24', 'becasue'),
(201, '2009-09-10 17:55:57', 'pordenone'),
(202, '2009-09-10 17:55:57', 'italy'),
(203, '2009-09-10 17:55:57', 'bashers'),
(204, '2009-09-10 17:56:23', 'ventura'),
(205, '2009-09-10 17:56:23', 'franc'),
(206, '2009-09-10 17:57:52', 'state'),
(207, '2009-09-10 17:57:52', 'psychology'),
(208, '2009-09-10 17:57:52', 'ballin'),
(209, '2009-09-10 17:57:52', 'outta'),
(210, '2009-09-10 17:57:52', 'control'),
(211, '2009-09-12 17:57:19', 'beginner'),
(212, '2009-09-12 17:57:19', 'monday'),
(213, '2009-09-12 18:00:59', 'burgerglob'),
(214, '2009-09-12 18:00:59', 'yugoslavia'),
(215, '2009-09-12 18:00:59', 'soup'),
(216, '2009-09-12 18:00:59', 'good'),
(217, '2009-09-15 14:44:37', 'aarhus'),
(218, '2009-09-15 14:47:09', 'pets'),
(219, '2009-09-15 14:47:09', 'friend'),
(220, '2009-09-15 14:47:09', 'animal'),
(221, '2009-09-15 14:47:09', 'clinic'),
(222, '2009-09-15 14:47:09', 'owner'),
(223, '2009-09-15 14:47:09', 'healthcare'),
(224, '2009-09-15 14:47:09', 'veterinary'),
(225, '2009-10-03 16:08:51', 'cupertino'),
(226, '2009-10-03 16:08:51', 'yellow'),
(227, '2009-10-03 16:08:51', 'cards'),
(228, '2009-10-03 16:08:51', 'love'),
(229, '2009-10-03 16:08:51', 'boys'),
(230, '2009-10-03 16:08:51', 'back'),
(231, '2009-10-03 16:08:51', 'young'),
(232, '2009-10-03 16:08:51', 'gent'),
(233, '2009-10-03 16:08:51', 'named'),
(234, '2009-10-03 16:08:51', 'thing'),
(235, '2009-10-03 16:08:51', 'called'),
(236, '2009-10-03 16:08:51', 'futbol'),
(237, '2009-10-03 16:08:51', 'watching'),
(238, '2009-10-03 16:08:51', 'football'),
(239, '2009-10-03 16:08:51', 'lots'),
(240, '2009-10-03 16:08:51', 'hiking'),
(241, '2009-10-03 16:08:51', 'biking'),
(242, '2009-10-03 16:08:51', 'coors'),
(243, '2009-10-03 16:08:51', 'light'),
(244, '2009-12-05 20:50:49', 'friday'),
(245, '2009-12-06 16:45:23', 'ioiijiuj'),
(246, '2009-12-06 16:56:13', 'peninsulasoccerleague'),
(247, '2009-12-06 16:56:13', 'sched'),
(248, '2009-12-06 17:02:37', 'paiman'),
(249, '2009-12-24 10:04:40', 'coed'),
(250, '2009-12-24 10:06:12', 'league'),
(251, '2009-12-24 10:06:12', 'coed_winter_2009'),
(252, '2009-12-24 10:06:12', 'byteam'),
(253, '2009-12-24 10:06:23', 'team_id'),
(254, '2009-12-24 10:17:27', 'premier'),
(255, '2009-12-24 10:43:35', 'fwetgrf'),
(256, '2009-12-24 10:44:28', 'summer'),
(257, '2009-12-29 16:29:46', 'friendly'),
(258, '2009-12-29 16:29:46', 'group'),
(259, '2009-12-29 16:29:46', 'pries'),
(260, '2009-12-29 16:29:46', 'competitive'),
(261, '2009-12-29 16:29:46', 'cheap'),
(262, '2009-12-29 16:29:46', 'hacks'),
(263, '2009-12-29 16:29:46', 'hunt'),
(264, '2009-12-29 16:29:46', 'destroy'),
(265, '2009-12-29 16:46:01', 'implementation'),
(266, '2009-12-29 16:46:01', 'editing'),
(267, '2009-12-29 16:46:01', 'doesn'),
(268, '2010-01-02 18:34:33', 'biographical'),
(269, '2010-01-02 18:34:33', 'relevant'),
(270, '2010-01-02 18:34:33', 'networks'),
(271, '2010-01-04 18:33:34', 'network'),
(272, '2010-01-16 10:48:56', 'contact'),
(273, '2010-01-30 10:26:27', 'weeknight'),
(274, '2010-01-30 10:28:23', 'katie'),
(275, '2010-01-30 10:28:23', 'bushnell'),
(276, '2010-01-30 10:30:14', 'cougars'),
(277, '2010-01-30 10:30:14', 'sunday'),
(278, '2010-01-30 10:30:14', 'womens'),
(279, '2010-01-30 10:30:14', 'mandy'),
(280, '2010-01-30 10:30:14', 'pandy'),
(281, '2010-02-05 14:41:49', 'silicon'),
(282, '2010-02-05 14:41:49', 'association'),
(283, '2010-02-05 15:02:37', 'svsa'),
(284, '2010-02-05 15:02:37', 'winter'),
(285, '2010-02-05 15:10:58', 'fields'),
(286, '2010-02-05 15:11:52', 'hide'),
(287, '2010-02-08 12:40:36', 'womenss'),
(288, '2010-02-15 15:05:41', 'active'),
(289, '2010-02-26 10:56:45', 'field_id'),
(290, '2010-02-26 10:56:45', 'mayfield'),
(291, '2010-02-26 11:48:39', 'coed_spring_pa_2010'),
(292, '2010-02-26 14:58:20', 'forget'),
(293, '2010-02-26 14:58:20', 'tonight'),
(294, '2010-02-26 15:15:23', 'season'),
(295, '2010-02-26 15:15:23', 'starts'),
(296, '2010-02-26 15:15:23', 'march'),
(297, '2010-04-11 16:06:00', 'jason'),
(298, '2010-04-11 16:06:00', 'novaurora'),
(299, '2010-04-12 16:35:04', 'divisions'),
(300, '2010-05-16 15:58:25', 'variable'),
(301, '2010-05-16 16:38:21', 'mens'),
(302, '2010-05-16 17:27:46', 'cougaros'),
(303, '2010-05-16 17:28:57', 'members'),
(304, '2010-05-16 17:48:23', 'gjsjggxj'),
(305, '2010-05-16 18:19:35', 'injured'),
(306, '2010-05-16 19:16:33', 'temporaily'),
(307, '2010-05-16 19:16:33', 'inactive'),
(308, '2010-05-17 09:11:49', 'kiss'),
(309, '2010-05-17 11:52:20', 'interesting'),
(310, '2010-05-17 11:52:20', 'confirm'),
(311, '2010-05-17 11:52:20', 'years'),
(312, '2010-05-17 16:42:18', 'scientist'),
(313, '2010-05-18 08:38:12', 'slacker'),
(314, '2010-05-18 08:45:52', 'cancelled'),
(315, '2010-05-18 12:12:38', 'jjjjj'),
(316, '2010-05-20 10:06:36', 'unemployed'),
(317, '2010-05-20 11:31:59', '21st'),
(318, '2010-05-22 21:15:37', 'awesome'),
(319, '2010-05-22 21:15:37', 'clockwork'),
(320, '2010-05-22 21:15:37', 'orange'),
(321, '2010-05-22 21:15:37', 'terrorista'),
(322, '2010-05-22 21:18:33', 'onetwothreefour'),
(323, '2010-05-22 21:18:48', 'falling'),
(324, '2010-05-27 16:24:43', 'green'),
(325, '2010-05-27 16:24:43', 'eggs'),
(326, '2010-05-27 16:24:43', 'diaper'),
(327, '2010-05-27 16:24:43', 'changer'),
(328, '2010-08-19 23:50:30', 'daddy'),
(329, '2010-08-22 12:43:02', 'duda'),
(330, '2010-08-22 12:43:02', 'street'),
(331, '2010-08-22 13:22:05', 'place'),
(332, '2010-08-22 13:22:06', 'milpitas'),
(333, '2010-09-06 16:26:31', 'matt'),
(334, '2010-09-06 16:26:31', 'snider'),
(335, '2010-09-06 16:29:41', 'osiristx'),
(336, '2010-09-06 16:29:41', 'tech_omp'),
(337, '2010-09-06 16:40:52', 'biotech'),
(338, '2010-09-06 16:43:11', 'temporarily'),
(339, '2010-09-06 18:37:31', 'fsdfsdf'),
(340, '2010-09-06 18:37:31', 'dsfsdf'),
(341, '2010-09-06 18:50:23', 'news'),
(342, '2010-09-06 18:51:06', 'netflix'),
(343, '2010-09-18 07:34:14', 'opiuoiu'),
(344, '2010-09-18 07:41:41', 'admin'),
(345, '2010-09-18 07:43:10', 'svsa_coed_fall_2010'),
(346, '2010-10-19 12:57:07', 'encino'),
(347, '2010-10-19 12:57:07', 'livermore'),
(348, '2010-10-19 12:57:07', 'vysus'),
(349, '2010-10-21 12:24:39', 'location'),
(350, '2010-10-31 12:16:03', 'karameos'),
(351, '2010-11-01 12:26:12', 'mattesnider100'),
(352, '2010-11-01 12:26:12', 'treterter'),
(353, '2010-11-01 12:26:12', 'rtertert'),
(354, '2010-11-01 12:33:57', 'mattesnider101'),
(355, '2010-11-01 12:33:57', 'wewe'),
(356, '2010-11-02 19:28:30', 'angeles'),
(357, '2010-11-02 19:28:30', 'jiom'),
(358, '2010-11-02 19:28:30', 'rtwretwert'),
(359, '2010-11-10 15:14:15', 'carlos'),
(360, '2010-11-10 15:14:16', 'ertygsdgs'),
(361, '2010-11-10 15:18:51', 'azzzuurrrriiii'),
(362, '2010-11-10 15:19:58', 'dfgdfg'),
(363, '2010-11-22 22:15:29', 'pppqef'),
(364, '2010-11-22 22:15:29', 'qresh');

-- --------------------------------------------------------

--
-- Table structure for table `group`
--

CREATE TABLE IF NOT EXISTS `group` (
  `category_id` smallint(3) NOT NULL DEFAULT '1',
  `company_id` mediumint(8) DEFAULT NULL,
  `searchable_id` int(11) unsigned NOT NULL,
  PRIMARY KEY (`searchable_id`),
  KEY `type_child` (`category_id`)
) ENGINE=InnoDB DEFAULT CHARSET=utf8;

--
-- Dumping data for table `group`
--

INSERT INTO `group` (`category_id`, `company_id`, `searchable_id`) VALUES
(1, NULL, 188),
(1, NULL, 189),
(1, NULL, 190),
(1, NULL, 191),
(1, NULL, 192),
(1, NULL, 193),
(1, NULL, 194),
(1, NULL, 200),
(1, NULL, 208),
(1, NULL, 210),
(1, NULL, 224),
(1, NULL, 225),
(1, NULL, 226),
(1, NULL, 227),
(1, NULL, 248),
(1, NULL, 249),
(1, NULL, 251),
(1, NULL, 252),
(1, NULL, 255),
(1, NULL, 267),
(1, NULL, 272),
(1, NULL, 273);

-- --------------------------------------------------------

--
-- Table structure for table `message`
--

CREATE TABLE IF NOT EXISTS `message` (
  `body` text NOT NULL,
  `created` timestamp NOT NULL DEFAULT CURRENT_TIMESTAMP ON UPDATE CURRENT_TIMESTAMP,
  `id` int(11) unsigned NOT NULL AUTO_INCREMENT,
  `subject` varchar(120) NOT NULL,
  `thread` varchar(50) NOT NULL,
  PRIMARY KEY (`id`),
  UNIQUE KEY `thread` (`id`,`thread`)
) ENGINE=InnoDB  DEFAULT CHARSET=utf8 AUTO_INCREMENT=371 ;

--
-- Dumping data for table `message`
--

INSERT INTO `message` (`body`, `created`, `id`, `subject`, `thread`) VALUES
('yhrthgfhfghfghhgfg', '2009-02-15 16:18:53', 277, 'Message from the Cameleon team: ', '03040f4310f6d827a6b3535d5b0b16d7'),
('Did you get an email saying that you received message on Cameleon?', '2009-06-13 14:50:37', 278, 'Testing', '0ee5c8001cbd4406c1af24cf4dbeaa1b'),
('HI Matt,\r\nYup! I did. Three message arrived between 6:41 and 6:45 last night confirming the creation of a group.  I forwarded them to you. -M', '2009-06-14 07:06:46', 279, 're: Testing', '0ee5c8001cbd4406c1af24cf4dbeaa1b'),
('Hey Matt,\r\nI''m  up in Portland for the week-end visiting family and have been playing with cameleon brifly while Miles naps.  Awesome features on the email editing!!!!  huge benefit for admins.  This site really has some cool functionality!  You should be proud.  I''m psyched to get it in use soon.\r\n\r\nI''ve noticed a couple bugs.  Messaging from groups gave me an error, and I still can update user or group profile pics.  Also if I create a new user I can log in once but then logging in again give me an "invalid credentials\r\n"  ALl little stuff but thought you would like to know!!!  talk to you soon, -M', '2009-06-27 15:16:43', 280, 'HI ', 'bd9e5bb85671074eb6395ef1d395554d'),
('Hey Mike,\r\n\r\nI believe I''ve fixed all 3 of these bugs. The group message wasn''t working because of some minor JavaScript issues, which were easy to fix. The user/group profile images were broken, because ''portrait'' is a special tab name. Locally, I have all the tabs lower-case, but they are on the upper-case on the server. I made the tab check case-agnostic, so it works fine now on the server. Lastly, the user credentials were caused because the registration link in the new user email was not clicked on. Unfortunately, the order of operations caused the wrong message to be shown to the user. This should be fixed now.\r\n\r\nI also went through the JavaScript for the Mailbox pages and fixed it (this allows the select all/none/etc. stuff to work again). I think I punted these when I did the mailbox/message redesign, but now it should all work again. ', '2009-07-05 15:52:32', 281, 're: HI ', 'bd9e5bb85671074eb6395ef1d395554d'),
('HI Matt,\r\n\r\nJust wanted you to know I got the message and will be testing stuff!!! -M', '2009-07-06 08:33:08', 282, 're: re: HI ', 'bd9e5bb85671074eb6395ef1d395554d'),
('Hi Matt,\r\nI have noticed you ahve made more changes to the site and it is working pretty well!\r\n\r\nI sear the quick search moved intot he body of the page from the header.  I''m creating some test users and taking notes!\r\n\r\nLet me know you go this!!!!  Otherwise I''ll email ya! -M', '2009-07-16 12:15:09', 283, 'Site looks great!', '5208f04b6989e370a36b7aaacebd3025'),
('drfsdfasdfa', '2009-07-16 13:25:54', 284, 'test message to derek', '687430fc1e438153d2d2c5681b777f29'),
('I got this!', '2009-07-18 17:53:47', 285, 're: Site looks great!', '5208f04b6989e370a36b7aaacebd3025'),
('Hi Matt!!\r\n\r\nI''ve been playing with the site a bit creating some users, and teams ans messaging between them etc...  and noticed something small...  When you look at teams the member count is always 0 so it isn''t reflective of the number of members on a team... -M', '2009-07-21 18:01:13', 286, 'Team member count', '40bb14419cc9c2078a6f7997010b01a7'),
('test message to all FA Azzurri memebers', '2009-07-21 18:02:02', 287, 'Message from Group: FA Azzurri', '14baa54451bc925e505ccf1dfdad1c76'),
('Hey Mike, I''ve fixed the friends count on groups. It was just something I had punted on during the redesign, but it was time to get it working again. ', '2009-07-25 18:02:46', 288, 're: Team member count', '40bb14419cc9c2078a6f7997010b01a7'),
('awesome.  I''m adding more users and playing with the site some today to get ready fo the meeting tomorrow. -M', '2009-07-25 18:08:43', 289, 're: re: Team member count', '40bb14419cc9c2078a6f7997010b01a7'),
('Great. I added an event for tomorrow ^_^. I also sent you a regular email detailing some changes I made to the custom fields backend.', '2009-07-25 18:21:45', 290, 're: re: re: Team member count', '40bb14419cc9c2078a6f7997010b01a7'),
('testing message to all users', '2009-08-04 13:45:37', 291, 'Message from the Silicon Valley Soccer team: ', '2d474d43acf9da9b15802d7be7f5d1d8'),
('Hey Matt,\r\n\r\nWhenever I try to edit profile (from the "edit" link on side bar) or try hitting "edit" for most of the sub sections of the profile page I get a database error.  Do you get the same?  I''m ready to demo to the Soccer league director, but would like to resolve that first...\r\n\r\nCan you check it out and see if you see what I do?\r\n\r\nthanks!  -M', '2009-08-10 17:13:17', 292, 'edit profile errors...', 'a388dc1ef2c1aa3fe27888aaf47f469f'),
('Man, why you always breaking things...\r\n\r\nActually, I had removed a file that was no longer being used, except I didn''t realize that it was defining a bunch of constants that were being used for profile editing. I moved the constants to a better place and it is now fixed.\r\n\r\nSorry about the inconvenience.\r\n-matt', '2009-08-12 11:06:51', 293, 're: edit profile errors...', 'a388dc1ef2c1aa3fe27888aaf47f469f'),
('Cool, thanks.\r\n\r\nI live to break things,  -M', '2009-08-13 18:36:47', 294, 're: re: edit profile errors...', 'a388dc1ef2c1aa3fe27888aaf47f469f'),
('THere are two users (diego ventura and erin Linke) whose portraits can see when I''m logged in as them, but I can''t see them when I do a search with ""no term" to see all users...  In other words the portrait is loaded but doesn''t always show up...  I''ll see if there are other instances where they do not show up. -m', '2009-08-13 20:30:19', 295, 'here is an odd one...', '2386a680e6b73153613ec8398c8cfe51'),
('Couldn''t "create" a team today.  I wanted to creat a new team to see if all my teamates showed up as an option to invite.  that feature was a bit hard for me to be sure it was working properly...\r\n\r\n-M', '2009-08-14 15:38:34', 296, 'creat a team seems broken', 'ce3e94d134fb21bbbf6b1d8470dbc375'),
('Minor correct to my last message...\r\n\r\nWhen I created a team I got an apache error page, but the team was created anyway...  then when I check to see who on my teamate I could invite that list was not inclusive of all my existing team mates....  Something about the invite list is a bit wonky...', '2009-08-14 15:40:20', 297, 'CORRECTION', 'ab29ff44efa8fae82959914257790f31'),
('New administrator feature added - targeted messaging. You can now send messages to all users, users who are members to specific groups, or just a collection of individual users. This message is a test of this new system.', '2009-08-16 16:46:54', 298, 'Message from the Silicon Valley Soccer team: ', '874d3a3f736f346b461cb66bcc518bc6'),
('Hey Matt!\r\n\r\nThe targeted messaging looks great!  Nice work!  I''ve been playing with the site a bit this AM.\r\n\r\nI think we are getting close to being ready to demo.  I was wondering if you are OK with me letting couple of my soccer friends log in under the demo users accounts to play with the site to see if they have any feedback or find bugs?\r\n\r\n-M', '2009-08-17 12:22:02', 299, 're: re: edit profile errors...', 'a388dc1ef2c1aa3fe27888aaf47f469f'),
('Hey Mike,\r\n\r\nFeel free to share this with a few select people. We could use a little feedback at this point.\r\n\r\nAlso, I have added a basic content management system, similar to the email management system. It''s on the general tab and it allows admins to change the on the signup form and the welcome message. I also rolled the about page and TOS into this system as well. Eventually, we''ll hook in a WYSIWYG editor, but I''m pretty happy with the current feature.\r\n\r\nFYI: There are only 2 tasks left on the roadmap, before we are technologically BETA ready. \r\nhttp://wiki.cameleon.mattsnider.com/index.php?title=Feature_Roadmap#Pre-Beta', '2009-08-17 23:41:26', 300, 're: re: re: edit profile errors...', 'a388dc1ef2c1aa3fe27888aaf47f469f'),
('testing', '2009-08-18 08:44:52', 301, 'Message from the Silicon Valley Soccer team: ', '1b7b1820f2d7ed1eee9776c716eaa487'),
('HI Matt,\r\n\r\nI''m getting ready to give a handful of users access for testing adn went to delete a t TEAM today.  It looks like we have lost teh "delete team" function.  It was a team that I am an admin of...\r\n\r\nDid I just miss it?  -M', '2009-08-20 06:35:35', 302, 'TEAMS', '2f7607c1f21f4547e75c41ecaf00dbbe'),
('There are 6 teams that I see, all of which have at least 2 members. You must first delete all the members, before you can delete a team. This prevents people from accidentally deleting a group. I will add it to my list of things to do, to message this better.', '2009-08-25 10:02:24', 303, 're: TEAMS', '2f7607c1f21f4547e75c41ecaf00dbbe'),
('OK Cool. That makes sens and I think a bit of explanation is all that is needed.   I did try to delete members and got an error. I tried to delete Julie miller from the "Test invite team" which has 3 members...\r\n\r\nSo perhaps deleting members is problematic?  -M', '2009-08-25 16:59:42', 304, 're: re: TEAMS', '2f7607c1f21f4547e75c41ecaf00dbbe'),
('Hey Mike, it took me longer today to get the member stuff fixed than I anticipated. As far as I could tell there was no logic for removing a member, only removing administrators. It must have been lost somewhere in the redesign from Geekster. Anyway, I fixed the ability to remove a member from a group.\r\n\r\nI also looked into Erin and Diego. It turns out that the logic to become a user was matching the first instance of a User with a given name in the database, not the first `active` one. Diego and Erin both have `deleted` users with the same name. So you had updated the profiles of the `deleted` users, instead of the `active` ones. I have fixed the logic to only allow Admins to become `active` users, and I migration your data to the correct user. You should now see the portrait for these two users when you search.\r\n\r\nI will be looking into the creating a group and custom field issues tomorrow morning.', '2009-08-26 00:58:48', 305, 'Some Fixes Made', 'c080be5b2109401c78429f4413d440a6'),
('awesome.  Thanks! -M', '2009-08-26 06:34:42', 306, 're: Some Fixes Made', 'c080be5b2109401c78429f4413d440a6'),
('I checked this stuff all out and things look good. It looks like the DB error on the Soccer info (new Widget) i made is fixed a bit. It now appears in the profile pages but a couple of the custom fields are broken.  We are getting there!\r\n\r\nDiego and Erin look fixed and I''m very close to being able to invite these folks to play around. In fact we can delete the Soccer info widget if we want to start the testing....  Depends on when you have time to get to it and your comfort level with it.\r\n\r\nthansk for the fast turn around! -M', '2009-08-26 12:39:16', 307, 're: Some Fixes Made', 'c080be5b2109401c78429f4413d440a6'),
('Hello Everyone!  Welcome to the first round of the Beta Test.  Thanks so much for participating!  You will be rewarded.  This message courtesy of the administrators "messaging" system...  This is how we will keep you informed of bug fixes or new features we turn on.   -Mike', '2009-08-30 14:54:03', 308, 'Message from the Silicon Valley Soccer team: ', 'b36a326efabdcdc81c1432e2a0df14d7'),
('Hey Mike, just wanted to let you know that I fixed the categories and many other minor issues with the ''select'' type. It took me a long time to realize why your new ''select'' types weren''t working (ie. you can''t add new values). It is because when the necessary tables are setup the name is being truncated to just and ''_''. Because of this you can never add values to them. I went through and deleted all the broken types that were currently in the system, because they were in an unrecoverable state. I will be looking into the issue in the morning. Please don''t create any new ''select'' type fields until I let you know that it is working. You can edit existing ones, just not create new ones.', '2009-08-31 00:22:20', 309, 'New Select Type is Broken', 'e722379294a164a734f50d2dbe300382'),
('got it.  Thanks again fo rhte rapid follow up!  I will only edit the two ones I created yesterday for the my soccer profile widget as a test.  Thanks!', '2009-08-31 08:23:08', 310, 're: New Select Type is Broken', 'e722379294a164a734f50d2dbe300382'),
('Mike,\r\n\r\nThe issue is fixed. There was an order of operations problem, causing the select type to attempt to setup its related data tables before it knew that it was a select type. And chaos ensued. Any now that it is fixed, I went ahead and added the "Available to Sub" field. I don''t remember what the other one was.\r\n\r\n-matt', '2009-08-31 09:07:13', 311, 're: re: New Select Type is Broken', 'e722379294a164a734f50d2dbe300382'),
('here are things I found:\r\n\r\nIn Basic Info ---- About Me is tagged w/ asterisk as mandatory. Does it need to be?\r\n\r\non test widget --- On Days and Time I can Play - IT might make more sense from query stdpt if it was NOT free text but rather standardized options.  From a  mgr standpoint...it might make a query simpler.  Might also want to have a query option for managers?\r\n\r\n\r\n', '2009-08-31 10:11:11', 312, 'testing...', '59476e7ef328aeca4be68f7a44c04d88'),
('Great. I will go in now and make some edits! ', '2009-08-31 13:20:35', 313, 're: re: re: New Select Type is Broken', 'e722379294a164a734f50d2dbe300382'),
('Hey John,\r\nTHanks!!!  Those are good observations.\r\n\r\nWhat is cool about your suggestions is that I can edit your two comments right in the administrators tools.  We are in the process of making multiple selections possible which would address you days of the week suggestion.  You could pick from a list (multiple selections)  That is a post beta feature, but 100% planned.  The Asterisk for required is also an admin option.  I planted some in odd places to see if people got stuck!  :>  I''ll remove it.  I''ve edited the my soccer section a bit already. Check out the changes.\r\n\r\nPS we really missed you on Friday!  but the upside is we got 3 new girls at lease one of which will join full time and she is good!  -M', '2009-08-31 13:26:33', 314, 're: testing...', '59476e7ef328aeca4be68f7a44c04d88'),
('Hey Long lost friend, Just testing out the new account... ; ) Hope your well!\r\n', '2009-09-01 11:57:12', 315, 'Hey Baby....', 'e037af12454cc6b109284c3c135a8747'),
('Hey THere,\r\n\r\nI''min Boston for work and I''m taking a few minute to peek at the site.  One thing I think might be a useful feature would be to display the "last update" time in the page where we display a users "Team Mates" or friends and also in the list when they all appear when you "browse".  That way you can look at you list of friends and see when they logged in last...  As part of beta testing it would allow me to get a quick sense of site activity!\r\n\r\nOn other thing I noted was that in selecting people to invite to a group you could check multiple name but it only invited one. So I checked one at a time and just repeated.  -M', '2009-09-02 14:14:11', 316, 'HI MAtt', '1f44cf74fa93e51d825a944608525022'),
('Mike,\r\n\r\nI went ahead and added the "last updated" to search results. There are some filters at the top of the friends (teamates) page that allow you to see recent activity as well. Also, I fixed the group (teams) invite so that it sends multiple requests. I was stopping the loop after I found the first user for some reason. Let me know if you find anything else.', '2009-09-03 09:28:44', 317, 're: HI MAtt', '1f44cf74fa93e51d825a944608525022'),
('Awesome. Thanks!!! -M', '2009-09-04 15:33:37', 318, 're: re: HI MAtt', '1f44cf74fa93e51d825a944608525022'),
('Wassup girl :)\r\n\r\nYou were born in 1995?', '2009-09-10 17:43:22', 319, 'Hi', '770094c0c6194a31a7dd87f0164a241a'),
('What up Bee-otch! Just doing my part and testing this thing out... when & where you play your next Men''s game?', '2009-10-01 11:27:52', 320, 'How many men?', 'af9c911cd39a9eb21c75a77813bd6bc9'),
('What the hell happend to the Buffs this year? They were clowing them on sports talk radio this morning....keep your head up! ; )\r\n\r\nOn the other hand...the Niners are looking kind of special this season. About time!!!', '2009-10-01 11:30:30', 321, 'Test 1...test 2', 'e86d90332cb357916fd7a759b951bc5d'),
('Sorry it took me so long to get on board! Talk about procrastination! \r\n\r\nAs far as Colorado goes, the Buffaloes are terrible! When they played Toledo and lost bad, I knew we were in trouble! HOLY TOLEDO! \r\n\r\nBy the way, it was so good to see you the other night at the Old Pro. Always fun to catch up with you. We should do that more often. I have finally finished my landscaping so I need to have more people over to enjoy it....how would you like to join me in a cocktail, beer, etc sometime soon? \r\n\r\nAlso, you should definitely come to my sis'' house on Monday night for football....it has been super yummy lately! \r\n\r\nHope you are having a great weekend -\r\nMolly', '2009-10-03 16:05:51', 322, 're: Test 1...test 2', 'e86d90332cb357916fd7a759b951bc5d'),
('Hey Matt,\r\n\r\nI''m in Chicago for work (at a conference) and it has been hectic.  I checked into cameleon this am just to poke around and notice you made some UI changes.  Likes good.  I spoke to my friend Alan in Salt lake yesterday na dhe thinks we could approach both his Duaghters private school for feedback and possibly a beta test and also his church.  I''ll work on that and maybe we can get together this weekend to catch up about beta feedback and next steps?  I''m around both days. I have a game Sunday from 12:30-2:30 otherwise free...   easiest communication is via txt while I''m traveling.   -Mike', '2009-10-22 05:53:56', 323, 'HI There', 'a10bcbec8bb2a6b5337304318991b153'),
('register or die', '2009-12-06 15:21:39', 324, 'Message from the Silicon Valley Soccer team: ', 'ab96521c29b8997f18499ed8db498599'),
('just testing disregard last email there is nothing to register for', '2009-12-06 15:43:14', 325, 'Message from the Silicon Valley Soccer team: ', '5fb4c7dc1409c7310d0904d8f35f4443'),
('Just though I would put a message in you inbox...  -M', '2009-12-09 19:48:49', 326, 'HI Paiman!', '2935885019d1cd46a083ef52821c265b'),
('Admin tabs have been consolidated and improved. Subtabs are now being used to allow more content and descriptions.\r\n\r\nJavaScript library has been upgraded from YUI 2 to YUI 3. Currently, this is causing issues with the fields manager and autocomplete, but I am working on it.\r\n\r\nNew tabbing widget added, when use it allows the user to view tabs using JavaScript instead of requiring a page reload. Currently it is used on the login page.\r\n', '2009-12-13 01:19:35', 327, 'Message from the Cameleon team: ', '970a4e8fd6d507e7d1a0fd9b22da66f5'),
('Hi Matt,\r\nI have only had this problem with one field but I can''t get to the the edit capability for the biographical tab field "Interests and hobbies".  It doesn''t display the option to hide, edit etc...  All the other fields in this tab seem to work fine.', '2009-12-29 16:44:13', 328, 'bug', 'efe7b920c913c0941d01a9d75b411f86'),
('Write something...', '2009-12-30 19:29:29', 329, 'Message from the Cameleon team: ', '85859ac2a0ff6f8c31be838f88a5fad2'),
('Hey Mike,\r\n\r\nIt was actually the ''&'' that was causing the issue. There are certain characters that HTML treats specially, known as HTMLEntities and ''&'' is one of them. Anyway, I needed to escape it for it to work properly. This might be a problem elsewhere and is something we should check throughout the site.', '2009-12-31 10:02:53', 330, 're: bug', 'efe7b920c913c0941d01a9d75b411f86'),
('interesting!  Good catch.   -M', '2010-01-07 06:55:18', 331, 're: re: bug', 'efe7b920c913c0941d01a9d75b411f86'),
('Hey Mike, I just wanted to let you know that I updated the features page in the admin configuration options. Besides having a better UI, it now supports turning the network feature on and off. Behind the scenes I have improved the way this page works, so if we add additional content like Networks or Groups, then this page will automatically support them.\r\n\r\nhttp://cameleon.mattsnider.com/admin.action?page=config&task=modules', '2010-01-10 13:17:48', 332, 'Updated Feature page', '68f48f341febe5636b9eddfd06a97b2a'),
('Hi Matt,\r\nI checked the bug in IE and I CAN use the save button in profile edit in IE.  Brokin in IE was the ability to move the profile tabs up and down relative to each other usign the up and down arros.  So there are minto things that break in each browser...\r\n\r\n-M', '2010-02-05 14:59:04', 333, 'Browser info', ''),
('HI Matt,\r\nIm my tinkering I have noted that if I use default values in fields when setting up profile fields they do not seem to be saved.  Also shen I created a field of teh "select" type the vales I put in were not saved.  he other thing I noted was that field selcect to be "required" are not currently throwing a flag is not filled in. -M', '2010-02-05 15:49:46', 334, 'little broken items', ''),
('nevermind the comment about "select" based boxes not saving teh default options.  It is only the field that says "default value" for various profile fields that sems not to save.  I forgot tha the "select" field typ created a new box for the default option.', '2010-02-05 16:09:59', 335, 'one correction', ''),
('nevermind the comment about "select" based boxes not saving teh default options.  It is only the field that says "default value" for various profile fields that sems not to save.  I forgot tha the "select" field typ created a new box for the default option.', '2010-02-05 16:10:05', 336, 'one correction', ''),
('Thanks for the testing Mike,\r\n\r\nI tried to replicate the issue you were experiencing with FF on XP and couldn''t. It seemed to work fine for me. What version of FF are you using?\r\n\r\nI think ''required'' is a feature we only have implemented. I have in my notes that I need to flag them so that users are required to fill them out, but I don''t think it is currently implemented that way.\r\n\r\nI''ll take a look at the default value tomorrow. I can''t remember if I fully implemented that or just put in a placeholder. I vaguely remember getting stuck on how to implement it with select type fields.\r\n\r\n-matt', '2010-02-06 00:53:34', 337, 're: one correction', ''),
('Mike, I checked, and the "default value" is definitely a work in progress. So, both "default value" and "required" are only partially implemented. I have them on my roadmap for what I am calling the Beta 2 Release, which is the Paiman deliverable ^_^', '2010-02-06 09:43:22', 338, 're: re: one correction', ''),
('HI Matt,\r\n\r\nI had the problem in FF version 3.5.7 and just upgraded to version 3.6 and it went away.  So I thin kit is solved for now.  Sorry for the red herring....  I thought I was on the most recent FF version.  -M', '2010-02-06 19:47:27', 339, 're: re: one correction', ''),
('Hey Matt,\r\nhere at work on FF on XP when I try to get to my profile via the sidebar link I get an apache error page.', '2010-02-08 11:23:54', 340, 'my profile', ''),
('-matt', '2010-02-12 00:01:28', 341, 'Group creation is working again', ''),
('This is a test message.', '2010-02-15 13:36:38', 342, 'Message From Silicon Valley Soccer Network', '838bdd6d0a6aac2a843b62c6b0c25c87'),
('You can test the message system now. I should work for groups, networks, and administrators now. In addition, I have a added a new link on the sidebar for users, "Write Message". This allows users to write messages to all their friends, or to select a few.', '2010-02-15 13:39:09', 343, 'The message system is working.', '200a48d51c2b47bcfe0176165d269bd3'),
('test', '2010-02-15 15:07:38', 344, 're: The message system is working.', '200a48d51c2b47bcfe0176165d269bd3'),
('re: The message system is working.\r\n\r\nHey MAtt. I will play with messaging. I did create a "status" widget and have added some more divisions to the womens sunday league.  The site is working well and seems to be a bit faster!  -M ', '2010-02-15 15:09:38', 345, 'Got it', 'ea5b2a0f32b8010eca7ef9f6f3606832'),
('Kool. Let me know if you find anything. Search results actually should be faster, as I reduced the number of queries that were being made by 2 per returned result. ', '2010-02-19 08:41:17', 346, 're: Got it', 'ea5b2a0f32b8010eca7ef9f6f3606832'),
('While responding to this message, I realized that there was an issue with the reply system, but it should be fixed now. Additionally, search results should actually be faster as I reduced the number of DB queries made by each result by 2. Let me know if you find any issues.', '2010-02-19 08:46:30', 347, 're: Got it', 'ea5b2a0f32b8010eca7ef9f6f3606832'),
('While responding to this message, I realized that there was an issue with the reply system, but it should be fixed now. Additionally, search results should actually be faster as I reduced the number of DB queries made by each result by 2. Let me know if you find any issues.', '2010-02-19 08:56:38', 348, 're: Got it', 'ea5b2a0f32b8010eca7ef9f6f3606832'),
('this is a test', '2010-02-19 10:22:22', 349, 'sending message to all friends', 'a2850ae4df48abb3209c43e2b184816a'),
('Hey Matt,\r\nThought I would check in. I see you have done more with messaging.  I will play with the site this week-end...  I had to spend the day in Berkeley yesterday and didn''t have much time at y desk. I was thinking I might show Paiman the improvements.  I think the messaging will be big for him.  Are you planning any changes in it this week-end?  Should I wait?  HE is hard to set up an appointment with but I may try.  Will keep you posted!  -M', '2010-02-20 11:52:50', 350, 're: sending message to all friends', 'a2850ae4df48abb3209c43e2b184816a'),
('Hi Matt,\r\n\r\nDue to headcount reduction downstream from the acquisition at my company my job has been "eliminated"  so I am now unemployed...  So I''m not sure if that is good or bad news but it will give me a lot more time to catch up and work on Cameleon and to set up appointments with Paiman and get things moving...  That sounds like good news, but of course might make me more of a pest....\r\n\r\nThe changes look good! When you have a minute let''s catch up! -Mike', '2010-02-23 11:12:34', 351, 'NEWS!!! Good and bad', '18b3735bc152f703c37840dca2431397'),
('Welcome to the "write message" demo...  -M', '2010-02-26 10:58:22', 352, 'HI Paiman!', 'a0319f80945471ab3f3a3dc9535f022d'),
('Hi Matt,\r\n\r\nI see you pushed the hyperlink fix and the user edit fix through already!  I have cleaned up the profile filed names and positions a lot in prep for tomorrow.  The only problem I have encountered is that the link to send a message to a group (for admins) throws and error.\r\n\r\nI thought I would show that to Paiman, but if it isn''t working I can avoid it.  Just wanted you to know. -M', '2010-02-26 15:04:18', 353, 'Only found one bug all day', 'd135ad67a355fe43e5ccfa4fc1d33736'),
('Cool. I fixed that as well. You should also be seeing notifications now.', '2010-02-27 09:27:10', 354, 're: Only found one bug all day', 'd135ad67a355fe43e5ccfa4fc1d33736'),
('Hello World!', '2010-02-27 13:21:22', 355, 'Test Message from John', '90c71105b623f8586ceb36506afe108a'),
('Looks great!\r\n\r\nI like the  notifications.  What kind of communications feed into the notifications line up? Admin new blasts and ?  I''m sure it is up to us but i"m curious what you had in mind... -M', '2010-02-27 13:25:13', 356, 're: re: Only found one bug all day', 'd135ad67a355fe43e5ccfa4fc1d33736'),
('Hey Mike,\r\nYou should see the content of this message in your email. I have updated the logic so that the user message is sent directly to the email address.\r\n\r\nThere is a small risk that someone could write something malicious here, but as you can see, I cannot send you an link:\r\n\r\nLINK', '2010-03-02 21:01:56', 357, 'Messages In Emails', 'a891a339afd7c9dd8f317d748824e093'),
('Test... test... testing... pop!', '2010-03-08 09:33:18', 358, 'Group Admin Message', 'a106919de49c2039af8ea1f5e1c5a16b'),
('testing', '2010-03-09 12:47:34', 359, 'test for redundancy', '16ab74593264d30e250b4939019d06a8'),
('ghgfdh', '2010-03-10 16:21:17', 360, 're: Hi', '770094c0c6194a31a7dd87f0164a241a'),
('Found the filter for profile field editing this AM! very nice!  -M', '2010-03-13 08:15:26', 361, 'Cool!', '02214210f9fd3eedbc2d7ca8d79e286d'),
('test', '2010-03-20 10:14:46', 362, 'test message', '8361ab34e31ceec4400189bee967c3fb'),
('test', '2010-03-20 10:15:23', 363, 'test', '299ac99f1fee42f216dd7d2a78b533ff'),
('test', '2010-04-07 09:02:32', 364, 'test', 'bbcce1e39ec7a3d418ca3ce1dd694bf1'),
('test', '2010-04-11 15:52:12', 365, 'testt', '6d7e141e8f3485df94f9d014549981ad'),
('Lorem ipsum dolor sit amet, consectetur adipiscing elit. Mauris metus justo, faucibus et posuere nec, elementum in risus. Praesent nulla odio, tincidunt tempus sagittis quis, imperdiet sed nibh. Suspendisse potenti. Aenean adipiscing vulputate pulvinar. Nullam a consectetur odio. Curabitur ullamcorper eros id nunc interdum dictum. Duis mattis lectus vel nulla eleifend bibendum. Nam eu laoreet leo. Pellentesque sapien risus, posuere vel tristique ac, sollicitudin quis sem. Donec sollicitudin sem sit amet nisl feugiat eu porttitor quam iaculis. Class aptent taciti sociosqu ad litora torquent per conubia nostra, per inceptos himenaeos. Curabitur odio nisl, ultrices in laoreet et, interdum vitae eros. Donec quis metus non dolor ultricies elementum vel vitae turpis. Praesent mollis egestas purus in eleifend.\r\n\r\nNulla justo velit, rutrum volutpat tempor feugiat, condimentum ut quam. Duis est velit, porta quis facilisis ut, commodo sed erat. Duis elementum pretium urna a scelerisque. Curabitur eu ante ut elit euismod tristique eu fermentum urna. Phasellus vitae leo ligula, sit amet dictum lectus. Morbi pellentesque nunc ac leo viverra at aliquet justo pellentesque. Suspendisse quis ipsum sem, quis viverra arcu. Pellentesque habitant morbi tristique senectus et netus et malesuada fames ac turpis egestas. Nam leo augue, dapibus quis dictum eu, adipiscing quis justo. Ut sodales hendrerit leo nec pharetra. Nunc semper cursus gravida. Nulla facilisi. Cum sociis natoque penatibus et magnis dis parturient montes, nascetur ridiculus mus. Nulla quis quam eu eros placerat semper ut id mauris.\r\n\r\nSuspendisse mattis molestie placerat. Vestibulum at velit vitae mi porta eleifend vitae et lorem. Vivamus lacus arcu, pulvinar id bibendum ut, posuere eget arcu. Maecenas suscipit tellus ac arcu faucibus auctor. Curabitur ac purus sem. Integer vulputate metus a mauris imperdiet at congue lorem pretium. Suspendisse libero turpis, auctor sit amet dignissim non, gravida eu libero. Aenean vitae nibh tristique sapien rutrum vestibulum. Nam auctor, metus sed consequat accumsan, enim sem tincidunt diam, ac suscipit velit lectus non purus. Donec et nulla risus, non luctus est. Quisque volutpat ante faucibus erat aliquet id lacinia mauris aliquet. Curabitur consectetur faucibus arcu vitae luctus. Aliquam pellentesque, tortor sed gravida semper, enim orci imperdiet sem, aliquam sodales erat sapien sed ipsum. Nam dolor lorem, faucibus quis iaculis non, suscipit et lorem. Nam auctor diam vel tortor ornare luctus. Cras metus odio, sagittis nec porttitor sed, auctor vitae urna. Vestibulum dictum gravida ultricies. Maecenas mauris dolor, viverra eu lacinia sed, tempus non erat. ', '2010-04-11 15:54:54', 366, 'thanks for helping out', '0a13641ad5cb162cb60bc18a243122ea'),
('HI Matt,\r\nI noticed in the create a group function there is a drop down menu for the group type.\r\n\r\nIn cameleon it is team group other\r\n\r\nIn socialmize it is \r\ngroup advanced, premiere.\r\n\r\nI can''t find where to edit the drop down... is it hard coded but different for each site?  or am I just brain dead on how to edit that?  -Mike', '2010-08-10 18:41:04', 367, 'create a group function', '376cdf6e12edc0d0e7e44e9a9e4240f3'),
('You probably can''t edit it, unless you add a new profile field named "category". I was supposed to remove that requirement from group creation. What you are seeing is legacy from the last time categories were updated on cameleon, before I created socialmize.\r\n\r\nMatt', '2010-08-10 23:48:07', 368, 're: create a group function', '376cdf6e12edc0d0e7e44e9a9e4240f3'),
('test', '2010-08-23 11:38:34', 369, 'test', 'f71ce1e316069549aa99ad9536caf5ae'),
('test', '2010-08-24 10:24:13', 370, 'test', '177c6a0d73148a90a3f2b5d9b24242ab');

-- --------------------------------------------------------

--
-- Table structure for table `message_board`
--

CREATE TABLE IF NOT EXISTS `message_board` (
  `body` mediumtext NOT NULL,
  `created` timestamp NOT NULL DEFAULT '0000-00-00 00:00:00',
  `creator_searchable_id` int(11) unsigned NOT NULL,
  `id` int(11) unsigned NOT NULL AUTO_INCREMENT,
  `ikey` varchar(45) NOT NULL,
  `modified` timestamp NOT NULL DEFAULT CURRENT_TIMESTAMP ON UPDATE CURRENT_TIMESTAMP,
  `original_id` int(11) unsigned NOT NULL,
  `parent_id` int(11) unsigned NOT NULL,
  `searchable_id` int(11) unsigned NOT NULL,
  `status` enum('active','deleted','invalid') NOT NULL DEFAULT 'active',
  `title` varchar(128) NOT NULL,
  PRIMARY KEY (`id`),
  UNIQUE KEY `ikey` (`ikey`),
  KEY `searchableId` (`searchable_id`,`status`),
  KEY `parentId` (`parent_id`,`status`),
  KEY `message_board_searchable_fk` (`searchable_id`),
  KEY `message_board_creator_searchable_fk` (`creator_searchable_id`),
  KEY `message_board_original_mb_fk` (`original_id`),
  KEY `message_board_parent_mb_fk_fk` (`parent_id`),
  FULLTEXT KEY `bodyTitleText` (`body`,`title`)
) ENGINE=MyISAM  DEFAULT CHARSET=utf8 AUTO_INCREMENT=26 ;

--
-- Dumping data for table `message_board`
--

INSERT INTO `message_board` (`body`, `created`, `creator_searchable_id`, `id`, `ikey`, `modified`, `original_id`, `parent_id`, `searchable_id`, `status`, `title`) VALUES
('I''m watchign an 18month old kid who ants to go outside!', '2009-02-15 16:49:55', 16, 15, '504828a92c19fc5fe31ec1e812c133d9', '2009-02-15 16:49:55', 0, 0, 16, 'active', 'Rain rain go away'),
('this is another message', '2009-02-26 13:20:59', 16, 16, 'e9d71785d4f29dd83533c1409687d819', '2009-02-26 13:20:59', 15, 15, 16, 'active', 're: Rain rain go away'),
('test message', '2009-07-22 23:20:05', 16, 17, '92cad7157c6c4aad582708429897175c', '2009-07-22 23:20:05', 0, 0, 16, 'active', 'fgdfgdfgdfgdf'),
('Testing Testing test...', '2009-08-01 12:34:27', 13, 18, '4072ec75fda16acb2e0c1f135b290380', '2009-08-01 12:39:10', 0, 0, 16, 'deleted', 'The wall is working again'),
('Testing Testing test...', '2009-08-01 12:34:32', 13, 19, '56b483db700918b91a30084a0b55fd9d', '2009-08-01 12:39:31', 0, 0, 16, 'deleted', 'The wall is working again'),
('Test Testing test...', '2009-08-01 12:39:47', 13, 20, 'b84b147b098348dc0b55f9e6bce46538', '2009-08-01 12:39:47', 0, 0, 16, 'active', 'Message Board is working correctly'),
('Testing the message board', '2009-08-25 19:57:33', 34, 21, '0f21bcd06cb3eaeb598928b3242b01be', '2009-08-25 19:57:33', 0, 0, 34, 'active', 'Hello World!'),
('Fingelinger!', '2009-09-10 18:10:25', 228, 22, 'b556cfd5c723a5d8eb50cccc22ab2aaa', '2009-09-10 18:10:25', 0, 0, 216, 'active', 'Babbo'),
('test message', '2009-10-18 17:28:02', 13, 23, '547a67082f9f0f26ea2d945b0f2e2041', '2009-10-18 17:28:02', 0, 0, 13, 'active', 'test'),
('testing', '2010-05-16 17:37:46', 16, 24, '6511adbcd73a14d308a98311702681a3', '2010-05-16 17:37:46', 0, 0, 191, 'active', 'Testing the message system'),
('test!', '2010-10-13 08:47:40', 16, 25, '539b7aee60ff3d30d08b2f1466c6c543', '2010-10-13 08:47:40', 0, 0, 191, 'active', 'Testing the message system');

-- --------------------------------------------------------

--
-- Table structure for table `message_searchable`
--

CREATE TABLE IF NOT EXISTS `message_searchable` (
  `deleted` datetime NOT NULL DEFAULT '0000-00-00 00:00:00',
  `hidden` datetime NOT NULL DEFAULT '0000-00-00 00:00:00',
  `invalid` datetime NOT NULL DEFAULT '0000-00-00 00:00:00',
  `is_sender` enum('false','true') NOT NULL DEFAULT 'false',
  `message_id` int(11) unsigned NOT NULL,
  `read` datetime NOT NULL DEFAULT '0000-00-00 00:00:00',
  `replied` datetime NOT NULL DEFAULT '0000-00-00 00:00:00',
  `searchable_id` int(11) unsigned NOT NULL,
  `status` enum('deleted','hidden','read','replied','invalid','unread') NOT NULL DEFAULT 'unread',
  `unread` datetime NOT NULL DEFAULT '0000-00-00 00:00:00',
  PRIMARY KEY (`is_sender`,`message_id`,`searchable_id`),
  KEY `message_searchable_searchable_fk` (`searchable_id`)
) ENGINE=InnoDB DEFAULT CHARSET=utf8;

--
-- Dumping data for table `message_searchable`
--

INSERT INTO `message_searchable` (`deleted`, `hidden`, `invalid`, `is_sender`, `message_id`, `read`, `replied`, `searchable_id`, `status`, `unread`) VALUES
('2009-07-25 18:21:56', '0000-00-00 00:00:00', '0000-00-00 00:00:00', 'false', 277, '2009-02-18 01:13:31', '0000-00-00 00:00:00', 13, 'deleted', '0000-00-00 00:00:00'),
('2010-09-06 17:23:07', '0000-00-00 00:00:00', '0000-00-00 00:00:00', 'false', 277, '2009-02-15 16:19:55', '0000-00-00 00:00:00', 16, 'deleted', '0000-00-00 00:00:00'),
('2009-07-17 07:42:50', '0000-00-00 00:00:00', '0000-00-00 00:00:00', 'false', 277, '0000-00-00 00:00:00', '0000-00-00 00:00:00', 34, 'deleted', '0000-00-00 00:00:00'),
('0000-00-00 00:00:00', '0000-00-00 00:00:00', '0000-00-00 00:00:00', 'false', 277, '0000-00-00 00:00:00', '0000-00-00 00:00:00', 182, 'unread', '0000-00-00 00:00:00'),
('0000-00-00 00:00:00', '0000-00-00 00:00:00', '0000-00-00 00:00:00', 'false', 277, '0000-00-00 00:00:00', '0000-00-00 00:00:00', 183, 'unread', '0000-00-00 00:00:00'),
('0000-00-00 00:00:00', '0000-00-00 00:00:00', '0000-00-00 00:00:00', 'false', 277, '0000-00-00 00:00:00', '0000-00-00 00:00:00', 184, 'unread', '0000-00-00 00:00:00'),
('0000-00-00 00:00:00', '0000-00-00 00:00:00', '0000-00-00 00:00:00', 'false', 277, '0000-00-00 00:00:00', '0000-00-00 00:00:00', 185, 'unread', '0000-00-00 00:00:00'),
('0000-00-00 00:00:00', '0000-00-00 00:00:00', '0000-00-00 00:00:00', 'false', 277, '0000-00-00 00:00:00', '0000-00-00 00:00:00', 186, 'unread', '0000-00-00 00:00:00'),
('0000-00-00 00:00:00', '0000-00-00 00:00:00', '0000-00-00 00:00:00', 'false', 277, '0000-00-00 00:00:00', '0000-00-00 00:00:00', 187, 'unread', '0000-00-00 00:00:00'),
('0000-00-00 00:00:00', '0000-00-00 00:00:00', '0000-00-00 00:00:00', 'false', 277, '0000-00-00 00:00:00', '0000-00-00 00:00:00', 188, 'unread', '0000-00-00 00:00:00'),
('2010-09-06 17:23:07', '0000-00-00 00:00:00', '0000-00-00 00:00:00', 'false', 278, '2009-06-14 06:46:09', '0000-00-00 00:00:00', 16, 'deleted', '0000-00-00 00:00:00'),
('0000-00-00 00:00:00', '0000-00-00 00:00:00', '0000-00-00 00:00:00', 'false', 279, '2009-06-26 09:29:07', '0000-00-00 00:00:00', 13, 'read', '0000-00-00 00:00:00'),
('0000-00-00 00:00:00', '0000-00-00 00:00:00', '0000-00-00 00:00:00', 'false', 280, '2009-06-27 16:41:00', '0000-00-00 00:00:00', 13, 'read', '0000-00-00 00:00:00'),
('2010-09-06 17:23:07', '0000-00-00 00:00:00', '0000-00-00 00:00:00', 'false', 281, '2009-07-06 08:32:41', '0000-00-00 00:00:00', 16, 'deleted', '0000-00-00 00:00:00'),
('0000-00-00 00:00:00', '0000-00-00 00:00:00', '0000-00-00 00:00:00', 'false', 282, '2009-07-10 18:17:31', '0000-00-00 00:00:00', 13, 'read', '0000-00-00 00:00:00'),
('0000-00-00 00:00:00', '0000-00-00 00:00:00', '0000-00-00 00:00:00', 'false', 283, '2009-07-18 17:53:12', '0000-00-00 00:00:00', 13, 'read', '0000-00-00 00:00:00'),
('0000-00-00 00:00:00', '0000-00-00 00:00:00', '0000-00-00 00:00:00', 'false', 284, '0000-00-00 00:00:00', '0000-00-00 00:00:00', 197, 'unread', '0000-00-00 00:00:00'),
('2010-09-06 17:23:07', '0000-00-00 00:00:00', '0000-00-00 00:00:00', 'false', 285, '2009-07-19 19:30:39', '0000-00-00 00:00:00', 16, 'deleted', '0000-00-00 00:00:00'),
('0000-00-00 00:00:00', '0000-00-00 00:00:00', '0000-00-00 00:00:00', 'false', 286, '2009-07-25 17:49:06', '0000-00-00 00:00:00', 13, 'read', '0000-00-00 00:00:00'),
('0000-00-00 00:00:00', '0000-00-00 00:00:00', '0000-00-00 00:00:00', 'false', 287, '2009-07-22 23:14:42', '0000-00-00 00:00:00', 16, 'read', '0000-00-00 00:00:00'),
('0000-00-00 00:00:00', '0000-00-00 00:00:00', '0000-00-00 00:00:00', 'false', 287, '0000-00-00 00:00:00', '0000-00-00 00:00:00', 197, 'unread', '0000-00-00 00:00:00'),
('0000-00-00 00:00:00', '0000-00-00 00:00:00', '0000-00-00 00:00:00', 'false', 287, '0000-00-00 00:00:00', '0000-00-00 00:00:00', 207, 'unread', '0000-00-00 00:00:00'),
('2010-09-06 17:23:07', '0000-00-00 00:00:00', '0000-00-00 00:00:00', 'false', 288, '2009-07-25 18:08:03', '0000-00-00 00:00:00', 16, 'deleted', '0000-00-00 00:00:00'),
('0000-00-00 00:00:00', '0000-00-00 00:00:00', '0000-00-00 00:00:00', 'false', 289, '2009-07-25 18:19:44', '0000-00-00 00:00:00', 13, 'read', '0000-00-00 00:00:00'),
('0000-00-00 00:00:00', '0000-00-00 00:00:00', '0000-00-00 00:00:00', 'false', 290, '2009-07-25 18:34:06', '0000-00-00 00:00:00', 16, 'read', '0000-00-00 00:00:00'),
('0000-00-00 00:00:00', '0000-00-00 00:00:00', '0000-00-00 00:00:00', 'false', 291, '2009-08-12 10:35:51', '0000-00-00 00:00:00', 13, 'read', '0000-00-00 00:00:00'),
('2010-09-06 17:23:07', '0000-00-00 00:00:00', '0000-00-00 00:00:00', 'false', 291, '2009-08-06 16:09:48', '0000-00-00 00:00:00', 16, 'deleted', '0000-00-00 00:00:00'),
('0000-00-00 00:00:00', '0000-00-00 00:00:00', '0000-00-00 00:00:00', 'false', 292, '2009-08-12 10:36:02', '0000-00-00 00:00:00', 13, 'read', '0000-00-00 00:00:00'),
('2010-09-06 17:23:07', '0000-00-00 00:00:00', '0000-00-00 00:00:00', 'false', 293, '2009-08-13 18:35:56', '0000-00-00 00:00:00', 16, 'deleted', '0000-00-00 00:00:00'),
('0000-00-00 00:00:00', '0000-00-00 00:00:00', '0000-00-00 00:00:00', 'false', 294, '2009-08-14 19:51:41', '0000-00-00 00:00:00', 13, 'read', '0000-00-00 00:00:00'),
('0000-00-00 00:00:00', '0000-00-00 00:00:00', '0000-00-00 00:00:00', 'false', 295, '2009-08-14 19:51:55', '0000-00-00 00:00:00', 13, 'read', '0000-00-00 00:00:00'),
('0000-00-00 00:00:00', '0000-00-00 00:00:00', '0000-00-00 00:00:00', 'false', 296, '2009-08-14 19:52:26', '0000-00-00 00:00:00', 13, 'read', '0000-00-00 00:00:00'),
('0000-00-00 00:00:00', '0000-00-00 00:00:00', '0000-00-00 00:00:00', 'false', 297, '2009-08-14 19:52:49', '0000-00-00 00:00:00', 13, 'read', '0000-00-00 00:00:00'),
('0000-00-00 00:00:00', '0000-00-00 00:00:00', '0000-00-00 00:00:00', 'false', 298, '2009-08-16 16:47:03', '0000-00-00 00:00:00', 13, 'read', '0000-00-00 00:00:00'),
('2009-08-27 08:14:13', '0000-00-00 00:00:00', '0000-00-00 00:00:00', 'false', 298, '0000-00-00 00:00:00', '0000-00-00 00:00:00', 16, 'deleted', '0000-00-00 00:00:00'),
('0000-00-00 00:00:00', '0000-00-00 00:00:00', '0000-00-00 00:00:00', 'false', 299, '2009-08-17 23:36:51', '0000-00-00 00:00:00', 13, 'read', '0000-00-00 00:00:00'),
('2010-09-06 17:23:07', '0000-00-00 00:00:00', '0000-00-00 00:00:00', 'false', 300, '2009-08-18 08:45:27', '0000-00-00 00:00:00', 16, 'deleted', '0000-00-00 00:00:00'),
('0000-00-00 00:00:00', '0000-00-00 00:00:00', '0000-00-00 00:00:00', 'false', 301, '2009-08-18 08:46:10', '0000-00-00 00:00:00', 16, 'read', '0000-00-00 00:00:00'),
('0000-00-00 00:00:00', '0000-00-00 00:00:00', '0000-00-00 00:00:00', 'false', 302, '2009-08-25 10:00:16', '0000-00-00 00:00:00', 13, 'read', '0000-00-00 00:00:00'),
('0000-00-00 00:00:00', '0000-00-00 00:00:00', '0000-00-00 00:00:00', 'false', 303, '2009-08-25 16:56:50', '0000-00-00 00:00:00', 16, 'read', '0000-00-00 00:00:00'),
('0000-00-00 00:00:00', '0000-00-00 00:00:00', '0000-00-00 00:00:00', 'false', 304, '2009-08-25 22:38:02', '0000-00-00 00:00:00', 13, 'read', '0000-00-00 00:00:00'),
('0000-00-00 00:00:00', '0000-00-00 00:00:00', '0000-00-00 00:00:00', 'false', 305, '2009-08-26 06:33:49', '0000-00-00 00:00:00', 16, 'read', '0000-00-00 00:00:00'),
('0000-00-00 00:00:00', '0000-00-00 00:00:00', '0000-00-00 00:00:00', 'false', 306, '2009-08-26 09:13:24', '0000-00-00 00:00:00', 13, 'read', '0000-00-00 00:00:00'),
('0000-00-00 00:00:00', '0000-00-00 00:00:00', '0000-00-00 00:00:00', 'false', 307, '2009-08-27 14:02:54', '0000-00-00 00:00:00', 13, 'read', '0000-00-00 00:00:00'),
('0000-00-00 00:00:00', '0000-00-00 00:00:00', '0000-00-00 00:00:00', 'false', 308, '2009-08-30 23:57:42', '0000-00-00 00:00:00', 13, 'read', '0000-00-00 00:00:00'),
('0000-00-00 00:00:00', '0000-00-00 00:00:00', '0000-00-00 00:00:00', 'false', 308, '2009-08-30 14:54:12', '0000-00-00 00:00:00', 16, 'read', '0000-00-00 00:00:00'),
('0000-00-00 00:00:00', '0000-00-00 00:00:00', '0000-00-00 00:00:00', 'false', 308, '0000-00-00 00:00:00', '0000-00-00 00:00:00', 34, 'unread', '0000-00-00 00:00:00'),
('0000-00-00 00:00:00', '0000-00-00 00:00:00', '0000-00-00 00:00:00', 'false', 308, '0000-00-00 00:00:00', '0000-00-00 00:00:00', 195, 'unread', '0000-00-00 00:00:00'),
('0000-00-00 00:00:00', '0000-00-00 00:00:00', '0000-00-00 00:00:00', 'false', 308, '0000-00-00 00:00:00', '0000-00-00 00:00:00', 198, 'unread', '0000-00-00 00:00:00'),
('0000-00-00 00:00:00', '0000-00-00 00:00:00', '0000-00-00 00:00:00', 'false', 308, '0000-00-00 00:00:00', '0000-00-00 00:00:00', 202, 'unread', '0000-00-00 00:00:00'),
('0000-00-00 00:00:00', '0000-00-00 00:00:00', '0000-00-00 00:00:00', 'false', 308, '0000-00-00 00:00:00', '0000-00-00 00:00:00', 203, 'unread', '0000-00-00 00:00:00'),
('0000-00-00 00:00:00', '0000-00-00 00:00:00', '0000-00-00 00:00:00', 'false', 308, '0000-00-00 00:00:00', '0000-00-00 00:00:00', 205, 'unread', '0000-00-00 00:00:00'),
('0000-00-00 00:00:00', '0000-00-00 00:00:00', '0000-00-00 00:00:00', 'false', 308, '0000-00-00 00:00:00', '0000-00-00 00:00:00', 211, 'unread', '0000-00-00 00:00:00'),
('0000-00-00 00:00:00', '0000-00-00 00:00:00', '0000-00-00 00:00:00', 'false', 308, '0000-00-00 00:00:00', '0000-00-00 00:00:00', 212, 'unread', '0000-00-00 00:00:00'),
('0000-00-00 00:00:00', '0000-00-00 00:00:00', '0000-00-00 00:00:00', 'false', 308, '0000-00-00 00:00:00', '0000-00-00 00:00:00', 213, 'unread', '0000-00-00 00:00:00'),
('0000-00-00 00:00:00', '0000-00-00 00:00:00', '0000-00-00 00:00:00', 'false', 308, '0000-00-00 00:00:00', '0000-00-00 00:00:00', 214, 'unread', '0000-00-00 00:00:00'),
('0000-00-00 00:00:00', '0000-00-00 00:00:00', '0000-00-00 00:00:00', 'false', 308, '0000-00-00 00:00:00', '0000-00-00 00:00:00', 215, 'unread', '0000-00-00 00:00:00'),
('0000-00-00 00:00:00', '0000-00-00 00:00:00', '0000-00-00 00:00:00', 'false', 308, '0000-00-00 00:00:00', '0000-00-00 00:00:00', 216, 'unread', '0000-00-00 00:00:00'),
('0000-00-00 00:00:00', '0000-00-00 00:00:00', '0000-00-00 00:00:00', 'false', 308, '0000-00-00 00:00:00', '0000-00-00 00:00:00', 219, 'unread', '0000-00-00 00:00:00'),
('0000-00-00 00:00:00', '0000-00-00 00:00:00', '0000-00-00 00:00:00', 'false', 308, '0000-00-00 00:00:00', '0000-00-00 00:00:00', 220, 'unread', '0000-00-00 00:00:00'),
('0000-00-00 00:00:00', '0000-00-00 00:00:00', '0000-00-00 00:00:00', 'false', 308, '0000-00-00 00:00:00', '0000-00-00 00:00:00', 221, 'unread', '0000-00-00 00:00:00'),
('0000-00-00 00:00:00', '0000-00-00 00:00:00', '0000-00-00 00:00:00', 'false', 308, '0000-00-00 00:00:00', '0000-00-00 00:00:00', 223, 'unread', '0000-00-00 00:00:00'),
('0000-00-00 00:00:00', '0000-00-00 00:00:00', '0000-00-00 00:00:00', 'false', 308, '2009-09-10 18:08:37', '0000-00-00 00:00:00', 228, 'read', '2009-09-10 18:08:15'),
('0000-00-00 00:00:00', '0000-00-00 00:00:00', '0000-00-00 00:00:00', 'false', 309, '2009-08-31 08:22:02', '0000-00-00 00:00:00', 16, 'read', '0000-00-00 00:00:00'),
('0000-00-00 00:00:00', '0000-00-00 00:00:00', '0000-00-00 00:00:00', 'false', 310, '2009-08-31 09:05:07', '0000-00-00 00:00:00', 13, 'read', '0000-00-00 00:00:00'),
('0000-00-00 00:00:00', '0000-00-00 00:00:00', '0000-00-00 00:00:00', 'false', 311, '2009-08-31 13:19:59', '0000-00-00 00:00:00', 16, 'read', '0000-00-00 00:00:00'),
('0000-00-00 00:00:00', '0000-00-00 00:00:00', '0000-00-00 00:00:00', 'false', 312, '2009-08-31 13:22:36', '0000-00-00 00:00:00', 16, 'read', '0000-00-00 00:00:00'),
('0000-00-00 00:00:00', '0000-00-00 00:00:00', '0000-00-00 00:00:00', 'false', 313, '2009-09-03 01:05:48', '0000-00-00 00:00:00', 13, 'read', '0000-00-00 00:00:00'),
('0000-00-00 00:00:00', '0000-00-00 00:00:00', '0000-00-00 00:00:00', 'false', 314, '2009-12-06 07:57:04', '0000-00-00 00:00:00', 212, 'read', '0000-00-00 00:00:00'),
('2009-10-03 16:06:26', '0000-00-00 00:00:00', '0000-00-00 00:00:00', 'false', 315, '2009-10-03 16:02:48', '0000-00-00 00:00:00', 211, 'deleted', '0000-00-00 00:00:00'),
('0000-00-00 00:00:00', '0000-00-00 00:00:00', '0000-00-00 00:00:00', 'false', 316, '2009-09-03 01:05:53', '0000-00-00 00:00:00', 13, 'read', '0000-00-00 00:00:00'),
('0000-00-00 00:00:00', '0000-00-00 00:00:00', '0000-00-00 00:00:00', 'false', 317, '2009-09-04 09:31:56', '0000-00-00 00:00:00', 16, 'read', '0000-00-00 00:00:00'),
('0000-00-00 00:00:00', '0000-00-00 00:00:00', '0000-00-00 00:00:00', 'false', 318, '2009-10-02 09:20:08', '0000-00-00 00:00:00', 13, 'read', '0000-00-00 00:00:00'),
('0000-00-00 00:00:00', '0000-00-00 00:00:00', '0000-00-00 00:00:00', 'false', 319, '2010-03-10 16:21:03', '0000-00-00 00:00:00', 223, 'read', '0000-00-00 00:00:00'),
('0000-00-00 00:00:00', '0000-00-00 00:00:00', '0000-00-00 00:00:00', 'false', 320, '2009-12-06 07:59:33', '0000-00-00 00:00:00', 212, 'read', '0000-00-00 00:00:00'),
('2009-10-03 16:06:25', '0000-00-00 00:00:00', '0000-00-00 00:00:00', 'false', 321, '2009-10-03 16:03:13', '0000-00-00 00:00:00', 211, 'deleted', '0000-00-00 00:00:00'),
('0000-00-00 00:00:00', '0000-00-00 00:00:00', '0000-00-00 00:00:00', 'false', 322, '0000-00-00 00:00:00', '0000-00-00 00:00:00', 213, 'unread', '0000-00-00 00:00:00'),
('0000-00-00 00:00:00', '0000-00-00 00:00:00', '0000-00-00 00:00:00', 'false', 323, '2009-11-02 16:36:43', '0000-00-00 00:00:00', 13, 'read', '0000-00-00 00:00:00'),
('0000-00-00 00:00:00', '0000-00-00 00:00:00', '0000-00-00 00:00:00', 'false', 324, '2009-12-06 15:42:25', '0000-00-00 00:00:00', 13, 'read', '0000-00-00 00:00:00'),
('2010-09-06 17:22:42', '0000-00-00 00:00:00', '0000-00-00 00:00:00', 'false', 324, '0000-00-00 00:00:00', '0000-00-00 00:00:00', 16, 'deleted', '0000-00-00 00:00:00'),
('0000-00-00 00:00:00', '0000-00-00 00:00:00', '0000-00-00 00:00:00', 'false', 324, '0000-00-00 00:00:00', '0000-00-00 00:00:00', 34, 'unread', '0000-00-00 00:00:00'),
('0000-00-00 00:00:00', '0000-00-00 00:00:00', '0000-00-00 00:00:00', 'false', 324, '0000-00-00 00:00:00', '0000-00-00 00:00:00', 195, 'unread', '0000-00-00 00:00:00'),
('0000-00-00 00:00:00', '0000-00-00 00:00:00', '0000-00-00 00:00:00', 'false', 324, '0000-00-00 00:00:00', '0000-00-00 00:00:00', 198, 'unread', '0000-00-00 00:00:00'),
('0000-00-00 00:00:00', '0000-00-00 00:00:00', '0000-00-00 00:00:00', 'false', 324, '0000-00-00 00:00:00', '0000-00-00 00:00:00', 202, 'unread', '0000-00-00 00:00:00'),
('0000-00-00 00:00:00', '0000-00-00 00:00:00', '0000-00-00 00:00:00', 'false', 324, '0000-00-00 00:00:00', '0000-00-00 00:00:00', 203, 'unread', '0000-00-00 00:00:00'),
('0000-00-00 00:00:00', '0000-00-00 00:00:00', '0000-00-00 00:00:00', 'false', 324, '0000-00-00 00:00:00', '0000-00-00 00:00:00', 205, 'unread', '0000-00-00 00:00:00'),
('0000-00-00 00:00:00', '0000-00-00 00:00:00', '0000-00-00 00:00:00', 'false', 324, '0000-00-00 00:00:00', '0000-00-00 00:00:00', 211, 'unread', '0000-00-00 00:00:00'),
('0000-00-00 00:00:00', '0000-00-00 00:00:00', '0000-00-00 00:00:00', 'false', 324, '0000-00-00 00:00:00', '0000-00-00 00:00:00', 212, 'unread', '0000-00-00 00:00:00'),
('0000-00-00 00:00:00', '0000-00-00 00:00:00', '0000-00-00 00:00:00', 'false', 324, '0000-00-00 00:00:00', '0000-00-00 00:00:00', 213, 'unread', '0000-00-00 00:00:00'),
('0000-00-00 00:00:00', '0000-00-00 00:00:00', '0000-00-00 00:00:00', 'false', 324, '0000-00-00 00:00:00', '0000-00-00 00:00:00', 214, 'unread', '0000-00-00 00:00:00'),
('0000-00-00 00:00:00', '0000-00-00 00:00:00', '0000-00-00 00:00:00', 'false', 324, '0000-00-00 00:00:00', '0000-00-00 00:00:00', 215, 'unread', '0000-00-00 00:00:00'),
('0000-00-00 00:00:00', '0000-00-00 00:00:00', '0000-00-00 00:00:00', 'false', 324, '0000-00-00 00:00:00', '0000-00-00 00:00:00', 216, 'unread', '0000-00-00 00:00:00'),
('0000-00-00 00:00:00', '0000-00-00 00:00:00', '0000-00-00 00:00:00', 'false', 324, '0000-00-00 00:00:00', '0000-00-00 00:00:00', 219, 'unread', '0000-00-00 00:00:00'),
('0000-00-00 00:00:00', '0000-00-00 00:00:00', '0000-00-00 00:00:00', 'false', 324, '0000-00-00 00:00:00', '0000-00-00 00:00:00', 220, 'unread', '0000-00-00 00:00:00'),
('0000-00-00 00:00:00', '0000-00-00 00:00:00', '0000-00-00 00:00:00', 'false', 324, '0000-00-00 00:00:00', '0000-00-00 00:00:00', 221, 'unread', '0000-00-00 00:00:00'),
('0000-00-00 00:00:00', '0000-00-00 00:00:00', '0000-00-00 00:00:00', 'false', 324, '0000-00-00 00:00:00', '0000-00-00 00:00:00', 223, 'unread', '0000-00-00 00:00:00'),
('0000-00-00 00:00:00', '0000-00-00 00:00:00', '0000-00-00 00:00:00', 'false', 324, '0000-00-00 00:00:00', '0000-00-00 00:00:00', 228, 'unread', '0000-00-00 00:00:00'),
('0000-00-00 00:00:00', '0000-00-00 00:00:00', '0000-00-00 00:00:00', 'false', 324, '0000-00-00 00:00:00', '0000-00-00 00:00:00', 229, 'unread', '0000-00-00 00:00:00'),
('0000-00-00 00:00:00', '0000-00-00 00:00:00', '0000-00-00 00:00:00', 'false', 325, '2009-12-13 01:15:42', '0000-00-00 00:00:00', 13, 'read', '0000-00-00 00:00:00'),
('2010-09-06 17:22:42', '0000-00-00 00:00:00', '0000-00-00 00:00:00', 'false', 325, '0000-00-00 00:00:00', '0000-00-00 00:00:00', 16, 'deleted', '0000-00-00 00:00:00'),
('0000-00-00 00:00:00', '0000-00-00 00:00:00', '0000-00-00 00:00:00', 'false', 325, '0000-00-00 00:00:00', '0000-00-00 00:00:00', 34, 'unread', '0000-00-00 00:00:00'),
('0000-00-00 00:00:00', '0000-00-00 00:00:00', '0000-00-00 00:00:00', 'false', 325, '0000-00-00 00:00:00', '0000-00-00 00:00:00', 195, 'unread', '0000-00-00 00:00:00'),
('0000-00-00 00:00:00', '0000-00-00 00:00:00', '0000-00-00 00:00:00', 'false', 325, '0000-00-00 00:00:00', '0000-00-00 00:00:00', 198, 'unread', '0000-00-00 00:00:00'),
('0000-00-00 00:00:00', '0000-00-00 00:00:00', '0000-00-00 00:00:00', 'false', 325, '0000-00-00 00:00:00', '0000-00-00 00:00:00', 202, 'unread', '0000-00-00 00:00:00'),
('0000-00-00 00:00:00', '0000-00-00 00:00:00', '0000-00-00 00:00:00', 'false', 325, '0000-00-00 00:00:00', '0000-00-00 00:00:00', 203, 'unread', '0000-00-00 00:00:00'),
('0000-00-00 00:00:00', '0000-00-00 00:00:00', '0000-00-00 00:00:00', 'false', 325, '0000-00-00 00:00:00', '0000-00-00 00:00:00', 205, 'unread', '0000-00-00 00:00:00'),
('0000-00-00 00:00:00', '0000-00-00 00:00:00', '0000-00-00 00:00:00', 'false', 325, '0000-00-00 00:00:00', '0000-00-00 00:00:00', 211, 'unread', '0000-00-00 00:00:00'),
('0000-00-00 00:00:00', '0000-00-00 00:00:00', '0000-00-00 00:00:00', 'false', 325, '0000-00-00 00:00:00', '0000-00-00 00:00:00', 212, 'unread', '0000-00-00 00:00:00'),
('0000-00-00 00:00:00', '0000-00-00 00:00:00', '0000-00-00 00:00:00', 'false', 325, '0000-00-00 00:00:00', '0000-00-00 00:00:00', 213, 'unread', '0000-00-00 00:00:00'),
('0000-00-00 00:00:00', '0000-00-00 00:00:00', '0000-00-00 00:00:00', 'false', 325, '0000-00-00 00:00:00', '0000-00-00 00:00:00', 214, 'unread', '0000-00-00 00:00:00'),
('0000-00-00 00:00:00', '0000-00-00 00:00:00', '0000-00-00 00:00:00', 'false', 325, '0000-00-00 00:00:00', '0000-00-00 00:00:00', 215, 'unread', '0000-00-00 00:00:00'),
('0000-00-00 00:00:00', '0000-00-00 00:00:00', '0000-00-00 00:00:00', 'false', 325, '0000-00-00 00:00:00', '0000-00-00 00:00:00', 216, 'unread', '0000-00-00 00:00:00'),
('0000-00-00 00:00:00', '0000-00-00 00:00:00', '0000-00-00 00:00:00', 'false', 325, '0000-00-00 00:00:00', '0000-00-00 00:00:00', 219, 'unread', '0000-00-00 00:00:00'),
('0000-00-00 00:00:00', '0000-00-00 00:00:00', '0000-00-00 00:00:00', 'false', 325, '0000-00-00 00:00:00', '0000-00-00 00:00:00', 220, 'unread', '0000-00-00 00:00:00'),
('0000-00-00 00:00:00', '0000-00-00 00:00:00', '0000-00-00 00:00:00', 'false', 325, '0000-00-00 00:00:00', '0000-00-00 00:00:00', 221, 'unread', '0000-00-00 00:00:00'),
('0000-00-00 00:00:00', '0000-00-00 00:00:00', '0000-00-00 00:00:00', 'false', 325, '0000-00-00 00:00:00', '0000-00-00 00:00:00', 223, 'unread', '0000-00-00 00:00:00'),
('0000-00-00 00:00:00', '0000-00-00 00:00:00', '0000-00-00 00:00:00', 'false', 325, '0000-00-00 00:00:00', '0000-00-00 00:00:00', 228, 'unread', '0000-00-00 00:00:00'),
('0000-00-00 00:00:00', '0000-00-00 00:00:00', '0000-00-00 00:00:00', 'false', 325, '0000-00-00 00:00:00', '0000-00-00 00:00:00', 229, 'unread', '0000-00-00 00:00:00'),
('0000-00-00 00:00:00', '0000-00-00 00:00:00', '0000-00-00 00:00:00', 'false', 326, '0000-00-00 00:00:00', '0000-00-00 00:00:00', 229, 'unread', '0000-00-00 00:00:00'),
('0000-00-00 00:00:00', '0000-00-00 00:00:00', '0000-00-00 00:00:00', 'false', 327, '2009-12-13 15:08:46', '0000-00-00 00:00:00', 13, 'read', '0000-00-00 00:00:00'),
('2010-09-06 17:22:42', '0000-00-00 00:00:00', '0000-00-00 00:00:00', 'false', 327, '2009-12-13 08:28:22', '0000-00-00 00:00:00', 16, 'deleted', '0000-00-00 00:00:00'),
('0000-00-00 00:00:00', '0000-00-00 00:00:00', '0000-00-00 00:00:00', 'false', 327, '0000-00-00 00:00:00', '0000-00-00 00:00:00', 34, 'unread', '0000-00-00 00:00:00'),
('0000-00-00 00:00:00', '0000-00-00 00:00:00', '0000-00-00 00:00:00', 'false', 327, '0000-00-00 00:00:00', '0000-00-00 00:00:00', 195, 'unread', '0000-00-00 00:00:00'),
('0000-00-00 00:00:00', '0000-00-00 00:00:00', '0000-00-00 00:00:00', 'false', 327, '0000-00-00 00:00:00', '0000-00-00 00:00:00', 198, 'unread', '0000-00-00 00:00:00'),
('0000-00-00 00:00:00', '0000-00-00 00:00:00', '0000-00-00 00:00:00', 'false', 327, '0000-00-00 00:00:00', '0000-00-00 00:00:00', 202, 'unread', '0000-00-00 00:00:00'),
('0000-00-00 00:00:00', '0000-00-00 00:00:00', '0000-00-00 00:00:00', 'false', 327, '0000-00-00 00:00:00', '0000-00-00 00:00:00', 203, 'unread', '0000-00-00 00:00:00'),
('0000-00-00 00:00:00', '0000-00-00 00:00:00', '0000-00-00 00:00:00', 'false', 327, '0000-00-00 00:00:00', '0000-00-00 00:00:00', 205, 'unread', '0000-00-00 00:00:00'),
('0000-00-00 00:00:00', '0000-00-00 00:00:00', '0000-00-00 00:00:00', 'false', 327, '0000-00-00 00:00:00', '0000-00-00 00:00:00', 211, 'unread', '0000-00-00 00:00:00'),
('0000-00-00 00:00:00', '0000-00-00 00:00:00', '0000-00-00 00:00:00', 'false', 327, '0000-00-00 00:00:00', '0000-00-00 00:00:00', 212, 'unread', '0000-00-00 00:00:00'),
('0000-00-00 00:00:00', '0000-00-00 00:00:00', '0000-00-00 00:00:00', 'false', 327, '0000-00-00 00:00:00', '0000-00-00 00:00:00', 213, 'unread', '0000-00-00 00:00:00'),
('0000-00-00 00:00:00', '0000-00-00 00:00:00', '0000-00-00 00:00:00', 'false', 327, '0000-00-00 00:00:00', '0000-00-00 00:00:00', 214, 'unread', '0000-00-00 00:00:00'),
('0000-00-00 00:00:00', '0000-00-00 00:00:00', '0000-00-00 00:00:00', 'false', 327, '0000-00-00 00:00:00', '0000-00-00 00:00:00', 215, 'unread', '0000-00-00 00:00:00'),
('0000-00-00 00:00:00', '0000-00-00 00:00:00', '0000-00-00 00:00:00', 'false', 327, '0000-00-00 00:00:00', '0000-00-00 00:00:00', 216, 'unread', '0000-00-00 00:00:00'),
('0000-00-00 00:00:00', '0000-00-00 00:00:00', '0000-00-00 00:00:00', 'false', 327, '0000-00-00 00:00:00', '0000-00-00 00:00:00', 219, 'unread', '0000-00-00 00:00:00'),
('0000-00-00 00:00:00', '0000-00-00 00:00:00', '0000-00-00 00:00:00', 'false', 327, '0000-00-00 00:00:00', '0000-00-00 00:00:00', 220, 'unread', '0000-00-00 00:00:00'),
('0000-00-00 00:00:00', '0000-00-00 00:00:00', '0000-00-00 00:00:00', 'false', 327, '0000-00-00 00:00:00', '0000-00-00 00:00:00', 221, 'unread', '0000-00-00 00:00:00'),
('0000-00-00 00:00:00', '0000-00-00 00:00:00', '0000-00-00 00:00:00', 'false', 327, '0000-00-00 00:00:00', '0000-00-00 00:00:00', 223, 'unread', '0000-00-00 00:00:00'),
('0000-00-00 00:00:00', '0000-00-00 00:00:00', '0000-00-00 00:00:00', 'false', 327, '0000-00-00 00:00:00', '0000-00-00 00:00:00', 228, 'unread', '0000-00-00 00:00:00'),
('0000-00-00 00:00:00', '0000-00-00 00:00:00', '0000-00-00 00:00:00', 'false', 327, '0000-00-00 00:00:00', '0000-00-00 00:00:00', 229, 'unread', '0000-00-00 00:00:00'),
('0000-00-00 00:00:00', '0000-00-00 00:00:00', '0000-00-00 00:00:00', 'false', 328, '2009-12-30 09:58:02', '0000-00-00 00:00:00', 13, 'read', '0000-00-00 00:00:00'),
('0000-00-00 00:00:00', '0000-00-00 00:00:00', '0000-00-00 00:00:00', 'false', 329, '2009-12-30 23:41:38', '0000-00-00 00:00:00', 13, 'read', '0000-00-00 00:00:00'),
('2010-09-06 17:22:42', '0000-00-00 00:00:00', '0000-00-00 00:00:00', 'false', 329, '2010-03-09 09:41:50', '0000-00-00 00:00:00', 16, 'deleted', '0000-00-00 00:00:00'),
('0000-00-00 00:00:00', '0000-00-00 00:00:00', '0000-00-00 00:00:00', 'false', 329, '0000-00-00 00:00:00', '0000-00-00 00:00:00', 34, 'unread', '0000-00-00 00:00:00'),
('0000-00-00 00:00:00', '0000-00-00 00:00:00', '0000-00-00 00:00:00', 'false', 329, '0000-00-00 00:00:00', '0000-00-00 00:00:00', 195, 'unread', '0000-00-00 00:00:00'),
('0000-00-00 00:00:00', '0000-00-00 00:00:00', '0000-00-00 00:00:00', 'false', 329, '0000-00-00 00:00:00', '0000-00-00 00:00:00', 198, 'unread', '0000-00-00 00:00:00'),
('0000-00-00 00:00:00', '0000-00-00 00:00:00', '0000-00-00 00:00:00', 'false', 329, '0000-00-00 00:00:00', '0000-00-00 00:00:00', 202, 'unread', '0000-00-00 00:00:00'),
('0000-00-00 00:00:00', '0000-00-00 00:00:00', '0000-00-00 00:00:00', 'false', 329, '0000-00-00 00:00:00', '0000-00-00 00:00:00', 203, 'unread', '0000-00-00 00:00:00'),
('0000-00-00 00:00:00', '0000-00-00 00:00:00', '0000-00-00 00:00:00', 'false', 329, '0000-00-00 00:00:00', '0000-00-00 00:00:00', 205, 'unread', '0000-00-00 00:00:00'),
('0000-00-00 00:00:00', '0000-00-00 00:00:00', '0000-00-00 00:00:00', 'false', 329, '0000-00-00 00:00:00', '0000-00-00 00:00:00', 211, 'unread', '0000-00-00 00:00:00'),
('0000-00-00 00:00:00', '0000-00-00 00:00:00', '0000-00-00 00:00:00', 'false', 329, '0000-00-00 00:00:00', '0000-00-00 00:00:00', 212, 'unread', '0000-00-00 00:00:00'),
('0000-00-00 00:00:00', '0000-00-00 00:00:00', '0000-00-00 00:00:00', 'false', 329, '0000-00-00 00:00:00', '0000-00-00 00:00:00', 213, 'unread', '0000-00-00 00:00:00'),
('0000-00-00 00:00:00', '0000-00-00 00:00:00', '0000-00-00 00:00:00', 'false', 329, '0000-00-00 00:00:00', '0000-00-00 00:00:00', 214, 'unread', '0000-00-00 00:00:00'),
('0000-00-00 00:00:00', '0000-00-00 00:00:00', '0000-00-00 00:00:00', 'false', 329, '0000-00-00 00:00:00', '0000-00-00 00:00:00', 215, 'unread', '0000-00-00 00:00:00'),
('0000-00-00 00:00:00', '0000-00-00 00:00:00', '0000-00-00 00:00:00', 'false', 329, '0000-00-00 00:00:00', '0000-00-00 00:00:00', 216, 'unread', '0000-00-00 00:00:00'),
('0000-00-00 00:00:00', '0000-00-00 00:00:00', '0000-00-00 00:00:00', 'false', 329, '0000-00-00 00:00:00', '0000-00-00 00:00:00', 219, 'unread', '0000-00-00 00:00:00'),
('0000-00-00 00:00:00', '0000-00-00 00:00:00', '0000-00-00 00:00:00', 'false', 329, '0000-00-00 00:00:00', '0000-00-00 00:00:00', 220, 'unread', '0000-00-00 00:00:00'),
('0000-00-00 00:00:00', '0000-00-00 00:00:00', '0000-00-00 00:00:00', 'false', 329, '0000-00-00 00:00:00', '0000-00-00 00:00:00', 221, 'unread', '0000-00-00 00:00:00'),
('0000-00-00 00:00:00', '0000-00-00 00:00:00', '0000-00-00 00:00:00', 'false', 329, '0000-00-00 00:00:00', '0000-00-00 00:00:00', 223, 'unread', '0000-00-00 00:00:00'),
('0000-00-00 00:00:00', '0000-00-00 00:00:00', '0000-00-00 00:00:00', 'false', 329, '0000-00-00 00:00:00', '0000-00-00 00:00:00', 228, 'unread', '0000-00-00 00:00:00'),
('2010-01-16 10:50:15', '0000-00-00 00:00:00', '0000-00-00 00:00:00', 'false', 329, '0000-00-00 00:00:00', '0000-00-00 00:00:00', 229, 'deleted', '0000-00-00 00:00:00'),
('0000-00-00 00:00:00', '0000-00-00 00:00:00', '0000-00-00 00:00:00', 'false', 330, '2010-01-04 18:27:34', '0000-00-00 00:00:00', 16, 'read', '0000-00-00 00:00:00'),
('0000-00-00 00:00:00', '0000-00-00 00:00:00', '0000-00-00 00:00:00', 'false', 331, '2010-01-10 13:09:51', '0000-00-00 00:00:00', 13, 'read', '0000-00-00 00:00:00'),
('0000-00-00 00:00:00', '0000-00-00 00:00:00', '0000-00-00 00:00:00', 'false', 332, '2010-01-15 11:03:21', '0000-00-00 00:00:00', 16, 'read', '0000-00-00 00:00:00'),
('0000-00-00 00:00:00', '0000-00-00 00:00:00', '0000-00-00 00:00:00', 'false', 333, '2010-02-06 00:49:17', '0000-00-00 00:00:00', 13, 'read', '0000-00-00 00:00:00'),
('0000-00-00 00:00:00', '0000-00-00 00:00:00', '0000-00-00 00:00:00', 'false', 334, '2010-02-06 00:49:34', '0000-00-00 00:00:00', 13, 'read', '0000-00-00 00:00:00'),
('0000-00-00 00:00:00', '0000-00-00 00:00:00', '0000-00-00 00:00:00', 'false', 335, '2010-02-06 00:50:10', '0000-00-00 00:00:00', 13, 'read', '0000-00-00 00:00:00'),
('0000-00-00 00:00:00', '0000-00-00 00:00:00', '0000-00-00 00:00:00', 'false', 336, '2010-02-06 00:50:42', '0000-00-00 00:00:00', 13, 'read', '0000-00-00 00:00:00'),
('0000-00-00 00:00:00', '0000-00-00 00:00:00', '0000-00-00 00:00:00', 'false', 337, '2010-02-06 19:38:07', '0000-00-00 00:00:00', 16, 'read', '0000-00-00 00:00:00'),
('0000-00-00 00:00:00', '0000-00-00 00:00:00', '0000-00-00 00:00:00', 'false', 338, '2010-02-06 19:38:47', '0000-00-00 00:00:00', 16, 'read', '0000-00-00 00:00:00'),
('0000-00-00 00:00:00', '0000-00-00 00:00:00', '0000-00-00 00:00:00', 'false', 339, '2010-02-07 19:52:57', '0000-00-00 00:00:00', 13, 'read', '0000-00-00 00:00:00'),
('0000-00-00 00:00:00', '0000-00-00 00:00:00', '0000-00-00 00:00:00', 'false', 340, '2010-02-09 09:19:44', '0000-00-00 00:00:00', 13, 'read', '0000-00-00 00:00:00'),
('0000-00-00 00:00:00', '0000-00-00 00:00:00', '0000-00-00 00:00:00', 'false', 341, '2010-02-13 09:32:27', '0000-00-00 00:00:00', 16, 'read', '0000-00-00 00:00:00'),
('0000-00-00 00:00:00', '0000-00-00 00:00:00', '0000-00-00 00:00:00', 'false', 342, '2010-02-15 13:39:48', '0000-00-00 00:00:00', 13, 'read', '0000-00-00 00:00:00'),
('0000-00-00 00:00:00', '0000-00-00 00:00:00', '0000-00-00 00:00:00', 'false', 342, '2010-03-09 09:38:42', '0000-00-00 00:00:00', 16, 'read', '0000-00-00 00:00:00'),
('0000-00-00 00:00:00', '0000-00-00 00:00:00', '0000-00-00 00:00:00', 'false', 342, '0000-00-00 00:00:00', '0000-00-00 00:00:00', 34, 'unread', '0000-00-00 00:00:00'),
('0000-00-00 00:00:00', '0000-00-00 00:00:00', '0000-00-00 00:00:00', 'false', 342, '0000-00-00 00:00:00', '0000-00-00 00:00:00', 211, 'unread', '0000-00-00 00:00:00'),
('0000-00-00 00:00:00', '0000-00-00 00:00:00', '0000-00-00 00:00:00', 'false', 342, '0000-00-00 00:00:00', '0000-00-00 00:00:00', 212, 'unread', '0000-00-00 00:00:00'),
('0000-00-00 00:00:00', '0000-00-00 00:00:00', '0000-00-00 00:00:00', 'false', 342, '0000-00-00 00:00:00', '0000-00-00 00:00:00', 213, 'unread', '0000-00-00 00:00:00'),
('0000-00-00 00:00:00', '0000-00-00 00:00:00', '0000-00-00 00:00:00', 'false', 342, '0000-00-00 00:00:00', '0000-00-00 00:00:00', 214, 'unread', '0000-00-00 00:00:00'),
('0000-00-00 00:00:00', '0000-00-00 00:00:00', '0000-00-00 00:00:00', 'false', 342, '0000-00-00 00:00:00', '0000-00-00 00:00:00', 215, 'unread', '0000-00-00 00:00:00'),
('0000-00-00 00:00:00', '0000-00-00 00:00:00', '0000-00-00 00:00:00', 'false', 342, '0000-00-00 00:00:00', '0000-00-00 00:00:00', 216, 'unread', '0000-00-00 00:00:00'),
('0000-00-00 00:00:00', '0000-00-00 00:00:00', '0000-00-00 00:00:00', 'false', 342, '0000-00-00 00:00:00', '0000-00-00 00:00:00', 220, 'unread', '0000-00-00 00:00:00'),
('0000-00-00 00:00:00', '0000-00-00 00:00:00', '0000-00-00 00:00:00', 'false', 342, '0000-00-00 00:00:00', '0000-00-00 00:00:00', 223, 'unread', '0000-00-00 00:00:00'),
('0000-00-00 00:00:00', '0000-00-00 00:00:00', '0000-00-00 00:00:00', 'false', 342, '0000-00-00 00:00:00', '0000-00-00 00:00:00', 228, 'unread', '0000-00-00 00:00:00'),
('0000-00-00 00:00:00', '0000-00-00 00:00:00', '0000-00-00 00:00:00', 'false', 342, '0000-00-00 00:00:00', '0000-00-00 00:00:00', 229, 'unread', '0000-00-00 00:00:00'),
('0000-00-00 00:00:00', '0000-00-00 00:00:00', '0000-00-00 00:00:00', 'false', 343, '2010-02-15 15:07:10', '0000-00-00 00:00:00', 16, 'read', '0000-00-00 00:00:00'),
('0000-00-00 00:00:00', '0000-00-00 00:00:00', '0000-00-00 00:00:00', 'false', 345, '2010-02-19 08:38:21', '0000-00-00 00:00:00', 13, 'read', '0000-00-00 00:00:00'),
('2010-09-06 17:22:42', '0000-00-00 00:00:00', '0000-00-00 00:00:00', 'false', 348, '2010-02-20 11:49:33', '0000-00-00 00:00:00', 16, 'deleted', '0000-00-00 00:00:00'),
('2010-09-06 17:22:41', '0000-00-00 00:00:00', '0000-00-00 00:00:00', 'false', 349, '2010-02-20 11:50:16', '0000-00-00 00:00:00', 16, 'deleted', '0000-00-00 00:00:00'),
('0000-00-00 00:00:00', '0000-00-00 00:00:00', '0000-00-00 00:00:00', 'false', 350, '2010-02-25 13:24:01', '0000-00-00 00:00:00', 13, 'read', '0000-00-00 00:00:00'),
('0000-00-00 00:00:00', '0000-00-00 00:00:00', '0000-00-00 00:00:00', 'false', 351, '2010-02-25 13:24:58', '0000-00-00 00:00:00', 13, 'read', '0000-00-00 00:00:00'),
('0000-00-00 00:00:00', '0000-00-00 00:00:00', '0000-00-00 00:00:00', 'false', 351, '0000-00-00 00:00:00', '0000-00-00 00:00:00', 211, 'unread', '0000-00-00 00:00:00'),
('0000-00-00 00:00:00', '0000-00-00 00:00:00', '0000-00-00 00:00:00', 'false', 352, '0000-00-00 00:00:00', '0000-00-00 00:00:00', 229, 'unread', '0000-00-00 00:00:00'),
('0000-00-00 00:00:00', '0000-00-00 00:00:00', '0000-00-00 00:00:00', 'false', 353, '2010-02-27 09:23:41', '0000-00-00 00:00:00', 13, 'read', '0000-00-00 00:00:00'),
('2010-09-06 17:22:41', '0000-00-00 00:00:00', '0000-00-00 00:00:00', 'false', 354, '2010-02-27 09:47:58', '0000-00-00 00:00:00', 16, 'deleted', '0000-00-00 00:00:00'),
('0000-00-00 00:00:00', '0000-00-00 00:00:00', '0000-00-00 00:00:00', 'false', 355, '2010-03-01 06:48:52', '0000-00-00 00:00:00', 16, 'read', '0000-00-00 00:00:00'),
('0000-00-00 00:00:00', '0000-00-00 00:00:00', '0000-00-00 00:00:00', 'false', 355, '0000-00-00 00:00:00', '0000-00-00 00:00:00', 229, 'unread', '0000-00-00 00:00:00'),
('0000-00-00 00:00:00', '0000-00-00 00:00:00', '0000-00-00 00:00:00', 'false', 356, '2010-02-27 19:32:34', '0000-00-00 00:00:00', 13, 'read', '0000-00-00 00:00:00'),
('0000-00-00 00:00:00', '0000-00-00 00:00:00', '0000-00-00 00:00:00', 'false', 357, '2010-03-03 08:34:31', '0000-00-00 00:00:00', 16, 'read', '0000-00-00 00:00:00'),
('0000-00-00 00:00:00', '0000-00-00 00:00:00', '0000-00-00 00:00:00', 'false', 358, '2010-03-08 09:33:44', '0000-00-00 00:00:00', 13, 'read', '0000-00-00 00:00:00'),
('0000-00-00 00:00:00', '0000-00-00 00:00:00', '0000-00-00 00:00:00', 'false', 358, '2010-03-09 09:38:24', '0000-00-00 00:00:00', 16, 'read', '0000-00-00 00:00:00'),
('0000-00-00 00:00:00', '0000-00-00 00:00:00', '0000-00-00 00:00:00', 'false', 358, '0000-00-00 00:00:00', '0000-00-00 00:00:00', 223, 'unread', '0000-00-00 00:00:00'),
('0000-00-00 00:00:00', '0000-00-00 00:00:00', '0000-00-00 00:00:00', 'false', 359, '2010-03-29 09:09:55', '0000-00-00 00:00:00', 13, 'read', '0000-00-00 00:00:00'),
('2010-09-06 17:22:41', '0000-00-00 00:00:00', '0000-00-00 00:00:00', 'false', 359, '2010-03-09 13:01:42', '0000-00-00 00:00:00', 16, 'deleted', '0000-00-00 00:00:00'),
('0000-00-00 00:00:00', '0000-00-00 00:00:00', '0000-00-00 00:00:00', 'false', 359, '0000-00-00 00:00:00', '0000-00-00 00:00:00', 34, 'unread', '0000-00-00 00:00:00'),
('0000-00-00 00:00:00', '0000-00-00 00:00:00', '0000-00-00 00:00:00', 'false', 359, '0000-00-00 00:00:00', '0000-00-00 00:00:00', 211, 'unread', '0000-00-00 00:00:00'),
('0000-00-00 00:00:00', '0000-00-00 00:00:00', '0000-00-00 00:00:00', 'false', 359, '0000-00-00 00:00:00', '0000-00-00 00:00:00', 212, 'unread', '0000-00-00 00:00:00'),
('0000-00-00 00:00:00', '0000-00-00 00:00:00', '0000-00-00 00:00:00', 'false', 359, '0000-00-00 00:00:00', '0000-00-00 00:00:00', 213, 'unread', '0000-00-00 00:00:00'),
('0000-00-00 00:00:00', '0000-00-00 00:00:00', '0000-00-00 00:00:00', 'false', 359, '0000-00-00 00:00:00', '0000-00-00 00:00:00', 214, 'unread', '0000-00-00 00:00:00'),
('0000-00-00 00:00:00', '0000-00-00 00:00:00', '0000-00-00 00:00:00', 'false', 359, '0000-00-00 00:00:00', '0000-00-00 00:00:00', 215, 'unread', '0000-00-00 00:00:00'),
('0000-00-00 00:00:00', '0000-00-00 00:00:00', '0000-00-00 00:00:00', 'false', 359, '0000-00-00 00:00:00', '0000-00-00 00:00:00', 216, 'unread', '0000-00-00 00:00:00'),
('0000-00-00 00:00:00', '0000-00-00 00:00:00', '0000-00-00 00:00:00', 'false', 359, '0000-00-00 00:00:00', '0000-00-00 00:00:00', 220, 'unread', '0000-00-00 00:00:00'),
('0000-00-00 00:00:00', '0000-00-00 00:00:00', '0000-00-00 00:00:00', 'false', 359, '0000-00-00 00:00:00', '0000-00-00 00:00:00', 223, 'unread', '0000-00-00 00:00:00'),
('0000-00-00 00:00:00', '0000-00-00 00:00:00', '0000-00-00 00:00:00', 'false', 359, '0000-00-00 00:00:00', '0000-00-00 00:00:00', 228, 'unread', '0000-00-00 00:00:00'),
('0000-00-00 00:00:00', '0000-00-00 00:00:00', '0000-00-00 00:00:00', 'false', 359, '0000-00-00 00:00:00', '0000-00-00 00:00:00', 229, 'unread', '0000-00-00 00:00:00'),
('0000-00-00 00:00:00', '0000-00-00 00:00:00', '0000-00-00 00:00:00', 'false', 360, '0000-00-00 00:00:00', '0000-00-00 00:00:00', 228, 'unread', '0000-00-00 00:00:00'),
('0000-00-00 00:00:00', '0000-00-00 00:00:00', '0000-00-00 00:00:00', 'false', 361, '2010-03-29 09:10:00', '0000-00-00 00:00:00', 13, 'read', '0000-00-00 00:00:00'),
('0000-00-00 00:00:00', '0000-00-00 00:00:00', '0000-00-00 00:00:00', 'false', 362, '2010-03-29 09:09:36', '0000-00-00 00:00:00', 13, 'read', '0000-00-00 00:00:00'),
('2010-09-06 17:22:41', '0000-00-00 00:00:00', '0000-00-00 00:00:00', 'false', 362, '0000-00-00 00:00:00', '0000-00-00 00:00:00', 16, 'deleted', '0000-00-00 00:00:00'),
('0000-00-00 00:00:00', '0000-00-00 00:00:00', '0000-00-00 00:00:00', 'false', 362, '0000-00-00 00:00:00', '0000-00-00 00:00:00', 223, 'unread', '0000-00-00 00:00:00'),
('0000-00-00 00:00:00', '0000-00-00 00:00:00', '0000-00-00 00:00:00', 'false', 362, '0000-00-00 00:00:00', '0000-00-00 00:00:00', 229, 'unread', '0000-00-00 00:00:00'),
('0000-00-00 00:00:00', '0000-00-00 00:00:00', '0000-00-00 00:00:00', 'false', 363, '2010-03-29 09:09:23', '0000-00-00 00:00:00', 13, 'read', '0000-00-00 00:00:00'),
('2010-09-06 17:22:41', '0000-00-00 00:00:00', '0000-00-00 00:00:00', 'false', 363, '0000-00-00 00:00:00', '0000-00-00 00:00:00', 16, 'deleted', '0000-00-00 00:00:00'),
('0000-00-00 00:00:00', '0000-00-00 00:00:00', '0000-00-00 00:00:00', 'false', 363, '0000-00-00 00:00:00', '0000-00-00 00:00:00', 34, 'unread', '0000-00-00 00:00:00'),
('0000-00-00 00:00:00', '0000-00-00 00:00:00', '0000-00-00 00:00:00', 'false', 363, '0000-00-00 00:00:00', '0000-00-00 00:00:00', 229, 'unread', '0000-00-00 00:00:00'),
('0000-00-00 00:00:00', '0000-00-00 00:00:00', '0000-00-00 00:00:00', 'false', 364, '2010-04-07 09:52:32', '0000-00-00 00:00:00', 13, 'read', '0000-00-00 00:00:00'),
('2010-09-06 17:22:41', '0000-00-00 00:00:00', '0000-00-00 00:00:00', 'false', 364, '0000-00-00 00:00:00', '0000-00-00 00:00:00', 16, 'deleted', '0000-00-00 00:00:00'),
('0000-00-00 00:00:00', '0000-00-00 00:00:00', '0000-00-00 00:00:00', 'false', 364, '0000-00-00 00:00:00', '0000-00-00 00:00:00', 34, 'unread', '0000-00-00 00:00:00'),
('0000-00-00 00:00:00', '0000-00-00 00:00:00', '0000-00-00 00:00:00', 'false', 364, '0000-00-00 00:00:00', '0000-00-00 00:00:00', 229, 'unread', '0000-00-00 00:00:00'),
('0000-00-00 00:00:00', '0000-00-00 00:00:00', '0000-00-00 00:00:00', 'false', 365, '2010-04-11 15:53:16', '0000-00-00 00:00:00', 254, 'read', '0000-00-00 00:00:00'),
('0000-00-00 00:00:00', '0000-00-00 00:00:00', '0000-00-00 00:00:00', 'false', 366, '2010-04-11 15:55:26', '0000-00-00 00:00:00', 254, 'read', '0000-00-00 00:00:00'),
('0000-00-00 00:00:00', '0000-00-00 00:00:00', '0000-00-00 00:00:00', 'false', 367, '2010-08-10 23:43:53', '0000-00-00 00:00:00', 13, 'read', '0000-00-00 00:00:00'),
('0000-00-00 00:00:00', '0000-00-00 00:00:00', '0000-00-00 00:00:00', 'false', 368, '2010-08-21 08:25:03', '0000-00-00 00:00:00', 16, 'read', '0000-00-00 00:00:00'),
('0000-00-00 00:00:00', '0000-00-00 00:00:00', '0000-00-00 00:00:00', 'false', 369, '0000-00-00 00:00:00', '0000-00-00 00:00:00', 34, 'unread', '0000-00-00 00:00:00'),
('0000-00-00 00:00:00', '0000-00-00 00:00:00', '0000-00-00 00:00:00', 'false', 370, '2010-08-26 15:45:00', '0000-00-00 00:00:00', 16, 'read', '0000-00-00 00:00:00'),
('0000-00-00 00:00:00', '0000-00-00 00:00:00', '0000-00-00 00:00:00', 'true', 277, '0000-00-00 00:00:00', '0000-00-00 00:00:00', 1, 'unread', '0000-00-00 00:00:00'),
('0000-00-00 00:00:00', '0000-00-00 00:00:00', '0000-00-00 00:00:00', 'true', 278, '0000-00-00 00:00:00', '0000-00-00 00:00:00', 13, 'unread', '0000-00-00 00:00:00'),
('0000-00-00 00:00:00', '0000-00-00 00:00:00', '0000-00-00 00:00:00', 'true', 279, '0000-00-00 00:00:00', '0000-00-00 00:00:00', 16, 'unread', '0000-00-00 00:00:00'),
('0000-00-00 00:00:00', '0000-00-00 00:00:00', '0000-00-00 00:00:00', 'true', 280, '0000-00-00 00:00:00', '0000-00-00 00:00:00', 16, 'unread', '0000-00-00 00:00:00'),
('0000-00-00 00:00:00', '0000-00-00 00:00:00', '0000-00-00 00:00:00', 'true', 281, '2009-07-05 15:53:39', '0000-00-00 00:00:00', 13, 'read', '0000-00-00 00:00:00'),
('0000-00-00 00:00:00', '0000-00-00 00:00:00', '0000-00-00 00:00:00', 'true', 282, '0000-00-00 00:00:00', '0000-00-00 00:00:00', 16, 'unread', '0000-00-00 00:00:00'),
('0000-00-00 00:00:00', '0000-00-00 00:00:00', '0000-00-00 00:00:00', 'true', 283, '0000-00-00 00:00:00', '0000-00-00 00:00:00', 16, 'unread', '0000-00-00 00:00:00'),
('0000-00-00 00:00:00', '0000-00-00 00:00:00', '0000-00-00 00:00:00', 'true', 284, '0000-00-00 00:00:00', '0000-00-00 00:00:00', 16, 'unread', '0000-00-00 00:00:00'),
('0000-00-00 00:00:00', '0000-00-00 00:00:00', '0000-00-00 00:00:00', 'true', 285, '0000-00-00 00:00:00', '0000-00-00 00:00:00', 13, 'unread', '0000-00-00 00:00:00'),
('0000-00-00 00:00:00', '0000-00-00 00:00:00', '0000-00-00 00:00:00', 'true', 286, '0000-00-00 00:00:00', '0000-00-00 00:00:00', 16, 'unread', '0000-00-00 00:00:00'),
('0000-00-00 00:00:00', '0000-00-00 00:00:00', '0000-00-00 00:00:00', 'true', 287, '0000-00-00 00:00:00', '0000-00-00 00:00:00', 191, 'unread', '0000-00-00 00:00:00'),
('0000-00-00 00:00:00', '0000-00-00 00:00:00', '0000-00-00 00:00:00', 'true', 288, '0000-00-00 00:00:00', '0000-00-00 00:00:00', 13, 'unread', '0000-00-00 00:00:00'),
('0000-00-00 00:00:00', '0000-00-00 00:00:00', '0000-00-00 00:00:00', 'true', 289, '0000-00-00 00:00:00', '0000-00-00 00:00:00', 16, 'unread', '0000-00-00 00:00:00'),
('0000-00-00 00:00:00', '0000-00-00 00:00:00', '0000-00-00 00:00:00', 'true', 290, '0000-00-00 00:00:00', '0000-00-00 00:00:00', 13, 'unread', '0000-00-00 00:00:00'),
('0000-00-00 00:00:00', '0000-00-00 00:00:00', '0000-00-00 00:00:00', 'true', 291, '0000-00-00 00:00:00', '0000-00-00 00:00:00', 1, 'unread', '0000-00-00 00:00:00'),
('0000-00-00 00:00:00', '0000-00-00 00:00:00', '0000-00-00 00:00:00', 'true', 292, '0000-00-00 00:00:00', '0000-00-00 00:00:00', 16, 'unread', '0000-00-00 00:00:00'),
('0000-00-00 00:00:00', '0000-00-00 00:00:00', '0000-00-00 00:00:00', 'true', 293, '0000-00-00 00:00:00', '0000-00-00 00:00:00', 13, 'unread', '0000-00-00 00:00:00'),
('0000-00-00 00:00:00', '0000-00-00 00:00:00', '0000-00-00 00:00:00', 'true', 294, '0000-00-00 00:00:00', '0000-00-00 00:00:00', 16, 'unread', '0000-00-00 00:00:00'),
('0000-00-00 00:00:00', '0000-00-00 00:00:00', '0000-00-00 00:00:00', 'true', 295, '0000-00-00 00:00:00', '0000-00-00 00:00:00', 16, 'unread', '0000-00-00 00:00:00'),
('0000-00-00 00:00:00', '0000-00-00 00:00:00', '0000-00-00 00:00:00', 'true', 296, '0000-00-00 00:00:00', '0000-00-00 00:00:00', 16, 'unread', '0000-00-00 00:00:00'),
('0000-00-00 00:00:00', '0000-00-00 00:00:00', '0000-00-00 00:00:00', 'true', 297, '0000-00-00 00:00:00', '0000-00-00 00:00:00', 16, 'unread', '0000-00-00 00:00:00'),
('0000-00-00 00:00:00', '0000-00-00 00:00:00', '0000-00-00 00:00:00', 'true', 298, '0000-00-00 00:00:00', '0000-00-00 00:00:00', 1, 'unread', '0000-00-00 00:00:00'),
('0000-00-00 00:00:00', '0000-00-00 00:00:00', '0000-00-00 00:00:00', 'true', 299, '0000-00-00 00:00:00', '0000-00-00 00:00:00', 16, 'unread', '0000-00-00 00:00:00'),
('0000-00-00 00:00:00', '0000-00-00 00:00:00', '0000-00-00 00:00:00', 'true', 300, '2009-08-17 23:41:38', '0000-00-00 00:00:00', 13, 'read', '0000-00-00 00:00:00'),
('0000-00-00 00:00:00', '0000-00-00 00:00:00', '0000-00-00 00:00:00', 'true', 301, '0000-00-00 00:00:00', '0000-00-00 00:00:00', 1, 'unread', '0000-00-00 00:00:00'),
('0000-00-00 00:00:00', '0000-00-00 00:00:00', '0000-00-00 00:00:00', 'true', 302, '0000-00-00 00:00:00', '0000-00-00 00:00:00', 16, 'unread', '0000-00-00 00:00:00'),
('0000-00-00 00:00:00', '0000-00-00 00:00:00', '0000-00-00 00:00:00', 'true', 303, '0000-00-00 00:00:00', '0000-00-00 00:00:00', 13, 'unread', '0000-00-00 00:00:00'),
('0000-00-00 00:00:00', '0000-00-00 00:00:00', '0000-00-00 00:00:00', 'true', 304, '0000-00-00 00:00:00', '0000-00-00 00:00:00', 16, 'unread', '0000-00-00 00:00:00'),
('0000-00-00 00:00:00', '0000-00-00 00:00:00', '0000-00-00 00:00:00', 'true', 305, '0000-00-00 00:00:00', '0000-00-00 00:00:00', 13, 'unread', '0000-00-00 00:00:00'),
('0000-00-00 00:00:00', '0000-00-00 00:00:00', '0000-00-00 00:00:00', 'true', 306, '0000-00-00 00:00:00', '0000-00-00 00:00:00', 16, 'unread', '0000-00-00 00:00:00'),
('0000-00-00 00:00:00', '0000-00-00 00:00:00', '0000-00-00 00:00:00', 'true', 307, '0000-00-00 00:00:00', '0000-00-00 00:00:00', 16, 'unread', '0000-00-00 00:00:00'),
('0000-00-00 00:00:00', '0000-00-00 00:00:00', '0000-00-00 00:00:00', 'true', 308, '0000-00-00 00:00:00', '0000-00-00 00:00:00', 1, 'unread', '0000-00-00 00:00:00'),
('0000-00-00 00:00:00', '0000-00-00 00:00:00', '0000-00-00 00:00:00', 'true', 309, '0000-00-00 00:00:00', '0000-00-00 00:00:00', 13, 'unread', '0000-00-00 00:00:00'),
('0000-00-00 00:00:00', '0000-00-00 00:00:00', '0000-00-00 00:00:00', 'true', 310, '0000-00-00 00:00:00', '0000-00-00 00:00:00', 16, 'unread', '0000-00-00 00:00:00'),
('0000-00-00 00:00:00', '0000-00-00 00:00:00', '0000-00-00 00:00:00', 'true', 311, '0000-00-00 00:00:00', '0000-00-00 00:00:00', 13, 'unread', '0000-00-00 00:00:00'),
('0000-00-00 00:00:00', '0000-00-00 00:00:00', '0000-00-00 00:00:00', 'true', 312, '0000-00-00 00:00:00', '0000-00-00 00:00:00', 212, 'unread', '0000-00-00 00:00:00'),
('0000-00-00 00:00:00', '0000-00-00 00:00:00', '0000-00-00 00:00:00', 'true', 313, '0000-00-00 00:00:00', '0000-00-00 00:00:00', 16, 'unread', '0000-00-00 00:00:00'),
('0000-00-00 00:00:00', '0000-00-00 00:00:00', '0000-00-00 00:00:00', 'true', 314, '0000-00-00 00:00:00', '0000-00-00 00:00:00', 16, 'unread', '0000-00-00 00:00:00'),
('0000-00-00 00:00:00', '0000-00-00 00:00:00', '0000-00-00 00:00:00', 'true', 315, '0000-00-00 00:00:00', '0000-00-00 00:00:00', 213, 'unread', '0000-00-00 00:00:00'),
('0000-00-00 00:00:00', '0000-00-00 00:00:00', '0000-00-00 00:00:00', 'true', 316, '0000-00-00 00:00:00', '0000-00-00 00:00:00', 16, 'unread', '0000-00-00 00:00:00'),
('0000-00-00 00:00:00', '0000-00-00 00:00:00', '0000-00-00 00:00:00', 'true', 317, '0000-00-00 00:00:00', '0000-00-00 00:00:00', 13, 'unread', '0000-00-00 00:00:00'),
('0000-00-00 00:00:00', '0000-00-00 00:00:00', '0000-00-00 00:00:00', 'true', 318, '0000-00-00 00:00:00', '0000-00-00 00:00:00', 16, 'unread', '0000-00-00 00:00:00'),
('0000-00-00 00:00:00', '0000-00-00 00:00:00', '0000-00-00 00:00:00', 'true', 319, '2009-09-10 17:53:01', '0000-00-00 00:00:00', 228, 'read', '0000-00-00 00:00:00'),
('0000-00-00 00:00:00', '0000-00-00 00:00:00', '0000-00-00 00:00:00', 'true', 320, '0000-00-00 00:00:00', '0000-00-00 00:00:00', 213, 'unread', '0000-00-00 00:00:00'),
('0000-00-00 00:00:00', '0000-00-00 00:00:00', '0000-00-00 00:00:00', 'true', 321, '0000-00-00 00:00:00', '0000-00-00 00:00:00', 213, 'unread', '0000-00-00 00:00:00'),
('0000-00-00 00:00:00', '0000-00-00 00:00:00', '0000-00-00 00:00:00', 'true', 322, '0000-00-00 00:00:00', '0000-00-00 00:00:00', 211, 'unread', '0000-00-00 00:00:00'),
('0000-00-00 00:00:00', '0000-00-00 00:00:00', '0000-00-00 00:00:00', 'true', 323, '2009-10-22 06:00:25', '0000-00-00 00:00:00', 16, 'read', '0000-00-00 00:00:00'),
('0000-00-00 00:00:00', '0000-00-00 00:00:00', '0000-00-00 00:00:00', 'true', 324, '0000-00-00 00:00:00', '0000-00-00 00:00:00', 1, 'unread', '0000-00-00 00:00:00'),
('0000-00-00 00:00:00', '0000-00-00 00:00:00', '0000-00-00 00:00:00', 'true', 325, '0000-00-00 00:00:00', '0000-00-00 00:00:00', 1, 'unread', '0000-00-00 00:00:00'),
('0000-00-00 00:00:00', '0000-00-00 00:00:00', '0000-00-00 00:00:00', 'true', 326, '0000-00-00 00:00:00', '0000-00-00 00:00:00', 16, 'unread', '0000-00-00 00:00:00'),
('0000-00-00 00:00:00', '0000-00-00 00:00:00', '0000-00-00 00:00:00', 'true', 327, '0000-00-00 00:00:00', '0000-00-00 00:00:00', 1, 'unread', '0000-00-00 00:00:00'),
('0000-00-00 00:00:00', '0000-00-00 00:00:00', '0000-00-00 00:00:00', 'true', 328, '0000-00-00 00:00:00', '0000-00-00 00:00:00', 16, 'unread', '0000-00-00 00:00:00'),
('0000-00-00 00:00:00', '0000-00-00 00:00:00', '0000-00-00 00:00:00', 'true', 329, '0000-00-00 00:00:00', '0000-00-00 00:00:00', 1, 'unread', '0000-00-00 00:00:00'),
('0000-00-00 00:00:00', '0000-00-00 00:00:00', '0000-00-00 00:00:00', 'true', 330, '2009-12-31 10:03:15', '0000-00-00 00:00:00', 13, 'read', '0000-00-00 00:00:00'),
('0000-00-00 00:00:00', '0000-00-00 00:00:00', '0000-00-00 00:00:00', 'true', 331, '0000-00-00 00:00:00', '0000-00-00 00:00:00', 16, 'unread', '0000-00-00 00:00:00'),
('0000-00-00 00:00:00', '0000-00-00 00:00:00', '0000-00-00 00:00:00', 'true', 332, '2010-01-10 13:21:11', '0000-00-00 00:00:00', 13, 'read', '0000-00-00 00:00:00'),
('0000-00-00 00:00:00', '0000-00-00 00:00:00', '0000-00-00 00:00:00', 'true', 333, '0000-00-00 00:00:00', '0000-00-00 00:00:00', 16, 'unread', '0000-00-00 00:00:00'),
('0000-00-00 00:00:00', '0000-00-00 00:00:00', '0000-00-00 00:00:00', 'true', 334, '0000-00-00 00:00:00', '0000-00-00 00:00:00', 16, 'unread', '0000-00-00 00:00:00'),
('0000-00-00 00:00:00', '0000-00-00 00:00:00', '0000-00-00 00:00:00', 'true', 335, '0000-00-00 00:00:00', '0000-00-00 00:00:00', 16, 'unread', '0000-00-00 00:00:00'),
('0000-00-00 00:00:00', '0000-00-00 00:00:00', '0000-00-00 00:00:00', 'true', 336, '0000-00-00 00:00:00', '0000-00-00 00:00:00', 16, 'unread', '0000-00-00 00:00:00'),
('0000-00-00 00:00:00', '0000-00-00 00:00:00', '0000-00-00 00:00:00', 'true', 337, '2010-02-06 00:54:01', '0000-00-00 00:00:00', 13, 'read', '0000-00-00 00:00:00'),
('0000-00-00 00:00:00', '0000-00-00 00:00:00', '0000-00-00 00:00:00', 'true', 338, '0000-00-00 00:00:00', '0000-00-00 00:00:00', 13, 'unread', '0000-00-00 00:00:00'),
('0000-00-00 00:00:00', '0000-00-00 00:00:00', '0000-00-00 00:00:00', 'true', 339, '0000-00-00 00:00:00', '0000-00-00 00:00:00', 16, 'unread', '0000-00-00 00:00:00'),
('0000-00-00 00:00:00', '0000-00-00 00:00:00', '0000-00-00 00:00:00', 'true', 340, '0000-00-00 00:00:00', '0000-00-00 00:00:00', 16, 'unread', '0000-00-00 00:00:00'),
('0000-00-00 00:00:00', '0000-00-00 00:00:00', '0000-00-00 00:00:00', 'true', 341, '0000-00-00 00:00:00', '0000-00-00 00:00:00', 13, 'unread', '0000-00-00 00:00:00');
INSERT INTO `message_searchable` (`deleted`, `hidden`, `invalid`, `is_sender`, `message_id`, `read`, `replied`, `searchable_id`, `status`, `unread`) VALUES
('0000-00-00 00:00:00', '0000-00-00 00:00:00', '0000-00-00 00:00:00', 'true', 342, '0000-00-00 00:00:00', '0000-00-00 00:00:00', 239, 'unread', '0000-00-00 00:00:00'),
('0000-00-00 00:00:00', '0000-00-00 00:00:00', '0000-00-00 00:00:00', 'true', 343, '2010-02-15 13:39:12', '0000-00-00 00:00:00', 13, 'read', '0000-00-00 00:00:00'),
('0000-00-00 00:00:00', '0000-00-00 00:00:00', '0000-00-00 00:00:00', 'true', 345, '2010-02-15 15:09:50', '0000-00-00 00:00:00', 16, 'read', '0000-00-00 00:00:00'),
('2010-09-06 17:22:42', '0000-00-00 00:00:00', '0000-00-00 00:00:00', 'true', 348, '2010-02-20 11:49:33', '0000-00-00 00:00:00', 16, 'deleted', '0000-00-00 00:00:00'),
('0000-00-00 00:00:00', '0000-00-00 00:00:00', '0000-00-00 00:00:00', 'true', 349, '2010-02-19 10:22:27', '0000-00-00 00:00:00', 13, 'read', '0000-00-00 00:00:00'),
('0000-00-00 00:00:00', '0000-00-00 00:00:00', '0000-00-00 00:00:00', 'true', 350, '2010-02-20 11:52:51', '0000-00-00 00:00:00', 16, 'read', '0000-00-00 00:00:00'),
('0000-00-00 00:00:00', '0000-00-00 00:00:00', '0000-00-00 00:00:00', 'true', 351, '2010-02-23 11:12:36', '0000-00-00 00:00:00', 16, 'read', '0000-00-00 00:00:00'),
('0000-00-00 00:00:00', '0000-00-00 00:00:00', '0000-00-00 00:00:00', 'true', 352, '2010-02-26 10:58:23', '0000-00-00 00:00:00', 16, 'read', '0000-00-00 00:00:00'),
('0000-00-00 00:00:00', '0000-00-00 00:00:00', '0000-00-00 00:00:00', 'true', 353, '2010-02-26 15:04:20', '0000-00-00 00:00:00', 16, 'read', '0000-00-00 00:00:00'),
('0000-00-00 00:00:00', '0000-00-00 00:00:00', '0000-00-00 00:00:00', 'true', 354, '2010-02-27 09:27:13', '0000-00-00 00:00:00', 13, 'read', '0000-00-00 00:00:00'),
('0000-00-00 00:00:00', '0000-00-00 00:00:00', '0000-00-00 00:00:00', 'true', 355, '2010-02-27 13:21:25', '0000-00-00 00:00:00', 212, 'read', '0000-00-00 00:00:00'),
('0000-00-00 00:00:00', '0000-00-00 00:00:00', '0000-00-00 00:00:00', 'true', 356, '2010-02-27 13:25:16', '0000-00-00 00:00:00', 16, 'read', '0000-00-00 00:00:00'),
('0000-00-00 00:00:00', '0000-00-00 00:00:00', '0000-00-00 00:00:00', 'true', 357, '2010-03-02 21:01:57', '0000-00-00 00:00:00', 13, 'read', '0000-00-00 00:00:00'),
('0000-00-00 00:00:00', '0000-00-00 00:00:00', '0000-00-00 00:00:00', 'true', 358, '0000-00-00 00:00:00', '0000-00-00 00:00:00', 239, 'unread', '0000-00-00 00:00:00'),
('0000-00-00 00:00:00', '0000-00-00 00:00:00', '0000-00-00 00:00:00', 'true', 359, '0000-00-00 00:00:00', '0000-00-00 00:00:00', 1, 'unread', '0000-00-00 00:00:00'),
('0000-00-00 00:00:00', '0000-00-00 00:00:00', '0000-00-00 00:00:00', 'true', 360, '2010-03-10 16:21:19', '0000-00-00 00:00:00', 223, 'read', '0000-00-00 00:00:00'),
('0000-00-00 00:00:00', '0000-00-00 00:00:00', '0000-00-00 00:00:00', 'true', 361, '2010-03-13 08:15:29', '0000-00-00 00:00:00', 16, 'read', '0000-00-00 00:00:00'),
('0000-00-00 00:00:00', '0000-00-00 00:00:00', '0000-00-00 00:00:00', 'true', 362, '0000-00-00 00:00:00', '0000-00-00 00:00:00', 1, 'unread', '0000-00-00 00:00:00'),
('0000-00-00 00:00:00', '0000-00-00 00:00:00', '0000-00-00 00:00:00', 'true', 363, '0000-00-00 00:00:00', '0000-00-00 00:00:00', 1, 'unread', '0000-00-00 00:00:00'),
('0000-00-00 00:00:00', '0000-00-00 00:00:00', '0000-00-00 00:00:00', 'true', 364, '0000-00-00 00:00:00', '0000-00-00 00:00:00', 1, 'unread', '0000-00-00 00:00:00'),
('0000-00-00 00:00:00', '0000-00-00 00:00:00', '0000-00-00 00:00:00', 'true', 365, '2010-04-11 15:52:14', '0000-00-00 00:00:00', 13, 'read', '0000-00-00 00:00:00'),
('0000-00-00 00:00:00', '0000-00-00 00:00:00', '0000-00-00 00:00:00', 'true', 366, '2010-04-11 15:54:56', '0000-00-00 00:00:00', 13, 'read', '0000-00-00 00:00:00'),
('0000-00-00 00:00:00', '0000-00-00 00:00:00', '0000-00-00 00:00:00', 'true', 367, '0000-00-00 00:00:00', '0000-00-00 00:00:00', 16, 'unread', '0000-00-00 00:00:00'),
('0000-00-00 00:00:00', '0000-00-00 00:00:00', '0000-00-00 00:00:00', 'true', 368, '0000-00-00 00:00:00', '0000-00-00 00:00:00', 13, 'unread', '0000-00-00 00:00:00'),
('0000-00-00 00:00:00', '0000-00-00 00:00:00', '0000-00-00 00:00:00', 'true', 369, '0000-00-00 00:00:00', '0000-00-00 00:00:00', 16, 'unread', '0000-00-00 00:00:00'),
('0000-00-00 00:00:00', '0000-00-00 00:00:00', '0000-00-00 00:00:00', 'true', 370, '0000-00-00 00:00:00', '0000-00-00 00:00:00', 13, 'unread', '0000-00-00 00:00:00');

-- --------------------------------------------------------

--
-- Table structure for table `network`
--

CREATE TABLE IF NOT EXISTS `network` (
  `searchable_id` int(11) unsigned NOT NULL,
  PRIMARY KEY (`searchable_id`),
  KEY `searchable_network_fk` (`searchable_id`)
) ENGINE=InnoDB DEFAULT CHARSET=utf8;

--
-- Dumping data for table `network`
--

INSERT INTO `network` (`searchable_id`) VALUES
(239),
(240),
(241),
(242),
(243),
(244),
(245),
(246),
(247),
(250),
(256),
(257),
(258),
(259),
(260),
(261),
(262),
(263),
(264),
(265),
(268),
(269),
(274),
(287),
(295),
(296);

-- --------------------------------------------------------

--
-- Table structure for table `news`
--

CREATE TABLE IF NOT EXISTS `news` (
  `body` mediumtext NOT NULL,
  `created` timestamp NOT NULL DEFAULT '0000-00-00 00:00:00',
  `date` timestamp NOT NULL DEFAULT '0000-00-00 00:00:00',
  `expires` timestamp NOT NULL DEFAULT '0000-00-00 00:00:00',
  `id` mediumint(8) unsigned NOT NULL AUTO_INCREMENT,
  `modified` timestamp NOT NULL DEFAULT CURRENT_TIMESTAMP ON UPDATE CURRENT_TIMESTAMP,
  `type` char(1) NOT NULL,
  `title` varchar(255) NOT NULL,
  PRIMARY KEY (`id`)
) ENGINE=InnoDB  DEFAULT CHARSET=utf8 AUTO_INCREMENT=33 ;

--
-- Dumping data for table `news`
--

INSERT INTO `news` (`body`, `created`, `date`, `expires`, `id`, `modified`, `type`, `title`) VALUES
('This is a notice to all users (ahem... mike and matt) that the administration article feature is working again. The design has been cleaned up, but it mostly behaves the same way as it used to.', '2009-07-05 17:22:29', '2009-07-05 17:30:00', '2009-07-12 17:30:00', 1, '2009-07-05 17:22:29', 'N', 'Articles Feature Is Working Again'),
('Two heads are better than one. So Matt will be heading over to Mike''s place in order to explore the site and understand potential bugs. Miles is invited as well, as his input is extremely valuable to our toddler audience.', '2009-07-25 18:14:03', '2009-07-26 16:00:00', '2009-07-26 17:00:00', 4, '2009-07-26 15:16:02', 'E', 'Meeting At Mike''s Place'),
('I will Pay every beta tester $5 per novel bug logged with me! :>\r\n-OR- a beer per bug.  Your Choice.  -Mike', '2009-09-02 14:17:33', '2009-09-03 11:00:00', '2009-10-03 11:00:00', 5, '2009-09-02 14:17:33', 'N', 'WILL PAY FOR BUGS!!!'),
('Hello!', '2009-10-22 05:49:51', '2009-10-22 05:48:51', '2009-10-23 05:48:51', 6, '2009-10-22 05:49:51', 'N', 'TESTING THE EVENT NEW TITLE'),
('Remember to register your team for the Spring Season!!! \r\nGoto http://siliconvalleysoccer.com/', '2010-02-27 09:21:05', '2010-02-27 09:18:56', '2010-03-27 09:18:56', 13, '2010-02-27 09:21:05', 'N', 'Weeknight Spring Season Registration Closes Friday Feb.26th!!! '),
('Early Registration discount expires on 3/12!!!\r\nhttp://siliconvalleysoccer.com/register.php?id=63', '2010-02-27 09:22:16', '2010-02-27 09:21:20', '2010-03-27 09:21:20', 14, '2010-02-27 09:22:16', 'N', 'Saturday Men''s over 50 Registration is OPEN '),
('Saturday Skills Clinics start March 28!!! \r\nhttp://www.georgelamptey.com/', '2010-02-27 09:23:09', '2010-02-27 09:22:44', '2010-03-27 09:22:44', 15, '2010-02-28 03:54:45', 'N', 'George Lamptey Advanced Clinic Registration is open! '),
('test new', '2010-03-30 13:07:24', '2010-03-30 13:06:48', '2010-03-30 23:06:48', 16, '2010-03-30 13:07:24', 'N', 'test'),
('test', '2010-04-05 08:19:14', '2010-04-05 08:18:45', '0000-00-00 00:00:00', 17, '2010-04-05 08:19:11', 'N', 'test'),
('The background color of this alert is "Warning Orange". I thought it fitting :p', '2010-05-11 10:03:37', '2010-05-11 10:02:42', '2010-05-13 10:02:42', 18, '2010-05-11 10:03:01', 'A', 'Critical News!!!'),
('HI All: this is a news test!', '2010-05-11 18:29:25', '2010-05-11 18:28:35', '2010-05-12 18:28:35', 19, '2010-05-11 18:28:48', 'N', 'Testing News that should dissapear at 6:28 PM on Wed'),
('Testing alert...', '2010-05-11 18:31:08', '2010-05-11 18:28:35', '2010-05-12 18:28:35', 20, '2010-05-11 18:30:31', 'A', 'This alert should dissappear at 6:28PM on wed'),
('ALERT ALERT ALERT', '2010-05-16 19:14:09', '2010-05-16 19:13:32', '2010-05-19 19:13:32', 22, '2010-05-16 19:13:27', 'A', 'Testing the News Service'),
('Please remember to register your COED Team for SUMMER SUNDAYS! ', '2010-05-20 11:37:57', '2010-05-20 11:36:33', '2010-06-20 11:36:33', 23, '2010-05-20 11:37:13', 'A', 'COED SUMMER REGISTRATION END MAY 31st!'),
('Start Planning now for you tournament team, registration will open in July.  For more info see: http://siliconvalleysoccer.com/', '2010-05-20 11:39:44', '2010-05-20 11:36:33', '2010-06-20 11:36:33', 24, '2010-05-20 11:39:00', 'E', 'ANNUAL 2010 SUMMER TOURNAMET DATES are set: Aug 29-30th'),
('test test test', '2010-07-15 20:37:51', '2010-07-15 20:37:06', '2010-07-25 20:37:06', 25, '2010-07-15 20:37:46', 'E', 'Testing News Events'),
('test test test', '2010-07-15 20:38:43', '2010-07-15 20:37:06', '2010-07-25 20:37:06', 26, '2010-07-15 20:38:37', 'A', 'Testing News alerts'),
('test test test', '2010-07-15 20:39:29', '2010-07-15 20:37:06', '2010-07-25 20:37:06', 27, '2010-07-15 20:39:23', 'N', 'testing news news'),
('Game will start the week of Sept 7th. ', '2010-09-06 17:17:05', '2010-09-06 17:15:42', '2010-09-26 17:15:42', 28, '2010-09-06 17:17:05', 'N', 'COED FALL SEAONS REGISTRATION IS CLOSED!'),
('asdfasdfasdfasdfasd', '2010-09-06 17:20:11', '2010-09-06 17:15:42', '2010-09-26 17:15:42', 29, '2010-09-06 17:20:11', 'E', 'ANNUAL 2010 SUMMER TOURNAMET DATES are set: Aug 29-30th'),
('content', '2010-10-21 12:30:41', '2010-10-21 12:29:32', '2010-10-25 12:29:32', 30, '2010-10-21 12:20:12', 'E', 'Testing the News Service'),
('Resister your team for the WINTER COED Season at this link: http://siliconvalleysoccer.com/register.php?id=71', '2010-11-21 16:23:21', '2010-11-21 16:21:52', '2010-12-21 16:21:52', 31, '2010-11-21 16:17:01', 'A', 'Registration for Winter COED is OPEN'),
('Premiere:  UNDECIDED and AZZURRI tied\r\nD 2A:  Falcons\r\nD 2B:  Rovers', '2010-11-21 16:25:57', '2010-11-21 16:23:59', '2010-12-21 16:23:59', 32, '2010-11-21 16:19:37', 'N', 'Fall Seasson Champions');

-- --------------------------------------------------------

--
-- Table structure for table `news_searchable`
--

CREATE TABLE IF NOT EXISTS `news_searchable` (
  `modified` timestamp NOT NULL DEFAULT CURRENT_TIMESTAMP ON UPDATE CURRENT_TIMESTAMP,
  `created` timestamp NOT NULL DEFAULT '0000-00-00 00:00:00',
  `id` int(11) unsigned NOT NULL AUTO_INCREMENT,
  `news_id` int(8) unsigned NOT NULL,
  `searchable_id` int(11) unsigned NOT NULL,
  PRIMARY KEY (`id`),
  UNIQUE KEY `news_searchable_unqiue_key` (`news_id`,`searchable_id`),
  KEY `news_searchable_searchable_fk` (`searchable_id`)
) ENGINE=InnoDB  DEFAULT CHARSET=utf8 AUTO_INCREMENT=374 ;

--
-- Dumping data for table `news_searchable`
--

INSERT INTO `news_searchable` (`modified`, `created`, `id`, `news_id`, `searchable_id`) VALUES
('2010-05-11 10:03:01', '2010-05-11 10:03:37', 1, 18, 13),
('2010-05-11 10:03:01', '2010-05-11 10:03:37', 2, 18, 16),
('2010-05-11 10:03:01', '2010-05-11 10:03:37', 3, 18, 34),
('2010-05-11 10:03:01', '2010-05-11 10:03:37', 4, 18, 195),
('2010-05-11 10:03:01', '2010-05-11 10:03:37', 5, 18, 198),
('2010-05-11 10:03:01', '2010-05-11 10:03:37', 6, 18, 202),
('2010-05-11 10:03:01', '2010-05-11 10:03:37', 7, 18, 203),
('2010-05-11 10:03:01', '2010-05-11 10:03:37', 8, 18, 205),
('2010-05-11 10:03:01', '2010-05-11 10:03:37', 9, 18, 211),
('2010-05-11 10:03:01', '2010-05-11 10:03:37', 10, 18, 212),
('2010-05-11 10:03:01', '2010-05-11 10:03:37', 11, 18, 213),
('2010-05-11 10:03:01', '2010-05-11 10:03:37', 12, 18, 214),
('2010-05-11 10:03:01', '2010-05-11 10:03:37', 13, 18, 215),
('2010-05-11 10:03:01', '2010-05-11 10:03:37', 14, 18, 216),
('2010-05-11 10:03:01', '2010-05-11 10:03:37', 15, 18, 219),
('2010-05-11 10:03:01', '2010-05-11 10:03:37', 16, 18, 220),
('2010-05-11 10:03:01', '2010-05-11 10:03:37', 17, 18, 221),
('2010-05-11 10:03:01', '2010-05-11 10:03:37', 18, 18, 223),
('2010-05-11 10:03:01', '2010-05-11 10:03:37', 19, 18, 228),
('2010-05-11 10:03:01', '2010-05-11 10:03:37', 20, 18, 229),
('2010-05-11 10:03:01', '2010-05-11 10:03:37', 21, 18, 253),
('2010-05-11 10:03:01', '2010-05-11 10:03:37', 22, 18, 254),
('2010-05-11 18:28:48', '2010-05-11 18:29:25', 23, 19, 13),
('2010-05-11 18:28:48', '2010-05-11 18:29:25', 24, 19, 16),
('2010-05-11 18:28:48', '2010-05-11 18:29:25', 25, 19, 34),
('2010-05-11 18:28:48', '2010-05-11 18:29:25', 26, 19, 195),
('2010-05-11 18:28:48', '2010-05-11 18:29:25', 27, 19, 198),
('2010-05-11 18:28:48', '2010-05-11 18:29:25', 28, 19, 202),
('2010-05-11 18:28:48', '2010-05-11 18:29:25', 29, 19, 203),
('2010-05-11 18:28:48', '2010-05-11 18:29:25', 30, 19, 205),
('2010-05-11 18:28:48', '2010-05-11 18:29:25', 31, 19, 211),
('2010-05-11 18:28:48', '2010-05-11 18:29:25', 32, 19, 212),
('2010-05-11 18:28:48', '2010-05-11 18:29:25', 33, 19, 213),
('2010-05-11 18:28:48', '2010-05-11 18:29:25', 34, 19, 214),
('2010-05-11 18:28:48', '2010-05-11 18:29:25', 35, 19, 215),
('2010-05-11 18:28:48', '2010-05-11 18:29:25', 36, 19, 216),
('2010-05-11 18:28:48', '2010-05-11 18:29:25', 37, 19, 219),
('2010-05-11 18:28:48', '2010-05-11 18:29:25', 38, 19, 220),
('2010-05-11 18:28:48', '2010-05-11 18:29:25', 39, 19, 221),
('2010-05-11 18:28:48', '2010-05-11 18:29:25', 40, 19, 223),
('2010-05-11 18:28:48', '2010-05-11 18:29:25', 41, 19, 228),
('2010-05-11 18:28:48', '2010-05-11 18:29:25', 42, 19, 229),
('2010-05-11 18:28:48', '2010-05-11 18:29:25', 43, 19, 253),
('2010-05-11 18:28:48', '2010-05-11 18:29:25', 44, 19, 254),
('2010-05-11 18:30:31', '2010-05-11 18:31:08', 45, 20, 13),
('2010-05-11 18:30:31', '2010-05-11 18:31:08', 46, 20, 16),
('2010-05-11 18:30:31', '2010-05-11 18:31:08', 47, 20, 34),
('2010-05-11 18:30:31', '2010-05-11 18:31:08', 48, 20, 195),
('2010-05-11 18:30:31', '2010-05-11 18:31:08', 49, 20, 198),
('2010-05-11 18:30:31', '2010-05-11 18:31:08', 50, 20, 202),
('2010-05-11 18:30:31', '2010-05-11 18:31:08', 51, 20, 203),
('2010-05-11 18:30:31', '2010-05-11 18:31:08', 52, 20, 205),
('2010-05-11 18:30:31', '2010-05-11 18:31:08', 53, 20, 211),
('2010-05-11 18:30:31', '2010-05-11 18:31:08', 54, 20, 212),
('2010-05-11 18:30:31', '2010-05-11 18:31:08', 55, 20, 213),
('2010-05-11 18:30:31', '2010-05-11 18:31:08', 56, 20, 214),
('2010-05-11 18:30:31', '2010-05-11 18:31:08', 57, 20, 215),
('2010-05-11 18:30:31', '2010-05-11 18:31:08', 58, 20, 216),
('2010-05-11 18:30:31', '2010-05-11 18:31:08', 59, 20, 219),
('2010-05-11 18:30:31', '2010-05-11 18:31:08', 60, 20, 220),
('2010-05-11 18:30:31', '2010-05-11 18:31:08', 61, 20, 221),
('2010-05-11 18:30:31', '2010-05-11 18:31:08', 62, 20, 223),
('2010-05-11 18:30:31', '2010-05-11 18:31:08', 63, 20, 228),
('2010-05-11 18:30:31', '2010-05-11 18:31:08', 64, 20, 229),
('2010-05-11 18:30:31', '2010-05-11 18:31:08', 65, 20, 253),
('2010-05-11 18:30:31', '2010-05-11 18:31:08', 66, 20, 254),
('2010-05-16 17:49:59', '2010-05-16 17:50:40', 67, 21, 13),
('2010-05-16 17:49:59', '2010-05-16 17:50:40', 68, 21, 16),
('2010-05-16 17:49:59', '2010-05-16 17:50:40', 69, 21, 34),
('2010-05-16 17:49:59', '2010-05-16 17:50:40', 70, 21, 195),
('2010-05-16 17:49:59', '2010-05-16 17:50:40', 71, 21, 198),
('2010-05-16 17:49:59', '2010-05-16 17:50:40', 72, 21, 202),
('2010-05-16 17:49:59', '2010-05-16 17:50:40', 73, 21, 203),
('2010-05-16 17:49:59', '2010-05-16 17:50:40', 74, 21, 205),
('2010-05-16 17:49:59', '2010-05-16 17:50:40', 75, 21, 211),
('2010-05-16 17:49:59', '2010-05-16 17:50:40', 76, 21, 212),
('2010-05-16 17:49:59', '2010-05-16 17:50:40', 77, 21, 213),
('2010-05-16 17:49:59', '2010-05-16 17:50:40', 78, 21, 214),
('2010-05-16 17:49:59', '2010-05-16 17:50:40', 79, 21, 215),
('2010-05-16 17:49:59', '2010-05-16 17:50:40', 80, 21, 216),
('2010-05-16 17:49:59', '2010-05-16 17:50:40', 81, 21, 219),
('2010-05-16 17:49:59', '2010-05-16 17:50:40', 82, 21, 220),
('2010-05-16 17:49:59', '2010-05-16 17:50:40', 83, 21, 221),
('2010-05-16 17:49:59', '2010-05-16 17:50:40', 84, 21, 223),
('2010-05-16 17:49:59', '2010-05-16 17:50:40', 85, 21, 228),
('2010-05-16 17:49:59', '2010-05-16 17:50:40', 86, 21, 229),
('2010-05-16 17:49:59', '2010-05-16 17:50:40', 87, 21, 253),
('2010-05-16 17:49:59', '2010-05-16 17:50:40', 88, 21, 254),
('2010-05-16 19:13:27', '2010-05-16 19:14:09', 89, 22, 13),
('2010-05-16 19:13:27', '2010-05-16 19:14:09', 90, 22, 16),
('2010-05-16 19:13:27', '2010-05-16 19:14:09', 91, 22, 34),
('2010-05-16 19:13:27', '2010-05-16 19:14:09', 92, 22, 195),
('2010-05-16 19:13:27', '2010-05-16 19:14:09', 93, 22, 198),
('2010-05-16 19:13:27', '2010-05-16 19:14:09', 94, 22, 202),
('2010-05-16 19:13:27', '2010-05-16 19:14:09', 95, 22, 203),
('2010-05-16 19:13:27', '2010-05-16 19:14:09', 96, 22, 205),
('2010-05-16 19:13:27', '2010-05-16 19:14:09', 97, 22, 211),
('2010-05-16 19:13:27', '2010-05-16 19:14:09', 98, 22, 212),
('2010-05-16 19:13:27', '2010-05-16 19:14:09', 99, 22, 213),
('2010-05-16 19:13:27', '2010-05-16 19:14:09', 100, 22, 214),
('2010-05-16 19:13:27', '2010-05-16 19:14:09', 101, 22, 215),
('2010-05-16 19:13:27', '2010-05-16 19:14:09', 102, 22, 216),
('2010-05-16 19:13:27', '2010-05-16 19:14:09', 103, 22, 219),
('2010-05-16 19:13:27', '2010-05-16 19:14:09', 104, 22, 220),
('2010-05-16 19:13:27', '2010-05-16 19:14:09', 105, 22, 221),
('2010-05-16 19:13:27', '2010-05-16 19:14:09', 106, 22, 223),
('2010-05-16 19:13:27', '2010-05-16 19:14:09', 107, 22, 228),
('2010-05-16 19:13:27', '2010-05-16 19:14:09', 108, 22, 229),
('2010-05-16 19:13:27', '2010-05-16 19:14:09', 109, 22, 253),
('2010-05-16 19:13:27', '2010-05-16 19:14:09', 110, 22, 254),
('2010-05-20 11:37:13', '2010-05-20 11:37:57', 111, 23, 13),
('2010-05-20 11:37:13', '2010-05-20 11:37:57', 112, 23, 16),
('2010-05-20 11:37:13', '2010-05-20 11:37:57', 113, 23, 34),
('2010-05-20 11:37:13', '2010-05-20 11:37:57', 114, 23, 195),
('2010-05-20 11:37:13', '2010-05-20 11:37:57', 115, 23, 198),
('2010-05-20 11:37:13', '2010-05-20 11:37:57', 116, 23, 202),
('2010-05-20 11:37:13', '2010-05-20 11:37:57', 117, 23, 203),
('2010-05-20 11:37:13', '2010-05-20 11:37:57', 118, 23, 205),
('2010-05-20 11:37:13', '2010-05-20 11:37:57', 119, 23, 211),
('2010-05-20 11:37:13', '2010-05-20 11:37:57', 120, 23, 212),
('2010-05-20 11:37:13', '2010-05-20 11:37:57', 121, 23, 213),
('2010-05-20 11:37:13', '2010-05-20 11:37:57', 122, 23, 214),
('2010-05-20 11:37:13', '2010-05-20 11:37:57', 123, 23, 215),
('2010-05-20 11:37:13', '2010-05-20 11:37:57', 124, 23, 216),
('2010-05-20 11:37:13', '2010-05-20 11:37:57', 125, 23, 219),
('2010-05-20 11:37:13', '2010-05-20 11:37:57', 126, 23, 220),
('2010-05-20 11:37:13', '2010-05-20 11:37:57', 127, 23, 221),
('2010-05-20 11:37:13', '2010-05-20 11:37:57', 128, 23, 223),
('2010-05-20 11:37:13', '2010-05-20 11:37:57', 129, 23, 228),
('2010-05-20 11:37:13', '2010-05-20 11:37:57', 130, 23, 229),
('2010-05-20 11:37:13', '2010-05-20 11:37:57', 131, 23, 253),
('2010-05-20 11:37:13', '2010-05-20 11:37:57', 132, 23, 254),
('2010-05-20 11:39:00', '2010-05-20 11:39:45', 133, 24, 13),
('2010-05-20 11:39:00', '2010-05-20 11:39:45', 134, 24, 16),
('2010-05-20 11:39:00', '2010-05-20 11:39:45', 135, 24, 34),
('2010-05-20 11:39:00', '2010-05-20 11:39:45', 136, 24, 195),
('2010-05-20 11:39:00', '2010-05-20 11:39:45', 137, 24, 198),
('2010-05-20 11:39:00', '2010-05-20 11:39:45', 138, 24, 202),
('2010-05-20 11:39:00', '2010-05-20 11:39:45', 139, 24, 203),
('2010-05-20 11:39:00', '2010-05-20 11:39:45', 140, 24, 205),
('2010-05-20 11:39:00', '2010-05-20 11:39:45', 141, 24, 211),
('2010-05-20 11:39:00', '2010-05-20 11:39:45', 142, 24, 212),
('2010-05-20 11:39:00', '2010-05-20 11:39:45', 143, 24, 213),
('2010-05-20 11:39:00', '2010-05-20 11:39:45', 144, 24, 214),
('2010-05-20 11:39:00', '2010-05-20 11:39:45', 145, 24, 215),
('2010-05-20 11:39:00', '2010-05-20 11:39:45', 146, 24, 216),
('2010-05-20 11:39:00', '2010-05-20 11:39:45', 147, 24, 219),
('2010-05-20 11:39:00', '2010-05-20 11:39:45', 148, 24, 220),
('2010-05-20 11:39:00', '2010-05-20 11:39:45', 149, 24, 221),
('2010-05-20 11:39:00', '2010-05-20 11:39:45', 150, 24, 223),
('2010-05-20 11:39:00', '2010-05-20 11:39:45', 151, 24, 228),
('2010-05-20 11:39:00', '2010-05-20 11:39:45', 152, 24, 229),
('2010-05-20 11:39:00', '2010-05-20 11:39:45', 153, 24, 253),
('2010-05-20 11:39:00', '2010-05-20 11:39:45', 154, 24, 254),
('2010-07-15 20:37:46', '2010-07-15 20:37:51', 155, 25, 13),
('2010-07-15 20:37:46', '2010-07-15 20:37:51', 156, 25, 16),
('2010-07-15 20:37:46', '2010-07-15 20:37:51', 157, 25, 34),
('2010-07-15 20:37:46', '2010-07-15 20:37:51', 158, 25, 195),
('2010-07-15 20:37:46', '2010-07-15 20:37:51', 159, 25, 198),
('2010-07-15 20:37:46', '2010-07-15 20:37:51', 160, 25, 202),
('2010-07-15 20:37:46', '2010-07-15 20:37:51', 161, 25, 203),
('2010-07-15 20:37:46', '2010-07-15 20:37:51', 162, 25, 205),
('2010-07-15 20:37:46', '2010-07-15 20:37:51', 163, 25, 211),
('2010-07-15 20:37:46', '2010-07-15 20:37:51', 164, 25, 212),
('2010-07-15 20:37:46', '2010-07-15 20:37:51', 165, 25, 213),
('2010-07-15 20:37:46', '2010-07-15 20:37:51', 166, 25, 214),
('2010-07-15 20:37:46', '2010-07-15 20:37:51', 167, 25, 215),
('2010-07-15 20:37:46', '2010-07-15 20:37:51', 168, 25, 216),
('2010-07-15 20:37:46', '2010-07-15 20:37:51', 169, 25, 219),
('2010-07-15 20:37:46', '2010-07-15 20:37:51', 170, 25, 220),
('2010-07-15 20:37:46', '2010-07-15 20:37:51', 171, 25, 221),
('2010-07-15 20:37:46', '2010-07-15 20:37:51', 172, 25, 223),
('2010-07-15 20:37:46', '2010-07-15 20:37:51', 173, 25, 228),
('2010-07-15 20:37:46', '2010-07-15 20:37:51', 174, 25, 229),
('2010-07-15 20:37:46', '2010-07-15 20:37:51', 175, 25, 253),
('2010-07-15 20:37:46', '2010-07-15 20:37:51', 176, 25, 254),
('2010-07-15 20:37:46', '2010-07-15 20:37:51', 177, 25, 266),
('2010-07-15 20:38:37', '2010-07-15 20:38:43', 178, 26, 13),
('2010-07-15 20:38:37', '2010-07-15 20:38:43', 179, 26, 16),
('2010-07-15 20:38:37', '2010-07-15 20:38:43', 180, 26, 34),
('2010-07-15 20:38:37', '2010-07-15 20:38:43', 181, 26, 195),
('2010-07-15 20:38:37', '2010-07-15 20:38:43', 182, 26, 198),
('2010-07-15 20:38:37', '2010-07-15 20:38:43', 183, 26, 202),
('2010-07-15 20:38:37', '2010-07-15 20:38:43', 184, 26, 203),
('2010-07-15 20:38:37', '2010-07-15 20:38:43', 185, 26, 205),
('2010-07-15 20:38:37', '2010-07-15 20:38:43', 186, 26, 211),
('2010-07-15 20:38:37', '2010-07-15 20:38:43', 187, 26, 212),
('2010-07-15 20:38:37', '2010-07-15 20:38:43', 188, 26, 213),
('2010-07-15 20:38:37', '2010-07-15 20:38:43', 189, 26, 214),
('2010-07-15 20:38:37', '2010-07-15 20:38:43', 190, 26, 215),
('2010-07-15 20:38:37', '2010-07-15 20:38:43', 191, 26, 216),
('2010-07-15 20:38:37', '2010-07-15 20:38:43', 192, 26, 219),
('2010-07-15 20:38:37', '2010-07-15 20:38:43', 193, 26, 220),
('2010-07-15 20:38:37', '2010-07-15 20:38:43', 194, 26, 221),
('2010-07-15 20:38:37', '2010-07-15 20:38:43', 195, 26, 223),
('2010-07-15 20:38:37', '2010-07-15 20:38:43', 196, 26, 228),
('2010-07-15 20:38:37', '2010-07-15 20:38:43', 197, 26, 229),
('2010-07-15 20:38:37', '2010-07-15 20:38:43', 198, 26, 253),
('2010-07-15 20:38:37', '2010-07-15 20:38:43', 199, 26, 254),
('2010-07-15 20:38:37', '2010-07-15 20:38:43', 200, 26, 266),
('2010-07-15 20:39:24', '2010-07-15 20:39:29', 201, 27, 13),
('2010-07-15 20:39:24', '2010-07-15 20:39:29', 202, 27, 16),
('2010-07-15 20:39:24', '2010-07-15 20:39:29', 203, 27, 34),
('2010-07-15 20:39:24', '2010-07-15 20:39:29', 204, 27, 195),
('2010-07-15 20:39:24', '2010-07-15 20:39:29', 205, 27, 198),
('2010-07-15 20:39:24', '2010-07-15 20:39:29', 206, 27, 202),
('2010-07-15 20:39:24', '2010-07-15 20:39:29', 207, 27, 203),
('2010-07-15 20:39:24', '2010-07-15 20:39:29', 208, 27, 205),
('2010-07-15 20:39:24', '2010-07-15 20:39:29', 209, 27, 211),
('2010-07-15 20:39:24', '2010-07-15 20:39:29', 210, 27, 212),
('2010-07-15 20:39:24', '2010-07-15 20:39:29', 211, 27, 213),
('2010-07-15 20:39:24', '2010-07-15 20:39:29', 212, 27, 214),
('2010-07-15 20:39:24', '2010-07-15 20:39:29', 213, 27, 215),
('2010-07-15 20:39:24', '2010-07-15 20:39:29', 214, 27, 216),
('2010-07-15 20:39:24', '2010-07-15 20:39:29', 215, 27, 219),
('2010-07-15 20:39:24', '2010-07-15 20:39:29', 216, 27, 220),
('2010-07-15 20:39:24', '2010-07-15 20:39:29', 217, 27, 221),
('2010-07-15 20:39:24', '2010-07-15 20:39:29', 218, 27, 223),
('2010-07-15 20:39:24', '2010-07-15 20:39:29', 219, 27, 228),
('2010-07-15 20:39:24', '2010-07-15 20:39:29', 220, 27, 229),
('2010-07-15 20:39:24', '2010-07-15 20:39:29', 221, 27, 253),
('2010-07-15 20:39:24', '2010-07-15 20:39:29', 222, 27, 254),
('2010-07-15 20:39:24', '2010-07-15 20:39:29', 223, 27, 266),
('2010-09-06 17:17:05', '2010-09-06 17:17:05', 224, 28, 13),
('2010-09-06 17:17:05', '2010-09-06 17:17:05', 225, 28, 16),
('2010-09-06 17:17:05', '2010-09-06 17:17:05', 226, 28, 34),
('2010-09-06 17:17:05', '2010-09-06 17:17:05', 227, 28, 195),
('2010-09-06 17:17:05', '2010-09-06 17:17:05', 228, 28, 198),
('2010-09-06 17:17:05', '2010-09-06 17:17:05', 229, 28, 202),
('2010-09-06 17:17:05', '2010-09-06 17:17:05', 230, 28, 203),
('2010-09-06 17:17:05', '2010-09-06 17:17:05', 231, 28, 205),
('2010-09-06 17:17:05', '2010-09-06 17:17:05', 232, 28, 211),
('2010-09-06 17:17:05', '2010-09-06 17:17:05', 233, 28, 212),
('2010-09-06 17:17:05', '2010-09-06 17:17:05', 234, 28, 213),
('2010-09-06 17:17:05', '2010-09-06 17:17:05', 235, 28, 214),
('2010-09-06 17:17:05', '2010-09-06 17:17:05', 236, 28, 215),
('2010-09-06 17:17:05', '2010-09-06 17:17:05', 237, 28, 216),
('2010-09-06 17:17:05', '2010-09-06 17:17:05', 238, 28, 219),
('2010-09-06 17:17:05', '2010-09-06 17:17:05', 239, 28, 220),
('2010-09-06 17:17:05', '2010-09-06 17:17:05', 240, 28, 221),
('2010-09-06 17:17:05', '2010-09-06 17:17:05', 241, 28, 223),
('2010-09-06 17:17:05', '2010-09-06 17:17:05', 242, 28, 228),
('2010-09-06 17:17:05', '2010-09-06 17:17:05', 243, 28, 229),
('2010-09-06 17:17:05', '2010-09-06 17:17:05', 244, 28, 253),
('2010-09-06 17:17:05', '2010-09-06 17:17:05', 245, 28, 254),
('2010-09-06 17:17:05', '2010-09-06 17:17:05', 246, 28, 266),
('2010-09-06 17:17:05', '2010-09-06 17:17:05', 247, 28, 270),
('2010-09-06 17:17:05', '2010-09-06 17:17:05', 248, 28, 271),
('2010-09-06 17:20:11', '2010-09-06 17:20:11', 249, 29, 13),
('2010-09-06 17:20:11', '2010-09-06 17:20:11', 250, 29, 16),
('2010-09-06 17:20:11', '2010-09-06 17:20:11', 251, 29, 34),
('2010-09-06 17:20:11', '2010-09-06 17:20:11', 252, 29, 195),
('2010-09-06 17:20:11', '2010-09-06 17:20:11', 253, 29, 198),
('2010-09-06 17:20:11', '2010-09-06 17:20:11', 254, 29, 202),
('2010-09-06 17:20:11', '2010-09-06 17:20:11', 255, 29, 203),
('2010-09-06 17:20:11', '2010-09-06 17:20:11', 256, 29, 205),
('2010-09-06 17:20:11', '2010-09-06 17:20:11', 257, 29, 211),
('2010-09-06 17:20:11', '2010-09-06 17:20:11', 258, 29, 212),
('2010-09-06 17:20:11', '2010-09-06 17:20:11', 259, 29, 213),
('2010-09-06 17:20:11', '2010-09-06 17:20:11', 260, 29, 214),
('2010-09-06 17:20:11', '2010-09-06 17:20:11', 261, 29, 215),
('2010-09-06 17:20:11', '2010-09-06 17:20:11', 262, 29, 216),
('2010-09-06 17:20:11', '2010-09-06 17:20:11', 263, 29, 219),
('2010-09-06 17:20:11', '2010-09-06 17:20:11', 264, 29, 220),
('2010-09-06 17:20:11', '2010-09-06 17:20:11', 265, 29, 221),
('2010-09-06 17:20:11', '2010-09-06 17:20:11', 266, 29, 223),
('2010-09-06 17:20:11', '2010-09-06 17:20:11', 267, 29, 228),
('2010-09-06 17:20:11', '2010-09-06 17:20:11', 268, 29, 229),
('2010-09-06 17:20:11', '2010-09-06 17:20:11', 269, 29, 253),
('2010-09-06 17:20:11', '2010-09-06 17:20:11', 270, 29, 254),
('2010-09-06 17:20:11', '2010-09-06 17:20:11', 271, 29, 266),
('2010-09-06 17:20:11', '2010-09-06 17:20:11', 272, 29, 270),
('2010-09-06 17:20:11', '2010-09-06 17:20:11', 273, 29, 271),
('2010-10-21 12:20:13', '2010-10-21 12:30:42', 274, 30, 13),
('2010-10-21 12:20:13', '2010-10-21 12:30:42', 275, 30, 16),
('2010-10-21 12:20:13', '2010-10-21 12:30:42', 276, 30, 34),
('2010-10-21 12:20:13', '2010-10-21 12:30:42', 277, 30, 195),
('2010-10-21 12:20:13', '2010-10-21 12:30:42', 278, 30, 198),
('2010-10-21 12:20:13', '2010-10-21 12:30:42', 279, 30, 202),
('2010-10-21 12:20:13', '2010-10-21 12:30:42', 280, 30, 203),
('2010-10-21 12:20:13', '2010-10-21 12:30:42', 281, 30, 205),
('2010-10-21 12:20:13', '2010-10-21 12:30:42', 282, 30, 211),
('2010-10-21 12:20:13', '2010-10-21 12:30:42', 283, 30, 212),
('2010-10-21 12:20:13', '2010-10-21 12:30:42', 284, 30, 213),
('2010-10-21 12:20:13', '2010-10-21 12:30:42', 285, 30, 214),
('2010-10-21 12:20:13', '2010-10-21 12:30:42', 286, 30, 215),
('2010-10-21 12:20:13', '2010-10-21 12:30:42', 287, 30, 216),
('2010-10-21 12:20:13', '2010-10-21 12:30:42', 288, 30, 219),
('2010-10-21 12:20:13', '2010-10-21 12:30:42', 289, 30, 220),
('2010-10-21 12:20:13', '2010-10-21 12:30:42', 290, 30, 221),
('2010-10-21 12:20:13', '2010-10-21 12:30:42', 291, 30, 223),
('2010-10-21 12:20:13', '2010-10-21 12:30:42', 292, 30, 228),
('2010-10-21 12:20:13', '2010-10-21 12:30:42', 293, 30, 229),
('2010-10-21 12:20:13', '2010-10-21 12:30:42', 294, 30, 253),
('2010-10-21 12:20:13', '2010-10-21 12:30:42', 295, 30, 254),
('2010-10-21 12:20:13', '2010-10-21 12:30:42', 296, 30, 266),
('2010-10-21 12:20:13', '2010-10-21 12:30:42', 297, 30, 270),
('2010-10-21 12:20:13', '2010-10-21 12:30:42', 298, 30, 271),
('2010-10-21 12:20:13', '2010-10-21 12:30:42', 299, 30, 275),
('2010-11-21 16:17:01', '2010-11-21 16:23:21', 300, 31, 13),
('2010-11-21 16:17:01', '2010-11-21 16:23:21', 301, 31, 16),
('2010-11-21 16:17:01', '2010-11-21 16:23:21', 302, 31, 34),
('2010-11-21 16:17:01', '2010-11-21 16:23:21', 303, 31, 195),
('2010-11-21 16:17:01', '2010-11-21 16:23:21', 304, 31, 198),
('2010-11-21 16:17:01', '2010-11-21 16:23:21', 305, 31, 202),
('2010-11-21 16:17:01', '2010-11-21 16:23:21', 306, 31, 203),
('2010-11-21 16:17:01', '2010-11-21 16:23:21', 307, 31, 205),
('2010-11-21 16:17:01', '2010-11-21 16:23:21', 308, 31, 211),
('2010-11-21 16:17:01', '2010-11-21 16:23:21', 309, 31, 212),
('2010-11-21 16:17:01', '2010-11-21 16:23:21', 310, 31, 213),
('2010-11-21 16:17:01', '2010-11-21 16:23:21', 311, 31, 214),
('2010-11-21 16:17:01', '2010-11-21 16:23:21', 312, 31, 215),
('2010-11-21 16:17:01', '2010-11-21 16:23:21', 313, 31, 216),
('2010-11-21 16:17:01', '2010-11-21 16:23:21', 314, 31, 219),
('2010-11-21 16:17:01', '2010-11-21 16:23:21', 315, 31, 220),
('2010-11-21 16:17:01', '2010-11-21 16:23:21', 316, 31, 221),
('2010-11-21 16:17:01', '2010-11-21 16:23:21', 317, 31, 223),
('2010-11-21 16:17:01', '2010-11-21 16:23:21', 318, 31, 228),
('2010-11-21 16:17:01', '2010-11-21 16:23:21', 319, 31, 229),
('2010-11-21 16:17:01', '2010-11-21 16:23:21', 320, 31, 253),
('2010-11-21 16:17:01', '2010-11-21 16:23:21', 321, 31, 254),
('2010-11-21 16:17:01', '2010-11-21 16:23:21', 322, 31, 266),
('2010-11-21 16:17:01', '2010-11-21 16:23:21', 323, 31, 270),
('2010-11-21 16:17:01', '2010-11-21 16:23:21', 324, 31, 271),
('2010-11-21 16:17:01', '2010-11-21 16:23:21', 325, 31, 275),
('2010-11-21 16:17:01', '2010-11-21 16:23:21', 326, 31, 276),
('2010-11-21 16:17:01', '2010-11-21 16:23:21', 327, 31, 277),
('2010-11-21 16:17:01', '2010-11-21 16:23:21', 328, 31, 278),
('2010-11-21 16:17:01', '2010-11-21 16:23:21', 329, 31, 279),
('2010-11-21 16:17:01', '2010-11-21 16:23:21', 330, 31, 280),
('2010-11-21 16:17:01', '2010-11-21 16:23:21', 331, 31, 281),
('2010-11-21 16:17:01', '2010-11-21 16:23:21', 332, 31, 282),
('2010-11-21 16:17:01', '2010-11-21 16:23:21', 333, 31, 283),
('2010-11-21 16:17:01', '2010-11-21 16:23:21', 334, 31, 284),
('2010-11-21 16:17:01', '2010-11-21 16:23:21', 335, 31, 285),
('2010-11-21 16:17:01', '2010-11-21 16:23:21', 336, 31, 286),
('2010-11-21 16:19:38', '2010-11-21 16:25:58', 337, 32, 13),
('2010-11-21 16:19:38', '2010-11-21 16:25:58', 338, 32, 16),
('2010-11-21 16:19:38', '2010-11-21 16:25:58', 339, 32, 34),
('2010-11-21 16:19:38', '2010-11-21 16:25:58', 340, 32, 195),
('2010-11-21 16:19:38', '2010-11-21 16:25:58', 341, 32, 198),
('2010-11-21 16:19:38', '2010-11-21 16:25:58', 342, 32, 202),
('2010-11-21 16:19:38', '2010-11-21 16:25:58', 343, 32, 203),
('2010-11-21 16:19:38', '2010-11-21 16:25:58', 344, 32, 205),
('2010-11-21 16:19:38', '2010-11-21 16:25:58', 345, 32, 211),
('2010-11-21 16:19:38', '2010-11-21 16:25:58', 346, 32, 212),
('2010-11-21 16:19:38', '2010-11-21 16:25:58', 347, 32, 213),
('2010-11-21 16:19:38', '2010-11-21 16:25:58', 348, 32, 214),
('2010-11-21 16:19:38', '2010-11-21 16:25:58', 349, 32, 215),
('2010-11-21 16:19:38', '2010-11-21 16:25:58', 350, 32, 216),
('2010-11-21 16:19:38', '2010-11-21 16:25:58', 351, 32, 219),
('2010-11-21 16:19:38', '2010-11-21 16:25:58', 352, 32, 220),
('2010-11-21 16:19:38', '2010-11-21 16:25:58', 353, 32, 221),
('2010-11-21 16:19:38', '2010-11-21 16:25:58', 354, 32, 223),
('2010-11-21 16:19:38', '2010-11-21 16:25:58', 355, 32, 228),
('2010-11-21 16:19:38', '2010-11-21 16:25:58', 356, 32, 229),
('2010-11-21 16:19:38', '2010-11-21 16:25:58', 357, 32, 253),
('2010-11-21 16:19:38', '2010-11-21 16:25:58', 358, 32, 254),
('2010-11-21 16:19:38', '2010-11-21 16:25:58', 359, 32, 266),
('2010-11-21 16:19:38', '2010-11-21 16:25:58', 360, 32, 270),
('2010-11-21 16:19:38', '2010-11-21 16:25:58', 361, 32, 271),
('2010-11-21 16:19:38', '2010-11-21 16:25:58', 362, 32, 275),
('2010-11-21 16:19:38', '2010-11-21 16:25:58', 363, 32, 276),
('2010-11-21 16:19:38', '2010-11-21 16:25:58', 364, 32, 277),
('2010-11-21 16:19:38', '2010-11-21 16:25:58', 365, 32, 278),
('2010-11-21 16:19:38', '2010-11-21 16:25:58', 366, 32, 279),
('2010-11-21 16:19:38', '2010-11-21 16:25:58', 367, 32, 280),
('2010-11-21 16:19:38', '2010-11-21 16:25:58', 368, 32, 281),
('2010-11-21 16:19:38', '2010-11-21 16:25:58', 369, 32, 282),
('2010-11-21 16:19:38', '2010-11-21 16:25:58', 370, 32, 283),
('2010-11-21 16:19:38', '2010-11-21 16:25:58', 371, 32, 284),
('2010-11-21 16:19:38', '2010-11-21 16:25:58', 372, 32, 285),
('2010-11-21 16:19:38', '2010-11-21 16:25:58', 373, 32, 286);

-- --------------------------------------------------------

--
-- Table structure for table `notification`
--

CREATE TABLE IF NOT EXISTS `notification` (
  `modified` timestamp NOT NULL DEFAULT CURRENT_TIMESTAMP ON UPDATE CURRENT_TIMESTAMP,
  `created` timestamp NOT NULL DEFAULT '0000-00-00 00:00:00',
  `copy` varchar(255) DEFAULT NULL,
  `id` int(11) unsigned NOT NULL AUTO_INCREMENT,
  `related_id` int(11) unsigned DEFAULT NULL,
  `searchable_by_id` int(11) unsigned NOT NULL,
  `searchable_to_id` int(11) unsigned NOT NULL,
  `status` enum('active','deleted') NOT NULL DEFAULT 'active',
  `type` enum('member','message','news') NOT NULL,
  PRIMARY KEY (`id`),
  KEY `notification_searchable_to_fk` (`searchable_by_id`),
  KEY `notification_searchable_by_fk` (`searchable_to_id`)
) ENGINE=InnoDB  DEFAULT CHARSET=utf8 AUTO_INCREMENT=498 ;

--
-- Dumping data for table `notification`
--

INSERT INTO `notification` (`modified`, `created`, `copy`, `id`, `related_id`, `searchable_by_id`, `searchable_to_id`, `status`, `type`) VALUES
('2010-05-25 08:40:14', '2010-02-27 09:21:05', NULL, 1, 13, 1, 1, 'deleted', 'news'),
('2010-05-25 08:40:14', '2010-02-27 09:21:05', NULL, 2, 13, 1, 13, 'deleted', 'news'),
('2010-05-25 08:40:14', '2010-02-27 09:21:05', NULL, 3, 13, 1, 16, 'deleted', 'news'),
('2010-05-25 08:40:14', '2010-02-27 09:21:05', NULL, 4, 13, 1, 34, 'deleted', 'news'),
('2010-05-25 08:40:14', '2010-02-27 09:21:05', NULL, 5, 13, 1, 188, 'deleted', 'news'),
('2010-05-25 08:40:14', '2010-02-27 09:21:05', NULL, 6, 13, 1, 191, 'deleted', 'news'),
('2010-05-25 08:40:14', '2010-02-27 09:21:05', NULL, 7, 13, 1, 194, 'deleted', 'news'),
('2010-05-25 08:40:14', '2010-02-27 09:21:05', NULL, 8, 13, 1, 195, 'deleted', 'news'),
('2010-05-25 08:40:14', '2010-02-27 09:21:05', NULL, 9, 13, 1, 198, 'deleted', 'news'),
('2010-05-25 08:40:14', '2010-02-27 09:21:05', NULL, 10, 13, 1, 202, 'deleted', 'news'),
('2010-05-25 08:40:14', '2010-02-27 09:21:05', NULL, 11, 13, 1, 203, 'deleted', 'news'),
('2010-05-25 08:40:14', '2010-02-27 09:21:05', NULL, 12, 13, 1, 205, 'deleted', 'news'),
('2010-05-25 08:40:14', '2010-02-27 09:21:05', NULL, 13, 13, 1, 208, 'deleted', 'news'),
('2010-05-25 08:40:14', '2010-02-27 09:21:05', NULL, 14, 13, 1, 210, 'deleted', 'news'),
('2010-05-25 08:40:14', '2010-02-27 09:21:05', NULL, 15, 13, 1, 211, 'deleted', 'news'),
('2010-05-25 08:40:14', '2010-02-27 09:21:05', NULL, 16, 13, 1, 212, 'deleted', 'news'),
('2010-05-25 08:40:14', '2010-02-27 09:21:05', NULL, 17, 13, 1, 213, 'deleted', 'news'),
('2010-05-25 08:40:14', '2010-02-27 09:21:05', NULL, 18, 13, 1, 214, 'deleted', 'news'),
('2010-05-25 08:40:14', '2010-02-27 09:21:05', NULL, 19, 13, 1, 215, 'deleted', 'news'),
('2010-05-25 08:40:14', '2010-02-27 09:21:05', NULL, 20, 13, 1, 216, 'deleted', 'news'),
('2010-05-25 08:40:14', '2010-02-27 09:21:05', NULL, 21, 13, 1, 219, 'deleted', 'news'),
('2010-05-25 08:40:14', '2010-02-27 09:21:05', NULL, 22, 13, 1, 220, 'deleted', 'news'),
('2010-05-25 08:40:14', '2010-02-27 09:21:05', NULL, 23, 13, 1, 221, 'deleted', 'news'),
('2010-05-25 08:40:14', '2010-02-27 09:21:05', NULL, 24, 13, 1, 223, 'deleted', 'news'),
('2010-05-25 08:40:14', '2010-02-27 09:21:05', NULL, 25, 13, 1, 228, 'deleted', 'news'),
('2010-05-25 08:40:14', '2010-02-27 09:21:05', NULL, 26, 13, 1, 229, 'deleted', 'news'),
('2010-05-25 08:40:14', '2010-02-27 09:21:05', NULL, 27, 13, 1, 239, 'deleted', 'news'),
('2010-05-25 08:40:14', '2010-02-27 09:21:05', NULL, 28, 13, 1, 240, 'deleted', 'news'),
('2010-05-25 08:40:14', '2010-02-27 09:21:05', NULL, 29, 13, 1, 241, 'deleted', 'news'),
('2010-05-25 08:40:14', '2010-02-27 09:21:05', NULL, 30, 13, 1, 242, 'deleted', 'news'),
('2010-05-25 08:40:14', '2010-02-27 09:21:05', NULL, 31, 13, 1, 243, 'deleted', 'news'),
('2010-05-25 08:40:14', '2010-02-27 09:21:05', NULL, 32, 13, 1, 244, 'deleted', 'news'),
('2010-05-25 08:40:14', '2010-02-27 09:21:05', NULL, 33, 13, 1, 245, 'deleted', 'news'),
('2010-05-25 08:40:14', '2010-02-27 09:21:05', NULL, 34, 13, 1, 246, 'deleted', 'news'),
('2010-05-25 08:40:14', '2010-02-27 09:21:05', NULL, 35, 13, 1, 247, 'deleted', 'news'),
('2010-05-25 08:40:14', '2010-02-27 09:21:05', NULL, 36, 13, 1, 248, 'deleted', 'news'),
('2010-05-25 08:40:14', '2010-02-27 09:21:05', NULL, 37, 13, 1, 249, 'deleted', 'news'),
('2010-05-25 08:40:14', '2010-02-27 09:21:05', NULL, 38, 13, 1, 250, 'deleted', 'news'),
('2010-05-25 08:40:14', '2010-02-27 09:21:05', NULL, 39, 13, 1, 251, 'deleted', 'news'),
('2010-05-25 08:40:14', '2010-02-27 09:21:05', NULL, 40, 13, 1, 252, 'deleted', 'news'),
('2010-05-25 08:40:14', '2010-02-27 09:22:16', NULL, 41, 14, 1, 1, 'deleted', 'news'),
('2010-05-25 08:40:14', '2010-02-27 09:22:16', NULL, 42, 14, 1, 13, 'deleted', 'news'),
('2010-05-25 08:40:14', '2010-02-27 09:22:16', NULL, 43, 14, 1, 16, 'deleted', 'news'),
('2010-05-25 08:40:14', '2010-02-27 09:22:16', NULL, 44, 14, 1, 34, 'deleted', 'news'),
('2010-05-25 08:40:14', '2010-02-27 09:22:16', NULL, 45, 14, 1, 188, 'deleted', 'news'),
('2010-05-25 08:40:14', '2010-02-27 09:22:16', NULL, 46, 14, 1, 191, 'deleted', 'news'),
('2010-05-25 08:40:14', '2010-02-27 09:22:16', NULL, 47, 14, 1, 194, 'deleted', 'news'),
('2010-05-25 08:40:14', '2010-02-27 09:22:16', NULL, 48, 14, 1, 195, 'deleted', 'news'),
('2010-05-25 08:40:14', '2010-02-27 09:22:16', NULL, 49, 14, 1, 198, 'deleted', 'news'),
('2010-05-25 08:40:14', '2010-02-27 09:22:16', NULL, 50, 14, 1, 202, 'deleted', 'news'),
('2010-05-25 08:40:14', '2010-02-27 09:22:16', NULL, 51, 14, 1, 203, 'deleted', 'news'),
('2010-05-25 08:40:14', '2010-02-27 09:22:16', NULL, 52, 14, 1, 205, 'deleted', 'news'),
('2010-05-25 08:40:14', '2010-02-27 09:22:16', NULL, 53, 14, 1, 208, 'deleted', 'news'),
('2010-05-25 08:40:14', '2010-02-27 09:22:16', NULL, 54, 14, 1, 210, 'deleted', 'news'),
('2010-05-25 08:40:14', '2010-02-27 09:22:16', NULL, 55, 14, 1, 211, 'deleted', 'news'),
('2010-05-25 08:40:14', '2010-02-27 09:22:16', NULL, 56, 14, 1, 212, 'deleted', 'news'),
('2010-05-25 08:40:14', '2010-02-27 09:22:16', NULL, 57, 14, 1, 213, 'deleted', 'news'),
('2010-05-25 08:40:14', '2010-02-27 09:22:16', NULL, 58, 14, 1, 214, 'deleted', 'news'),
('2010-05-25 08:40:14', '2010-02-27 09:22:16', NULL, 59, 14, 1, 215, 'deleted', 'news'),
('2010-05-25 08:40:14', '2010-02-27 09:22:16', NULL, 60, 14, 1, 216, 'deleted', 'news'),
('2010-05-25 08:40:14', '2010-02-27 09:22:16', NULL, 61, 14, 1, 219, 'deleted', 'news'),
('2010-05-25 08:40:14', '2010-02-27 09:22:16', NULL, 62, 14, 1, 220, 'deleted', 'news'),
('2010-05-25 08:40:14', '2010-02-27 09:22:16', NULL, 63, 14, 1, 221, 'deleted', 'news'),
('2010-05-25 08:40:14', '2010-02-27 09:22:16', NULL, 64, 14, 1, 223, 'deleted', 'news'),
('2010-05-25 08:40:14', '2010-02-27 09:22:16', NULL, 65, 14, 1, 228, 'deleted', 'news'),
('2010-05-25 08:40:14', '2010-02-27 09:22:16', NULL, 66, 14, 1, 229, 'deleted', 'news'),
('2010-05-25 08:40:14', '2010-02-27 09:22:16', NULL, 67, 14, 1, 239, 'deleted', 'news'),
('2010-05-25 08:40:14', '2010-02-27 09:22:16', NULL, 68, 14, 1, 240, 'deleted', 'news'),
('2010-05-25 08:40:14', '2010-02-27 09:22:16', NULL, 69, 14, 1, 241, 'deleted', 'news'),
('2010-05-25 08:40:14', '2010-02-27 09:22:16', NULL, 70, 14, 1, 242, 'deleted', 'news'),
('2010-05-25 08:40:14', '2010-02-27 09:22:16', NULL, 71, 14, 1, 243, 'deleted', 'news'),
('2010-05-25 08:40:14', '2010-02-27 09:22:16', NULL, 72, 14, 1, 244, 'deleted', 'news'),
('2010-05-25 08:40:14', '2010-02-27 09:22:16', NULL, 73, 14, 1, 245, 'deleted', 'news'),
('2010-05-25 08:40:14', '2010-02-27 09:22:16', NULL, 74, 14, 1, 246, 'deleted', 'news'),
('2010-05-25 08:40:14', '2010-02-27 09:22:16', NULL, 75, 14, 1, 247, 'deleted', 'news'),
('2010-05-25 08:40:14', '2010-02-27 09:22:16', NULL, 76, 14, 1, 248, 'deleted', 'news'),
('2010-05-25 08:40:14', '2010-02-27 09:22:16', NULL, 77, 14, 1, 249, 'deleted', 'news'),
('2010-05-25 08:40:14', '2010-02-27 09:22:16', NULL, 78, 14, 1, 250, 'deleted', 'news'),
('2010-05-25 08:40:14', '2010-02-27 09:22:16', NULL, 79, 14, 1, 251, 'deleted', 'news'),
('2010-05-25 08:40:14', '2010-02-27 09:22:16', NULL, 80, 14, 1, 252, 'deleted', 'news'),
('2010-05-25 08:40:14', '2010-02-27 09:23:09', NULL, 81, 15, 1, 1, 'deleted', 'news'),
('2010-05-25 08:40:14', '2010-02-27 09:23:09', NULL, 82, 15, 1, 13, 'deleted', 'news'),
('2010-05-25 08:40:14', '2010-02-27 09:23:09', NULL, 83, 15, 1, 16, 'deleted', 'news'),
('2010-05-25 08:40:14', '2010-02-27 09:23:09', NULL, 84, 15, 1, 34, 'deleted', 'news'),
('2010-05-25 08:40:14', '2010-02-27 09:23:09', NULL, 85, 15, 1, 188, 'deleted', 'news'),
('2010-05-25 08:40:14', '2010-02-27 09:23:09', NULL, 86, 15, 1, 191, 'deleted', 'news'),
('2010-05-25 08:40:14', '2010-02-27 09:23:09', NULL, 87, 15, 1, 194, 'deleted', 'news'),
('2010-05-25 08:40:14', '2010-02-27 09:23:09', NULL, 88, 15, 1, 195, 'deleted', 'news'),
('2010-05-25 08:40:14', '2010-02-27 09:23:09', NULL, 89, 15, 1, 198, 'deleted', 'news'),
('2010-05-25 08:40:14', '2010-02-27 09:23:09', NULL, 90, 15, 1, 202, 'deleted', 'news'),
('2010-05-25 08:40:14', '2010-02-27 09:23:09', NULL, 91, 15, 1, 203, 'deleted', 'news'),
('2010-05-25 08:40:14', '2010-02-27 09:23:09', NULL, 92, 15, 1, 205, 'deleted', 'news'),
('2010-05-25 08:40:14', '2010-02-27 09:23:09', NULL, 93, 15, 1, 208, 'deleted', 'news'),
('2010-05-25 08:40:14', '2010-02-27 09:23:09', NULL, 94, 15, 1, 210, 'deleted', 'news'),
('2010-05-25 08:40:14', '2010-02-27 09:23:09', NULL, 95, 15, 1, 211, 'deleted', 'news'),
('2010-05-25 08:40:14', '2010-02-27 09:23:09', NULL, 96, 15, 1, 212, 'deleted', 'news'),
('2010-05-25 08:40:14', '2010-02-27 09:23:09', NULL, 97, 15, 1, 213, 'deleted', 'news'),
('2010-05-25 08:40:14', '2010-02-27 09:23:09', NULL, 98, 15, 1, 214, 'deleted', 'news'),
('2010-05-25 08:40:14', '2010-02-27 09:23:09', NULL, 99, 15, 1, 215, 'deleted', 'news'),
('2010-05-25 08:40:14', '2010-02-27 09:23:09', NULL, 100, 15, 1, 216, 'deleted', 'news'),
('2010-05-25 08:40:14', '2010-02-27 09:23:09', NULL, 101, 15, 1, 219, 'deleted', 'news'),
('2010-05-25 08:40:14', '2010-02-27 09:23:09', NULL, 102, 15, 1, 220, 'deleted', 'news'),
('2010-05-25 08:40:14', '2010-02-27 09:23:09', NULL, 103, 15, 1, 221, 'deleted', 'news'),
('2010-05-25 08:40:14', '2010-02-27 09:23:09', NULL, 104, 15, 1, 223, 'deleted', 'news'),
('2010-05-25 08:40:14', '2010-02-27 09:23:09', NULL, 105, 15, 1, 228, 'deleted', 'news'),
('2010-05-25 08:40:14', '2010-02-27 09:23:09', NULL, 106, 15, 1, 229, 'deleted', 'news'),
('2010-05-25 08:40:14', '2010-02-27 09:23:09', NULL, 107, 15, 1, 239, 'deleted', 'news'),
('2010-05-25 08:40:14', '2010-02-27 09:23:09', NULL, 108, 15, 1, 240, 'deleted', 'news'),
('2010-05-25 08:40:14', '2010-02-27 09:23:09', NULL, 109, 15, 1, 241, 'deleted', 'news'),
('2010-05-25 08:40:14', '2010-02-27 09:23:09', NULL, 110, 15, 1, 242, 'deleted', 'news'),
('2010-05-25 08:40:14', '2010-02-27 09:23:09', NULL, 111, 15, 1, 243, 'deleted', 'news'),
('2010-05-25 08:40:14', '2010-02-27 09:23:09', NULL, 112, 15, 1, 244, 'deleted', 'news'),
('2010-05-25 08:40:14', '2010-02-27 09:23:09', NULL, 113, 15, 1, 245, 'deleted', 'news'),
('2010-05-25 08:40:14', '2010-02-27 09:23:09', NULL, 114, 15, 1, 246, 'deleted', 'news'),
('2010-05-25 08:40:14', '2010-02-27 09:23:09', NULL, 115, 15, 1, 247, 'deleted', 'news'),
('2010-05-25 08:40:14', '2010-02-27 09:23:09', NULL, 116, 15, 1, 248, 'deleted', 'news'),
('2010-05-25 08:40:14', '2010-02-27 09:23:09', NULL, 117, 15, 1, 249, 'deleted', 'news'),
('2010-05-25 08:40:14', '2010-02-27 09:23:09', NULL, 118, 15, 1, 250, 'deleted', 'news'),
('2010-05-25 08:40:14', '2010-02-27 09:23:09', NULL, 119, 15, 1, 251, 'deleted', 'news'),
('2010-05-25 08:40:14', '2010-02-27 09:23:09', NULL, 120, 15, 1, 252, 'deleted', 'news'),
('2010-02-27 09:27:13', '2010-02-27 09:27:10', NULL, 121, 354, 13, 16, 'deleted', 'message'),
('2010-02-27 13:21:25', '2010-02-27 13:21:22', NULL, 122, 355, 212, 16, 'deleted', 'message'),
('2010-02-27 13:21:25', '2010-02-27 13:21:22', NULL, 123, 355, 212, 229, 'deleted', 'message'),
('2010-02-28 23:19:40', '2010-02-27 13:25:13', NULL, 124, 356, 16, 13, 'deleted', 'message'),
('2010-03-02 21:01:58', '2010-03-02 21:01:56', NULL, 125, 357, 13, 16, 'deleted', 'message'),
('2010-03-08 09:33:44', '2010-03-08 09:33:19', NULL, 126, 358, 239, 16, 'deleted', 'message'),
('2010-03-08 09:33:44', '2010-03-08 09:33:19', NULL, 127, 358, 239, 223, 'deleted', 'message'),
('2010-03-09 13:01:42', '2010-03-09 12:47:35', NULL, 128, 359, 1, 220, 'deleted', 'message'),
('2010-03-09 13:01:42', '2010-03-09 12:47:35', NULL, 129, 359, 1, 13, 'deleted', 'message'),
('2010-03-09 13:01:42', '2010-03-09 12:47:35', NULL, 130, 359, 1, 34, 'deleted', 'message'),
('2010-03-09 13:01:42', '2010-03-09 12:47:36', NULL, 131, 359, 1, 211, 'deleted', 'message'),
('2010-03-09 13:01:42', '2010-03-09 12:47:36', NULL, 132, 359, 1, 212, 'deleted', 'message'),
('2010-03-09 13:01:42', '2010-03-09 12:47:36', NULL, 133, 359, 1, 213, 'deleted', 'message'),
('2010-03-09 13:01:42', '2010-03-09 12:47:36', NULL, 134, 359, 1, 214, 'deleted', 'message'),
('2010-03-09 13:01:42', '2010-03-09 12:47:36', NULL, 135, 359, 1, 215, 'deleted', 'message'),
('2010-03-09 13:01:42', '2010-03-09 12:47:36', NULL, 136, 359, 1, 216, 'deleted', 'message'),
('2010-03-09 13:01:42', '2010-03-09 12:47:37', NULL, 137, 359, 1, 223, 'deleted', 'message'),
('2010-03-09 13:01:42', '2010-03-09 12:47:37', NULL, 138, 359, 1, 228, 'deleted', 'message'),
('2010-03-09 13:01:42', '2010-03-09 12:47:37', NULL, 139, 359, 1, 229, 'deleted', 'message'),
('2010-03-10 16:21:19', '2010-03-10 16:21:18', NULL, 140, 360, 223, 228, 'deleted', 'message'),
('2010-03-13 08:15:29', '2010-03-13 08:15:27', NULL, 141, 361, 16, 13, 'deleted', 'message'),
('2010-03-29 09:09:36', '2010-03-20 10:14:47', NULL, 142, 362, 1, 13, 'deleted', 'message'),
('2010-03-29 09:09:36', '2010-03-20 10:14:47', NULL, 143, 362, 1, 223, 'deleted', 'message'),
('2010-03-29 09:09:36', '2010-03-20 10:14:47', NULL, 144, 362, 1, 229, 'deleted', 'message'),
('2010-03-29 09:09:23', '2010-03-20 10:15:24', NULL, 145, 363, 1, 13, 'deleted', 'message'),
('2010-03-29 09:09:23', '2010-03-20 10:15:24', NULL, 146, 363, 1, 34, 'deleted', 'message'),
('2010-03-29 09:09:23', '2010-03-20 10:15:24', NULL, 147, 363, 1, 229, 'deleted', 'message'),
('2010-05-25 08:40:14', '2010-03-30 13:07:24', NULL, 148, 16, 1, 1, 'deleted', 'news'),
('2010-05-25 08:40:14', '2010-03-30 13:07:24', NULL, 149, 16, 1, 13, 'deleted', 'news'),
('2010-05-25 08:40:14', '2010-03-30 13:07:24', NULL, 150, 16, 1, 16, 'deleted', 'news'),
('2010-05-25 08:40:14', '2010-03-30 13:07:24', NULL, 151, 16, 1, 34, 'deleted', 'news'),
('2010-05-25 08:40:14', '2010-03-30 13:07:24', NULL, 152, 16, 1, 188, 'deleted', 'news'),
('2010-05-25 08:40:14', '2010-03-30 13:07:24', NULL, 153, 16, 1, 191, 'deleted', 'news'),
('2010-05-25 08:40:14', '2010-03-30 13:07:24', NULL, 154, 16, 1, 194, 'deleted', 'news'),
('2010-05-25 08:40:14', '2010-03-30 13:07:24', NULL, 155, 16, 1, 195, 'deleted', 'news'),
('2010-05-25 08:40:14', '2010-03-30 13:07:24', NULL, 156, 16, 1, 198, 'deleted', 'news'),
('2010-05-25 08:40:14', '2010-03-30 13:07:24', NULL, 157, 16, 1, 202, 'deleted', 'news'),
('2010-05-25 08:40:14', '2010-03-30 13:07:24', NULL, 158, 16, 1, 203, 'deleted', 'news'),
('2010-05-25 08:40:14', '2010-03-30 13:07:24', NULL, 159, 16, 1, 205, 'deleted', 'news'),
('2010-05-25 08:40:14', '2010-03-30 13:07:24', NULL, 160, 16, 1, 208, 'deleted', 'news'),
('2010-05-25 08:40:14', '2010-03-30 13:07:24', NULL, 161, 16, 1, 210, 'deleted', 'news'),
('2010-05-25 08:40:14', '2010-03-30 13:07:24', NULL, 162, 16, 1, 211, 'deleted', 'news'),
('2010-05-25 08:40:14', '2010-03-30 13:07:24', NULL, 163, 16, 1, 212, 'deleted', 'news'),
('2010-05-25 08:40:14', '2010-03-30 13:07:24', NULL, 164, 16, 1, 213, 'deleted', 'news'),
('2010-05-25 08:40:14', '2010-03-30 13:07:24', NULL, 165, 16, 1, 214, 'deleted', 'news'),
('2010-05-25 08:40:14', '2010-03-30 13:07:24', NULL, 166, 16, 1, 215, 'deleted', 'news'),
('2010-05-25 08:40:14', '2010-03-30 13:07:24', NULL, 167, 16, 1, 216, 'deleted', 'news'),
('2010-05-25 08:40:14', '2010-03-30 13:07:24', NULL, 168, 16, 1, 219, 'deleted', 'news'),
('2010-05-25 08:40:14', '2010-03-30 13:07:24', NULL, 169, 16, 1, 220, 'deleted', 'news'),
('2010-05-25 08:40:14', '2010-03-30 13:07:24', NULL, 170, 16, 1, 221, 'deleted', 'news'),
('2010-05-25 08:40:14', '2010-03-30 13:07:24', NULL, 171, 16, 1, 223, 'deleted', 'news'),
('2010-05-25 08:40:14', '2010-03-30 13:07:24', NULL, 172, 16, 1, 228, 'deleted', 'news'),
('2010-05-25 08:40:14', '2010-03-30 13:07:24', NULL, 173, 16, 1, 229, 'deleted', 'news'),
('2010-05-25 08:40:14', '2010-03-30 13:07:24', NULL, 174, 16, 1, 239, 'deleted', 'news'),
('2010-05-25 08:40:14', '2010-03-30 13:07:24', NULL, 175, 16, 1, 240, 'deleted', 'news'),
('2010-05-25 08:40:14', '2010-03-30 13:07:24', NULL, 176, 16, 1, 241, 'deleted', 'news'),
('2010-05-25 08:40:14', '2010-03-30 13:07:24', NULL, 177, 16, 1, 242, 'deleted', 'news'),
('2010-05-25 08:40:14', '2010-03-30 13:07:24', NULL, 178, 16, 1, 243, 'deleted', 'news'),
('2010-05-25 08:40:14', '2010-03-30 13:07:24', NULL, 179, 16, 1, 244, 'deleted', 'news'),
('2010-05-25 08:40:14', '2010-03-30 13:07:24', NULL, 180, 16, 1, 245, 'deleted', 'news'),
('2010-05-25 08:40:14', '2010-03-30 13:07:24', NULL, 181, 16, 1, 246, 'deleted', 'news'),
('2010-05-25 08:40:14', '2010-03-30 13:07:24', NULL, 182, 16, 1, 247, 'deleted', 'news'),
('2010-05-25 08:40:14', '2010-03-30 13:07:24', NULL, 183, 16, 1, 248, 'deleted', 'news'),
('2010-05-25 08:40:14', '2010-03-30 13:07:24', NULL, 184, 16, 1, 249, 'deleted', 'news'),
('2010-05-25 08:40:14', '2010-03-30 13:07:24', NULL, 185, 16, 1, 250, 'deleted', 'news'),
('2010-05-25 08:40:14', '2010-03-30 13:07:24', NULL, 186, 16, 1, 251, 'deleted', 'news'),
('2010-05-25 08:40:14', '2010-03-30 13:07:24', NULL, 187, 16, 1, 252, 'deleted', 'news'),
('2010-05-25 08:40:14', '2010-04-05 08:19:14', NULL, 188, 17, 1, 1, 'deleted', 'news'),
('2010-05-25 08:40:14', '2010-04-05 08:19:14', NULL, 189, 17, 1, 13, 'deleted', 'news'),
('2010-05-25 08:40:14', '2010-04-05 08:19:14', NULL, 190, 17, 1, 16, 'deleted', 'news'),
('2010-05-25 08:40:14', '2010-04-05 08:19:14', NULL, 191, 17, 1, 34, 'deleted', 'news'),
('2010-05-25 08:40:14', '2010-04-05 08:19:14', NULL, 192, 17, 1, 188, 'deleted', 'news'),
('2010-05-25 08:40:14', '2010-04-05 08:19:14', NULL, 193, 17, 1, 191, 'deleted', 'news'),
('2010-05-25 08:40:14', '2010-04-05 08:19:14', NULL, 194, 17, 1, 194, 'deleted', 'news'),
('2010-05-25 08:40:14', '2010-04-05 08:19:14', NULL, 195, 17, 1, 195, 'deleted', 'news'),
('2010-05-25 08:40:14', '2010-04-05 08:19:14', NULL, 196, 17, 1, 198, 'deleted', 'news'),
('2010-05-25 08:40:14', '2010-04-05 08:19:14', NULL, 197, 17, 1, 202, 'deleted', 'news'),
('2010-05-25 08:40:14', '2010-04-05 08:19:14', NULL, 198, 17, 1, 203, 'deleted', 'news'),
('2010-05-25 08:40:14', '2010-04-05 08:19:14', NULL, 199, 17, 1, 205, 'deleted', 'news'),
('2010-05-25 08:40:14', '2010-04-05 08:19:14', NULL, 200, 17, 1, 208, 'deleted', 'news'),
('2010-05-25 08:40:14', '2010-04-05 08:19:14', NULL, 201, 17, 1, 210, 'deleted', 'news'),
('2010-05-25 08:40:14', '2010-04-05 08:19:14', NULL, 202, 17, 1, 211, 'deleted', 'news'),
('2010-05-25 08:40:14', '2010-04-05 08:19:14', NULL, 203, 17, 1, 212, 'deleted', 'news'),
('2010-05-25 08:40:14', '2010-04-05 08:19:14', NULL, 204, 17, 1, 213, 'deleted', 'news'),
('2010-05-25 08:40:14', '2010-04-05 08:19:14', NULL, 205, 17, 1, 214, 'deleted', 'news'),
('2010-05-25 08:40:14', '2010-04-05 08:19:14', NULL, 206, 17, 1, 215, 'deleted', 'news'),
('2010-05-25 08:40:14', '2010-04-05 08:19:14', NULL, 207, 17, 1, 216, 'deleted', 'news'),
('2010-05-25 08:40:14', '2010-04-05 08:19:14', NULL, 208, 17, 1, 219, 'deleted', 'news'),
('2010-05-25 08:40:14', '2010-04-05 08:19:14', NULL, 209, 17, 1, 220, 'deleted', 'news'),
('2010-05-25 08:40:14', '2010-04-05 08:19:14', NULL, 210, 17, 1, 221, 'deleted', 'news'),
('2010-05-25 08:40:14', '2010-04-05 08:19:14', NULL, 211, 17, 1, 223, 'deleted', 'news'),
('2010-05-25 08:40:14', '2010-04-05 08:19:14', NULL, 212, 17, 1, 228, 'deleted', 'news'),
('2010-05-25 08:40:14', '2010-04-05 08:19:14', NULL, 213, 17, 1, 229, 'deleted', 'news'),
('2010-05-25 08:40:14', '2010-04-05 08:19:14', NULL, 214, 17, 1, 239, 'deleted', 'news'),
('2010-05-25 08:40:14', '2010-04-05 08:19:14', NULL, 215, 17, 1, 240, 'deleted', 'news'),
('2010-05-25 08:40:14', '2010-04-05 08:19:14', NULL, 216, 17, 1, 241, 'deleted', 'news'),
('2010-05-25 08:40:14', '2010-04-05 08:19:14', NULL, 217, 17, 1, 242, 'deleted', 'news'),
('2010-05-25 08:40:14', '2010-04-05 08:19:14', NULL, 218, 17, 1, 243, 'deleted', 'news'),
('2010-05-25 08:40:14', '2010-04-05 08:19:14', NULL, 219, 17, 1, 244, 'deleted', 'news'),
('2010-05-25 08:40:14', '2010-04-05 08:19:14', NULL, 220, 17, 1, 245, 'deleted', 'news'),
('2010-05-25 08:40:14', '2010-04-05 08:19:14', NULL, 221, 17, 1, 246, 'deleted', 'news'),
('2010-05-25 08:40:14', '2010-04-05 08:19:14', NULL, 222, 17, 1, 247, 'deleted', 'news'),
('2010-05-25 08:40:14', '2010-04-05 08:19:14', NULL, 223, 17, 1, 248, 'deleted', 'news'),
('2010-05-25 08:40:14', '2010-04-05 08:19:14', NULL, 224, 17, 1, 249, 'deleted', 'news'),
('2010-05-25 08:40:14', '2010-04-05 08:19:14', NULL, 225, 17, 1, 250, 'deleted', 'news'),
('2010-05-25 08:40:14', '2010-04-05 08:19:14', NULL, 226, 17, 1, 251, 'deleted', 'news'),
('2010-05-25 08:40:14', '2010-04-05 08:19:14', NULL, 227, 17, 1, 252, 'deleted', 'news'),
('2010-04-07 09:52:27', '2010-04-07 09:02:32', NULL, 228, 364, 1, 13, 'deleted', 'message'),
('2010-04-07 09:52:27', '2010-04-07 09:02:32', NULL, 229, 364, 1, 34, 'deleted', 'message'),
('2010-04-07 09:52:27', '2010-04-07 09:02:32', NULL, 230, 364, 1, 229, 'deleted', 'message'),
('2010-04-11 15:40:18', '2010-04-11 15:40:18', NULL, 231, NULL, 13, 254, 'active', 'member'),
('2010-04-11 15:52:05', '2010-04-11 15:52:13', NULL, 232, 365, 13, 254, 'deleted', 'message'),
('2010-04-11 15:54:47', '2010-04-11 15:54:54', NULL, 233, 366, 13, 254, 'deleted', 'message'),
('2010-05-11 18:29:25', '2010-05-11 18:29:25', NULL, 234, 254, 1, 1, 'active', 'news'),
('2010-08-24 10:24:56', '2010-05-11 18:29:25', NULL, 235, 254, 1, 13, 'deleted', 'news'),
('2010-08-23 11:10:42', '2010-05-11 18:29:25', NULL, 236, 254, 1, 16, 'deleted', 'news'),
('2010-05-11 18:29:25', '2010-05-11 18:29:25', NULL, 237, 254, 1, 34, 'active', 'news'),
('2010-05-11 18:29:25', '2010-05-11 18:29:25', NULL, 238, 254, 1, 195, 'active', 'news'),
('2010-05-11 18:29:25', '2010-05-11 18:29:25', NULL, 239, 254, 1, 198, 'active', 'news'),
('2010-05-11 18:29:25', '2010-05-11 18:29:25', NULL, 240, 254, 1, 202, 'active', 'news'),
('2010-05-11 18:29:25', '2010-05-11 18:29:25', NULL, 241, 254, 1, 203, 'active', 'news'),
('2010-05-11 18:29:25', '2010-05-11 18:29:25', NULL, 242, 254, 1, 205, 'active', 'news'),
('2010-05-11 18:29:25', '2010-05-11 18:29:25', NULL, 243, 254, 1, 211, 'active', 'news'),
('2010-05-25 08:39:51', '2010-05-11 18:29:25', NULL, 244, 254, 1, 212, 'active', 'news'),
('2010-05-11 18:29:25', '2010-05-11 18:29:25', NULL, 245, 254, 1, 213, 'active', 'news'),
('2010-05-11 18:29:25', '2010-05-11 18:29:25', NULL, 246, 254, 1, 214, 'active', 'news'),
('2010-05-11 18:29:25', '2010-05-11 18:29:25', NULL, 247, 254, 1, 215, 'active', 'news'),
('2010-05-11 18:29:25', '2010-05-11 18:29:25', NULL, 248, 254, 1, 216, 'active', 'news'),
('2010-05-11 18:29:25', '2010-05-11 18:29:25', NULL, 249, 254, 1, 219, 'active', 'news'),
('2010-05-11 18:29:25', '2010-05-11 18:29:25', NULL, 250, 254, 1, 220, 'active', 'news'),
('2010-05-11 18:29:25', '2010-05-11 18:29:25', NULL, 251, 254, 1, 221, 'active', 'news'),
('2010-05-11 18:29:25', '2010-05-11 18:29:25', NULL, 252, 254, 1, 223, 'active', 'news'),
('2010-05-11 18:29:25', '2010-05-11 18:29:25', NULL, 253, 254, 1, 228, 'active', 'news'),
('2010-05-11 18:29:25', '2010-05-11 18:29:25', NULL, 254, 254, 1, 229, 'active', 'news'),
('2010-05-11 18:29:25', '2010-05-11 18:29:25', NULL, 255, 254, 1, 253, 'active', 'news'),
('2010-05-11 18:29:25', '2010-05-11 18:29:25', NULL, 256, 254, 1, 254, 'active', 'news'),
('2010-05-16 16:38:52', '2010-05-16 16:38:52', NULL, 257, NULL, 16, 211, 'active', 'member'),
('2010-05-16 17:35:44', '2010-05-16 17:35:44', NULL, 258, NULL, 16, 34, 'active', 'member'),
('2010-05-16 17:35:44', '2010-05-16 17:35:44', NULL, 259, NULL, 16, 203, 'active', 'member'),
('2010-05-16 17:35:44', '2010-05-16 17:35:44', NULL, 260, NULL, 16, 211, 'active', 'member'),
('2010-08-24 10:24:58', '2010-05-16 17:35:54', NULL, 261, NULL, 16, 13, 'deleted', 'member'),
('2010-05-16 19:13:38', '2010-05-16 17:43:40', NULL, 262, NULL, 195, 16, 'deleted', 'member'),
('2010-05-16 17:50:40', '2010-05-16 17:50:40', NULL, 263, 254, 1, 1, 'active', 'news'),
('2010-08-24 10:25:00', '2010-05-16 17:50:40', NULL, 264, 254, 1, 13, 'deleted', 'news'),
('2010-08-23 11:10:40', '2010-05-16 17:50:40', NULL, 265, 254, 1, 16, 'deleted', 'news'),
('2010-05-16 17:50:40', '2010-05-16 17:50:40', NULL, 266, 254, 1, 34, 'active', 'news'),
('2010-05-16 17:50:40', '2010-05-16 17:50:40', NULL, 267, 254, 1, 195, 'active', 'news'),
('2010-05-16 17:50:40', '2010-05-16 17:50:40', NULL, 268, 254, 1, 198, 'active', 'news'),
('2010-05-16 17:50:40', '2010-05-16 17:50:40', NULL, 269, 254, 1, 202, 'active', 'news'),
('2010-05-16 17:50:40', '2010-05-16 17:50:40', NULL, 270, 254, 1, 203, 'active', 'news'),
('2010-05-16 17:50:40', '2010-05-16 17:50:40', NULL, 271, 254, 1, 205, 'active', 'news'),
('2010-05-16 17:50:40', '2010-05-16 17:50:40', NULL, 272, 254, 1, 211, 'active', 'news'),
('2010-05-25 08:39:51', '2010-05-16 17:50:40', NULL, 273, 254, 1, 212, 'active', 'news'),
('2010-05-16 17:50:40', '2010-05-16 17:50:40', NULL, 274, 254, 1, 213, 'active', 'news'),
('2010-05-16 17:50:40', '2010-05-16 17:50:40', NULL, 275, 254, 1, 214, 'active', 'news'),
('2010-05-16 17:50:40', '2010-05-16 17:50:40', NULL, 276, 254, 1, 215, 'active', 'news'),
('2010-05-16 17:50:40', '2010-05-16 17:50:40', NULL, 277, 254, 1, 216, 'active', 'news'),
('2010-05-16 17:50:40', '2010-05-16 17:50:40', NULL, 278, 254, 1, 219, 'active', 'news'),
('2010-05-16 17:50:40', '2010-05-16 17:50:40', NULL, 279, 254, 1, 220, 'active', 'news'),
('2010-05-16 17:50:40', '2010-05-16 17:50:40', NULL, 280, 254, 1, 221, 'active', 'news'),
('2010-05-16 17:50:40', '2010-05-16 17:50:40', NULL, 281, 254, 1, 223, 'active', 'news'),
('2010-05-16 17:50:40', '2010-05-16 17:50:40', NULL, 282, 254, 1, 228, 'active', 'news'),
('2010-05-16 17:50:40', '2010-05-16 17:50:40', NULL, 283, 254, 1, 229, 'active', 'news'),
('2010-05-16 17:50:40', '2010-05-16 17:50:40', NULL, 284, 254, 1, 253, 'active', 'news'),
('2010-05-16 17:50:40', '2010-05-16 17:50:40', NULL, 285, 254, 1, 254, 'active', 'news'),
('2010-05-20 11:39:45', '2010-05-20 11:39:45', NULL, 286, 254, 1, 1, 'active', 'news'),
('2010-08-24 10:25:01', '2010-05-20 11:39:45', NULL, 287, 254, 1, 13, 'deleted', 'news'),
('2010-08-23 11:10:38', '2010-05-20 11:39:45', NULL, 288, 254, 1, 16, 'deleted', 'news'),
('2010-05-20 11:39:45', '2010-05-20 11:39:45', NULL, 289, 254, 1, 34, 'active', 'news'),
('2010-05-20 11:39:45', '2010-05-20 11:39:45', NULL, 290, 254, 1, 195, 'active', 'news'),
('2010-05-20 11:39:45', '2010-05-20 11:39:45', NULL, 291, 254, 1, 198, 'active', 'news'),
('2010-05-20 11:39:45', '2010-05-20 11:39:45', NULL, 292, 254, 1, 202, 'active', 'news'),
('2010-05-20 11:39:45', '2010-05-20 11:39:45', NULL, 293, 254, 1, 203, 'active', 'news'),
('2010-05-20 11:39:45', '2010-05-20 11:39:45', NULL, 294, 254, 1, 205, 'active', 'news'),
('2010-05-20 11:39:45', '2010-05-20 11:39:45', NULL, 295, 254, 1, 211, 'active', 'news'),
('2010-05-20 11:39:45', '2010-05-20 11:39:45', NULL, 296, 254, 1, 212, 'active', 'news'),
('2010-05-20 11:39:45', '2010-05-20 11:39:45', NULL, 297, 254, 1, 213, 'active', 'news'),
('2010-05-20 11:39:45', '2010-05-20 11:39:45', NULL, 298, 254, 1, 214, 'active', 'news'),
('2010-05-20 11:39:45', '2010-05-20 11:39:45', NULL, 299, 254, 1, 215, 'active', 'news'),
('2010-05-20 11:39:45', '2010-05-20 11:39:45', NULL, 300, 254, 1, 216, 'active', 'news'),
('2010-05-20 11:39:45', '2010-05-20 11:39:45', NULL, 301, 254, 1, 219, 'active', 'news'),
('2010-05-20 11:39:45', '2010-05-20 11:39:45', NULL, 302, 254, 1, 220, 'active', 'news'),
('2010-05-20 11:39:45', '2010-05-20 11:39:45', NULL, 303, 254, 1, 221, 'active', 'news'),
('2010-05-20 11:39:45', '2010-05-20 11:39:45', NULL, 304, 254, 1, 223, 'active', 'news'),
('2010-05-20 11:39:45', '2010-05-20 11:39:45', NULL, 305, 254, 1, 228, 'active', 'news'),
('2010-05-20 11:39:45', '2010-05-20 11:39:45', NULL, 306, 254, 1, 229, 'active', 'news'),
('2010-05-20 11:39:45', '2010-05-20 11:39:45', NULL, 307, 254, 1, 253, 'active', 'news'),
('2010-05-20 11:39:45', '2010-05-20 11:39:45', NULL, 308, 254, 1, 254, 'active', 'news'),
('2010-07-15 17:49:12', '2010-07-15 17:49:12', NULL, 309, NULL, 16, 266, 'active', 'member'),
('2010-07-15 20:37:51', '2010-07-15 20:37:51', NULL, 310, 266, 1, 1, 'active', 'news'),
('2010-08-24 10:25:03', '2010-07-15 20:37:51', NULL, 311, 266, 1, 13, 'deleted', 'news'),
('2010-08-23 11:10:36', '2010-07-15 20:37:51', NULL, 312, 266, 1, 16, 'deleted', 'news'),
('2010-07-15 20:37:51', '2010-07-15 20:37:51', NULL, 313, 266, 1, 34, 'active', 'news'),
('2010-07-15 20:37:51', '2010-07-15 20:37:51', NULL, 314, 266, 1, 195, 'active', 'news'),
('2010-07-15 20:37:51', '2010-07-15 20:37:51', NULL, 315, 266, 1, 198, 'active', 'news'),
('2010-07-15 20:37:51', '2010-07-15 20:37:51', NULL, 316, 266, 1, 202, 'active', 'news'),
('2010-07-15 20:37:51', '2010-07-15 20:37:51', NULL, 317, 266, 1, 203, 'active', 'news'),
('2010-07-15 20:37:51', '2010-07-15 20:37:51', NULL, 318, 266, 1, 205, 'active', 'news'),
('2010-07-15 20:37:51', '2010-07-15 20:37:51', NULL, 319, 266, 1, 211, 'active', 'news'),
('2010-07-15 20:37:51', '2010-07-15 20:37:51', NULL, 320, 266, 1, 212, 'active', 'news'),
('2010-07-15 20:37:51', '2010-07-15 20:37:51', NULL, 321, 266, 1, 213, 'active', 'news'),
('2010-07-15 20:37:51', '2010-07-15 20:37:51', NULL, 322, 266, 1, 214, 'active', 'news'),
('2010-07-15 20:37:51', '2010-07-15 20:37:51', NULL, 323, 266, 1, 215, 'active', 'news'),
('2010-07-15 20:37:51', '2010-07-15 20:37:51', NULL, 324, 266, 1, 216, 'active', 'news'),
('2010-07-15 20:37:51', '2010-07-15 20:37:51', NULL, 325, 266, 1, 219, 'active', 'news'),
('2010-07-15 20:37:51', '2010-07-15 20:37:51', NULL, 326, 266, 1, 220, 'active', 'news'),
('2010-07-15 20:37:51', '2010-07-15 20:37:51', NULL, 327, 266, 1, 221, 'active', 'news'),
('2010-07-15 20:37:51', '2010-07-15 20:37:51', NULL, 328, 266, 1, 223, 'active', 'news'),
('2010-07-15 20:37:51', '2010-07-15 20:37:51', NULL, 329, 266, 1, 228, 'active', 'news'),
('2010-07-15 20:37:51', '2010-07-15 20:37:51', NULL, 330, 266, 1, 229, 'active', 'news'),
('2010-07-15 20:37:51', '2010-07-15 20:37:51', NULL, 331, 266, 1, 253, 'active', 'news'),
('2010-07-15 20:37:51', '2010-07-15 20:37:51', NULL, 332, 266, 1, 254, 'active', 'news'),
('2010-07-15 20:37:51', '2010-07-15 20:37:51', NULL, 333, 266, 1, 266, 'active', 'news'),
('2010-07-15 20:39:29', '2010-07-15 20:39:29', NULL, 334, 266, 1, 1, 'active', 'news'),
('2010-08-24 10:25:06', '2010-07-15 20:39:29', NULL, 335, 266, 1, 13, 'deleted', 'news'),
('2010-09-03 16:03:04', '2010-07-15 20:39:29', NULL, 336, 266, 1, 16, 'deleted', 'news'),
('2010-07-15 20:39:29', '2010-07-15 20:39:29', NULL, 337, 266, 1, 34, 'active', 'news'),
('2010-07-15 20:39:29', '2010-07-15 20:39:29', NULL, 338, 266, 1, 195, 'active', 'news'),
('2010-07-15 20:39:29', '2010-07-15 20:39:29', NULL, 339, 266, 1, 198, 'active', 'news'),
('2010-07-15 20:39:29', '2010-07-15 20:39:29', NULL, 340, 266, 1, 202, 'active', 'news'),
('2010-07-15 20:39:29', '2010-07-15 20:39:29', NULL, 341, 266, 1, 203, 'active', 'news'),
('2010-07-15 20:39:29', '2010-07-15 20:39:29', NULL, 342, 266, 1, 205, 'active', 'news'),
('2010-07-15 20:39:29', '2010-07-15 20:39:29', NULL, 343, 266, 1, 211, 'active', 'news'),
('2010-07-15 20:39:29', '2010-07-15 20:39:29', NULL, 344, 266, 1, 212, 'active', 'news'),
('2010-07-15 20:39:29', '2010-07-15 20:39:29', NULL, 345, 266, 1, 213, 'active', 'news'),
('2010-07-15 20:39:29', '2010-07-15 20:39:29', NULL, 346, 266, 1, 214, 'active', 'news'),
('2010-07-15 20:39:29', '2010-07-15 20:39:29', NULL, 347, 266, 1, 215, 'active', 'news'),
('2010-07-15 20:39:29', '2010-07-15 20:39:29', NULL, 348, 266, 1, 216, 'active', 'news'),
('2010-07-15 20:39:29', '2010-07-15 20:39:29', NULL, 349, 266, 1, 219, 'active', 'news'),
('2010-07-15 20:39:29', '2010-07-15 20:39:29', NULL, 350, 266, 1, 220, 'active', 'news'),
('2010-07-15 20:39:29', '2010-07-15 20:39:29', NULL, 351, 266, 1, 221, 'active', 'news'),
('2010-07-15 20:39:29', '2010-07-15 20:39:29', NULL, 352, 266, 1, 223, 'active', 'news'),
('2010-07-15 20:39:29', '2010-07-15 20:39:29', NULL, 353, 266, 1, 228, 'active', 'news'),
('2010-07-15 20:39:29', '2010-07-15 20:39:29', NULL, 354, 266, 1, 229, 'active', 'news'),
('2010-07-15 20:39:29', '2010-07-15 20:39:29', NULL, 355, 266, 1, 253, 'active', 'news'),
('2010-07-15 20:39:29', '2010-07-15 20:39:29', NULL, 356, 266, 1, 254, 'active', 'news'),
('2010-07-15 20:39:29', '2010-07-15 20:39:29', NULL, 357, 266, 1, 266, 'active', 'news'),
('2010-07-19 12:10:18', '2010-07-19 12:10:18', NULL, 358, NULL, 16, 198, 'active', 'member'),
('2010-07-19 12:10:18', '2010-07-19 12:10:18', NULL, 359, NULL, 16, 202, 'active', 'member'),
('2010-07-19 12:10:18', '2010-07-19 12:10:18', NULL, 360, NULL, 16, 212, 'active', 'member'),
('2010-07-19 12:10:18', '2010-07-19 12:10:18', NULL, 361, NULL, 16, 213, 'active', 'member'),
('2010-07-19 12:10:18', '2010-07-19 12:10:18', NULL, 362, NULL, 16, 214, 'active', 'member'),
('2010-07-19 12:10:18', '2010-07-19 12:10:18', NULL, 363, NULL, 16, 215, 'active', 'member'),
('2010-07-19 12:10:18', '2010-07-19 12:10:18', NULL, 364, NULL, 16, 216, 'active', 'member'),
('2010-07-19 12:10:18', '2010-07-19 12:10:18', NULL, 365, NULL, 16, 223, 'active', 'member'),
('2010-07-19 12:10:18', '2010-07-19 12:10:18', NULL, 366, NULL, 16, 229, 'active', 'member'),
('2010-08-10 23:43:53', '2010-08-10 18:41:04', NULL, 367, 367, 16, 13, 'deleted', 'message'),
('2010-08-21 08:25:03', '2010-08-10 23:48:08', NULL, 368, 368, 13, 16, 'deleted', 'message'),
('2010-08-23 11:38:35', '2010-08-23 11:38:35', NULL, 369, 369, 16, 34, 'active', 'message'),
('2010-08-26 15:45:00', '2010-08-24 10:24:13', NULL, 370, 370, 13, 16, 'deleted', 'message'),
('2010-09-26 23:56:43', '2010-09-06 17:17:05', NULL, 371, 28, 1, 1, 'deleted', 'news'),
('2010-09-26 23:56:43', '2010-09-06 17:17:05', NULL, 372, 28, 1, 13, 'deleted', 'news'),
('2010-09-26 23:56:43', '2010-09-06 17:17:05', NULL, 373, 28, 1, 16, 'deleted', 'news'),
('2010-09-26 23:56:43', '2010-09-06 17:17:05', NULL, 374, 28, 1, 34, 'deleted', 'news'),
('2010-09-26 23:56:43', '2010-09-06 17:17:05', NULL, 375, 28, 1, 195, 'deleted', 'news'),
('2010-09-26 23:56:43', '2010-09-06 17:17:05', NULL, 376, 28, 1, 198, 'deleted', 'news'),
('2010-09-26 23:56:43', '2010-09-06 17:17:05', NULL, 377, 28, 1, 202, 'deleted', 'news'),
('2010-09-26 23:56:43', '2010-09-06 17:17:05', NULL, 378, 28, 1, 203, 'deleted', 'news'),
('2010-09-26 23:56:43', '2010-09-06 17:17:05', NULL, 379, 28, 1, 205, 'deleted', 'news'),
('2010-09-26 23:56:43', '2010-09-06 17:17:05', NULL, 380, 28, 1, 211, 'deleted', 'news'),
('2010-09-26 23:56:43', '2010-09-06 17:17:05', NULL, 381, 28, 1, 212, 'deleted', 'news'),
('2010-09-26 23:56:43', '2010-09-06 17:17:05', NULL, 382, 28, 1, 213, 'deleted', 'news'),
('2010-09-26 23:56:43', '2010-09-06 17:17:05', NULL, 383, 28, 1, 214, 'deleted', 'news'),
('2010-09-26 23:56:43', '2010-09-06 17:17:05', NULL, 384, 28, 1, 215, 'deleted', 'news'),
('2010-09-26 23:56:43', '2010-09-06 17:17:05', NULL, 385, 28, 1, 216, 'deleted', 'news'),
('2010-09-26 23:56:43', '2010-09-06 17:17:05', NULL, 386, 28, 1, 219, 'deleted', 'news'),
('2010-09-26 23:56:43', '2010-09-06 17:17:05', NULL, 387, 28, 1, 220, 'deleted', 'news'),
('2010-09-26 23:56:43', '2010-09-06 17:17:05', NULL, 388, 28, 1, 221, 'deleted', 'news'),
('2010-09-26 23:56:43', '2010-09-06 17:17:05', NULL, 389, 28, 1, 223, 'deleted', 'news'),
('2010-09-26 23:56:43', '2010-09-06 17:17:05', NULL, 390, 28, 1, 228, 'deleted', 'news'),
('2010-09-26 23:56:43', '2010-09-06 17:17:05', NULL, 391, 28, 1, 229, 'deleted', 'news'),
('2010-09-26 23:56:43', '2010-09-06 17:17:05', NULL, 392, 28, 1, 253, 'deleted', 'news'),
('2010-09-26 23:56:43', '2010-09-06 17:17:05', NULL, 393, 28, 1, 254, 'deleted', 'news'),
('2010-09-26 23:56:43', '2010-09-06 17:17:05', NULL, 394, 28, 1, 266, 'deleted', 'news'),
('2010-09-26 23:56:43', '2010-09-06 17:17:05', NULL, 395, 28, 1, 270, 'deleted', 'news'),
('2010-09-26 23:56:43', '2010-09-06 17:17:05', NULL, 396, 28, 1, 271, 'deleted', 'news'),
('2010-09-26 23:56:43', '2010-09-06 17:20:11', NULL, 397, 29, 1, 1, 'deleted', 'news'),
('2010-09-26 23:56:43', '2010-09-06 17:20:11', NULL, 398, 29, 1, 13, 'deleted', 'news'),
('2010-09-26 14:24:36', '2010-09-06 17:20:11', NULL, 399, 29, 1, 16, 'deleted', 'news'),
('2010-09-26 23:56:43', '2010-09-06 17:20:11', NULL, 400, 29, 1, 34, 'deleted', 'news'),
('2010-09-26 23:56:43', '2010-09-06 17:20:11', NULL, 401, 29, 1, 195, 'deleted', 'news'),
('2010-09-26 23:56:43', '2010-09-06 17:20:11', NULL, 402, 29, 1, 198, 'deleted', 'news'),
('2010-09-26 23:56:43', '2010-09-06 17:20:11', NULL, 403, 29, 1, 202, 'deleted', 'news'),
('2010-09-26 23:56:43', '2010-09-06 17:20:11', NULL, 404, 29, 1, 203, 'deleted', 'news'),
('2010-09-26 23:56:43', '2010-09-06 17:20:11', NULL, 405, 29, 1, 205, 'deleted', 'news'),
('2010-09-26 23:56:43', '2010-09-06 17:20:11', NULL, 406, 29, 1, 211, 'deleted', 'news'),
('2010-09-26 23:56:43', '2010-09-06 17:20:11', NULL, 407, 29, 1, 212, 'deleted', 'news'),
('2010-09-26 23:56:43', '2010-09-06 17:20:11', NULL, 408, 29, 1, 213, 'deleted', 'news'),
('2010-09-26 23:56:43', '2010-09-06 17:20:11', NULL, 409, 29, 1, 214, 'deleted', 'news'),
('2010-09-26 23:56:43', '2010-09-06 17:20:11', NULL, 410, 29, 1, 215, 'deleted', 'news'),
('2010-09-26 23:56:43', '2010-09-06 17:20:11', NULL, 411, 29, 1, 216, 'deleted', 'news'),
('2010-09-26 23:56:43', '2010-09-06 17:20:11', NULL, 412, 29, 1, 219, 'deleted', 'news'),
('2010-09-26 23:56:43', '2010-09-06 17:20:11', NULL, 413, 29, 1, 220, 'deleted', 'news'),
('2010-09-26 23:56:43', '2010-09-06 17:20:11', NULL, 414, 29, 1, 221, 'deleted', 'news'),
('2010-09-26 23:56:43', '2010-09-06 17:20:11', NULL, 415, 29, 1, 223, 'deleted', 'news'),
('2010-09-26 23:56:43', '2010-09-06 17:20:11', NULL, 416, 29, 1, 228, 'deleted', 'news'),
('2010-09-26 23:56:43', '2010-09-06 17:20:11', NULL, 417, 29, 1, 229, 'deleted', 'news'),
('2010-09-26 23:56:43', '2010-09-06 17:20:11', NULL, 418, 29, 1, 253, 'deleted', 'news'),
('2010-09-26 23:56:43', '2010-09-06 17:20:11', NULL, 419, 29, 1, 254, 'deleted', 'news'),
('2010-09-26 23:56:43', '2010-09-06 17:20:11', NULL, 420, 29, 1, 266, 'deleted', 'news'),
('2010-09-26 23:56:43', '2010-09-06 17:20:11', NULL, 421, 29, 1, 270, 'deleted', 'news'),
('2010-09-26 23:56:43', '2010-09-06 17:20:11', NULL, 422, 29, 1, 271, 'deleted', 'news'),
('2010-10-19 12:56:44', '2010-10-19 12:56:44', NULL, 423, NULL, 16, 275, 'active', 'member'),
('2010-10-21 12:30:42', '2010-10-21 12:30:42', NULL, 424, 275, 1, 1, 'active', 'news'),
('2010-10-31 12:12:36', '2010-10-21 12:30:42', NULL, 425, 275, 1, 13, 'deleted', 'news'),
('2010-11-08 12:44:17', '2010-10-21 12:30:42', NULL, 426, 275, 1, 16, 'deleted', 'news'),
('2010-10-21 12:30:42', '2010-10-21 12:30:42', NULL, 427, 275, 1, 34, 'active', 'news'),
('2010-10-21 12:30:42', '2010-10-21 12:30:42', NULL, 428, 275, 1, 195, 'active', 'news'),
('2010-10-21 12:30:42', '2010-10-21 12:30:42', NULL, 429, 275, 1, 198, 'active', 'news'),
('2010-10-21 12:30:42', '2010-10-21 12:30:42', NULL, 430, 275, 1, 202, 'active', 'news'),
('2010-10-21 12:30:42', '2010-10-21 12:30:42', NULL, 431, 275, 1, 203, 'active', 'news'),
('2010-10-21 12:30:42', '2010-10-21 12:30:42', NULL, 432, 275, 1, 205, 'active', 'news'),
('2010-10-21 12:30:42', '2010-10-21 12:30:42', NULL, 433, 275, 1, 211, 'active', 'news'),
('2010-10-21 12:30:42', '2010-10-21 12:30:42', NULL, 434, 275, 1, 212, 'active', 'news'),
('2010-10-21 12:30:42', '2010-10-21 12:30:42', NULL, 435, 275, 1, 213, 'active', 'news'),
('2010-10-21 12:30:42', '2010-10-21 12:30:42', NULL, 436, 275, 1, 214, 'active', 'news'),
('2010-10-21 12:30:42', '2010-10-21 12:30:42', NULL, 437, 275, 1, 215, 'active', 'news'),
('2010-10-21 12:30:42', '2010-10-21 12:30:42', NULL, 438, 275, 1, 216, 'active', 'news'),
('2010-10-21 12:30:42', '2010-10-21 12:30:42', NULL, 439, 275, 1, 219, 'active', 'news'),
('2010-10-21 12:30:42', '2010-10-21 12:30:42', NULL, 440, 275, 1, 220, 'active', 'news'),
('2010-10-21 12:30:42', '2010-10-21 12:30:42', NULL, 441, 275, 1, 221, 'active', 'news'),
('2010-10-21 12:30:42', '2010-10-21 12:30:42', NULL, 442, 275, 1, 223, 'active', 'news'),
('2010-10-21 12:30:42', '2010-10-21 12:30:42', NULL, 443, 275, 1, 228, 'active', 'news'),
('2010-10-21 12:30:42', '2010-10-21 12:30:42', NULL, 444, 275, 1, 229, 'active', 'news'),
('2010-10-21 12:30:42', '2010-10-21 12:30:42', NULL, 445, 275, 1, 253, 'active', 'news'),
('2010-10-21 12:30:42', '2010-10-21 12:30:42', NULL, 446, 275, 1, 254, 'active', 'news'),
('2010-10-21 12:30:42', '2010-10-21 12:30:42', NULL, 447, 275, 1, 266, 'active', 'news'),
('2010-10-21 12:30:42', '2010-10-21 12:30:42', NULL, 448, 275, 1, 270, 'active', 'news'),
('2010-10-21 12:30:42', '2010-10-21 12:30:42', NULL, 449, 275, 1, 271, 'active', 'news'),
('2010-10-21 12:30:42', '2010-10-21 12:30:42', NULL, 450, 275, 1, 275, 'active', 'news'),
('2010-11-02 09:19:16', '2010-11-01 12:27:05', NULL, 451, NULL, 278, 13, 'deleted', 'member'),
('2010-11-02 19:30:08', '2010-11-01 12:27:05', NULL, 452, NULL, 278, 16, 'deleted', 'member'),
('2010-11-02 09:19:10', '2010-11-02 08:51:25', NULL, 453, NULL, 280, 13, 'deleted', 'member'),
('2010-11-02 09:19:08', '2010-11-02 09:19:08', NULL, 454, NULL, 280, 13, 'deleted', 'member'),
('2010-11-02 09:39:04', '2010-11-02 09:21:48', NULL, 455, NULL, 281, 13, 'deleted', 'member'),
('2010-11-02 19:30:03', '2010-11-02 19:29:39', NULL, 456, NULL, 282, 16, 'deleted', 'member'),
('2010-11-02 19:32:43', '2010-11-02 19:32:43', NULL, 457, NULL, 191, 282, 'active', 'member'),
('2010-11-21 16:20:20', '2010-11-12 11:40:41', NULL, 458, NULL, 286, 16, 'deleted', 'member'),
('2010-11-21 16:25:59', '2010-11-21 16:25:59', NULL, 459, 32, 1, 1, 'active', 'news'),
('2010-11-21 16:25:59', '2010-11-21 16:25:59', NULL, 460, 32, 1, 13, 'active', 'news'),
('2010-11-21 16:25:59', '2010-11-21 16:25:59', NULL, 461, 32, 1, 16, 'active', 'news'),
('2010-11-21 16:25:59', '2010-11-21 16:25:59', NULL, 462, 32, 1, 34, 'active', 'news'),
('2010-11-21 16:25:59', '2010-11-21 16:25:59', NULL, 463, 32, 1, 195, 'active', 'news'),
('2010-11-21 16:25:59', '2010-11-21 16:25:59', NULL, 464, 32, 1, 198, 'active', 'news'),
('2010-11-21 16:25:59', '2010-11-21 16:25:59', NULL, 465, 32, 1, 202, 'active', 'news'),
('2010-11-21 16:25:59', '2010-11-21 16:25:59', NULL, 466, 32, 1, 203, 'active', 'news'),
('2010-11-21 16:25:59', '2010-11-21 16:25:59', NULL, 467, 32, 1, 205, 'active', 'news'),
('2010-11-21 16:25:59', '2010-11-21 16:25:59', NULL, 468, 32, 1, 211, 'active', 'news'),
('2010-11-21 16:25:59', '2010-11-21 16:25:59', NULL, 469, 32, 1, 212, 'active', 'news'),
('2010-11-21 16:25:59', '2010-11-21 16:25:59', NULL, 470, 32, 1, 213, 'active', 'news'),
('2010-11-21 16:25:59', '2010-11-21 16:25:59', NULL, 471, 32, 1, 214, 'active', 'news'),
('2010-11-21 16:25:59', '2010-11-21 16:25:59', NULL, 472, 32, 1, 215, 'active', 'news'),
('2010-11-21 16:25:59', '2010-11-21 16:25:59', NULL, 473, 32, 1, 216, 'active', 'news'),
('2010-11-21 16:25:59', '2010-11-21 16:25:59', NULL, 474, 32, 1, 219, 'active', 'news'),
('2010-11-21 16:25:59', '2010-11-21 16:25:59', NULL, 475, 32, 1, 220, 'active', 'news'),
('2010-11-21 16:25:59', '2010-11-21 16:25:59', NULL, 476, 32, 1, 221, 'active', 'news'),
('2010-11-21 16:25:59', '2010-11-21 16:25:59', NULL, 477, 32, 1, 223, 'active', 'news'),
('2010-11-21 16:25:59', '2010-11-21 16:25:59', NULL, 478, 32, 1, 228, 'active', 'news'),
('2010-11-21 16:25:59', '2010-11-21 16:25:59', NULL, 479, 32, 1, 229, 'active', 'news'),
('2010-11-21 16:25:59', '2010-11-21 16:25:59', NULL, 480, 32, 1, 253, 'active', 'news'),
('2010-11-21 16:25:59', '2010-11-21 16:25:59', NULL, 481, 32, 1, 254, 'active', 'news'),
('2010-11-21 16:25:59', '2010-11-21 16:25:59', NULL, 482, 32, 1, 266, 'active', 'news'),
('2010-11-21 16:25:59', '2010-11-21 16:25:59', NULL, 483, 32, 1, 270, 'active', 'news'),
('2010-11-21 16:25:59', '2010-11-21 16:25:59', NULL, 484, 32, 1, 271, 'active', 'news'),
('2010-11-21 16:25:59', '2010-11-21 16:25:59', NULL, 485, 32, 1, 275, 'active', 'news'),
('2010-11-21 16:25:59', '2010-11-21 16:25:59', NULL, 486, 32, 1, 276, 'active', 'news'),
('2010-11-21 16:25:59', '2010-11-21 16:25:59', NULL, 487, 32, 1, 277, 'active', 'news'),
('2010-11-21 16:25:59', '2010-11-21 16:25:59', NULL, 488, 32, 1, 278, 'active', 'news'),
('2010-11-21 16:25:59', '2010-11-21 16:25:59', NULL, 489, 32, 1, 279, 'active', 'news'),
('2010-11-21 16:25:59', '2010-11-21 16:25:59', NULL, 490, 32, 1, 280, 'active', 'news'),
('2010-11-21 16:25:59', '2010-11-21 16:25:59', NULL, 491, 32, 1, 281, 'active', 'news'),
('2010-11-21 16:25:59', '2010-11-21 16:25:59', NULL, 492, 32, 1, 282, 'active', 'news'),
('2010-11-21 16:25:59', '2010-11-21 16:25:59', NULL, 493, 32, 1, 283, 'active', 'news'),
('2010-11-21 16:25:59', '2010-11-21 16:25:59', NULL, 494, 32, 1, 284, 'active', 'news'),
('2010-11-21 16:25:59', '2010-11-21 16:25:59', NULL, 495, 32, 1, 285, 'active', 'news'),
('2010-11-21 16:25:59', '2010-11-21 16:25:59', NULL, 496, 32, 1, 286, 'active', 'news'),
('2010-12-10 11:29:02', '2010-11-22 22:16:41', NULL, 497, NULL, 212, 16, 'deleted', 'member');

-- --------------------------------------------------------

--
-- Table structure for table `profile_features`
--

CREATE TABLE IF NOT EXISTS `profile_features` (
  `id` smallint(3) unsigned NOT NULL AUTO_INCREMENT,
  `name` varchar(32) NOT NULL,
  PRIMARY KEY (`id`)
) ENGINE=InnoDB  DEFAULT CHARSET=utf8 AUTO_INCREMENT=4 ;

--
-- Dumping data for table `profile_features`
--

INSERT INTO `profile_features` (`id`, `name`) VALUES
(1, 'related'),
(2, 'board'),
(3, 'wall');

-- --------------------------------------------------------

--
-- Table structure for table `profile_widget`
--

CREATE TABLE IF NOT EXISTS `profile_widget` (
  `created` timestamp NOT NULL DEFAULT '0000-00-00 00:00:00',
  `fieldn` smallint(3) unsigned NOT NULL,
  `id` mediumint(8) unsigned NOT NULL AUTO_INCREMENT,
  `modified` timestamp NOT NULL DEFAULT CURRENT_TIMESTAMP ON UPDATE CURRENT_TIMESTAMP,
  `multi` enum('false','true') NOT NULL,
  `name` varchar(32) NOT NULL,
  `name_tab` varchar(32) NOT NULL,
  `order` tinyint(2) unsigned NOT NULL,
  `searchable_type_bit` smallint(3) unsigned NOT NULL DEFAULT '1',
  `status` enum('active','deleted','inactive') NOT NULL,
  PRIMARY KEY (`id`)
) ENGINE=InnoDB  DEFAULT CHARSET=utf8 AUTO_INCREMENT=23 ;

--
-- Dumping data for table `profile_widget`
--

INSERT INTO `profile_widget` (`created`, `fieldn`, `id`, `modified`, `multi`, `name`, `name_tab`, `order`, `searchable_type_bit`, `status`) VALUES
('2008-11-03 09:12:47', 8, 1, '2010-09-12 19:50:04', 'false', 'Biographical Info', 'Biographical Info', 3, 1, 'active'),
('2008-11-08 13:25:14', 10, 2, '2010-05-16 15:52:33', 'false', 'Contact Info', 'Contact', 7, 3, 'active'),
('2008-11-08 14:27:49', 7, 3, '2010-02-11 06:42:38', 'true', 'Education Info', 'Education', 8, 1, 'inactive'),
('2008-11-08 14:29:32', 9, 4, '2010-02-11 06:42:36', 'true', 'Work History Info', 'Work history', 9, 1, 'inactive'),
('2008-11-08 14:33:06', 2, 5, '2010-05-16 18:24:02', 'false', 'Portrait Info', 'Portrait', 14, 7, 'active'),
('2008-12-07 11:18:14', 13, 7, '2010-05-17 09:42:22', 'false', 'Group Info', 'Group Info', 3, 2, 'active'),
('2009-04-05 20:38:13', 19, 9, '2010-02-26 15:00:39', 'false', 'Soccer Info', 'Soccer Info', 7, 1, 'active'),
('2009-08-25 18:51:03', 1, 12, '2010-11-21 16:34:00', 'false', 'More Photos', 'More Photos', 15, 1, 'active'),
('2009-12-05 20:55:38', 1, 13, '2010-05-16 18:24:02', 'true', 'League Affiliation', 'League Affiliation', 13, 3, 'active'),
('2009-12-29 16:09:31', 2, 15, '2010-09-06 18:55:09', 'false', 'Silicon Valley Soccer Website', 'SVSA Website', 2, 6, 'active'),
('2010-02-03 09:15:09', 1, 16, '2010-07-19 12:03:39', 'false', 'League Info', 'League Info', 5, 4, 'inactive'),
('2010-02-15 15:02:38', 1, 17, '2010-05-23 15:44:09', 'false', 'Current Status', 'Current Status', 8, 1, 'active'),
('2010-02-26 14:56:12', 1, 18, '2010-07-19 12:00:34', 'false', ' News and Updates', 'Updates', 1, 2, 'active'),
('2010-04-12 16:25:48', 1, 19, '2010-07-19 12:02:48', 'false', 'Division Info', 'Division Info', 6, 4, 'inactive'),
('2010-05-16 18:21:09', 1, 22, '2010-05-16 18:23:40', 'false', 'Group Status', 'Group Status', 12, 2, 'active');

-- --------------------------------------------------------

--
-- Table structure for table `profile_widget_dictionary_word`
--

CREATE TABLE IF NOT EXISTS `profile_widget_dictionary_word` (
  `created` timestamp NOT NULL DEFAULT CURRENT_TIMESTAMP ON UPDATE CURRENT_TIMESTAMP,
  `f` int(3) unsigned NOT NULL,
  `profile_widget_id` mediumint(8) unsigned NOT NULL,
  `searchable_id` int(11) unsigned NOT NULL,
  `word_id` int(11) unsigned NOT NULL,
  PRIMARY KEY (`profile_widget_id`,`searchable_id`,`word_id`),
  KEY `profile_widget_dictionary_word_profile_widget_fk` (`profile_widget_id`),
  KEY `profile_widget_dictionary_word_word_fk` (`word_id`),
  KEY `profile_widget_dictionary_word_searchable_fk` (`searchable_id`)
) ENGINE=InnoDB DEFAULT CHARSET=utf8;

--
-- Dumping data for table `profile_widget_dictionary_word`
--

INSERT INTO `profile_widget_dictionary_word` (`created`, `f`, `profile_widget_id`, `searchable_id`, `word_id`) VALUES
('2010-09-12 19:51:18', 1, 1, 13, 1),
('2010-09-12 19:51:18', 1, 1, 13, 2),
('2010-09-12 19:51:18', 1, 1, 13, 52),
('2010-09-12 19:51:18', 1, 1, 13, 318),
('2010-09-12 19:51:18', 1, 1, 13, 319),
('2010-09-12 19:51:18', 1, 1, 13, 320),
('2010-09-12 19:51:18', 1, 1, 13, 321),
('2010-09-18 07:24:27', 1, 1, 16, 1),
('2010-09-18 07:24:27', 1, 1, 16, 45),
('2010-09-18 07:24:27', 1, 1, 16, 46),
('2010-09-18 07:24:27', 1, 1, 16, 52),
('2010-09-18 07:24:27', 1, 1, 16, 337),
('2010-02-05 15:45:00', 1, 1, 34, 82),
('2009-06-11 16:38:58', 1, 1, 188, 59),
('2009-06-15 08:18:43', 1, 1, 197, 1),
('2009-06-15 08:18:43', 1, 1, 197, 3),
('2009-06-15 08:18:43', 1, 1, 197, 4),
('2009-06-15 08:18:43', 1, 1, 197, 5),
('2009-06-15 08:18:43', 3, 1, 197, 58),
('2009-06-15 08:18:43', 1, 1, 197, 78),
('2009-06-15 08:18:43', 1, 1, 197, 79),
('2009-07-06 07:37:28', 1, 1, 203, 4),
('2009-07-06 07:37:28', 1, 1, 203, 5),
('2009-07-06 07:37:28', 1, 1, 203, 82),
('2009-07-06 07:37:28', 1, 1, 203, 83),
('2009-07-06 07:37:28', 1, 1, 203, 84),
('2009-07-06 07:37:28', 1, 1, 203, 85),
('2009-07-16 11:57:01', 1, 1, 207, 3),
('2009-07-16 11:57:01', 1, 1, 207, 4),
('2009-07-16 11:57:01', 1, 1, 207, 5),
('2009-07-16 11:57:01', 1, 1, 207, 46),
('2009-07-16 11:57:01', 1, 1, 207, 82),
('2009-07-16 11:57:01', 1, 1, 207, 84),
('2009-07-16 11:57:01', 1, 1, 207, 85),
('2009-07-16 11:57:01', 1, 1, 207, 99),
('2009-07-16 11:57:01', 1, 1, 207, 100),
('2009-07-16 11:57:01', 1, 1, 207, 102),
('2009-07-16 11:57:01', 1, 1, 207, 103),
('2009-07-20 07:12:39', 1, 1, 209, 1),
('2009-07-20 07:12:39', 1, 1, 209, 52),
('2009-10-03 16:09:33', 1, 1, 211, 3),
('2009-10-03 16:09:33', 1, 1, 211, 25),
('2009-10-03 16:09:33', 1, 1, 211, 45),
('2009-10-03 16:09:33', 1, 1, 211, 46),
('2009-10-03 16:09:33', 1, 1, 211, 68),
('2009-10-03 16:09:33', 1, 1, 211, 82),
('2009-10-03 16:09:33', 1, 1, 211, 125),
('2009-10-03 16:09:33', 2, 1, 211, 145),
('2009-10-03 16:09:33', 1, 1, 211, 190),
('2009-10-03 16:09:33', 1, 1, 211, 197),
('2009-10-03 16:09:33', 1, 1, 211, 225),
('2009-10-03 16:09:33', 1, 1, 211, 226),
('2009-10-03 16:09:33', 1, 1, 211, 227),
('2009-10-03 16:09:33', 2, 1, 211, 228),
('2009-10-03 16:09:33', 1, 1, 211, 229),
('2009-10-03 16:09:33', 1, 1, 211, 230),
('2009-10-03 16:09:33', 1, 1, 211, 231),
('2009-10-03 16:09:33', 1, 1, 211, 232),
('2009-10-03 16:09:33', 1, 1, 211, 233),
('2009-10-03 16:09:33', 1, 1, 211, 234),
('2009-10-03 16:09:33', 1, 1, 211, 235),
('2009-10-03 16:09:33', 1, 1, 211, 236),
('2009-10-03 16:09:33', 1, 1, 211, 237),
('2009-10-03 16:09:33', 1, 1, 211, 238),
('2009-10-03 16:09:33', 1, 1, 211, 239),
('2009-10-03 16:09:33', 1, 1, 211, 240),
('2009-10-03 16:09:33', 1, 1, 211, 241),
('2009-10-03 16:09:33', 1, 1, 211, 242),
('2009-10-03 16:09:33', 1, 1, 211, 243),
('2010-11-22 22:15:29', 1, 1, 212, 1),
('2010-09-18 07:34:14', 1, 1, 213, 45),
('2009-09-12 18:01:01', 1, 1, 214, 1),
('2009-09-12 18:01:01', 1, 1, 214, 213),
('2009-09-12 18:01:01', 1, 1, 214, 214),
('2009-09-12 18:01:01', 2, 1, 214, 215),
('2009-09-12 18:01:01', 1, 1, 214, 216),
('2009-10-01 08:44:43', 1, 1, 215, 1),
('2009-10-01 08:44:43', 1, 1, 215, 3),
('2009-10-01 08:44:43', 1, 1, 215, 99),
('2010-08-22 13:22:06', 1, 1, 216, 332),
('2009-08-13 20:07:54', 1, 1, 218, 3),
('2009-08-13 20:07:54', 1, 1, 218, 46),
('2009-08-13 20:07:54', 1, 1, 218, 82),
('2009-08-13 20:07:54', 1, 1, 218, 100),
('2009-08-13 20:07:54', 1, 1, 218, 125),
('2009-08-13 20:07:54', 1, 1, 218, 136),
('2009-08-13 20:07:54', 1, 1, 218, 138),
('2009-08-13 20:07:54', 1, 1, 218, 139),
('2009-08-13 20:07:54', 1, 1, 218, 140),
('2009-08-13 20:07:54', 1, 1, 218, 141),
('2009-08-13 20:07:54', 1, 1, 218, 142),
('2009-08-13 20:07:54', 1, 1, 218, 143),
('2009-08-13 20:07:54', 1, 1, 218, 144),
('2009-08-13 18:43:45', 1, 1, 223, 82),
('2009-08-13 18:43:45', 1, 1, 223, 83),
('2009-08-13 18:43:45', 1, 1, 223, 137),
('2009-09-10 17:55:57', 1, 1, 228, 1),
('2009-09-10 17:55:57', 1, 1, 228, 45),
('2009-09-10 17:55:57', 1, 1, 228, 46),
('2009-09-10 17:55:57', 1, 1, 228, 201),
('2009-09-10 17:55:57', 1, 1, 228, 202),
('2009-09-10 17:55:57', 1, 1, 228, 203),
('2010-01-16 10:49:22', 1, 1, 229, 1),
('2010-01-30 10:59:27', 1, 1, 239, 1),
('2010-01-30 07:36:49', 1, 1, 240, 1),
('2010-01-30 07:36:49', 1, 1, 240, 55),
('2010-01-30 07:36:49', 3, 1, 240, 58),
('2010-01-30 07:36:49', 1, 1, 240, 271),
('2010-01-30 10:58:02', 1, 1, 241, 1),
('2010-02-04 18:59:15', 1, 1, 242, 52),
('2010-02-04 18:59:15', 1, 1, 242, 82),
('2010-04-11 16:00:53', 1, 1, 254, 1),
('2010-08-22 12:43:03', 1, 1, 270, 52),
('2010-09-03 16:15:57', 1, 1, 271, 45),
('2010-10-19 12:57:07', 1, 1, 275, 46),
('2010-10-31 12:16:04', 1, 1, 276, 319),
('2010-10-31 12:16:04', 1, 1, 276, 320),
('2010-11-01 12:26:12', 1, 1, 278, 352),
('2010-11-01 12:26:12', 1, 1, 278, 353),
('2010-11-01 12:33:57', 1, 1, 279, 355),
('2010-11-02 08:50:17', 1, 1, 280, 319),
('2010-11-02 08:50:17', 1, 1, 280, 320),
('2010-11-02 09:21:20', 1, 1, 281, 319),
('2010-11-02 09:21:20', 1, 1, 281, 320),
('2010-11-02 19:28:30', 1, 1, 282, 358),
('2010-11-10 15:14:16', 1, 1, 283, 360),
('2010-11-10 15:19:58', 1, 1, 284, 1),
('2010-11-10 15:19:58', 1, 1, 284, 52),
('2010-11-10 15:19:58', 1, 1, 284, 362),
('2010-11-12 11:40:17', 1, 1, 286, 1),
('2010-08-22 11:17:10', 1, 2, 13, 11),
('2010-08-22 11:17:10', 1, 2, 13, 28),
('2010-08-22 11:17:10', 1, 2, 13, 29),
('2010-08-22 11:17:10', 1, 2, 13, 30),
('2010-08-22 11:17:10', 1, 2, 13, 33),
('2010-08-22 11:17:10', 1, 2, 13, 34),
('2010-08-22 11:17:10', 1, 2, 13, 35),
('2010-08-22 11:17:10', 1, 2, 13, 36),
('2010-09-03 16:07:55', 1, 2, 16, 48),
('2010-09-03 16:07:55', 1, 2, 16, 49),
('2010-09-03 16:07:55', 1, 2, 16, 50),
('2010-09-03 16:07:55', 1, 2, 16, 51),
('2010-05-22 21:18:33', 1, 2, 188, 33),
('2010-05-22 21:18:33', 1, 2, 188, 322),
('2010-09-06 16:11:47', 1, 2, 191, 48),
('2010-09-06 16:11:47', 1, 2, 191, 49),
('2010-09-06 16:11:47', 1, 2, 191, 331),
('2009-07-22 23:16:22', 1, 2, 194, 4),
('2009-07-22 23:16:22', 1, 2, 194, 5),
('2010-05-20 11:32:55', 1, 2, 208, 274),
('2009-08-26 12:40:51', 1, 2, 210, 48),
('2009-08-26 12:40:51', 1, 2, 210, 49),
('2010-11-22 22:15:29', 1, 2, 212, 198),
('2010-11-22 22:15:29', 1, 2, 212, 364),
('2010-08-22 13:22:05', 1, 2, 216, 331),
('2009-09-10 17:56:23', 1, 2, 228, 29),
('2009-09-10 17:56:23', 1, 2, 228, 204),
('2009-09-10 17:56:23', 1, 2, 228, 205),
('2009-12-06 17:02:38', 1, 2, 229, 168),
('2009-12-06 17:02:38', 1, 2, 229, 248),
('2010-05-16 17:29:51', 1, 2, 249, 48),
('2010-05-16 17:29:51', 1, 2, 249, 49),
('2010-04-11 16:06:00', 1, 2, 254, 297),
('2010-04-11 16:06:00', 1, 2, 254, 298),
('2010-08-22 12:43:03', 1, 2, 270, 329),
('2010-08-22 12:43:03', 1, 2, 270, 330),
('2010-09-03 16:15:56', 1, 2, 271, 331),
('2010-10-19 12:57:07', 1, 2, 275, 94),
('2010-10-19 12:57:07', 1, 2, 275, 348),
('2010-10-31 12:16:04', 1, 2, 276, 58),
('2010-10-31 12:16:04', 1, 2, 276, 333),
('2010-11-01 12:26:12', 1, 2, 278, 29),
('2010-11-01 12:26:12', 1, 2, 278, 351),
('2010-11-01 12:33:57', 1, 2, 279, 29),
('2010-11-01 12:33:57', 1, 2, 279, 354),
('2010-11-02 08:50:17', 1, 2, 280, 28),
('2010-11-02 08:50:17', 1, 2, 280, 29),
('2010-11-02 09:21:20', 1, 2, 281, 28),
('2010-11-02 09:21:20', 1, 2, 281, 29),
('2010-11-02 19:28:30', 1, 2, 282, 357),
('2010-11-10 15:14:16', 1, 2, 283, 48),
('2010-11-10 15:14:16', 1, 2, 283, 49),
('2010-11-10 15:18:50', 1, 2, 284, 48),
('2010-11-10 15:18:50', 1, 2, 284, 49),
('2010-11-11 19:52:19', 1, 2, 285, 48),
('2010-11-11 19:52:19', 1, 2, 285, 49),
('2010-11-12 11:40:17', 1, 2, 286, 48),
('2010-11-12 11:40:17', 1, 2, 286, 49),
('2009-07-25 17:48:38', 1, 3, 13, 3),
('2009-07-25 17:48:38', 1, 3, 13, 78),
('2009-07-25 17:48:38', 1, 3, 13, 89),
('2009-07-25 17:48:38', 2, 3, 13, 90),
('2009-07-25 17:48:38', 1, 3, 13, 93),
('2009-07-25 17:48:38', 1, 3, 13, 115),
('2009-07-25 17:48:38', 1, 3, 13, 116),
('2009-07-25 17:48:38', 2, 3, 13, 117),
('2009-07-25 17:48:38', 1, 3, 13, 118),
('2009-07-25 17:48:38', 1, 3, 13, 119),
('2009-07-16 11:49:34', 1, 3, 16, 89),
('2009-07-16 11:49:34', 1, 3, 16, 90),
('2009-07-16 11:49:34', 1, 3, 16, 91),
('2009-07-16 11:49:34', 3, 3, 16, 92),
('2009-07-16 11:49:34', 1, 3, 16, 93),
('2009-07-16 11:49:34', 1, 3, 16, 94),
('2009-07-16 11:49:34', 1, 3, 16, 95),
('2009-07-16 11:49:34', 1, 3, 16, 96),
('2009-07-16 11:49:34', 1, 3, 16, 97),
('2009-07-16 11:49:34', 1, 3, 16, 98),
('2009-09-15 14:44:37', 1, 3, 34, 90),
('2009-09-15 14:44:37', 1, 3, 34, 217),
('2009-07-10 19:00:40', 1, 3, 204, 86),
('2009-07-10 19:00:40', 1, 3, 204, 87),
('2009-07-10 19:00:40', 1, 3, 204, 88),
('2009-07-22 23:27:00', 1, 3, 209, 86),
('2009-07-22 23:27:00', 1, 3, 209, 87),
('2009-07-22 23:27:00', 1, 3, 209, 88),
('2009-08-31 09:50:10', 1, 3, 212, 3),
('2009-08-31 09:50:10', 1, 3, 212, 90),
('2009-08-31 09:50:10', 1, 3, 212, 91),
('2009-08-31 09:50:10', 1, 3, 212, 93),
('2009-08-31 09:50:10', 1, 3, 212, 116),
('2009-08-31 09:50:10', 1, 3, 212, 194),
('2009-08-31 09:50:10', 1, 3, 212, 199),
('2009-09-10 17:57:52', 1, 3, 228, 90),
('2009-09-10 17:57:52', 1, 3, 228, 99),
('2009-09-10 17:57:52', 1, 3, 228, 116),
('2009-09-10 17:57:52', 1, 3, 228, 206),
('2009-09-10 17:57:52', 1, 3, 228, 207),
('2009-09-10 17:57:52', 1, 3, 228, 208),
('2009-09-10 17:57:52', 1, 3, 228, 209),
('2009-09-10 17:57:52', 1, 3, 228, 210),
('2009-08-28 06:34:50', 1, 4, 16, 3),
('2009-08-28 06:34:50', 1, 4, 16, 4),
('2009-08-28 06:34:50', 1, 4, 16, 5),
('2009-08-28 06:34:50', 1, 4, 16, 52),
('2009-08-28 06:34:50', 1, 4, 16, 164),
('2009-08-28 06:34:50', 1, 4, 16, 165),
('2009-08-28 06:34:50', 1, 4, 16, 166),
('2009-08-28 06:34:50', 1, 4, 16, 167),
('2009-08-28 06:34:50', 1, 4, 16, 168),
('2009-08-28 06:34:50', 2, 4, 16, 169),
('2009-08-28 06:34:50', 1, 4, 16, 170),
('2009-08-28 06:34:50', 1, 4, 16, 171),
('2009-08-28 06:34:50', 1, 4, 16, 172),
('2009-08-28 06:34:50', 1, 4, 16, 173),
('2009-08-28 06:34:50', 1, 4, 16, 174),
('2009-08-28 06:34:50', 2, 4, 16, 175),
('2009-09-15 14:47:10', 1, 4, 34, 154),
('2009-09-15 14:47:10', 1, 4, 34, 218),
('2009-09-15 14:47:10', 1, 4, 34, 219),
('2009-09-15 14:47:10', 1, 4, 34, 220),
('2009-09-15 14:47:10', 1, 4, 34, 221),
('2009-09-15 14:47:10', 1, 4, 34, 222),
('2009-09-15 14:47:10', 1, 4, 34, 223),
('2009-09-15 14:47:10', 1, 4, 34, 224),
('2010-08-19 23:50:30', 1, 7, 13, 58),
('2010-08-20 12:54:56', 1, 7, 16, 63),
('2010-08-20 12:54:56', 1, 7, 16, 64),
('2010-09-06 16:26:31', 1, 7, 188, 33),
('2010-09-06 16:26:31', 1, 7, 188, 60),
('2010-09-06 16:26:31', 1, 7, 188, 61),
('2010-09-06 16:26:31', 1, 7, 188, 333),
('2010-09-06 16:26:31', 1, 7, 188, 334),
('2010-09-18 07:43:11', 1, 7, 191, 27),
('2010-09-18 07:43:11', 1, 7, 191, 45),
('2010-09-18 07:43:11', 1, 7, 191, 63),
('2010-09-18 07:43:11', 1, 7, 191, 64),
('2010-09-18 07:43:11', 1, 7, 191, 168),
('2010-09-18 07:43:11', 1, 7, 191, 249),
('2010-09-18 07:43:11', 1, 7, 191, 250),
('2010-09-18 07:43:11', 1, 7, 191, 252),
('2010-09-18 07:43:11', 1, 7, 191, 253),
('2010-09-18 07:43:11', 1, 7, 191, 273),
('2010-09-18 07:43:11', 1, 7, 191, 345),
('2009-06-11 16:38:33', 2, 7, 193, 27),
('2009-06-11 16:38:33', 1, 7, 193, 55),
('2009-06-11 16:38:33', 1, 7, 193, 56),
('2009-06-11 16:38:33', 1, 7, 193, 57),
('2009-06-11 16:38:33', 1, 7, 193, 58),
('2009-07-16 12:10:47', 1, 7, 194, 56),
('2009-07-16 12:10:47', 1, 7, 194, 57),
('2009-07-16 12:10:47', 1, 7, 194, 67),
('2009-07-16 12:10:47', 1, 7, 194, 68),
('2009-07-16 12:10:47', 1, 7, 194, 105),
('2009-06-27 15:03:12', 1, 7, 199, 80),
('2009-06-27 15:03:12', 1, 7, 199, 81),
('2010-05-18 13:11:04', 1, 7, 208, 27),
('2010-05-18 13:11:04', 1, 7, 208, 274),
('2010-05-18 13:11:04', 1, 7, 208, 275),
('2010-01-30 10:30:14', 1, 7, 210, 27),
('2010-01-30 10:30:14', 1, 7, 210, 58),
('2010-01-30 10:30:14', 1, 7, 210, 71),
('2010-01-30 10:30:14', 1, 7, 210, 106),
('2010-01-30 10:30:14', 1, 7, 210, 160),
('2010-01-30 10:30:14', 1, 7, 210, 161),
('2010-01-30 10:30:14', 1, 7, 210, 276),
('2010-01-30 10:30:14', 1, 7, 210, 277),
('2010-01-30 10:30:14', 1, 7, 210, 278),
('2010-01-30 10:30:14', 1, 7, 210, 279),
('2010-01-30 10:30:14', 1, 7, 210, 280),
('2010-08-22 13:22:06', 1, 7, 216, 27),
('2010-02-05 15:02:56', 1, 7, 239, 122),
('2010-02-05 15:02:56', 1, 7, 239, 125),
('2010-02-05 15:02:56', 1, 7, 239, 281),
('2010-02-05 15:02:56', 1, 7, 239, 282),
('2010-02-04 20:42:21', 1, 7, 240, 31),
('2010-02-04 20:42:21', 1, 7, 240, 32),
('2010-02-04 20:42:21', 1, 7, 240, 189),
('2010-02-04 20:42:21', 1, 7, 240, 249),
('2010-02-04 20:42:21', 1, 7, 240, 273),
('2010-02-04 20:43:14', 1, 7, 241, 99),
('2010-02-04 20:43:14', 1, 7, 241, 249),
('2010-02-04 20:43:14', 1, 7, 241, 254),
('2010-02-04 20:43:14', 1, 7, 241, 273),
('2010-07-19 12:08:32', 1, 7, 249, 27),
('2010-07-19 12:08:32', 1, 7, 249, 274),
('2010-07-19 12:08:32', 1, 7, 249, 275),
('2010-07-19 12:08:32', 1, 7, 249, 302),
('2010-02-27 09:26:21', 1, 9, 13, 189),
('2010-02-27 09:26:21', 1, 9, 13, 190),
('2010-02-27 09:26:21', 1, 9, 13, 272),
('2010-12-06 12:38:53', 1, 9, 16, 190),
('2010-12-06 12:38:53', 1, 9, 16, 211),
('2009-07-16 11:54:53', 2, 9, 207, 101),
('2009-07-22 23:27:22', 1, 9, 209, 111),
('2009-07-22 23:27:22', 1, 9, 209, 112),
('2009-07-22 23:27:22', 1, 9, 209, 113),
('2010-11-22 22:15:29', 1, 9, 212, 161),
('2010-11-22 22:15:29', 1, 9, 212, 189),
('2010-09-18 07:34:14', 1, 9, 213, 189),
('2009-09-12 17:57:19', 1, 9, 214, 157),
('2009-09-12 17:57:19', 1, 9, 214, 191),
('2009-09-12 17:57:19', 1, 9, 214, 211),
('2009-09-12 17:57:19', 1, 9, 214, 212),
('2009-09-10 18:01:53', 1, 9, 228, 155),
('2009-09-10 18:01:53', 1, 9, 228, 161),
('2009-09-10 18:01:53', 1, 9, 228, 176),
('2010-01-16 10:48:57', 1, 9, 229, 189),
('2010-01-16 10:48:57', 1, 9, 229, 272),
('2010-09-03 16:15:58', 1, 9, 271, 161),
('2010-10-19 12:57:07', 1, 9, 275, 161),
('2010-10-31 12:16:04', 1, 9, 276, 189),
('2010-11-01 12:26:12', 1, 9, 278, 211),
('2010-11-01 12:33:57', 1, 9, 279, 161),
('2010-11-02 08:50:17', 1, 9, 280, 189),
('2010-11-02 09:21:20', 1, 9, 281, 189),
('2010-11-02 19:28:30', 1, 9, 282, 161),
('2010-11-10 15:14:16', 1, 9, 283, 157),
('2010-11-10 15:18:51', 1, 9, 284, 157),
('2010-11-11 19:52:20', 1, 9, 285, 157),
('2010-11-12 11:40:17', 1, 9, 286, 211),
('2010-05-22 21:16:13', 1, 13, 13, 301),
('2010-09-06 16:43:24', 1, 13, 16, 249),
('2010-09-06 16:43:24', 1, 13, 16, 301),
('2010-02-05 15:43:35', 1, 13, 34, 26),
('2010-09-06 16:19:42', 1, 13, 191, 249),
('2010-02-11 06:37:18', 1, 13, 208, 249),
('2010-01-30 10:31:07', 1, 13, 210, 26),
('2010-02-27 16:16:36', 2, 13, 212, 249),
('2010-02-27 16:16:36', 1, 13, 212, 256),
('2010-02-08 11:25:49', 1, 13, 220, 249),
('2010-01-16 10:47:39', 2, 13, 229, 249),
('2010-01-16 10:47:39', 1, 13, 229, 256),
('2010-02-26 14:08:23', 1, 13, 242, 26),
('2010-04-12 16:22:04', 1, 13, 244, 249),
('2010-05-16 17:30:06', 1, 13, 249, 277),
('2010-05-16 17:30:06', 1, 13, 249, 278),
('2009-12-24 10:43:35', 1, 14, 191, 255),
('2010-07-06 23:13:11', 1, 15, 13, 168),
('2010-09-06 18:54:04', 1, 15, 16, 168),
('2010-02-05 15:47:55', 1, 15, 34, 168),
('2010-09-12 20:04:19', 2, 15, 188, 168),
('2010-09-12 20:04:19', 1, 15, 188, 285),
('2010-09-18 07:42:05', 1, 15, 191, 168),
('2010-05-16 16:40:12', 1, 15, 208, 168),
('2010-01-30 10:30:31', 1, 15, 210, 168),
('2010-02-27 16:32:39', 2, 15, 212, 168),
('2010-02-27 16:32:39', 1, 15, 212, 285),
('2010-02-27 16:32:39', 1, 15, 212, 289),
('2010-02-27 16:32:39', 1, 15, 212, 290),
('2010-01-16 10:47:56', 1, 15, 229, 168),
('2010-09-06 18:51:45', 1, 15, 239, 168),
('2010-12-10 11:46:13', 1, 15, 240, 168),
('2010-02-27 17:37:13', 2, 15, 242, 168),
('2010-02-27 17:37:13', 1, 15, 242, 285),
('2010-02-27 17:37:13', 1, 15, 242, 289),
('2010-02-27 17:37:13', 1, 15, 242, 290),
('2010-09-06 18:49:35', 2, 15, 243, 168),
('2010-09-06 18:49:35', 1, 15, 243, 285),
('2010-09-06 18:49:35', 1, 15, 243, 289),
('2010-09-06 18:49:35', 1, 15, 243, 290),
('2010-04-12 16:21:36', 2, 15, 244, 168),
('2010-04-12 16:21:36', 1, 15, 244, 285),
('2010-02-26 10:56:45', 2, 15, 248, 168),
('2010-02-26 10:56:45', 1, 15, 248, 285),
('2010-02-26 10:56:45', 1, 15, 248, 289),
('2010-02-26 10:56:45', 1, 15, 248, 290),
('2010-05-16 17:29:15', 1, 15, 249, 168),
('2010-04-14 09:52:48', 2, 15, 250, 168),
('2010-04-14 09:52:48', 1, 15, 250, 285),
('2010-09-06 16:49:23', 1, 15, 256, 168),
('2010-09-06 16:49:45', 1, 15, 268, 168),
('2010-12-10 11:23:50', 2, 15, 296, 168),
('2010-12-10 11:23:50', 1, 15, 296, 285),
('2010-12-10 11:23:50', 1, 15, 296, 289),
('2010-12-10 11:23:50', 1, 15, 296, 290),
('2010-04-12 16:46:48', 1, 16, 239, 26),
('2010-04-12 16:46:48', 1, 16, 239, 249),
('2010-12-10 11:45:52', 1, 16, 240, 249),
('2010-02-08 13:57:37', 1, 16, 241, 58),
('2010-05-17 11:54:35', 1, 16, 243, 31),
('2010-05-17 11:54:35', 1, 16, 243, 32),
('2010-05-17 11:54:35', 1, 16, 243, 249),
('2010-12-10 11:46:44', 1, 16, 295, 249),
('2010-05-22 21:16:32', 2, 17, 13, 288),
('2010-09-06 18:44:24', 1, 17, 16, 288),
('2010-05-16 18:19:35', 1, 17, 191, 305),
('2010-05-16 16:40:00', 1, 17, 208, 288),
('2010-02-26 13:16:35', 1, 17, 212, 288),
('2010-02-26 10:56:30', 1, 17, 248, 288),
('2010-05-16 17:29:30', 1, 17, 249, 288),
('2010-05-22 21:18:48', 1, 18, 188, 323),
('2010-10-21 12:24:39', 1, 18, 191, 150),
('2010-10-21 12:24:39', 1, 18, 191, 349),
('2010-05-20 11:31:59', 1, 18, 208, 178),
('2010-05-20 11:31:59', 1, 18, 208, 294),
('2010-05-20 11:31:59', 1, 18, 208, 295),
('2010-05-20 11:31:59', 1, 18, 208, 317),
('2010-05-16 17:28:58', 1, 18, 249, 303),
('2010-04-12 16:45:36', 1, 19, 239, 254),
('2010-12-10 11:48:18', 1, 19, 240, 254),
('2010-05-16 17:14:11', 1, 19, 242, 31),
('2010-05-16 17:14:11', 1, 19, 242, 32),
('2010-05-16 17:14:11', 1, 19, 242, 249),
('2010-06-25 11:13:06', 1, 19, 243, 31),
('2010-06-25 11:13:06', 1, 19, 243, 32),
('2010-06-25 11:13:06', 1, 19, 243, 249),
('2010-06-25 11:13:06', 1, 19, 243, 254),
('2010-04-14 09:41:41', 1, 19, 250, 278),
('2010-12-10 11:46:52', 1, 19, 295, 254),
('2010-05-22 21:24:03', 1, 22, 188, 288),
('2010-05-27 16:39:01', 1, 22, 191, 288),
('2010-05-20 11:33:32', 1, 22, 208, 288),
('2010-05-16 19:16:33', 1, 22, 249, 306),
('2010-05-16 19:16:33', 1, 22, 249, 307);

-- --------------------------------------------------------

--
-- Table structure for table `profile_widget_field`
--

CREATE TABLE IF NOT EXISTS `profile_widget_field` (
  `created` timestamp NOT NULL DEFAULT '0000-00-00 00:00:00',
  `data_table` enum('daterange','datetime','select','text','textarea') NOT NULL,
  `id` mediumint(8) unsigned NOT NULL AUTO_INCREMENT,
  `label` varchar(32) NOT NULL,
  `modified` timestamp NOT NULL DEFAULT CURRENT_TIMESTAMP ON UPDATE CURRENT_TIMESTAMP,
  `maxlength` int(11) NOT NULL DEFAULT '10',
  `name` varchar(32) NOT NULL,
  `order` tinyint(2) unsigned NOT NULL,
  `profile_widget_id` mediumint(8) unsigned NOT NULL,
  `type` enum('autocomplete','daterange','image','list','portrait','textarea','text','select','datetime') NOT NULL,
  `update_searchable` enum('false','true') NOT NULL DEFAULT 'false',
  `status` enum('active','deleted','inactive') NOT NULL,
  `required` enum('false','true') NOT NULL DEFAULT 'false',
  `default_value` varchar(255) DEFAULT NULL,
  `private` enum('false','true') NOT NULL DEFAULT 'false',
  PRIMARY KEY (`id`),
  KEY `profile_widget_field_pw_fk` (`profile_widget_id`)
) ENGINE=InnoDB  DEFAULT CHARSET=utf8 COMMENT='InnoDB free: 4310016 kB' AUTO_INCREMENT=100 ;

--
-- Dumping data for table `profile_widget_field`
--

INSERT INTO `profile_widget_field` (`created`, `data_table`, `id`, `label`, `modified`, `maxlength`, `name`, `order`, `profile_widget_id`, `type`, `update_searchable`, `status`, `required`, `default_value`, `private`) VALUES
('2008-11-03 09:13:47', 'select', 1, 'Gender', '2010-12-04 14:35:30', 0, 'gender', 1, 1, 'select', 'false', 'active', 'true', '', 'false'),
('2008-11-03 09:13:47', 'datetime', 2, 'Birthday', '2010-05-20 09:30:11', 16, 'birthday', 2, 1, 'datetime', 'false', 'active', 'false', NULL, 'false'),
('2008-11-03 09:13:47', 'select', 3, 'Current City', '2010-12-04 14:35:30', 64, 'current_city', 3, 1, 'autocomplete', 'false', 'active', 'true', NULL, 'false'),
('2008-11-03 09:13:47', 'select', 4, 'Country', '2010-12-04 14:35:30', 0, 'country', 5, 1, 'select', 'false', 'inactive', 'false', NULL, 'false'),
('2008-11-03 09:13:47', 'select', 5, 'State', '2010-12-04 14:35:30', 0, 'state', 4, 1, 'select', 'false', 'inactive', 'false', NULL, 'false'),
('2008-11-03 09:13:47', 'textarea', 6, 'About Me', '2010-05-17 16:52:57', 65535, 'about_me', 6, 1, 'textarea', 'false', 'active', 'false', NULL, 'false'),
('2008-11-03 09:13:47', 'textarea', 7, 'Interests & Hobbies', '2010-05-17 16:53:17', 65535, 'interests__hobbies', 7, 1, 'list', 'false', 'inactive', 'false', NULL, 'false'),
('2008-11-09 13:42:57', 'text', 9, 'Mobile', '2010-09-18 07:45:56', 16, 'mobile', 2, 2, 'text', 'false', 'active', 'false', '', 'false'),
('2008-11-09 13:42:57', 'text', 10, 'Phone', '2010-08-26 15:49:37', 16, 'phone', 3, 2, 'text', 'false', 'inactive', 'false', '', 'false'),
('2008-11-09 13:42:57', 'text', 11, 'Address', '2010-05-20 16:04:19', 255, 'address', 4, 2, 'text', 'false', 'active', 'true', NULL, 'false'),
('2008-11-09 13:42:57', 'select', 12, 'City', '2010-12-04 14:35:30', 64, 'city', 5, 2, 'autocomplete', 'false', 'inactive', 'true', '', 'false'),
('2008-11-09 13:42:57', 'select', 13, 'State', '2010-12-04 14:35:30', 0, 'state', 6, 2, 'select', 'false', 'inactive', 'false', NULL, 'false'),
('2008-11-09 13:42:57', 'select', 14, 'Country', '2010-12-04 14:35:30', 0, 'country', 7, 2, 'select', 'false', 'inactive', 'false', NULL, 'false'),
('2008-11-09 13:42:57', 'text', 15, 'Zipcode', '2009-12-29 16:06:58', 2, 'zipcode', 8, 2, 'text', 'false', 'inactive', 'false', NULL, 'false'),
('2008-11-09 13:42:57', 'textarea', 16, 'Website', '2010-09-06 16:31:25', 65535, 'website', 9, 2, 'list', 'false', 'inactive', 'false', '', 'false'),
('2008-11-09 14:45:10', 'select', 17, 'Institute', '2010-12-04 14:35:30', 255, 'institute', 1, 3, 'autocomplete', 'false', 'active', 'false', NULL, 'false'),
('2008-11-09 14:45:10', 'text', 18, 'Year', '2008-11-09 14:45:10', 0, 'year', 2, 3, 'select', 'false', 'active', 'false', NULL, 'false'),
('2008-11-09 14:45:10', 'select', 19, 'Student Status', '2010-12-04 14:35:30', 0, 'attend', 3, 3, 'select', 'false', 'active', 'false', NULL, 'false'),
('2008-11-09 14:45:10', 'select', 20, 'Degree', '2010-12-04 14:35:30', 0, 'degree', 4, 3, 'select', 'false', 'active', 'false', NULL, 'false'),
('2008-11-09 14:45:10', 'select', 21, 'Concentration or Major 1', '2010-12-04 14:35:30', 128, 'concentration1', 5, 3, 'autocomplete', 'false', 'active', 'false', NULL, 'false'),
('2008-11-09 14:45:10', 'select', 22, 'Concentration or Major 2', '2010-12-04 14:35:30', 128, 'concentration2', 6, 3, 'autocomplete', 'false', 'active', 'false', NULL, 'false'),
('2008-11-09 14:45:10', 'select', 23, 'Concentration or Major 3', '2010-12-04 14:35:30', 128, 'concentration3', 7, 3, 'autocomplete', 'false', 'active', 'false', NULL, 'false'),
('2008-11-19 20:41:57', 'text', 24, 'Company', '2008-11-19 20:41:57', 128, 'company', 1, 4, 'text', 'false', 'active', 'false', NULL, 'false'),
('2008-11-19 20:41:57', 'text', 25, 'Website', '2008-11-19 20:41:57', 255, 'website', 2, 4, 'text', 'false', 'active', 'false', NULL, 'false'),
('2008-11-19 20:41:57', 'select', 26, 'Position / Title', '2010-12-04 14:35:30', 128, 'position', 3, 4, 'autocomplete', 'false', 'active', 'false', NULL, 'false'),
('2008-11-19 20:41:57', 'textarea', 27, 'Descrption', '2008-11-19 20:41:57', 0, 'description', 4, 4, 'textarea', 'false', 'active', 'false', NULL, 'false'),
('2008-11-19 20:41:57', 'select', 28, 'Industry', '2010-12-04 14:35:30', 0, 'industry', 5, 4, 'select', 'false', 'active', 'false', NULL, 'false'),
('2008-11-19 20:41:57', 'select', 29, 'City', '2010-12-04 14:35:30', 255, 'city', 6, 4, 'autocomplete', 'false', 'active', 'false', NULL, 'false'),
('2008-11-19 20:41:57', 'select', 30, 'State', '2010-12-04 14:35:30', 0, 'state', 7, 4, 'select', 'false', 'active', 'false', NULL, 'false'),
('2008-11-19 20:41:57', 'select', 31, 'Country', '2010-12-04 14:35:30', 0, 'country', 8, 4, 'select', 'false', 'active', 'false', NULL, 'false'),
('2008-11-19 20:41:57', 'daterange', 32, 'Time Period', '2008-11-19 20:41:57', 0, 'period', 9, 4, 'daterange', 'false', 'active', 'false', NULL, 'false'),
('2008-11-24 08:32:03', 'text', 33, 'Image', '2008-11-24 08:32:03', 0, 'uriImage', 1, 5, 'portrait', 'true', 'active', 'false', NULL, 'false'),
('2008-11-24 08:32:03', 'text', 34, 'Thumb', '2008-11-24 08:32:03', 0, 'uriThumb', 2, 5, 'portrait', 'true', 'active', 'false', NULL, 'false'),
('2008-12-07 11:26:19', 'text', 35, 'Name', '2010-09-06 16:13:12', 64, 'name', 1, 7, 'text', 'false', 'active', 'true', '', 'false'),
('2008-12-07 11:26:19', 'datetime', 37, 'Inception Date', '2010-08-21 08:21:43', 0, 'inception_date', 3, 7, 'datetime', 'false', 'active', 'false', '', 'false'),
('2008-12-07 11:26:19', 'textarea', 38, 'Description', '2010-07-19 11:54:55', 65535, 'description', 4, 7, 'textarea', 'false', 'active', 'false', '', 'false'),
('2008-12-07 11:26:19', 'textarea', 39, 'Interests', '2010-09-06 16:13:52', 65535, 'interests', 5, 7, 'list', 'false', 'active', 'false', '', 'false'),
('2009-04-09 16:51:09', 'textarea', 46, 'My Teams', '2010-11-11 19:53:46', 65535, 'my_teams', 10, 1, 'list', 'false', 'active', 'false', '', 'false'),
('2009-08-25 17:09:35', 'select', 57, 'Skill Level', '2010-12-06 12:40:00', 64, 'skill_level', 6, 9, 'select', 'false', 'active', 'true', '', 'true'),
('2009-08-25 17:12:24', 'select', 58, 'Play COED?', '2010-12-04 14:35:30', 64, 'play_coed', 7, 9, 'select', 'false', 'active', 'true', '', 'false'),
('2009-08-25 18:52:13', 'text', 60, 'Roster Photo', '2010-11-21 16:32:40', 64, 'roster_photo', 1, 12, 'image', 'false', 'active', 'false', '', 'false'),
('2009-08-28 06:18:25', 'select', 62, 'Preferred Postions', '2010-12-04 14:35:30', 64, 'preferred_postions', 10, 9, 'select', 'false', 'active', 'true', '', 'false'),
('2009-08-31 13:21:13', 'select', 70, 'Free Agent?', '2010-12-04 14:35:30', 64, 'free_agent', 18, 9, 'select', 'false', 'active', 'false', '', 'false'),
('2009-12-05 20:48:51', 'select', 71, 'Available Days', '2010-12-04 14:35:30', 64, 'available_days', 19, 9, 'select', 'false', 'active', 'false', NULL, 'false'),
('2009-12-06 15:19:05', 'select', 72, 'League', '2010-12-04 14:35:30', 64, 'league', 1, 13, 'select', 'false', 'active', 'false', '', 'false'),
('2009-12-06 16:55:15', 'text', 73, 'Schedule or link', '2010-09-06 18:38:57', 255, 'schedule_or_link', 11, 7, 'text', 'false', 'active', 'false', '', 'false'),
('2009-12-24 10:11:49', 'text', 74, 'Manager or Admin', '2010-09-06 18:58:02', 64, 'manager_or_admin', 12, 7, 'text', 'false', 'active', 'true', '', 'false'),
('2009-12-29 16:10:51', 'select', 77, 'Main Website', '2010-12-04 14:35:30', 64, 'main_website', 1, 15, 'select', 'false', 'active', 'false', '', 'false'),
('2010-02-03 09:15:52', 'text', 79, 'League Name', '2010-04-14 09:57:23', 64, 'league_name', 1, 16, 'text', 'false', 'inactive', 'false', NULL, 'false'),
('2010-02-03 09:16:19', 'datetime', 80, 'Season Starts', '2010-07-19 11:50:58', 64, 'season_starts', 2, 16, 'datetime', 'false', 'inactive', 'false', '', 'false'),
('2010-02-03 09:16:46', 'daterange', 81, 'Season Ends', '2010-07-19 11:50:48', 64, 'season_ends', 3, 16, 'daterange', 'false', 'inactive', 'false', '', 'false'),
('2010-02-04 19:05:40', 'text', 82, 'Season Fees', '2010-07-19 11:50:39', 64, 'season_fees', 4, 16, 'text', 'false', 'inactive', 'false', '', 'false'),
('2010-02-05 14:50:09', 'text', 83, 'Current Season', '2010-07-19 11:51:19', 64, 'current_season', 5, 16, 'text', 'false', 'inactive', 'false', '', 'false'),
('2010-02-05 15:08:32', 'text', 84, 'Network Description', '2010-02-26 14:10:40', 64, 'network_description', 6, 16, 'text', 'false', 'inactive', 'false', NULL, 'false'),
('2010-02-05 15:47:22', 'select', 85, 'Fields', '2010-12-04 14:35:30', 64, 'fields', 3, 15, 'select', 'false', 'active', 'false', '', 'false'),
('2010-02-15 15:03:52', 'select', 86, 'Current Status', '2010-12-04 14:35:30', 64, 'current_status', 1, 17, 'select', 'false', 'active', 'false', '', 'false'),
('2010-02-26 14:57:13', 'text', 87, 'News', '2010-05-16 16:25:48', 128, 'news', 1, 18, 'text', 'false', 'active', 'false', NULL, 'false'),
('2010-04-14 09:48:55', 'select', 89, 'Division Name', '2010-12-10 11:47:57', 64, 'division_name', 2, 19, 'select', 'false', 'active', 'false', '', 'false'),
('2010-04-14 09:58:55', 'select', 90, 'Division Name', '2010-12-04 14:35:30', 64, 'division_name', 7, 16, 'select', 'false', 'inactive', 'false', '', 'false'),
('2010-04-14 10:01:48', 'select', 91, 'League Name', '2010-12-10 11:43:51', 64, 'league_name', 8, 16, 'select', 'false', 'active', 'false', '', 'false'),
('2010-05-16 15:52:33', 'text', 93, 'Email', '2010-09-06 16:21:20', 64, 'email', 10, 2, 'text', 'false', 'active', 'true', '', 'false'),
('2010-05-16 16:14:50', 'text', 94, 'Hometown', '2010-05-16 16:16:09', 64, 'hometown', 14, 1, 'text', 'false', 'active', 'false', NULL, 'false'),
('2010-05-16 18:21:59', 'select', 95, 'Group Status', '2010-12-04 14:35:30', 64, 'group_status', 1, 22, 'select', 'false', 'active', 'true', '', 'false'),
('2010-05-17 09:42:22', 'select', 96, 'Category', '2010-12-04 14:35:30', 64, 'category', 13, 7, 'select', 'false', 'active', 'true', '', 'false'),
('2010-05-17 16:40:43', 'text', 98, 'Profession', '2010-09-06 16:25:37', 128, 'profession', 16, 1, 'text', 'false', 'active', 'false', '', 'false'),
('2010-09-12 19:50:04', 'select', 99, 'I am over 18', '2010-12-04 14:35:30', 64, 'i_am_over_18', 17, 1, 'select', 'false', 'active', 'false', '', 'false');

-- --------------------------------------------------------

--
-- Table structure for table `profile_widget_field_autocomplete`
--

CREATE TABLE IF NOT EXISTS `profile_widget_field_autocomplete` (
  `profile_widget_field_select_values_id` mediumint(8) unsigned NOT NULL,
  `created` timestamp NOT NULL DEFAULT CURRENT_TIMESTAMP ON UPDATE CURRENT_TIMESTAMP,
  `id` mediumint(8) unsigned NOT NULL AUTO_INCREMENT,
  `ikey` varchar(75) NOT NULL,
  `profile_widget_field_id` mediumint(8) unsigned NOT NULL,
  `related_id` mediumint(8) unsigned NOT NULL,
  `searchable_id` int(11) unsigned NOT NULL,
  PRIMARY KEY (`id`),
  KEY `profile_widget_field_autocomplete_searchable_fk` (`searchable_id`),
  KEY `profile_widget_field_autocomplete_pwf_fk` (`profile_widget_field_id`),
  KEY `profile_widget_field_select_values_fk` (`profile_widget_field_select_values_id`),
  KEY `profile_widget_field_autocomplete_values_fk` (`related_id`)
) ENGINE=InnoDB DEFAULT CHARSET=utf8 AUTO_INCREMENT=1 ;

--
-- Dumping data for table `profile_widget_field_autocomplete`
--


-- --------------------------------------------------------

--
-- Table structure for table `profile_widget_field_daterange`
--

CREATE TABLE IF NOT EXISTS `profile_widget_field_daterange` (
  `created` timestamp NOT NULL DEFAULT CURRENT_TIMESTAMP ON UPDATE CURRENT_TIMESTAMP,
  `id` int(10) unsigned NOT NULL AUTO_INCREMENT,
  `ikey` varchar(75) NOT NULL,
  `profile_widget_field_id` mediumint(8) unsigned NOT NULL,
  `searchable_id` int(11) unsigned NOT NULL,
  `valueA` datetime NOT NULL,
  `valueB` datetime NOT NULL,
  `current` enum('false','true') NOT NULL DEFAULT 'false',
  PRIMARY KEY (`id`),
  KEY `normal` (`profile_widget_field_id`,`searchable_id`),
  KEY `profile_widget_field_daterange_searchable_fk` (`searchable_id`),
  KEY `profile_widget_field_daterange_pwf_fk` (`profile_widget_field_id`)
) ENGINE=InnoDB  DEFAULT CHARSET=utf8 AUTO_INCREMENT=19 ;

--
-- Dumping data for table `profile_widget_field_daterange`
--

INSERT INTO `profile_widget_field_daterange` (`created`, `id`, `ikey`, `profile_widget_field_id`, `searchable_id`, `valueA`, `valueB`, `current`) VALUES
('2010-08-19 23:34:01', 10, 'd4f700c81022c855e0041af836222bb41575', 32, 13, '2006-08-00 00:00:00', '2004-03-00 00:00:00', 'false'),
('2010-08-19 23:34:01', 13, 'd705a7d31b21d8cf70fa9a56c51c40704002', 32, 16, '2004-07-00 00:00:00', '0000-00-00 00:00:00', 'true');

-- --------------------------------------------------------

--
-- Table structure for table `profile_widget_field_datetime`
--

CREATE TABLE IF NOT EXISTS `profile_widget_field_datetime` (
  `created` timestamp NOT NULL DEFAULT CURRENT_TIMESTAMP ON UPDATE CURRENT_TIMESTAMP,
  `id` int(10) unsigned NOT NULL AUTO_INCREMENT,
  `ikey` varchar(75) NOT NULL,
  `profile_widget_field_id` mediumint(8) unsigned NOT NULL,
  `searchable_id` int(11) unsigned NOT NULL,
  `value` datetime NOT NULL,
  PRIMARY KEY (`id`),
  KEY `normal` (`profile_widget_field_id`,`searchable_id`),
  KEY `profile_widget_field_datetime_searchable_fk` (`searchable_id`),
  KEY `profile_widget_field_datetime_pwf_fk` (`profile_widget_field_id`)
) ENGINE=InnoDB  DEFAULT CHARSET=utf8 AUTO_INCREMENT=108 ;

--
-- Dumping data for table `profile_widget_field_datetime`
--

INSERT INTO `profile_widget_field_datetime` (`created`, `id`, `ikey`, `profile_widget_field_id`, `searchable_id`, `value`) VALUES
('2010-08-19 23:34:01', 25, 'e594b22cf15b445f7476775aa508e9c34245', 2, 184, '1980-07-10 00:00:00'),
('2010-08-19 23:34:01', 26, 'd34ff18d819ea9dfeda0f638eae589f09264', 2, 185, '1985-04-01 00:00:00'),
('2010-08-19 23:34:01', 27, '85af7dbb0532ca29713840ae3711fa893590', 2, 186, '1995-02-01 00:00:00'),
('2010-08-19 23:34:01', 33, 'c880fef47467f024678e14541e76f52b8672', 2, 216, '1978-01-01 00:00:00'),
('2010-08-19 23:34:01', 35, 'a817db2aec9ea4c66b2a422edbef2cf04327', 2, 223, '1995-02-01 00:00:00'),
('2010-08-19 23:34:01', 36, 'f8edf791b835c6d03a6d57d37f7ae3cc5428', 2, 218, '1977-01-02 00:00:00'),
('2010-08-19 23:34:01', 47, 'cb28c4d5d16ce5fc8ff6c2b29642928b4932', 2, 228, '1986-12-26 00:00:00'),
('2010-08-19 23:34:01', 48, 'e7232a984c0df3823c79c0956e803e5d6551', 2, 214, '1920-01-01 00:00:00'),
('2010-08-19 23:34:01', 61, 'a92ca659710f6eff36acd8d6732959002055', 37, 210, '1996-08-28 00:00:00'),
('2010-08-19 23:34:01', 68, '850a1c635ad72cef9bde946b8aa9a45b3574', 37, 241, '2006-01-01 00:00:00'),
('2010-08-19 23:34:01', 70, '5bcce5a21c3f0445bd62d5cd6cfd61c78141', 80, 240, '2010-02-22 00:00:00'),
('2010-08-19 23:34:01', 72, 'b3537c9446454482cc7d4837f809fc8a2513', 2, 34, '1964-07-31 00:00:00'),
('2010-08-19 23:34:01', 88, '51cc7f4d45e9cba44a0713a8943a1ae54849', 80, 242, '2010-01-01 00:00:00'),
('2010-08-19 23:34:01', 93, '7b5d192ae3d1571d7fc82e2262e8819c5874', 80, 243, '2010-05-24 00:00:00'),
('2010-08-19 23:34:01', 99, 'e9ac0fd569bfecdff5e9e97d2a8766b46265', 37, 249, '2010-01-01 00:00:00'),
('2010-08-19 23:50:30', 100, 'd5b64add770ceb4a5d62f795b6ac653f', 37, 13, '2010-08-01 00:00:00'),
('2010-08-20 12:54:56', 101, '497ce3ea9fec6fd7161a4647363e103d', 37, 16, '2010-01-01 00:00:00'),
('2010-09-06 16:26:31', 102, '39bd258c4521a184d39b0ab82778b5b7', 37, 188, '2008-06-03 00:00:00'),
('2010-09-12 19:51:19', 106, 'cc0dc480b755068ee32546b8f2ff0f21', 2, 13, '1982-06-02 00:00:00'),
('2010-09-18 07:43:15', 107, 'aa1548dcd053f0c2b1b1d149a7348392', 37, 191, '2010-01-01 00:00:00');

-- --------------------------------------------------------

--
-- Table structure for table `profile_widget_field_select`
--

CREATE TABLE IF NOT EXISTS `profile_widget_field_select` (
  `profile_widget_field_select_values_id` mediumint(8) unsigned NOT NULL,
  `created` timestamp NOT NULL DEFAULT CURRENT_TIMESTAMP ON UPDATE CURRENT_TIMESTAMP,
  `id` mediumint(8) unsigned NOT NULL AUTO_INCREMENT,
  `ikey` varchar(75) NOT NULL,
  `profile_widget_field_id` mediumint(8) unsigned NOT NULL,
  `related_id` mediumint(8) unsigned NOT NULL,
  `searchable_id` int(11) unsigned NOT NULL,
  PRIMARY KEY (`id`),
  UNIQUE KEY `profile_widget_field_id` (`profile_widget_field_id`,`searchable_id`)
) ENGINE=InnoDB  DEFAULT CHARSET=utf8 AUTO_INCREMENT=11 ;

--
-- Dumping data for table `profile_widget_field_select`
--

INSERT INTO `profile_widget_field_select` (`profile_widget_field_select_values_id`, `created`, `id`, `ikey`, `profile_widget_field_id`, `related_id`, `searchable_id`) VALUES
(0, '2010-12-06 12:38:56', 1, '5db0fa6089526027425f4da0314f73d2', 57, 1, 16),
(0, '2010-12-06 12:38:56', 2, 'c66ae4fb0941be341cecde3b30cfe7af', 58, 1, 16),
(0, '2010-12-06 12:38:56', 3, 'a5f7f962ead6c8c3b0a739333dd448ec', 62, 4, 16),
(0, '2010-12-10 11:23:51', 4, 'e533e9b353bd68c463c651aefc4473f1', 77, 1, 296),
(0, '2010-12-10 11:23:51', 5, '708cf2c03d6966e9dc15d9d4e3cc069b', 85, 2, 296),
(0, '2010-12-10 11:45:52', 6, '55403cddbb7a7a0053bf8fa667fcb306', 91, 2920, 240),
(0, '2010-12-10 11:46:13', 7, 'c1b0bf46d257579394504570d34fd4ed', 77, 1, 240),
(0, '2010-12-10 11:46:44', 8, '67a6fc12f3928d1b7371aa45197c0416', 91, 2920, 295),
(0, '2010-12-10 11:46:52', 9, '1004511b7790ecfb78e440fe8aab881f', 89, 2923, 295),
(0, '2010-12-10 11:48:19', 10, '9c8fb40466069c28b209514a526d87ba', 89, 2926, 240);

-- --------------------------------------------------------

--
-- Table structure for table `profile_widget_field_select_values`
--

CREATE TABLE IF NOT EXISTS `profile_widget_field_select_values` (
  `created` datetime NOT NULL DEFAULT '0000-00-00 00:00:00',
  `f` int(10) unsigned NOT NULL DEFAULT '0',
  `id` mediumint(8) unsigned NOT NULL AUTO_INCREMENT,
  `modified` timestamp NOT NULL DEFAULT CURRENT_TIMESTAMP ON UPDATE CURRENT_TIMESTAMP,
  `name` varchar(64) NOT NULL,
  `profile_widget_field_id` mediumint(8) unsigned NOT NULL,
  `status` enum('deleted','active') NOT NULL DEFAULT 'active',
  PRIMARY KEY (`id`),
  UNIQUE KEY `name` (`profile_widget_field_id`,`name`)
) ENGINE=InnoDB  DEFAULT CHARSET=utf8 AUTO_INCREMENT=2927 ;

--
-- Dumping data for table `profile_widget_field_select_values`
--

INSERT INTO `profile_widget_field_select_values` (`created`, `f`, `id`, `modified`, `name`, `profile_widget_field_id`, `status`) VALUES
('0000-00-00 00:00:00', 0, 1, '0000-00-00 00:00:00', 'Undergrad', 8, 'active'),
('0000-00-00 00:00:00', 0, 2, '0000-00-00 00:00:00', 'Graduate', 8, 'active'),
('0000-00-00 00:00:00', 0, 3, '0000-00-00 00:00:00', 'Post-doc', 8, 'active'),
('2009-12-05 20:49:11', 0, 4, '2009-12-05 20:49:11', 'Monday', 71, 'active'),
('2009-12-05 20:49:19', 0, 5, '2009-12-05 20:49:19', 'Tuesday', 71, 'active'),
('2009-12-05 20:49:27', 0, 6, '2009-12-05 20:49:27', 'Wednesday', 71, 'active'),
('2009-12-05 20:49:36', 0, 7, '2009-12-05 20:49:36', 'Thursday', 71, 'active'),
('2009-12-05 20:49:43', 0, 8, '2009-12-05 20:49:43', 'Friday', 71, 'active'),
('2009-12-05 20:49:50', 0, 9, '2010-05-16 15:58:01', 'Weeknights only', 71, 'active'),
('2009-12-05 20:50:00', 0, 10, '2010-05-16 15:57:36', 'Variable: Please contact me', 71, 'active'),
('2009-12-05 20:54:23', 0, 11, '2010-05-16 15:57:36', 'Saturday', 71, 'active'),
('2010-05-16 15:57:49', 0, 12, '2010-05-16 15:57:49', 'Sunday', 71, 'active'),
('2010-05-17 09:42:57', 0, 19, '2010-05-17 10:31:39', 'Team', 96, 'active'),
('2010-05-17 09:43:11', 0, 20, '2010-05-17 10:31:39', 'Group', 96, 'active'),
('2010-07-19 11:56:10', 0, 21, '2010-07-19 11:56:10', 'Other', 96, 'active'),
('0000-00-00 00:00:00', 0, 277, '0000-00-00 00:00:00', 'Abidjan', 29, 'active'),
('0000-00-00 00:00:00', 0, 278, '0000-00-00 00:00:00', 'Addis Ababa', 29, 'active'),
('0000-00-00 00:00:00', 0, 279, '0000-00-00 00:00:00', 'Ahmedabad', 29, 'active'),
('0000-00-00 00:00:00', 0, 280, '0000-00-00 00:00:00', 'Akron', 29, 'active'),
('0000-00-00 00:00:00', 0, 281, '0000-00-00 00:00:00', 'Alameda', 29, 'active'),
('0000-00-00 00:00:00', 0, 282, '0000-00-00 00:00:00', 'Albany', 29, 'active'),
('0000-00-00 00:00:00', 0, 283, '0000-00-00 00:00:00', 'Albuquerque', 29, 'active'),
('0000-00-00 00:00:00', 0, 284, '0000-00-00 00:00:00', 'Alexandria', 29, 'active'),
('0000-00-00 00:00:00', 0, 285, '0000-00-00 00:00:00', 'American Canyon', 29, 'active'),
('0000-00-00 00:00:00', 0, 286, '0000-00-00 00:00:00', 'Anaheim', 29, 'active'),
('0000-00-00 00:00:00', 0, 287, '0000-00-00 00:00:00', 'Anchorage', 29, 'active'),
('0000-00-00 00:00:00', 0, 288, '0000-00-00 00:00:00', 'Ankara', 29, 'active'),
('0000-00-00 00:00:00', 0, 289, '0000-00-00 00:00:00', 'Antioch', 29, 'active'),
('0000-00-00 00:00:00', 0, 290, '0000-00-00 00:00:00', 'Arlington', 29, 'active'),
('0000-00-00 00:00:00', 0, 291, '0000-00-00 00:00:00', 'Atherton', 29, 'active'),
('0000-00-00 00:00:00', 0, 292, '0000-00-00 00:00:00', 'Atlanta', 29, 'active'),
('0000-00-00 00:00:00', 0, 293, '0000-00-00 00:00:00', 'Aurora', 29, 'active'),
('0000-00-00 00:00:00', 0, 294, '0000-00-00 00:00:00', 'Austin', 29, 'active'),
('0000-00-00 00:00:00', 0, 295, '0000-00-00 00:00:00', 'Baghdad', 29, 'active'),
('0000-00-00 00:00:00', 0, 296, '0000-00-00 00:00:00', 'Bakersfield', 29, 'active'),
('0000-00-00 00:00:00', 0, 297, '0000-00-00 00:00:00', 'Baltimore', 29, 'active'),
('0000-00-00 00:00:00', 0, 298, '0000-00-00 00:00:00', 'Bandung', 29, 'active'),
('0000-00-00 00:00:00', 0, 299, '0000-00-00 00:00:00', 'Bangalore', 29, 'active'),
('0000-00-00 00:00:00', 0, 300, '0000-00-00 00:00:00', 'Bangkok', 29, 'active'),
('0000-00-00 00:00:00', 0, 301, '0000-00-00 00:00:00', 'Baton Rouge', 29, 'active'),
('0000-00-00 00:00:00', 0, 302, '0000-00-00 00:00:00', 'Beijing', 29, 'active'),
('0000-00-00 00:00:00', 0, 303, '0000-00-00 00:00:00', 'Belmont', 29, 'active'),
('0000-00-00 00:00:00', 0, 304, '0000-00-00 00:00:00', 'Belo Horizonte', 29, 'active'),
('0000-00-00 00:00:00', 0, 305, '0000-00-00 00:00:00', 'Belvedere', 29, 'active'),
('0000-00-00 00:00:00', 0, 306, '0000-00-00 00:00:00', 'Benicia', 29, 'active'),
('0000-00-00 00:00:00', 0, 307, '0000-00-00 00:00:00', 'Berkeley', 29, 'active'),
('0000-00-00 00:00:00', 0, 308, '0000-00-00 00:00:00', 'Berlin', 29, 'active'),
('0000-00-00 00:00:00', 0, 309, '0000-00-00 00:00:00', 'Birmingham', 29, 'active'),
('0000-00-00 00:00:00', 0, 310, '0000-00-00 00:00:00', 'Bogor', 29, 'active'),
('0000-00-00 00:00:00', 0, 311, '0000-00-00 00:00:00', 'Bogota', 29, 'active'),
('0000-00-00 00:00:00', 0, 312, '0000-00-00 00:00:00', 'Bombay', 29, 'active'),
('0000-00-00 00:00:00', 0, 313, '0000-00-00 00:00:00', 'Boston', 29, 'active'),
('0000-00-00 00:00:00', 0, 314, '0000-00-00 00:00:00', 'Brasilia', 29, 'active'),
('0000-00-00 00:00:00', 0, 315, '0000-00-00 00:00:00', 'Brentwood', 29, 'active'),
('0000-00-00 00:00:00', 0, 316, '0000-00-00 00:00:00', 'Brisbane', 29, 'active'),
('0000-00-00 00:00:00', 0, 317, '0000-00-00 00:00:00', 'Bucuresti', 29, 'active'),
('0000-00-00 00:00:00', 0, 318, '0000-00-00 00:00:00', 'Budapest', 29, 'active'),
('0000-00-00 00:00:00', 0, 319, '0000-00-00 00:00:00', 'Buenos Aires', 29, 'active'),
('0000-00-00 00:00:00', 0, 320, '0000-00-00 00:00:00', 'Buffalo', 29, 'active'),
('0000-00-00 00:00:00', 0, 321, '0000-00-00 00:00:00', 'Burlingame', 29, 'active'),
('0000-00-00 00:00:00', 0, 322, '0000-00-00 00:00:00', 'Cairo', 29, 'active'),
('0000-00-00 00:00:00', 0, 323, '0000-00-00 00:00:00', 'Calcutta', 29, 'active'),
('0000-00-00 00:00:00', 0, 324, '0000-00-00 00:00:00', 'Cali', 29, 'active'),
('0000-00-00 00:00:00', 0, 325, '0000-00-00 00:00:00', 'Calistoga', 29, 'active'),
('0000-00-00 00:00:00', 0, 326, '0000-00-00 00:00:00', 'Campbell', 29, 'active'),
('0000-00-00 00:00:00', 0, 327, '0000-00-00 00:00:00', 'Caracas', 29, 'active'),
('0000-00-00 00:00:00', 0, 328, '0000-00-00 00:00:00', 'Casablanca', 29, 'active'),
('0000-00-00 00:00:00', 0, 329, '0000-00-00 00:00:00', 'Chandler', 29, 'active'),
('0000-00-00 00:00:00', 0, 330, '0000-00-00 00:00:00', 'Changchun', 29, 'active'),
('0000-00-00 00:00:00', 0, 331, '0000-00-00 00:00:00', 'Charlotte', 29, 'active'),
('0000-00-00 00:00:00', 0, 332, '0000-00-00 00:00:00', 'Chengdu', 29, 'active'),
('0000-00-00 00:00:00', 0, 333, '0000-00-00 00:00:00', 'Chesapeake', 29, 'active'),
('0000-00-00 00:00:00', 0, 334, '0000-00-00 00:00:00', 'Chicago', 29, 'active'),
('0000-00-00 00:00:00', 0, 335, '0000-00-00 00:00:00', 'Chongqing', 29, 'active'),
('0000-00-00 00:00:00', 0, 336, '0000-00-00 00:00:00', 'Chula Vista', 29, 'active'),
('0000-00-00 00:00:00', 0, 337, '0000-00-00 00:00:00', 'Cincinnati', 29, 'active'),
('0000-00-00 00:00:00', 0, 338, '0000-00-00 00:00:00', 'Cirebon', 29, 'active'),
('0000-00-00 00:00:00', 0, 339, '0000-00-00 00:00:00', 'Clayton', 29, 'active'),
('0000-00-00 00:00:00', 0, 340, '0000-00-00 00:00:00', 'Cleveland', 29, 'active'),
('0000-00-00 00:00:00', 0, 341, '0000-00-00 00:00:00', 'Cloverdale', 29, 'active'),
('0000-00-00 00:00:00', 0, 342, '0000-00-00 00:00:00', 'Colma', 29, 'active'),
('0000-00-00 00:00:00', 0, 343, '0000-00-00 00:00:00', 'Colorado Springs', 29, 'active'),
('0000-00-00 00:00:00', 0, 344, '0000-00-00 00:00:00', 'Columbus', 29, 'active'),
('0000-00-00 00:00:00', 0, 345, '0000-00-00 00:00:00', 'Concord', 29, 'active'),
('0000-00-00 00:00:00', 0, 346, '0000-00-00 00:00:00', 'Corpus Christi', 29, 'active'),
('0000-00-00 00:00:00', 0, 347, '0000-00-00 00:00:00', 'Corte Madera', 29, 'active'),
('0000-00-00 00:00:00', 0, 348, '0000-00-00 00:00:00', 'Cotati', 29, 'active'),
('0000-00-00 00:00:00', 0, 349, '0000-00-00 00:00:00', 'Cupertino', 29, 'active'),
('0000-00-00 00:00:00', 0, 350, '0000-00-00 00:00:00', 'Dalian', 29, 'active'),
('0000-00-00 00:00:00', 0, 351, '0000-00-00 00:00:00', 'Dallas', 29, 'active'),
('0000-00-00 00:00:00', 0, 352, '0000-00-00 00:00:00', 'Daly City', 29, 'active'),
('0000-00-00 00:00:00', 0, 353, '0000-00-00 00:00:00', 'Danville', 29, 'active'),
('0000-00-00 00:00:00', 0, 354, '0000-00-00 00:00:00', 'Delhi', 29, 'active'),
('0000-00-00 00:00:00', 0, 355, '0000-00-00 00:00:00', 'Denver', 29, 'active'),
('0000-00-00 00:00:00', 0, 356, '0000-00-00 00:00:00', 'Detroit', 29, 'active'),
('0000-00-00 00:00:00', 0, 357, '0000-00-00 00:00:00', 'Dhaka', 29, 'active'),
('0000-00-00 00:00:00', 0, 358, '0000-00-00 00:00:00', 'Dixon', 29, 'active'),
('0000-00-00 00:00:00', 0, 359, '0000-00-00 00:00:00', 'Dublin', 29, 'active'),
('0000-00-00 00:00:00', 0, 360, '0000-00-00 00:00:00', 'Durham', 29, 'active'),
('0000-00-00 00:00:00', 0, 361, '0000-00-00 00:00:00', 'East Palo Alto', 29, 'active'),
('0000-00-00 00:00:00', 0, 362, '0000-00-00 00:00:00', 'El Cerrito', 29, 'active'),
('0000-00-00 00:00:00', 0, 363, '0000-00-00 00:00:00', 'El Paso', 29, 'active'),
('0000-00-00 00:00:00', 0, 364, '0000-00-00 00:00:00', 'Emeryville', 29, 'active'),
('0000-00-00 00:00:00', 0, 365, '0000-00-00 00:00:00', 'Fairfax', 29, 'active'),
('0000-00-00 00:00:00', 0, 366, '0000-00-00 00:00:00', 'Fairfield', 29, 'active'),
('0000-00-00 00:00:00', 0, 367, '0000-00-00 00:00:00', 'Faisalabad', 29, 'active'),
('0000-00-00 00:00:00', 0, 368, '0000-00-00 00:00:00', 'Fort Wayne', 29, 'active'),
('0000-00-00 00:00:00', 0, 369, '0000-00-00 00:00:00', 'Fort Worth', 29, 'active'),
('0000-00-00 00:00:00', 0, 370, '0000-00-00 00:00:00', 'Fortaleza', 29, 'active'),
('0000-00-00 00:00:00', 0, 371, '0000-00-00 00:00:00', 'Foster City', 29, 'active'),
('0000-00-00 00:00:00', 0, 372, '0000-00-00 00:00:00', 'Fremont', 29, 'active'),
('0000-00-00 00:00:00', 0, 373, '0000-00-00 00:00:00', 'Fresno', 29, 'active'),
('0000-00-00 00:00:00', 0, 374, '0000-00-00 00:00:00', 'Garland', 29, 'active'),
('0000-00-00 00:00:00', 0, 375, '0000-00-00 00:00:00', 'Gilroy', 29, 'active'),
('0000-00-00 00:00:00', 0, 376, '0000-00-00 00:00:00', 'Giza', 29, 'active'),
('0000-00-00 00:00:00', 0, 377, '0000-00-00 00:00:00', 'Glendale', 29, 'active'),
('0000-00-00 00:00:00', 0, 378, '0000-00-00 00:00:00', 'Greensboro', 29, 'active'),
('0000-00-00 00:00:00', 0, 379, '0000-00-00 00:00:00', 'Guangzhou', 29, 'active'),
('0000-00-00 00:00:00', 0, 380, '0000-00-00 00:00:00', 'Guayaquil', 29, 'active'),
('0000-00-00 00:00:00', 0, 381, '0000-00-00 00:00:00', 'Haerbin', 29, 'active'),
('0000-00-00 00:00:00', 0, 382, '0000-00-00 00:00:00', 'Half Moon Bay', 29, 'active'),
('0000-00-00 00:00:00', 0, 383, '0000-00-00 00:00:00', 'Havanna', 29, 'active'),
('0000-00-00 00:00:00', 0, 384, '0000-00-00 00:00:00', 'Hayward', 29, 'active'),
('0000-00-00 00:00:00', 0, 385, '0000-00-00 00:00:00', 'Healdsburg', 29, 'active'),
('0000-00-00 00:00:00', 0, 386, '0000-00-00 00:00:00', 'Henderson', 29, 'active'),
('0000-00-00 00:00:00', 0, 387, '0000-00-00 00:00:00', 'Hercules', 29, 'active'),
('0000-00-00 00:00:00', 0, 388, '0000-00-00 00:00:00', 'Hialeah', 29, 'active'),
('0000-00-00 00:00:00', 0, 389, '0000-00-00 00:00:00', 'Hillsborough', 29, 'active'),
('0000-00-00 00:00:00', 0, 390, '0000-00-00 00:00:00', 'Ho Chi Minh', 29, 'active'),
('0000-00-00 00:00:00', 0, 391, '0000-00-00 00:00:00', 'Hongkong', 29, 'active'),
('0000-00-00 00:00:00', 0, 392, '0000-00-00 00:00:00', 'Honolulu Cdp', 29, 'active'),
('0000-00-00 00:00:00', 0, 393, '0000-00-00 00:00:00', 'Houston', 29, 'active'),
('0000-00-00 00:00:00', 0, 394, '0000-00-00 00:00:00', 'Hyderabad', 29, 'active'),
('0000-00-00 00:00:00', 0, 395, '0000-00-00 00:00:00', 'Inchon', 29, 'active'),
('0000-00-00 00:00:00', 0, 396, '0000-00-00 00:00:00', 'Indianapolis', 29, 'active'),
('0000-00-00 00:00:00', 0, 397, '0000-00-00 00:00:00', 'Istanbul', 29, 'active'),
('0000-00-00 00:00:00', 0, 398, '0000-00-00 00:00:00', 'Izmir', 29, 'active'),
('0000-00-00 00:00:00', 0, 399, '0000-00-00 00:00:00', 'Jacksonville', 29, 'active'),
('0000-00-00 00:00:00', 0, 400, '0000-00-00 00:00:00', 'Jakarta', 29, 'active'),
('0000-00-00 00:00:00', 0, 401, '0000-00-00 00:00:00', 'Jersey', 29, 'active'),
('0000-00-00 00:00:00', 0, 402, '0000-00-00 00:00:00', 'Jinan', 29, 'active'),
('0000-00-00 00:00:00', 0, 403, '0000-00-00 00:00:00', 'Kanpur', 29, 'active'),
('0000-00-00 00:00:00', 0, 404, '0000-00-00 00:00:00', 'Kansas', 29, 'active'),
('0000-00-00 00:00:00', 0, 405, '0000-00-00 00:00:00', 'Karachi', 29, 'active'),
('0000-00-00 00:00:00', 0, 406, '0000-00-00 00:00:00', 'Kiev', 29, 'active'),
('0000-00-00 00:00:00', 0, 407, '0000-00-00 00:00:00', 'Kinshasa', 29, 'active'),
('0000-00-00 00:00:00', 0, 408, '0000-00-00 00:00:00', 'Lafayette', 29, 'active'),
('0000-00-00 00:00:00', 0, 409, '0000-00-00 00:00:00', 'Lahore', 29, 'active'),
('0000-00-00 00:00:00', 0, 410, '0000-00-00 00:00:00', 'Laredo', 29, 'active'),
('0000-00-00 00:00:00', 0, 411, '0000-00-00 00:00:00', 'Larkspur', 29, 'active'),
('0000-00-00 00:00:00', 0, 412, '0000-00-00 00:00:00', 'Las Vegas', 29, 'active'),
('0000-00-00 00:00:00', 0, 413, '0000-00-00 00:00:00', 'Lexington', 29, 'active'),
('0000-00-00 00:00:00', 0, 414, '0000-00-00 00:00:00', 'Lima', 29, 'active'),
('0000-00-00 00:00:00', 0, 415, '0000-00-00 00:00:00', 'Lincoln', 29, 'active'),
('0000-00-00 00:00:00', 0, 416, '0000-00-00 00:00:00', 'Livermore', 29, 'active'),
('0000-00-00 00:00:00', 0, 417, '0000-00-00 00:00:00', 'London', 29, 'active'),
('0000-00-00 00:00:00', 0, 418, '0000-00-00 00:00:00', 'Long Beach', 29, 'active'),
('0000-00-00 00:00:00', 0, 419, '0000-00-00 00:00:00', 'Los Altos', 29, 'active'),
('0000-00-00 00:00:00', 0, 420, '0000-00-00 00:00:00', 'Los Altos Hills', 29, 'active'),
('0000-00-00 00:00:00', 0, 421, '0000-00-00 00:00:00', 'Los Angeles', 29, 'active'),
('0000-00-00 00:00:00', 0, 422, '0000-00-00 00:00:00', 'Los Gatos', 29, 'active'),
('0000-00-00 00:00:00', 0, 423, '0000-00-00 00:00:00', 'Louisville', 29, 'active'),
('0000-00-00 00:00:00', 0, 424, '0000-00-00 00:00:00', 'Lubbock', 29, 'active'),
('0000-00-00 00:00:00', 0, 425, '0000-00-00 00:00:00', 'Madison', 29, 'active'),
('0000-00-00 00:00:00', 0, 426, '0000-00-00 00:00:00', 'Madras', 29, 'active'),
('0000-00-00 00:00:00', 0, 427, '0000-00-00 00:00:00', 'Madrid', 29, 'active'),
('0000-00-00 00:00:00', 0, 428, '0000-00-00 00:00:00', 'Malang', 29, 'active'),
('0000-00-00 00:00:00', 0, 429, '0000-00-00 00:00:00', 'Martinez', 29, 'active'),
('0000-00-00 00:00:00', 0, 430, '0000-00-00 00:00:00', 'Mashhad', 29, 'active'),
('0000-00-00 00:00:00', 0, 431, '0000-00-00 00:00:00', 'Medan', 29, 'active'),
('0000-00-00 00:00:00', 0, 432, '0000-00-00 00:00:00', 'Medelln', 29, 'active'),
('0000-00-00 00:00:00', 0, 433, '0000-00-00 00:00:00', 'Memphis', 29, 'active'),
('0000-00-00 00:00:00', 0, 434, '0000-00-00 00:00:00', 'Menlo Park', 29, 'active'),
('0000-00-00 00:00:00', 0, 435, '0000-00-00 00:00:00', 'Mesa', 29, 'active'),
('0000-00-00 00:00:00', 0, 436, '0000-00-00 00:00:00', 'Mexico', 29, 'active'),
('0000-00-00 00:00:00', 0, 437, '0000-00-00 00:00:00', 'Miami', 29, 'active'),
('0000-00-00 00:00:00', 0, 438, '0000-00-00 00:00:00', 'Mill Valley', 29, 'active'),
('0000-00-00 00:00:00', 0, 439, '0000-00-00 00:00:00', 'Millbrae', 29, 'active'),
('0000-00-00 00:00:00', 0, 440, '0000-00-00 00:00:00', 'Milpitas', 29, 'active'),
('0000-00-00 00:00:00', 0, 441, '0000-00-00 00:00:00', 'Milwaukee', 29, 'active'),
('0000-00-00 00:00:00', 0, 442, '0000-00-00 00:00:00', 'Minneapolis', 29, 'active'),
('0000-00-00 00:00:00', 0, 443, '0000-00-00 00:00:00', 'Modesto', 29, 'active'),
('0000-00-00 00:00:00', 0, 444, '0000-00-00 00:00:00', 'Monte Sereno', 29, 'active'),
('0000-00-00 00:00:00', 0, 445, '0000-00-00 00:00:00', 'Montgomery', 29, 'active'),
('0000-00-00 00:00:00', 0, 446, '0000-00-00 00:00:00', 'Moraga', 29, 'active'),
('0000-00-00 00:00:00', 0, 447, '0000-00-00 00:00:00', 'Morgan Hill', 29, 'active'),
('0000-00-00 00:00:00', 0, 448, '0000-00-00 00:00:00', 'Moscow', 29, 'active'),
('0000-00-00 00:00:00', 0, 449, '0000-00-00 00:00:00', 'Mountain View', 29, 'active'),
('0000-00-00 00:00:00', 0, 450, '0000-00-00 00:00:00', 'Nagoya', 29, 'active'),
('0000-00-00 00:00:00', 0, 451, '0000-00-00 00:00:00', 'Nanjing', 29, 'active'),
('0000-00-00 00:00:00', 0, 452, '0000-00-00 00:00:00', 'Napa', 29, 'active'),
('0000-00-00 00:00:00', 0, 453, '0000-00-00 00:00:00', 'Nashville', 29, 'active'),
('0000-00-00 00:00:00', 0, 454, '0000-00-00 00:00:00', 'New Orleans', 29, 'active'),
('0000-00-00 00:00:00', 0, 455, '0000-00-00 00:00:00', 'New York', 29, 'active'),
('0000-00-00 00:00:00', 0, 456, '0000-00-00 00:00:00', 'Newark', 29, 'active'),
('0000-00-00 00:00:00', 0, 457, '0000-00-00 00:00:00', 'Norfolk', 29, 'active'),
('0000-00-00 00:00:00', 0, 458, '0000-00-00 00:00:00', 'Novato', 29, 'active'),
('0000-00-00 00:00:00', 0, 459, '0000-00-00 00:00:00', 'Oakland', 29, 'active'),
('0000-00-00 00:00:00', 0, 460, '0000-00-00 00:00:00', 'Oakley', 29, 'active'),
('0000-00-00 00:00:00', 0, 461, '0000-00-00 00:00:00', 'Oklahoma', 29, 'active'),
('0000-00-00 00:00:00', 0, 462, '0000-00-00 00:00:00', 'Omaha', 29, 'active'),
('0000-00-00 00:00:00', 0, 463, '0000-00-00 00:00:00', 'Orinda', 29, 'active'),
('0000-00-00 00:00:00', 0, 464, '0000-00-00 00:00:00', 'Orlando', 29, 'active'),
('0000-00-00 00:00:00', 0, 465, '0000-00-00 00:00:00', 'Osaka', 29, 'active'),
('0000-00-00 00:00:00', 0, 466, '0000-00-00 00:00:00', 'Pacifica', 29, 'active'),
('0000-00-00 00:00:00', 0, 467, '0000-00-00 00:00:00', 'Palo Alto', 29, 'active'),
('0000-00-00 00:00:00', 0, 468, '0000-00-00 00:00:00', 'Paris', 29, 'active'),
('0000-00-00 00:00:00', 0, 469, '0000-00-00 00:00:00', 'Petaluma', 29, 'active'),
('0000-00-00 00:00:00', 0, 470, '0000-00-00 00:00:00', 'Philadelphia', 29, 'active'),
('0000-00-00 00:00:00', 0, 471, '0000-00-00 00:00:00', 'Phoenix', 29, 'active'),
('0000-00-00 00:00:00', 0, 472, '0000-00-00 00:00:00', 'Piedmont', 29, 'active'),
('0000-00-00 00:00:00', 0, 473, '0000-00-00 00:00:00', 'Pinole', 29, 'active'),
('0000-00-00 00:00:00', 0, 474, '0000-00-00 00:00:00', 'Pittsburg', 29, 'active'),
('0000-00-00 00:00:00', 0, 475, '0000-00-00 00:00:00', 'Pittsburgh', 29, 'active'),
('0000-00-00 00:00:00', 0, 476, '0000-00-00 00:00:00', 'Plano', 29, 'active'),
('0000-00-00 00:00:00', 0, 477, '0000-00-00 00:00:00', 'Pleasant Hill', 29, 'active'),
('0000-00-00 00:00:00', 0, 478, '0000-00-00 00:00:00', 'Pleasanton', 29, 'active'),
('0000-00-00 00:00:00', 0, 479, '0000-00-00 00:00:00', 'Portland', 29, 'active'),
('0000-00-00 00:00:00', 0, 480, '0000-00-00 00:00:00', 'Portola Valley', 29, 'active'),
('0000-00-00 00:00:00', 0, 481, '0000-00-00 00:00:00', 'Pusan', 29, 'active'),
('0000-00-00 00:00:00', 0, 482, '0000-00-00 00:00:00', 'Pyongyang', 29, 'active'),
('0000-00-00 00:00:00', 0, 483, '0000-00-00 00:00:00', 'Qingdao', 29, 'active'),
('0000-00-00 00:00:00', 0, 484, '0000-00-00 00:00:00', 'Quezon City', 29, 'active'),
('0000-00-00 00:00:00', 0, 485, '0000-00-00 00:00:00', 'Raleigh', 29, 'active'),
('0000-00-00 00:00:00', 0, 486, '0000-00-00 00:00:00', 'Redwood City', 29, 'active'),
('0000-00-00 00:00:00', 0, 487, '0000-00-00 00:00:00', 'Richmond', 29, 'active'),
('0000-00-00 00:00:00', 0, 488, '0000-00-00 00:00:00', 'Rio De Janeiro', 29, 'active'),
('0000-00-00 00:00:00', 0, 489, '0000-00-00 00:00:00', 'Rio Vista', 29, 'active'),
('0000-00-00 00:00:00', 0, 490, '0000-00-00 00:00:00', 'Riverside', 29, 'active'),
('0000-00-00 00:00:00', 0, 491, '0000-00-00 00:00:00', 'Rochester', 29, 'active'),
('0000-00-00 00:00:00', 0, 492, '0000-00-00 00:00:00', 'Rohnert Park', 29, 'active'),
('0000-00-00 00:00:00', 0, 493, '0000-00-00 00:00:00', 'Roma', 29, 'active'),
('0000-00-00 00:00:00', 0, 494, '0000-00-00 00:00:00', 'Ross', 29, 'active'),
('0000-00-00 00:00:00', 0, 495, '0000-00-00 00:00:00', 'Sacramento', 29, 'active'),
('0000-00-00 00:00:00', 0, 496, '0000-00-00 00:00:00', 'Salvador', 29, 'active'),
('0000-00-00 00:00:00', 0, 497, '0000-00-00 00:00:00', 'San Anselmo', 29, 'active'),
('0000-00-00 00:00:00', 0, 498, '0000-00-00 00:00:00', 'San Antonio', 29, 'active'),
('0000-00-00 00:00:00', 0, 499, '0000-00-00 00:00:00', 'San Bruno', 29, 'active'),
('0000-00-00 00:00:00', 0, 500, '0000-00-00 00:00:00', 'San Carlos', 29, 'active'),
('0000-00-00 00:00:00', 0, 501, '0000-00-00 00:00:00', 'San Diego', 29, 'active'),
('0000-00-00 00:00:00', 0, 502, '0000-00-00 00:00:00', 'San Francisco', 29, 'active'),
('0000-00-00 00:00:00', 0, 503, '0000-00-00 00:00:00', 'San Jose', 29, 'active'),
('0000-00-00 00:00:00', 0, 504, '0000-00-00 00:00:00', 'San Leandro', 29, 'active'),
('0000-00-00 00:00:00', 0, 505, '0000-00-00 00:00:00', 'San Mateo', 29, 'active'),
('0000-00-00 00:00:00', 0, 506, '0000-00-00 00:00:00', 'San Pablo', 29, 'active'),
('0000-00-00 00:00:00', 0, 507, '0000-00-00 00:00:00', 'San Rafael', 29, 'active'),
('0000-00-00 00:00:00', 0, 508, '0000-00-00 00:00:00', 'San Ramon', 29, 'active'),
('0000-00-00 00:00:00', 0, 509, '0000-00-00 00:00:00', 'Santa Ana', 29, 'active'),
('0000-00-00 00:00:00', 0, 510, '0000-00-00 00:00:00', 'Santa Clara', 29, 'active'),
('0000-00-00 00:00:00', 0, 511, '0000-00-00 00:00:00', 'Santa Rosa', 29, 'active'),
('0000-00-00 00:00:00', 0, 512, '0000-00-00 00:00:00', 'Santiago', 29, 'active'),
('0000-00-00 00:00:00', 0, 513, '0000-00-00 00:00:00', 'So Paulo', 29, 'active'),
('0000-00-00 00:00:00', 0, 514, '0000-00-00 00:00:00', 'Saratoga', 29, 'active'),
('0000-00-00 00:00:00', 0, 515, '0000-00-00 00:00:00', 'Sausalito', 29, 'active'),
('0000-00-00 00:00:00', 0, 516, '0000-00-00 00:00:00', 'Scottsdale', 29, 'active'),
('0000-00-00 00:00:00', 0, 517, '0000-00-00 00:00:00', 'Seattle', 29, 'active'),
('0000-00-00 00:00:00', 0, 518, '0000-00-00 00:00:00', 'Sebastopol', 29, 'active'),
('0000-00-00 00:00:00', 0, 519, '0000-00-00 00:00:00', 'Semarang', 29, 'active'),
('0000-00-00 00:00:00', 0, 520, '0000-00-00 00:00:00', 'Seoul', 29, 'active'),
('0000-00-00 00:00:00', 0, 521, '0000-00-00 00:00:00', 'Shanghai', 29, 'active'),
('0000-00-00 00:00:00', 0, 522, '0000-00-00 00:00:00', 'Shenyang', 29, 'active'),
('0000-00-00 00:00:00', 0, 523, '0000-00-00 00:00:00', 'Shreveport', 29, 'active'),
('0000-00-00 00:00:00', 0, 524, '0000-00-00 00:00:00', 'Singapore', 29, 'active'),
('0000-00-00 00:00:00', 0, 525, '0000-00-00 00:00:00', 'Sonoma', 29, 'active'),
('0000-00-00 00:00:00', 0, 526, '0000-00-00 00:00:00', 'South San Francisco', 29, 'active'),
('0000-00-00 00:00:00', 0, 527, '0000-00-00 00:00:00', 'St. Helena', 29, 'active'),
('0000-00-00 00:00:00', 0, 528, '0000-00-00 00:00:00', 'St. Louis', 29, 'active'),
('0000-00-00 00:00:00', 0, 529, '0000-00-00 00:00:00', 'St. Paul', 29, 'active'),
('0000-00-00 00:00:00', 0, 530, '0000-00-00 00:00:00', 'St. Petersburg', 29, 'active'),
('0000-00-00 00:00:00', 0, 531, '0000-00-00 00:00:00', 'Stanford', 29, 'active'),
('0000-00-00 00:00:00', 0, 532, '0000-00-00 00:00:00', 'Stockton', 29, 'active'),
('0000-00-00 00:00:00', 0, 533, '0000-00-00 00:00:00', 'Suisun City', 29, 'active'),
('0000-00-00 00:00:00', 0, 534, '0000-00-00 00:00:00', 'Sukabumi', 29, 'active'),
('0000-00-00 00:00:00', 0, 535, '0000-00-00 00:00:00', 'Sunnyvale', 29, 'active'),
('0000-00-00 00:00:00', 0, 536, '0000-00-00 00:00:00', 'Surabaya', 29, 'active'),
('0000-00-00 00:00:00', 0, 537, '0000-00-00 00:00:00', 'Sydney', 29, 'active'),
('0000-00-00 00:00:00', 0, 538, '0000-00-00 00:00:00', 'Tacoma', 29, 'active'),
('0000-00-00 00:00:00', 0, 539, '0000-00-00 00:00:00', 'Taegu', 29, 'active'),
('0000-00-00 00:00:00', 0, 540, '0000-00-00 00:00:00', 'Taipei', 29, 'active'),
('0000-00-00 00:00:00', 0, 541, '0000-00-00 00:00:00', 'Taiyuan', 29, 'active'),
('0000-00-00 00:00:00', 0, 542, '0000-00-00 00:00:00', 'Tampa', 29, 'active'),
('0000-00-00 00:00:00', 0, 543, '0000-00-00 00:00:00', 'Tashkent', 29, 'active'),
('0000-00-00 00:00:00', 0, 544, '0000-00-00 00:00:00', 'Tehran', 29, 'active'),
('0000-00-00 00:00:00', 0, 545, '0000-00-00 00:00:00', 'Tianjin', 29, 'active'),
('0000-00-00 00:00:00', 0, 546, '0000-00-00 00:00:00', 'Tiburon', 29, 'active'),
('0000-00-00 00:00:00', 0, 547, '0000-00-00 00:00:00', 'Tokyo', 29, 'active'),
('0000-00-00 00:00:00', 0, 548, '0000-00-00 00:00:00', 'Toledo', 29, 'active'),
('0000-00-00 00:00:00', 0, 549, '0000-00-00 00:00:00', 'Toronto', 29, 'active'),
('0000-00-00 00:00:00', 0, 550, '0000-00-00 00:00:00', 'Tucson', 29, 'active'),
('0000-00-00 00:00:00', 0, 551, '0000-00-00 00:00:00', 'Tulsa', 29, 'active'),
('0000-00-00 00:00:00', 0, 552, '0000-00-00 00:00:00', 'Union City', 29, 'active'),
('0000-00-00 00:00:00', 0, 553, '0000-00-00 00:00:00', 'Vacaville', 29, 'active'),
('0000-00-00 00:00:00', 0, 554, '0000-00-00 00:00:00', 'Vallejo', 29, 'active'),
('0000-00-00 00:00:00', 0, 555, '0000-00-00 00:00:00', 'Virginia Beach', 29, 'active'),
('0000-00-00 00:00:00', 0, 556, '0000-00-00 00:00:00', 'Walnut Creek', 29, 'active'),
('0000-00-00 00:00:00', 0, 557, '0000-00-00 00:00:00', 'Washington', 29, 'active'),
('0000-00-00 00:00:00', 0, 558, '0000-00-00 00:00:00', 'Wichita', 29, 'active'),
('0000-00-00 00:00:00', 0, 559, '0000-00-00 00:00:00', 'Windsor', 29, 'active'),
('0000-00-00 00:00:00', 0, 560, '0000-00-00 00:00:00', 'Woodside', 29, 'active'),
('0000-00-00 00:00:00', 0, 561, '0000-00-00 00:00:00', 'Wuhan', 29, 'active'),
('0000-00-00 00:00:00', 0, 562, '0000-00-00 00:00:00', 'Xian', 29, 'active'),
('0000-00-00 00:00:00', 0, 563, '0000-00-00 00:00:00', 'Yangon', 29, 'active'),
('0000-00-00 00:00:00', 0, 564, '0000-00-00 00:00:00', 'Yokohama', 29, 'active'),
('0000-00-00 00:00:00', 0, 565, '0000-00-00 00:00:00', 'Yonkers', 29, 'active'),
('0000-00-00 00:00:00', 0, 566, '0000-00-00 00:00:00', 'Yountville', 29, 'active'),
('0000-00-00 00:00:00', 0, 567, '0000-00-00 00:00:00', 'Zibo', 29, 'active'),
('0000-00-00 00:00:00', 0, 568, '0000-00-00 00:00:00', 'Big Rapids', 29, 'active'),
('0000-00-00 00:00:00', 0, 569, '0000-00-00 00:00:00', 'Thousand Oaks', 29, 'active'),
('0000-00-00 00:00:00', 0, 570, '0000-00-00 00:00:00', 'Manalapan', 29, 'active'),
('0000-00-00 00:00:00', 0, 571, '0000-00-00 00:00:00', 'Redmond', 29, 'active'),
('0000-00-00 00:00:00', 0, 572, '0000-00-00 00:00:00', 'Mars', 29, 'active'),
('2007-09-11 08:57:01', 0, 573, '2007-09-11 08:57:01', 'Burbank', 29, 'active'),
('2007-10-09 11:06:45', 0, 574, '2007-10-09 11:06:45', 'West Windsor', 29, 'active'),
('2007-10-09 11:10:39', 0, 575, '2007-10-09 11:10:39', 'Plainsboro', 29, 'active'),
('2007-10-09 11:12:49', 0, 576, '2007-10-09 11:12:49', 'Providence', 29, 'active'),
('2007-10-09 11:12:49', 0, 577, '2007-10-09 11:12:49', 'Princeton', 29, 'active'),
('2007-10-18 16:42:56', 0, 578, '2007-10-18 16:42:56', 'Ann Arbor', 29, 'active'),
('2007-10-21 12:22:35', 0, 579, '2007-10-21 12:22:35', 'Hamden', 29, 'active'),
('2007-10-21 12:49:17', 0, 580, '2007-10-21 12:49:17', 'Cambridge', 29, 'active'),
('2007-10-22 22:38:09', 0, 581, '2007-10-22 22:38:09', 'La Jolla', 29, 'active'),
('2007-10-22 22:45:54', 0, 582, '2007-10-22 22:45:54', 'Cold Spring Harbor', 29, 'active'),
('2007-12-04 21:52:50', 0, 583, '2007-12-04 21:52:50', 'Skyros Island', 29, 'active'),
('2008-11-22 18:03:58', 0, 585, '2008-11-22 18:03:58', 'Hagerstown', 29, 'active'),
('2008-12-15 08:48:34', 0, 587, '2008-12-15 08:48:34', 'Piscataway', 29, 'active'),
('2009-06-15 08:18:43', 0, 589, '2009-06-15 08:18:43', 'Santa Cruz', 29, 'active'),
('2009-07-06 07:37:28', 0, 590, '2009-07-06 07:37:28', 'Washington D.C.', 29, 'active'),
('2009-08-31 09:37:20', 0, 591, '2009-08-31 09:37:20', 'Bergenfield', 29, 'active'),
('2009-09-10 17:55:57', 0, 592, '2009-09-10 17:55:57', 'Pordenone', 29, 'active'),
('2009-09-12 18:01:01', 0, 593, '2009-09-12 18:01:01', 'Burgerglob', 29, 'active'),
('2008-12-17 11:16:13', 0, 1298, '2008-12-17 11:16:13', 'Post Doc with Mark Davis 1995-98', 21, 'active'),
('2008-12-17 11:16:13', 0, 1299, '2008-12-17 11:16:13', 'Post Doc with James Nelson 1992-95', 21, 'active'),
('2009-07-16 11:49:23', 0, 1300, '2009-07-16 11:49:23', 'Physiology', 21, 'active'),
('2009-07-25 17:48:38', 0, 1301, '2009-07-25 17:48:38', 'Computer Science', 21, 'active'),
('2009-07-25 17:48:38', 0, 1302, '2009-07-25 17:48:38', 'Computer Engineering', 21, 'active'),
('2009-09-10 17:57:52', 0, 1303, '2009-09-10 17:57:52', 'Psychology', 21, 'active'),
('2009-09-10 17:57:52', 0, 1304, '2009-09-10 17:57:52', 'Ballin'' outta control', 21, 'active'),
('0000-00-00 00:00:00', 0, 1368, '0000-00-00 00:00:00', 'Afghanistan', 31, 'active'),
('0000-00-00 00:00:00', 0, 1369, '0000-00-00 00:00:00', 'Albania', 31, 'active'),
('0000-00-00 00:00:00', 0, 1370, '0000-00-00 00:00:00', 'Algeria', 31, 'active'),
('0000-00-00 00:00:00', 0, 1371, '0000-00-00 00:00:00', 'American Samoa', 31, 'active'),
('0000-00-00 00:00:00', 0, 1372, '0000-00-00 00:00:00', 'Andorra', 31, 'active'),
('0000-00-00 00:00:00', 0, 1373, '0000-00-00 00:00:00', 'Angola', 31, 'active'),
('0000-00-00 00:00:00', 0, 1374, '0000-00-00 00:00:00', 'Anguilla', 31, 'active'),
('0000-00-00 00:00:00', 0, 1375, '0000-00-00 00:00:00', 'Antarctica', 31, 'active'),
('0000-00-00 00:00:00', 0, 1376, '0000-00-00 00:00:00', 'Antigua and Barbuda', 31, 'active'),
('0000-00-00 00:00:00', 0, 1377, '0000-00-00 00:00:00', 'Argentina', 31, 'active'),
('0000-00-00 00:00:00', 0, 1378, '0000-00-00 00:00:00', 'Armenia', 31, 'active'),
('0000-00-00 00:00:00', 0, 1379, '0000-00-00 00:00:00', 'Aruba', 31, 'active'),
('0000-00-00 00:00:00', 0, 1380, '0000-00-00 00:00:00', 'Australia', 31, 'active'),
('0000-00-00 00:00:00', 0, 1381, '0000-00-00 00:00:00', 'Austria', 31, 'active'),
('0000-00-00 00:00:00', 0, 1382, '0000-00-00 00:00:00', 'Azerbaijan', 31, 'active'),
('0000-00-00 00:00:00', 0, 1383, '0000-00-00 00:00:00', 'Azores', 31, 'active'),
('0000-00-00 00:00:00', 0, 1384, '0000-00-00 00:00:00', 'Bahamas', 31, 'active'),
('0000-00-00 00:00:00', 0, 1385, '0000-00-00 00:00:00', 'Bahrain', 31, 'active'),
('0000-00-00 00:00:00', 0, 1386, '0000-00-00 00:00:00', 'Bangladesh', 31, 'active'),
('0000-00-00 00:00:00', 0, 1387, '0000-00-00 00:00:00', 'Barbados', 31, 'active'),
('0000-00-00 00:00:00', 0, 1388, '0000-00-00 00:00:00', 'Belarus', 31, 'active'),
('0000-00-00 00:00:00', 0, 1389, '0000-00-00 00:00:00', 'Belgium', 31, 'active'),
('0000-00-00 00:00:00', 0, 1390, '0000-00-00 00:00:00', 'Belize', 31, 'active'),
('0000-00-00 00:00:00', 0, 1391, '0000-00-00 00:00:00', 'Benin', 31, 'active'),
('0000-00-00 00:00:00', 0, 1392, '0000-00-00 00:00:00', 'Bermuda', 31, 'active'),
('0000-00-00 00:00:00', 0, 1393, '0000-00-00 00:00:00', 'Bhutan', 31, 'active'),
('0000-00-00 00:00:00', 0, 1394, '0000-00-00 00:00:00', 'Bolivia', 31, 'active'),
('0000-00-00 00:00:00', 0, 1395, '0000-00-00 00:00:00', 'Bosnia And Herzegowina', 31, 'active'),
('0000-00-00 00:00:00', 0, 1396, '0000-00-00 00:00:00', 'Bosnia-Herzegovina', 31, 'active'),
('0000-00-00 00:00:00', 0, 1397, '0000-00-00 00:00:00', 'Botswana', 31, 'active'),
('0000-00-00 00:00:00', 0, 1398, '0000-00-00 00:00:00', 'Bouvet Island', 31, 'active'),
('0000-00-00 00:00:00', 0, 1399, '0000-00-00 00:00:00', 'Brazil', 31, 'active'),
('0000-00-00 00:00:00', 0, 1400, '0000-00-00 00:00:00', 'British Virgin Islands', 31, 'active'),
('0000-00-00 00:00:00', 0, 1401, '0000-00-00 00:00:00', 'Brunei Darussalam', 31, 'active'),
('0000-00-00 00:00:00', 0, 1402, '0000-00-00 00:00:00', 'Bulgaria', 31, 'active'),
('0000-00-00 00:00:00', 0, 1403, '0000-00-00 00:00:00', 'Burkina Faso', 31, 'active'),
('0000-00-00 00:00:00', 0, 1404, '0000-00-00 00:00:00', 'Burundi', 31, 'active'),
('0000-00-00 00:00:00', 0, 1405, '0000-00-00 00:00:00', 'Cambodia', 31, 'active'),
('0000-00-00 00:00:00', 0, 1406, '0000-00-00 00:00:00', 'Cameroon', 31, 'active'),
('0000-00-00 00:00:00', 0, 1407, '0000-00-00 00:00:00', 'Canada', 31, 'active'),
('0000-00-00 00:00:00', 0, 1408, '0000-00-00 00:00:00', 'Cape Verde', 31, 'active'),
('0000-00-00 00:00:00', 0, 1409, '0000-00-00 00:00:00', 'Cayman Islands', 31, 'active'),
('0000-00-00 00:00:00', 0, 1410, '0000-00-00 00:00:00', 'Central African Republic', 31, 'active'),
('0000-00-00 00:00:00', 0, 1411, '0000-00-00 00:00:00', 'Chad', 31, 'active'),
('0000-00-00 00:00:00', 0, 1412, '0000-00-00 00:00:00', 'Chile', 31, 'active'),
('0000-00-00 00:00:00', 0, 1413, '0000-00-00 00:00:00', 'China', 31, 'active'),
('0000-00-00 00:00:00', 0, 1414, '0000-00-00 00:00:00', 'Christmas Island', 31, 'active'),
('0000-00-00 00:00:00', 0, 1415, '0000-00-00 00:00:00', 'Cocos Islands', 31, 'active'),
('0000-00-00 00:00:00', 0, 1416, '0000-00-00 00:00:00', 'Colombia', 31, 'active'),
('0000-00-00 00:00:00', 0, 1417, '0000-00-00 00:00:00', 'Comoros', 31, 'active'),
('0000-00-00 00:00:00', 0, 1418, '0000-00-00 00:00:00', 'Congo', 31, 'active'),
('0000-00-00 00:00:00', 0, 1419, '0000-00-00 00:00:00', 'Cook Islands', 31, 'active'),
('0000-00-00 00:00:00', 0, 1420, '0000-00-00 00:00:00', 'Corsica', 31, 'active'),
('0000-00-00 00:00:00', 0, 1421, '0000-00-00 00:00:00', 'Costa Rica', 31, 'active'),
('0000-00-00 00:00:00', 0, 1422, '2009-12-29 16:03:40', 'Cote d Ivoire', 31, 'active'),
('0000-00-00 00:00:00', 0, 1423, '0000-00-00 00:00:00', 'Croatia', 31, 'active'),
('0000-00-00 00:00:00', 0, 1424, '0000-00-00 00:00:00', 'Cuba', 31, 'active'),
('0000-00-00 00:00:00', 0, 1425, '0000-00-00 00:00:00', 'Cyprus', 31, 'active'),
('0000-00-00 00:00:00', 0, 1426, '0000-00-00 00:00:00', 'Czech Republic', 31, 'active'),
('0000-00-00 00:00:00', 0, 1427, '0000-00-00 00:00:00', 'Denmark', 31, 'active'),
('0000-00-00 00:00:00', 0, 1428, '0000-00-00 00:00:00', 'Djibouti', 31, 'active'),
('0000-00-00 00:00:00', 0, 1429, '0000-00-00 00:00:00', 'Dominica', 31, 'active'),
('0000-00-00 00:00:00', 0, 1430, '0000-00-00 00:00:00', 'Dominican Republic', 31, 'active'),
('0000-00-00 00:00:00', 0, 1431, '0000-00-00 00:00:00', 'East Timor', 31, 'active'),
('0000-00-00 00:00:00', 0, 1432, '0000-00-00 00:00:00', 'Ecuador', 31, 'active'),
('0000-00-00 00:00:00', 0, 1433, '0000-00-00 00:00:00', 'Egypt', 31, 'active'),
('0000-00-00 00:00:00', 0, 1434, '0000-00-00 00:00:00', 'El Salvador', 31, 'active'),
('0000-00-00 00:00:00', 0, 1435, '0000-00-00 00:00:00', 'Equatorial Guinea', 31, 'active'),
('0000-00-00 00:00:00', 0, 1436, '0000-00-00 00:00:00', 'Eritrea', 31, 'active'),
('0000-00-00 00:00:00', 0, 1437, '0000-00-00 00:00:00', 'Estonia', 31, 'active'),
('0000-00-00 00:00:00', 0, 1438, '0000-00-00 00:00:00', 'Ethiopia', 31, 'active'),
('0000-00-00 00:00:00', 0, 1439, '0000-00-00 00:00:00', 'Falkland Islands', 31, 'active'),
('0000-00-00 00:00:00', 0, 1440, '0000-00-00 00:00:00', 'Faroe Islands', 31, 'active'),
('0000-00-00 00:00:00', 0, 1441, '0000-00-00 00:00:00', 'Fiji', 31, 'active'),
('0000-00-00 00:00:00', 0, 1442, '0000-00-00 00:00:00', 'Finland', 31, 'active'),
('0000-00-00 00:00:00', 0, 1443, '0000-00-00 00:00:00', 'France', 31, 'active'),
('0000-00-00 00:00:00', 0, 1444, '0000-00-00 00:00:00', 'French Guiana', 31, 'active'),
('0000-00-00 00:00:00', 0, 1445, '0000-00-00 00:00:00', 'French Polynesia', 31, 'active'),
('0000-00-00 00:00:00', 0, 1446, '0000-00-00 00:00:00', 'Gabon', 31, 'active'),
('0000-00-00 00:00:00', 0, 1447, '0000-00-00 00:00:00', 'Gambia', 31, 'active'),
('0000-00-00 00:00:00', 0, 1448, '0000-00-00 00:00:00', 'Georgia', 31, 'active'),
('0000-00-00 00:00:00', 0, 1449, '0000-00-00 00:00:00', 'Germany', 31, 'active'),
('0000-00-00 00:00:00', 0, 1450, '0000-00-00 00:00:00', 'Ghana', 31, 'active'),
('0000-00-00 00:00:00', 0, 1451, '0000-00-00 00:00:00', 'Gibraltar', 31, 'active'),
('0000-00-00 00:00:00', 0, 1452, '0000-00-00 00:00:00', 'Greece', 31, 'active'),
('0000-00-00 00:00:00', 0, 1453, '0000-00-00 00:00:00', 'Greenland', 31, 'active'),
('0000-00-00 00:00:00', 0, 1454, '0000-00-00 00:00:00', 'Grenada', 31, 'active'),
('0000-00-00 00:00:00', 0, 1455, '0000-00-00 00:00:00', 'Guadeloupe', 31, 'active'),
('0000-00-00 00:00:00', 0, 1456, '0000-00-00 00:00:00', 'Guam', 31, 'active'),
('0000-00-00 00:00:00', 0, 1457, '0000-00-00 00:00:00', 'Guatemala', 31, 'active'),
('0000-00-00 00:00:00', 0, 1458, '0000-00-00 00:00:00', 'Guinea', 31, 'active'),
('0000-00-00 00:00:00', 0, 1459, '0000-00-00 00:00:00', 'Guinea-Bissau', 31, 'active'),
('0000-00-00 00:00:00', 0, 1460, '0000-00-00 00:00:00', 'Guyana', 31, 'active'),
('0000-00-00 00:00:00', 0, 1461, '0000-00-00 00:00:00', 'Haiti', 31, 'active'),
('0000-00-00 00:00:00', 0, 1462, '2009-12-29 16:03:40', 'Heard & Mc Donald Islands', 31, 'active'),
('0000-00-00 00:00:00', 0, 1463, '0000-00-00 00:00:00', 'Honduras', 31, 'active'),
('0000-00-00 00:00:00', 0, 1464, '0000-00-00 00:00:00', 'Hong Kong', 31, 'active'),
('0000-00-00 00:00:00', 0, 1465, '0000-00-00 00:00:00', 'Hungary', 31, 'active'),
('0000-00-00 00:00:00', 0, 1466, '0000-00-00 00:00:00', 'Iceland', 31, 'active'),
('0000-00-00 00:00:00', 0, 1467, '0000-00-00 00:00:00', 'India', 31, 'active'),
('0000-00-00 00:00:00', 0, 1468, '0000-00-00 00:00:00', 'Indonesia', 31, 'active'),
('0000-00-00 00:00:00', 0, 1469, '0000-00-00 00:00:00', 'Iran', 31, 'active'),
('0000-00-00 00:00:00', 0, 1470, '0000-00-00 00:00:00', 'Iraq', 31, 'active'),
('0000-00-00 00:00:00', 0, 1471, '0000-00-00 00:00:00', 'Ireland', 31, 'active'),
('0000-00-00 00:00:00', 0, 1472, '0000-00-00 00:00:00', 'Israel', 31, 'active'),
('0000-00-00 00:00:00', 0, 1473, '0000-00-00 00:00:00', 'Italy', 31, 'active'),
('0000-00-00 00:00:00', 0, 1474, '0000-00-00 00:00:00', 'Jamaica', 31, 'active'),
('0000-00-00 00:00:00', 0, 1475, '0000-00-00 00:00:00', 'Japan', 31, 'active'),
('0000-00-00 00:00:00', 0, 1476, '0000-00-00 00:00:00', 'Jordan', 31, 'active'),
('0000-00-00 00:00:00', 0, 1477, '0000-00-00 00:00:00', 'Kazakhstan', 31, 'active'),
('0000-00-00 00:00:00', 0, 1478, '0000-00-00 00:00:00', 'Kenya', 31, 'active'),
('0000-00-00 00:00:00', 0, 1479, '0000-00-00 00:00:00', 'Kiribati', 31, 'active'),
('0000-00-00 00:00:00', 0, 1480, '0000-00-00 00:00:00', 'Korea', 31, 'active'),
('0000-00-00 00:00:00', 0, 1481, '0000-00-00 00:00:00', 'Kuwait', 31, 'active'),
('0000-00-00 00:00:00', 0, 1482, '0000-00-00 00:00:00', 'Kyrgyzstan', 31, 'active'),
('0000-00-00 00:00:00', 0, 1483, '0000-00-00 00:00:00', 'Laos', 31, 'active'),
('0000-00-00 00:00:00', 0, 1484, '0000-00-00 00:00:00', 'Latvia', 31, 'active'),
('0000-00-00 00:00:00', 0, 1485, '0000-00-00 00:00:00', 'Lebanon', 31, 'active'),
('0000-00-00 00:00:00', 0, 1486, '0000-00-00 00:00:00', 'Lesotho', 31, 'active'),
('0000-00-00 00:00:00', 0, 1487, '0000-00-00 00:00:00', 'Liberia', 31, 'active'),
('0000-00-00 00:00:00', 0, 1488, '0000-00-00 00:00:00', 'Libya', 31, 'active'),
('0000-00-00 00:00:00', 0, 1489, '0000-00-00 00:00:00', 'Liechtenstein', 31, 'active'),
('0000-00-00 00:00:00', 0, 1490, '0000-00-00 00:00:00', 'Lithuania', 31, 'active'),
('0000-00-00 00:00:00', 0, 1491, '0000-00-00 00:00:00', 'Luxembourg', 31, 'active'),
('0000-00-00 00:00:00', 0, 1492, '0000-00-00 00:00:00', 'Macao', 31, 'active'),
('0000-00-00 00:00:00', 0, 1493, '0000-00-00 00:00:00', 'Macedonia', 31, 'active'),
('0000-00-00 00:00:00', 0, 1494, '0000-00-00 00:00:00', 'Madagascar', 31, 'active'),
('0000-00-00 00:00:00', 0, 1495, '0000-00-00 00:00:00', 'Madeira Islands', 31, 'active'),
('0000-00-00 00:00:00', 0, 1496, '0000-00-00 00:00:00', 'Malawi', 31, 'active'),
('0000-00-00 00:00:00', 0, 1497, '0000-00-00 00:00:00', 'Malaysia', 31, 'active'),
('0000-00-00 00:00:00', 0, 1498, '0000-00-00 00:00:00', 'Maldives', 31, 'active'),
('0000-00-00 00:00:00', 0, 1499, '0000-00-00 00:00:00', 'Mali', 31, 'active'),
('0000-00-00 00:00:00', 0, 1500, '0000-00-00 00:00:00', 'Malta', 31, 'active'),
('0000-00-00 00:00:00', 0, 1501, '0000-00-00 00:00:00', 'Marshall Islands', 31, 'active'),
('0000-00-00 00:00:00', 0, 1502, '0000-00-00 00:00:00', 'Martinique', 31, 'active'),
('0000-00-00 00:00:00', 0, 1503, '0000-00-00 00:00:00', 'Mauritania', 31, 'active'),
('0000-00-00 00:00:00', 0, 1504, '0000-00-00 00:00:00', 'Mauritius', 31, 'active'),
('0000-00-00 00:00:00', 0, 1505, '0000-00-00 00:00:00', 'Mayotte', 31, 'active'),
('0000-00-00 00:00:00', 0, 1506, '0000-00-00 00:00:00', 'Mexico', 31, 'active'),
('0000-00-00 00:00:00', 0, 1507, '0000-00-00 00:00:00', 'Micronesia', 31, 'active'),
('0000-00-00 00:00:00', 0, 1508, '0000-00-00 00:00:00', 'Moldova', 31, 'active'),
('0000-00-00 00:00:00', 0, 1509, '0000-00-00 00:00:00', 'Monaco', 31, 'active'),
('0000-00-00 00:00:00', 0, 1510, '0000-00-00 00:00:00', 'Mongolia', 31, 'active'),
('0000-00-00 00:00:00', 0, 1511, '0000-00-00 00:00:00', 'Montserrat', 31, 'active'),
('0000-00-00 00:00:00', 0, 1512, '0000-00-00 00:00:00', 'Morocco', 31, 'active'),
('0000-00-00 00:00:00', 0, 1513, '0000-00-00 00:00:00', 'Mozambique', 31, 'active'),
('0000-00-00 00:00:00', 0, 1514, '2009-12-29 16:03:40', 'Myanmar Burma', 31, 'active'),
('0000-00-00 00:00:00', 0, 1515, '0000-00-00 00:00:00', 'Namibia', 31, 'active'),
('0000-00-00 00:00:00', 0, 1516, '0000-00-00 00:00:00', 'Nauru', 31, 'active'),
('0000-00-00 00:00:00', 0, 1517, '0000-00-00 00:00:00', 'Nepal', 31, 'active'),
('0000-00-00 00:00:00', 0, 1518, '0000-00-00 00:00:00', 'Netherlands', 31, 'active'),
('0000-00-00 00:00:00', 0, 1519, '0000-00-00 00:00:00', 'Netherlands Antilles', 31, 'active'),
('0000-00-00 00:00:00', 0, 1520, '0000-00-00 00:00:00', 'New Caledonia', 31, 'active'),
('0000-00-00 00:00:00', 0, 1521, '0000-00-00 00:00:00', 'New Zealand', 31, 'active'),
('0000-00-00 00:00:00', 0, 1522, '0000-00-00 00:00:00', 'Nicaragua', 31, 'active'),
('0000-00-00 00:00:00', 0, 1523, '0000-00-00 00:00:00', 'Niger', 31, 'active'),
('0000-00-00 00:00:00', 0, 1524, '0000-00-00 00:00:00', 'Nigeria', 31, 'active'),
('0000-00-00 00:00:00', 0, 1525, '0000-00-00 00:00:00', 'Niue', 31, 'active'),
('0000-00-00 00:00:00', 0, 1526, '0000-00-00 00:00:00', 'Norfolk Island', 31, 'active'),
('0000-00-00 00:00:00', 0, 1527, '0000-00-00 00:00:00', 'Northern Mariana Islands', 31, 'active'),
('0000-00-00 00:00:00', 0, 1528, '0000-00-00 00:00:00', 'Norway', 31, 'active'),
('0000-00-00 00:00:00', 0, 1529, '0000-00-00 00:00:00', 'Oman', 31, 'active'),
('0000-00-00 00:00:00', 0, 1530, '0000-00-00 00:00:00', 'Pakistan', 31, 'active'),
('0000-00-00 00:00:00', 0, 1531, '0000-00-00 00:00:00', 'Palau', 31, 'active'),
('0000-00-00 00:00:00', 0, 1532, '0000-00-00 00:00:00', 'Palestinian Territory', 31, 'active'),
('0000-00-00 00:00:00', 0, 1533, '0000-00-00 00:00:00', 'Panama', 31, 'active'),
('0000-00-00 00:00:00', 0, 1534, '0000-00-00 00:00:00', 'Papua New Guinea', 31, 'active'),
('0000-00-00 00:00:00', 0, 1535, '0000-00-00 00:00:00', 'Paraguay', 31, 'active'),
('0000-00-00 00:00:00', 0, 1536, '0000-00-00 00:00:00', 'Peru', 31, 'active'),
('0000-00-00 00:00:00', 0, 1537, '0000-00-00 00:00:00', 'Philippines', 31, 'active'),
('0000-00-00 00:00:00', 0, 1538, '0000-00-00 00:00:00', 'Pitcairn', 31, 'active'),
('0000-00-00 00:00:00', 0, 1539, '0000-00-00 00:00:00', 'Poland', 31, 'active'),
('0000-00-00 00:00:00', 0, 1540, '0000-00-00 00:00:00', 'Portugal', 31, 'active'),
('0000-00-00 00:00:00', 0, 1541, '0000-00-00 00:00:00', 'Puerto Rico', 31, 'active'),
('0000-00-00 00:00:00', 0, 1542, '0000-00-00 00:00:00', 'Qatar', 31, 'active'),
('0000-00-00 00:00:00', 0, 1543, '0000-00-00 00:00:00', 'Reunion', 31, 'active'),
('0000-00-00 00:00:00', 0, 1544, '0000-00-00 00:00:00', 'Romania', 31, 'active'),
('0000-00-00 00:00:00', 0, 1545, '0000-00-00 00:00:00', 'Russian Federation', 31, 'active'),
('0000-00-00 00:00:00', 0, 1546, '0000-00-00 00:00:00', 'Rwanda', 31, 'active'),
('0000-00-00 00:00:00', 0, 1547, '0000-00-00 00:00:00', 'Saint Kitts And Nevis', 31, 'active'),
('0000-00-00 00:00:00', 0, 1548, '0000-00-00 00:00:00', 'San Marino', 31, 'active'),
('0000-00-00 00:00:00', 0, 1549, '0000-00-00 00:00:00', 'Sao Tome and Principe', 31, 'active'),
('0000-00-00 00:00:00', 0, 1550, '0000-00-00 00:00:00', 'Saudi Arabia', 31, 'active'),
('0000-00-00 00:00:00', 0, 1551, '0000-00-00 00:00:00', 'Senegal', 31, 'active'),
('0000-00-00 00:00:00', 0, 1552, '0000-00-00 00:00:00', 'Serbia-Montenegro', 31, 'active'),
('0000-00-00 00:00:00', 0, 1553, '0000-00-00 00:00:00', 'Seychelles', 31, 'active'),
('0000-00-00 00:00:00', 0, 1554, '0000-00-00 00:00:00', 'Sierra Leone', 31, 'active'),
('0000-00-00 00:00:00', 0, 1555, '0000-00-00 00:00:00', 'Singapore', 31, 'active'),
('0000-00-00 00:00:00', 0, 1556, '0000-00-00 00:00:00', 'Slovak Republic', 31, 'active'),
('0000-00-00 00:00:00', 0, 1557, '0000-00-00 00:00:00', 'Slovenia', 31, 'active'),
('0000-00-00 00:00:00', 0, 1558, '0000-00-00 00:00:00', 'Solomon Islands', 31, 'active'),
('0000-00-00 00:00:00', 0, 1559, '0000-00-00 00:00:00', 'Somalia', 31, 'active'),
('0000-00-00 00:00:00', 0, 1560, '0000-00-00 00:00:00', 'South Africa', 31, 'active'),
('0000-00-00 00:00:00', 0, 1561, '0000-00-00 00:00:00', 'South Georgia & The South Sand', 31, 'active'),
('0000-00-00 00:00:00', 0, 1562, '0000-00-00 00:00:00', 'South Korea', 31, 'active'),
('0000-00-00 00:00:00', 0, 1563, '0000-00-00 00:00:00', 'Spain', 31, 'active'),
('0000-00-00 00:00:00', 0, 1564, '0000-00-00 00:00:00', 'Sri Lanka', 31, 'active'),
('0000-00-00 00:00:00', 0, 1565, '0000-00-00 00:00:00', 'St. Christopher and Nevis', 31, 'active'),
('0000-00-00 00:00:00', 0, 1566, '0000-00-00 00:00:00', 'St. Helena', 31, 'active'),
('0000-00-00 00:00:00', 0, 1567, '0000-00-00 00:00:00', 'St. Lucia', 31, 'active'),
('0000-00-00 00:00:00', 0, 1568, '0000-00-00 00:00:00', 'St. Pierre and Miquelon', 31, 'active'),
('0000-00-00 00:00:00', 0, 1569, '0000-00-00 00:00:00', 'St. Vincent & the Grenadines', 31, 'active'),
('0000-00-00 00:00:00', 0, 1570, '0000-00-00 00:00:00', 'Sudan', 31, 'active'),
('0000-00-00 00:00:00', 0, 1571, '0000-00-00 00:00:00', 'Suriname', 31, 'active'),
('0000-00-00 00:00:00', 0, 1572, '0000-00-00 00:00:00', 'Svalbard & Jan Mayen Islands', 31, 'active'),
('0000-00-00 00:00:00', 0, 1573, '0000-00-00 00:00:00', 'Swaziland', 31, 'active'),
('0000-00-00 00:00:00', 0, 1574, '0000-00-00 00:00:00', 'Sweden', 31, 'active'),
('0000-00-00 00:00:00', 0, 1575, '0000-00-00 00:00:00', 'Switzerland', 31, 'active'),
('0000-00-00 00:00:00', 0, 1576, '0000-00-00 00:00:00', 'Syrian Arab Republic', 31, 'active'),
('0000-00-00 00:00:00', 0, 1577, '0000-00-00 00:00:00', 'Taiwan', 31, 'active'),
('0000-00-00 00:00:00', 0, 1578, '0000-00-00 00:00:00', 'Tajikistan', 31, 'active'),
('0000-00-00 00:00:00', 0, 1579, '0000-00-00 00:00:00', 'Tanzania', 31, 'active'),
('0000-00-00 00:00:00', 0, 1580, '0000-00-00 00:00:00', 'Thailand', 31, 'active'),
('0000-00-00 00:00:00', 0, 1581, '0000-00-00 00:00:00', 'Togo', 31, 'active'),
('0000-00-00 00:00:00', 0, 1582, '0000-00-00 00:00:00', 'Tokelau', 31, 'active'),
('0000-00-00 00:00:00', 0, 1583, '0000-00-00 00:00:00', 'Tonga', 31, 'active'),
('0000-00-00 00:00:00', 0, 1584, '0000-00-00 00:00:00', 'Trinidad and Tobago', 31, 'active'),
('0000-00-00 00:00:00', 0, 1585, '0000-00-00 00:00:00', 'Tristan da Cunha', 31, 'active'),
('0000-00-00 00:00:00', 0, 1586, '0000-00-00 00:00:00', 'Tunisia', 31, 'active'),
('0000-00-00 00:00:00', 0, 1587, '0000-00-00 00:00:00', 'Turkey', 31, 'active'),
('0000-00-00 00:00:00', 0, 1588, '0000-00-00 00:00:00', 'Turkmenistan', 31, 'active'),
('0000-00-00 00:00:00', 0, 1589, '0000-00-00 00:00:00', 'Turks and Caicos Island', 31, 'active'),
('0000-00-00 00:00:00', 0, 1590, '0000-00-00 00:00:00', 'Tuvalu', 31, 'active'),
('0000-00-00 00:00:00', 0, 1591, '0000-00-00 00:00:00', 'Uganda', 31, 'active'),
('0000-00-00 00:00:00', 0, 1592, '0000-00-00 00:00:00', 'Ukraine', 31, 'active'),
('0000-00-00 00:00:00', 0, 1593, '0000-00-00 00:00:00', 'United Arab Emirates', 31, 'active'),
('0000-00-00 00:00:00', 0, 1594, '0000-00-00 00:00:00', 'United Kingdom', 31, 'active'),
('0000-00-00 00:00:00', 0, 1595, '0000-00-00 00:00:00', 'United States', 31, 'active'),
('0000-00-00 00:00:00', 0, 1596, '0000-00-00 00:00:00', 'Uruguay', 31, 'active'),
('0000-00-00 00:00:00', 0, 1597, '0000-00-00 00:00:00', 'Uzbekistan', 31, 'active'),
('0000-00-00 00:00:00', 0, 1598, '0000-00-00 00:00:00', 'Vanuatu', 31, 'active'),
('0000-00-00 00:00:00', 0, 1599, '0000-00-00 00:00:00', 'Vatican City', 31, 'active'),
('0000-00-00 00:00:00', 0, 1600, '0000-00-00 00:00:00', 'Venezuela', 31, 'active'),
('0000-00-00 00:00:00', 0, 1601, '0000-00-00 00:00:00', 'Vietnam', 31, 'active'),
('0000-00-00 00:00:00', 0, 1602, '0000-00-00 00:00:00', 'Virgin Islands', 31, 'active'),
('0000-00-00 00:00:00', 0, 1603, '0000-00-00 00:00:00', 'Wallis and Furuna Islands', 31, 'active'),
('0000-00-00 00:00:00', 0, 1604, '0000-00-00 00:00:00', 'Western Sahara', 31, 'active'),
('0000-00-00 00:00:00', 0, 1605, '0000-00-00 00:00:00', 'Western Samoa', 31, 'active'),
('0000-00-00 00:00:00', 0, 1606, '0000-00-00 00:00:00', 'Yemen', 31, 'active'),
('0000-00-00 00:00:00', 0, 1607, '0000-00-00 00:00:00', 'Yugoslavia', 31, 'active'),
('0000-00-00 00:00:00', 0, 1608, '0000-00-00 00:00:00', 'Zaire', 31, 'active'),
('0000-00-00 00:00:00', 0, 1609, '0000-00-00 00:00:00', 'Zambia', 31, 'active'),
('0000-00-00 00:00:00', 0, 1610, '0000-00-00 00:00:00', 'Zimbabwe', 31, 'active'),
('2010-02-15 15:04:18', 0, 1623, '2010-02-15 15:04:18', 'Active', 86, 'active'),
('2010-02-15 15:04:49', 0, 1624, '2010-05-16 18:20:44', 'Temporarily Inactive', 86, 'active'),
('2010-02-15 15:05:13', 0, 1625, '2010-02-26 13:50:21', 'Injured', 86, 'active'),
('2010-02-26 13:47:35', 0, 1626, '2010-02-26 13:50:21', 'Alumnus', 86, 'active'),
('0000-00-00 00:00:00', 0, 1630, '0000-00-00 00:00:00', 'BA', 20, 'active'),
('0000-00-00 00:00:00', 0, 1631, '0000-00-00 00:00:00', 'BS', 20, 'active'),
('0000-00-00 00:00:00', 0, 1632, '0000-00-00 00:00:00', 'MBA', 20, 'active'),
('0000-00-00 00:00:00', 0, 1633, '0000-00-00 00:00:00', 'MA', 20, 'active'),
('0000-00-00 00:00:00', 0, 1634, '0000-00-00 00:00:00', 'MD', 20, 'active'),
('0000-00-00 00:00:00', 0, 1635, '0000-00-00 00:00:00', 'MS', 20, 'active'),
('0000-00-00 00:00:00', 0, 1636, '0000-00-00 00:00:00', 'PhD', 20, 'active'),
('0000-00-00 00:00:00', 0, 1637, '0000-00-00 00:00:00', 'PhD/MD', 20, 'active'),
('0000-00-00 00:00:00', 0, 1638, '0000-00-00 00:00:00', 'Current', 20, 'active'),
('0000-00-00 00:00:00', 0, 1639, '0000-00-00 00:00:00', 'Other', 20, 'active'),
('2010-02-05 15:50:40', 0, 1645, '2010-02-05 15:50:40', 'http://siliconvalleysoccer.com/fields.php', 85, 'active'),
('2010-02-05 16:11:08', 0, 1646, '2010-02-05 16:11:08', 'http://siliconvalleysoccer.com/fields.php?field_id=mayfield', 85, 'active'),
('2009-08-31 13:21:20', 0, 1648, '2009-08-31 13:21:20', 'Yes', 70, 'active'),
('2009-08-31 13:21:26', 0, 1649, '2009-08-31 13:21:26', 'No', 70, 'active'),
('2009-08-31 13:21:32', 0, 1650, '2009-08-31 13:21:32', 'Maybe', 70, 'active'),
('0000-00-00 00:00:00', 0, 1651, '0000-00-00 00:00:00', 'male', 1, 'active'),
('0000-00-00 00:00:00', 0, 1652, '0000-00-00 00:00:00', 'female', 1, 'active'),
('2010-02-15 15:04:18', 0, 1654, '2010-02-15 15:04:18', 'Active', 95, 'active'),
('2010-02-15 15:04:49', 0, 1655, '2010-05-16 18:20:44', 'Temporarily Inactive', 95, 'active'),
('2010-02-26 13:47:35', 0, 1656, '2010-02-26 13:50:21', 'Alumnus', 95, 'active'),
('0000-00-00 00:00:00', 0, 1657, '0000-00-00 00:00:00', 'Academia', 28, 'active'),
('0000-00-00 00:00:00', 0, 1658, '0000-00-00 00:00:00', 'Accounting ', 28, 'active'),
('0000-00-00 00:00:00', 0, 1659, '0000-00-00 00:00:00', 'Advertising', 28, 'active'),
('0000-00-00 00:00:00', 0, 1660, '0000-00-00 00:00:00', 'Aerospace ', 28, 'active'),
('0000-00-00 00:00:00', 0, 1661, '0000-00-00 00:00:00', 'Aerospace & Defense', 28, 'active'),
('0000-00-00 00:00:00', 0, 1662, '0000-00-00 00:00:00', 'Aircraft Development', 28, 'active'),
('0000-00-00 00:00:00', 0, 1663, '0000-00-00 00:00:00', 'Airline ', 28, 'active'),
('0000-00-00 00:00:00', 0, 1664, '0000-00-00 00:00:00', 'Alcoholic Beverages & Tobacco', 28, 'active');
INSERT INTO `profile_widget_field_select_values` (`created`, `f`, `id`, `modified`, `name`, `profile_widget_field_id`, `status`) VALUES
('0000-00-00 00:00:00', 0, 1665, '0000-00-00 00:00:00', 'Apparel & Accessories ', 28, 'active'),
('0000-00-00 00:00:00', 0, 1666, '0000-00-00 00:00:00', 'Apparel & Footwear', 28, 'active'),
('0000-00-00 00:00:00', 0, 1667, '0000-00-00 00:00:00', 'Automotive ', 28, 'active'),
('0000-00-00 00:00:00', 0, 1668, '0000-00-00 00:00:00', 'Autos & Auto Parts', 28, 'active'),
('0000-00-00 00:00:00', 0, 1669, '0000-00-00 00:00:00', 'Banking', 28, 'active'),
('0000-00-00 00:00:00', 0, 1670, '0000-00-00 00:00:00', 'Biomedical Informatics', 28, 'active'),
('0000-00-00 00:00:00', 0, 1671, '0000-00-00 00:00:00', 'Biotechnology', 28, 'active'),
('0000-00-00 00:00:00', 0, 1672, '0000-00-00 00:00:00', 'Biotechnology R+D', 28, 'active'),
('0000-00-00 00:00:00', 0, 1673, '0000-00-00 00:00:00', 'Broadcasting ', 28, 'active'),
('0000-00-00 00:00:00', 0, 1674, '0000-00-00 00:00:00', 'Broadcasting & Cable', 28, 'active'),
('0000-00-00 00:00:00', 0, 1675, '0000-00-00 00:00:00', 'Brokerage ', 28, 'active'),
('0000-00-00 00:00:00', 0, 1676, '0000-00-00 00:00:00', 'Cable TV', 28, 'active'),
('0000-00-00 00:00:00', 0, 1677, '0000-00-00 00:00:00', 'Call Centers ', 28, 'active'),
('0000-00-00 00:00:00', 0, 1678, '0000-00-00 00:00:00', 'Chemicals: Basic', 28, 'active'),
('0000-00-00 00:00:00', 0, 1679, '0000-00-00 00:00:00', 'Chemicals: Specialty', 28, 'active'),
('0000-00-00 00:00:00', 0, 1680, '0000-00-00 00:00:00', 'Coal Mining', 28, 'active'),
('0000-00-00 00:00:00', 0, 1681, '0000-00-00 00:00:00', 'Computer ', 28, 'active'),
('0000-00-00 00:00:00', 0, 1682, '0000-00-00 00:00:00', 'Computers: Hardware', 28, 'active'),
('0000-00-00 00:00:00', 0, 1683, '0000-00-00 00:00:00', 'Computers: Networking', 28, 'active'),
('0000-00-00 00:00:00', 0, 1684, '0000-00-00 00:00:00', 'Computers: Software', 28, 'active'),
('0000-00-00 00:00:00', 0, 1685, '0000-00-00 00:00:00', 'Consulting ', 28, 'active'),
('0000-00-00 00:00:00', 0, 1686, '0000-00-00 00:00:00', 'Consumer Products ', 28, 'active'),
('0000-00-00 00:00:00', 0, 1687, '0000-00-00 00:00:00', 'Cosmetics ', 28, 'active'),
('0000-00-00 00:00:00', 0, 1688, '0000-00-00 00:00:00', 'Defense ', 28, 'active'),
('0000-00-00 00:00:00', 0, 1689, '0000-00-00 00:00:00', 'Department Stores ', 28, 'active'),
('0000-00-00 00:00:00', 0, 1690, '0000-00-00 00:00:00', 'Education ', 28, 'active'),
('0000-00-00 00:00:00', 0, 1691, '0000-00-00 00:00:00', 'Electronics: Engineering ', 28, 'active'),
('0000-00-00 00:00:00', 0, 1692, '0000-00-00 00:00:00', 'Electronics: Personal Devices and Handhelds', 28, 'active'),
('0000-00-00 00:00:00', 0, 1693, '0000-00-00 00:00:00', 'Energy ', 28, 'active'),
('0000-00-00 00:00:00', 0, 1694, '0000-00-00 00:00:00', 'Entertainment & Leisure ', 28, 'active'),
('0000-00-00 00:00:00', 0, 1695, '0000-00-00 00:00:00', 'Environmental & Waste Management', 28, 'active'),
('0000-00-00 00:00:00', 0, 1696, '0000-00-00 00:00:00', 'Executive Search ', 28, 'active'),
('0000-00-00 00:00:00', 0, 1697, '0000-00-00 00:00:00', 'Financial Services ', 28, 'active'),
('0000-00-00 00:00:00', 0, 1698, '0000-00-00 00:00:00', 'Financial Services: Diversified', 28, 'active'),
('0000-00-00 00:00:00', 0, 1699, '0000-00-00 00:00:00', 'Food, Beverage & Tobacco ', 28, 'active'),
('0000-00-00 00:00:00', 0, 1700, '0000-00-00 00:00:00', 'Foods & Nonalcoholic Beverages', 28, 'active'),
('0000-00-00 00:00:00', 0, 1701, '0000-00-00 00:00:00', 'Grocery ', 28, 'active'),
('0000-00-00 00:00:00', 0, 1702, '0000-00-00 00:00:00', 'Healthcare: Drug Discovery R+D', 28, 'active'),
('0000-00-00 00:00:00', 0, 1703, '0000-00-00 00:00:00', 'Healthcare: Facilities', 28, 'active'),
('0000-00-00 00:00:00', 0, 1704, '0000-00-00 00:00:00', 'Healthcare: General', 28, 'active'),
('0000-00-00 00:00:00', 0, 1705, '0000-00-00 00:00:00', 'Healthcare: Managed Care', 28, 'active'),
('0000-00-00 00:00:00', 0, 1706, '0000-00-00 00:00:00', 'Healthcare: Medical Devices', 28, 'active'),
('0000-00-00 00:00:00', 0, 1707, '0000-00-00 00:00:00', 'Healthcare: Pharmaceutical R+D', 28, 'active'),
('0000-00-00 00:00:00', 0, 1708, '0000-00-00 00:00:00', 'Healthcare: Pharmaceuticals', 28, 'active'),
('0000-00-00 00:00:00', 0, 1709, '0000-00-00 00:00:00', 'Healthcare: Products & Supplies', 28, 'active'),
('0000-00-00 00:00:00', 0, 1710, '0000-00-00 00:00:00', 'Healthcare: Veterinary', 28, 'active'),
('0000-00-00 00:00:00', 0, 1711, '0000-00-00 00:00:00', 'Homebuilding', 28, 'active'),
('0000-00-00 00:00:00', 0, 1712, '0000-00-00 00:00:00', 'Household Durables', 28, 'active'),
('0000-00-00 00:00:00', 0, 1713, '0000-00-00 00:00:00', 'Household Nondurables', 28, 'active'),
('0000-00-00 00:00:00', 0, 1714, '0000-00-00 00:00:00', 'Industrial and Analytical Instruments', 28, 'active'),
('0000-00-00 00:00:00', 0, 1715, '0000-00-00 00:00:00', 'Information Technology', 28, 'active'),
('0000-00-00 00:00:00', 0, 1716, '0000-00-00 00:00:00', 'Insurance', 28, 'active'),
('0000-00-00 00:00:00', 0, 1717, '0000-00-00 00:00:00', 'Internet Publishing ', 28, 'active'),
('0000-00-00 00:00:00', 0, 1718, '0000-00-00 00:00:00', 'Investment Banking ', 28, 'active'),
('0000-00-00 00:00:00', 0, 1719, '0000-00-00 00:00:00', 'Investment Services', 28, 'active'),
('0000-00-00 00:00:00', 0, 1720, '0000-00-00 00:00:00', 'Legal ', 28, 'active'),
('0000-00-00 00:00:00', 0, 1721, '0000-00-00 00:00:00', 'Lodging & Gaming', 28, 'active'),
('0000-00-00 00:00:00', 0, 1722, '0000-00-00 00:00:00', 'Machinery', 28, 'active'),
('0000-00-00 00:00:00', 0, 1723, '0000-00-00 00:00:00', 'Manufacturing ', 28, 'active'),
('0000-00-00 00:00:00', 0, 1724, '0000-00-00 00:00:00', 'Metals: Industrial', 28, 'active'),
('0000-00-00 00:00:00', 0, 1725, '0000-00-00 00:00:00', 'Motion Picture & Video ', 28, 'active'),
('0000-00-00 00:00:00', 0, 1726, '0000-00-00 00:00:00', 'Movies & Home Entertainment', 28, 'active'),
('0000-00-00 00:00:00', 0, 1727, '0000-00-00 00:00:00', 'Music ', 28, 'active'),
('0000-00-00 00:00:00', 0, 1728, '0000-00-00 00:00:00', 'Natural Gas Distribution', 28, 'active'),
('0000-00-00 00:00:00', 0, 1729, '0000-00-00 00:00:00', 'Newspaper Publishers ', 28, 'active'),
('0000-00-00 00:00:00', 0, 1730, '0000-00-00 00:00:00', 'Online Auctions ', 28, 'active'),
('0000-00-00 00:00:00', 0, 1731, '0000-00-00 00:00:00', 'Packaging & Containers', 28, 'active'),
('0000-00-00 00:00:00', 0, 1732, '0000-00-00 00:00:00', 'Paper & Forest Products', 28, 'active'),
('0000-00-00 00:00:00', 0, 1733, '0000-00-00 00:00:00', 'Pension Funds ', 28, 'active'),
('0000-00-00 00:00:00', 0, 1734, '0000-00-00 00:00:00', 'Private Equity ', 28, 'active'),
('0000-00-00 00:00:00', 0, 1735, '0000-00-00 00:00:00', 'Publishing', 28, 'active'),
('0000-00-00 00:00:00', 0, 1736, '0000-00-00 00:00:00', 'Real Estate ', 28, 'active'),
('0000-00-00 00:00:00', 0, 1737, '0000-00-00 00:00:00', 'Recreation', 28, 'active'),
('0000-00-00 00:00:00', 0, 1738, '0000-00-00 00:00:00', 'Restaurants', 28, 'active'),
('0000-00-00 00:00:00', 0, 1739, '0000-00-00 00:00:00', 'Retail & Wholesale ', 28, 'active'),
('0000-00-00 00:00:00', 0, 1740, '0000-00-00 00:00:00', 'Retailing: General', 28, 'active'),
('0000-00-00 00:00:00', 0, 1741, '0000-00-00 00:00:00', 'Retailing: Specialty', 28, 'active'),
('0000-00-00 00:00:00', 0, 1742, '0000-00-00 00:00:00', 'Robotics', 28, 'active'),
('0000-00-00 00:00:00', 0, 1743, '0000-00-00 00:00:00', 'Savings & Loans', 28, 'active'),
('0000-00-00 00:00:00', 0, 1744, '0000-00-00 00:00:00', 'Securities & Commodity Exchanges ', 28, 'active'),
('0000-00-00 00:00:00', 0, 1745, '0000-00-00 00:00:00', 'Securities, Mutual Funds, and Commodity Futures Trading', 28, 'active'),
('0000-00-00 00:00:00', 0, 1746, '0000-00-00 00:00:00', 'Semiconductors', 28, 'active'),
('0000-00-00 00:00:00', 0, 1747, '0000-00-00 00:00:00', 'Service ', 28, 'active'),
('0000-00-00 00:00:00', 0, 1748, '0000-00-00 00:00:00', 'Shipbuilding & Repair', 28, 'active'),
('0000-00-00 00:00:00', 0, 1749, '0000-00-00 00:00:00', 'Soap & Detergent ', 28, 'active'),
('0000-00-00 00:00:00', 0, 1750, '0000-00-00 00:00:00', 'Software ', 28, 'active'),
('0000-00-00 00:00:00', 0, 1751, '0000-00-00 00:00:00', 'Sports ', 28, 'active'),
('0000-00-00 00:00:00', 0, 1752, '0000-00-00 00:00:00', 'Supermarkets & Drugstores', 28, 'active'),
('0000-00-00 00:00:00', 0, 1753, '0000-00-00 00:00:00', 'Technology Development', 28, 'active'),
('0000-00-00 00:00:00', 0, 1754, '0000-00-00 00:00:00', 'Telecommunications: General ', 28, 'active'),
('0000-00-00 00:00:00', 0, 1755, '0000-00-00 00:00:00', 'Telecommunications: Wireless', 28, 'active'),
('0000-00-00 00:00:00', 0, 1756, '0000-00-00 00:00:00', 'Telecommunications: Wireline', 28, 'active'),
('0000-00-00 00:00:00', 0, 1757, '0000-00-00 00:00:00', 'Television ', 28, 'active'),
('0000-00-00 00:00:00', 0, 1758, '0000-00-00 00:00:00', 'Textile', 28, 'active'),
('0000-00-00 00:00:00', 0, 1759, '0000-00-00 00:00:00', 'Transportation ', 28, 'active'),
('0000-00-00 00:00:00', 0, 1760, '0000-00-00 00:00:00', 'Travel & Tourism', 28, 'active'),
('0000-00-00 00:00:00', 0, 1761, '0000-00-00 00:00:00', 'Venture Capital ', 28, 'active'),
('0000-00-00 00:00:00', 0, 1762, '0000-00-00 00:00:00', 'Wholesaling', 28, 'active'),
('0000-00-00 00:00:00', 0, 1763, '0000-00-00 00:00:00', 'Wood Products', 28, 'active'),
('2007-06-01 00:00:00', 0, 1784, '2007-06-01 00:00:00', 'Aarhus University', 17, 'active'),
('2007-06-01 00:00:00', 0, 1785, '2007-06-01 00:00:00', 'Agnes Scott College', 17, 'active'),
('2007-06-01 00:00:00', 0, 1786, '2007-06-01 00:00:00', 'Albion College', 17, 'active'),
('2007-06-01 00:00:00', 0, 1787, '2007-06-01 00:00:00', 'Allegheny College', 17, 'active'),
('2007-06-01 00:00:00', 0, 1788, '2007-06-01 00:00:00', 'Amherst College', 17, 'active'),
('2007-06-01 00:00:00', 0, 1789, '2007-06-01 00:00:00', 'Arizona State University - Tempe', 17, 'active'),
('2007-06-01 00:00:00', 0, 1790, '2007-06-01 00:00:00', 'Auburn University', 17, 'active'),
('2007-06-01 00:00:00', 0, 1791, '2007-06-01 00:00:00', 'Augustana College', 17, 'active'),
('2007-06-01 00:00:00', 0, 1792, '2007-06-01 00:00:00', 'Austin College', 17, 'active'),
('2007-06-01 00:00:00', 0, 1793, '2007-06-01 00:00:00', 'Australian NatlUniversity', 17, 'active'),
('2007-06-01 00:00:00', 0, 1794, '2007-06-01 00:00:00', 'Bar Ilan University', 17, 'active'),
('2007-06-01 00:00:00', 0, 1795, '2007-06-01 00:00:00', 'Bard College', 17, 'active'),
('2007-06-01 00:00:00', 0, 1796, '2007-06-01 00:00:00', 'Barnard College', 17, 'active'),
('2007-06-01 00:00:00', 0, 1797, '2007-06-01 00:00:00', 'Bates College', 17, 'active'),
('2007-06-01 00:00:00', 0, 1798, '2007-06-01 00:00:00', 'Baylor Coll Med', 17, 'active'),
('2007-06-01 00:00:00', 0, 1799, '2007-06-01 00:00:00', 'Beloit College', 17, 'active'),
('2007-06-01 00:00:00', 0, 1800, '2007-06-01 00:00:00', 'Ben Gurion University', 17, 'active'),
('2007-06-01 00:00:00', 0, 1801, '2007-06-01 00:00:00', 'Bennington College', 17, 'active'),
('2007-06-01 00:00:00', 0, 1802, '2007-06-01 00:00:00', 'Birkbeck Coll', 17, 'active'),
('2007-06-01 00:00:00', 0, 1803, '2007-06-01 00:00:00', 'Birmingham - Southern College', 17, 'active'),
('2007-06-01 00:00:00', 0, 1804, '2007-06-01 00:00:00', 'Boston Coll', 17, 'active'),
('2007-06-01 00:00:00', 0, 1805, '2007-06-01 00:00:00', 'Boston University', 17, 'active'),
('2007-06-01 00:00:00', 0, 1806, '2007-06-01 00:00:00', 'Bowdoin College', 17, 'active'),
('2007-06-01 00:00:00', 0, 1807, '2007-06-01 00:00:00', 'Brandeis University', 17, 'active'),
('2007-06-01 00:00:00', 0, 1808, '2007-06-01 00:00:00', 'Brigham Young University - Provo', 17, 'active'),
('2007-06-01 00:00:00', 0, 1809, '2007-06-01 00:00:00', 'Brown University', 17, 'active'),
('2007-06-01 00:00:00', 0, 1810, '2007-06-01 00:00:00', 'Bryn Mawr College', 17, 'active'),
('2007-06-01 00:00:00', 0, 1811, '2007-06-01 00:00:00', 'Bucknell University', 17, 'active'),
('2007-06-01 00:00:00', 0, 1812, '2007-06-01 00:00:00', 'Budapest University Tech', 17, 'active'),
('2007-06-01 00:00:00', 0, 1813, '2007-06-01 00:00:00', 'California Inst Tech', 17, 'active'),
('2007-06-01 00:00:00', 0, 1814, '2007-06-01 00:00:00', 'Cardiff University', 17, 'active'),
('2007-06-01 00:00:00', 0, 1815, '2007-06-01 00:00:00', 'Carleton College', 17, 'active'),
('2007-06-01 00:00:00', 0, 1816, '2007-06-01 00:00:00', 'Carleton University', 17, 'active'),
('2007-06-01 00:00:00', 0, 1817, '2007-06-01 00:00:00', 'Carnegie Mellon University', 17, 'active'),
('2007-06-01 00:00:00', 0, 1818, '2007-06-01 00:00:00', 'Case Western Reserve University', 17, 'active'),
('2007-06-01 00:00:00', 0, 1819, '2007-06-01 00:00:00', 'Catholic University America', 17, 'active'),
('2007-06-01 00:00:00', 0, 1820, '2007-06-01 00:00:00', 'Centre College', 17, 'active'),
('2007-06-01 00:00:00', 0, 1821, '2007-06-01 00:00:00', 'Chalmers University Tech', 17, 'active'),
('2007-06-01 00:00:00', 0, 1822, '2007-06-01 00:00:00', 'Charles University Prague', 17, 'active'),
('2007-06-01 00:00:00', 0, 1823, '2007-06-01 00:00:00', 'Chiba University', 17, 'active'),
('2007-06-01 00:00:00', 0, 1824, '2007-06-01 00:00:00', 'Chinese University Hong Kong', 17, 'active'),
('2007-06-01 00:00:00', 0, 1825, '2007-06-01 00:00:00', 'City University Hong Kong', 17, 'active'),
('2007-06-01 00:00:00', 0, 1826, '2007-06-01 00:00:00', 'City University New York - City Coll', 17, 'active'),
('2007-06-01 00:00:00', 0, 1827, '2007-06-01 00:00:00', 'Claremont McKenna College', 17, 'active'),
('2007-06-01 00:00:00', 0, 1828, '2007-06-01 00:00:00', 'Clemson University', 17, 'active'),
('2007-06-01 00:00:00', 0, 1829, '2007-06-01 00:00:00', 'Coe College', 17, 'active'),
('2007-06-01 00:00:00', 0, 1830, '2007-06-01 00:00:00', 'Colby College', 17, 'active'),
('2007-06-01 00:00:00', 0, 1831, '2007-06-01 00:00:00', 'Colgate University', 17, 'active'),
('2007-06-01 00:00:00', 0, 1832, '2007-06-01 00:00:00', 'Coll France', 17, 'active'),
('2007-06-01 00:00:00', 0, 1833, '2007-06-01 00:00:00', 'Coll William & Mary', 17, 'active'),
('2007-06-01 00:00:00', 0, 1834, '2007-06-01 00:00:00', 'College of St. Benedict', 17, 'active'),
('2007-06-01 00:00:00', 0, 1835, '2007-06-01 00:00:00', 'College of the Holy Cross', 17, 'active'),
('2007-06-01 00:00:00', 0, 1836, '2007-06-01 00:00:00', 'College of Wooster', 17, 'active'),
('2007-06-01 00:00:00', 0, 1837, '2007-06-01 00:00:00', 'Colorado College', 17, 'active'),
('2007-06-01 00:00:00', 0, 1838, '2007-06-01 00:00:00', 'Colorado State University', 17, 'active'),
('2007-06-01 00:00:00', 0, 1839, '2007-06-01 00:00:00', 'Columbia University', 17, 'active'),
('2007-06-01 00:00:00', 0, 1840, '2007-06-01 00:00:00', 'Connecticut College', 17, 'active'),
('2007-06-01 00:00:00', 0, 1841, '2007-06-01 00:00:00', 'Cornell University', 17, 'active'),
('2007-06-01 00:00:00', 0, 1842, '2007-06-01 00:00:00', 'Dalhousie University', 17, 'active'),
('2007-06-01 00:00:00', 0, 1843, '2007-06-01 00:00:00', 'Dartmouth Coll', 17, 'active'),
('2007-06-01 00:00:00', 0, 1844, '2007-06-01 00:00:00', 'Davidson College', 17, 'active'),
('2007-06-01 00:00:00', 0, 1845, '2007-06-01 00:00:00', 'Delft University Tech', 17, 'active'),
('2007-06-01 00:00:00', 0, 1846, '2007-06-01 00:00:00', 'Denison University', 17, 'active'),
('2007-06-01 00:00:00', 0, 1847, '2007-06-01 00:00:00', 'DePauw University', 17, 'active'),
('2007-06-01 00:00:00', 0, 1848, '2007-06-01 00:00:00', 'Dickinson College', 17, 'active'),
('2007-06-01 00:00:00', 0, 1849, '2007-06-01 00:00:00', 'Drew University', 17, 'active'),
('2007-06-01 00:00:00', 0, 1850, '2007-06-01 00:00:00', 'Drexel University', 17, 'active'),
('2007-06-01 00:00:00', 0, 1851, '2007-06-01 00:00:00', 'Duke University', 17, 'active'),
('2007-06-01 00:00:00', 0, 1852, '2007-06-01 00:00:00', 'Earlham College', 17, 'active'),
('2007-06-01 00:00:00', 0, 1853, '2007-06-01 00:00:00', 'Ecole Natl Super Mines - Paris', 17, 'active'),
('2007-06-01 00:00:00', 0, 1854, '2007-06-01 00:00:00', 'Ecole Normale Super Lyon', 17, 'active'),
('2007-06-01 00:00:00', 0, 1855, '2007-06-01 00:00:00', 'Ecole Normale Super Paris', 17, 'active'),
('2007-06-01 00:00:00', 0, 1856, '2007-06-01 00:00:00', 'Ecole Polytechnique', 17, 'active'),
('2007-06-01 00:00:00', 0, 1857, '2007-06-01 00:00:00', 'Ecole Super Phys & Chem Industry', 17, 'active'),
('2007-06-01 00:00:00', 0, 1858, '2007-06-01 00:00:00', 'Ehime University', 17, 'active'),
('2007-06-01 00:00:00', 0, 1859, '2007-06-01 00:00:00', 'Eindhoven University Tech', 17, 'active'),
('2007-06-01 00:00:00', 0, 1860, '2007-06-01 00:00:00', 'Emory University', 17, 'active'),
('2007-06-01 00:00:00', 0, 1861, '2007-06-01 00:00:00', 'Eotvos Lorand University', 17, 'active'),
('2007-06-01 00:00:00', 0, 1862, '2007-06-01 00:00:00', 'Erasmus University', 17, 'active'),
('2007-06-01 00:00:00', 0, 1863, '2007-06-01 00:00:00', 'Flinders University South Australia', 17, 'active'),
('2007-06-01 00:00:00', 0, 1864, '2007-06-01 00:00:00', 'Florida International University', 17, 'active'),
('2007-06-01 00:00:00', 0, 1865, '2007-06-01 00:00:00', 'Florida State University', 17, 'active'),
('2007-06-01 00:00:00', 0, 1866, '2007-06-01 00:00:00', 'Franklin and Marshall College', 17, 'active'),
('2007-06-01 00:00:00', 0, 1867, '2007-06-01 00:00:00', 'Free University Amsterdam', 17, 'active'),
('2007-06-01 00:00:00', 0, 1868, '2007-06-01 00:00:00', 'Free University Berlin', 17, 'active'),
('2007-06-01 00:00:00', 0, 1869, '2007-06-01 00:00:00', 'Fudan University', 17, 'active'),
('2007-06-01 00:00:00', 0, 1870, '2007-06-01 00:00:00', 'Furman University', 17, 'active'),
('2007-06-01 00:00:00', 0, 1871, '2007-06-01 00:00:00', 'George Mason University', 17, 'active'),
('2007-06-01 00:00:00', 0, 1872, '2007-06-01 00:00:00', 'George Washington University', 17, 'active'),
('2007-06-01 00:00:00', 0, 1873, '2007-06-01 00:00:00', 'Georgetown University', 17, 'active'),
('2007-06-01 00:00:00', 0, 1874, '2007-06-01 00:00:00', 'Georgia Inst Tech', 17, 'active'),
('2007-06-01 00:00:00', 0, 1875, '2007-06-01 00:00:00', 'Gettysburg College', 17, 'active'),
('2007-06-01 00:00:00', 0, 1876, '2007-06-01 00:00:00', 'Gifu University', 17, 'active'),
('2007-06-01 00:00:00', 0, 1877, '2007-06-01 00:00:00', 'Gothenburg University', 17, 'active'),
('2007-06-01 00:00:00', 0, 1878, '2007-06-01 00:00:00', 'Goucher College', 17, 'active'),
('2007-06-01 00:00:00', 0, 1879, '2007-06-01 00:00:00', 'Grinnell College', 17, 'active'),
('2007-06-01 00:00:00', 0, 1880, '2007-06-01 00:00:00', 'Gunma University', 17, 'active'),
('2007-06-01 00:00:00', 0, 1881, '2007-06-01 00:00:00', 'Gustavus Adolphus College', 17, 'active'),
('2007-06-01 00:00:00', 0, 1882, '2007-06-01 00:00:00', 'Hamilton College', 17, 'active'),
('2007-06-01 00:00:00', 0, 1883, '2007-06-01 00:00:00', 'Hampden - Sydney College', 17, 'active'),
('2007-06-01 00:00:00', 0, 1884, '2007-06-01 00:00:00', 'Hampshire College', 17, 'active'),
('2007-06-01 00:00:00', 0, 1885, '2007-06-01 00:00:00', 'Hannover Med Sch', 17, 'active'),
('2007-06-01 00:00:00', 0, 1886, '2007-06-01 00:00:00', 'Hanover College', 17, 'active'),
('2007-06-01 00:00:00', 0, 1887, '2007-06-01 00:00:00', 'Hanyang University', 17, 'active'),
('2007-06-01 00:00:00', 0, 1888, '2007-06-01 00:00:00', 'Harvard  Universityersity', 17, 'active'),
('2007-06-01 00:00:00', 0, 1889, '2007-06-01 00:00:00', 'Harvey Mudd College', 17, 'active'),
('2007-06-01 00:00:00', 0, 1890, '2007-06-01 00:00:00', 'Haverford College', 17, 'active'),
('2007-06-01 00:00:00', 0, 1891, '2007-06-01 00:00:00', 'Hebrew University Jerusalem', 17, 'active'),
('2007-06-01 00:00:00', 0, 1892, '2007-06-01 00:00:00', 'Hendrix College', 17, 'active'),
('2007-06-01 00:00:00', 0, 1893, '2007-06-01 00:00:00', 'Himeji Inst Tech', 17, 'active'),
('2007-06-01 00:00:00', 0, 1894, '2007-06-01 00:00:00', 'Hiroshima University', 17, 'active'),
('2007-06-01 00:00:00', 0, 1895, '2007-06-01 00:00:00', 'Hobart and William Smith Col.', 17, 'active'),
('2007-06-01 00:00:00', 0, 1896, '2007-06-01 00:00:00', 'Hokkaido University', 17, 'active'),
('2007-06-01 00:00:00', 0, 1897, '2007-06-01 00:00:00', 'Hollins University', 17, 'active'),
('2007-06-01 00:00:00', 0, 1898, '2007-06-01 00:00:00', 'Hong Kong Polytechnic University', 17, 'active'),
('2007-06-01 00:00:00', 0, 1899, '2007-06-01 00:00:00', 'Hong Kong University Sci & Tech', 17, 'active'),
('2007-06-01 00:00:00', 0, 1900, '2007-06-01 00:00:00', 'Hope College', 17, 'active'),
('2007-06-01 00:00:00', 0, 1901, '2007-06-01 00:00:00', 'Howard University', 17, 'active'),
('2007-06-01 00:00:00', 0, 1902, '2007-06-01 00:00:00', 'Humboldt University Berlin', 17, 'active'),
('2007-06-01 00:00:00', 0, 1903, '2007-06-01 00:00:00', 'Illinois Wesleyan University', 17, 'active'),
('2007-06-01 00:00:00', 0, 1904, '2007-06-01 00:00:00', 'Imperial Coll London', 17, 'active'),
('2007-06-01 00:00:00', 0, 1905, '2007-06-01 00:00:00', 'Indian Inst Sci', 17, 'active'),
('2007-06-01 00:00:00', 0, 1906, '2007-06-01 00:00:00', 'Indian Inst Tech - Kharagpur', 17, 'active'),
('2007-06-01 00:00:00', 0, 1907, '2007-06-01 00:00:00', 'Indiana University - Bloomington', 17, 'active'),
('2007-06-01 00:00:00', 0, 1908, '2007-06-01 00:00:00', 'Indiana University - Purdue University - Indi', 17, 'active'),
('2007-06-01 00:00:00', 0, 1909, '2007-06-01 00:00:00', 'Innsbruck University', 17, 'active'),
('2007-06-01 00:00:00', 0, 1910, '2007-06-01 00:00:00', 'Iowa State University', 17, 'active'),
('2007-06-01 00:00:00', 0, 1911, '2007-06-01 00:00:00', 'Jagiellonian University', 17, 'active'),
('2007-06-01 00:00:00', 0, 1912, '2007-06-01 00:00:00', 'Jichi Med Sch', 17, 'active'),
('2007-06-01 00:00:00', 0, 1913, '2007-06-01 00:00:00', 'Jilin University', 17, 'active'),
('2007-06-01 00:00:00', 0, 1914, '2007-06-01 00:00:00', 'Johns Hopkins University', 17, 'active'),
('2007-06-01 00:00:00', 0, 1915, '2007-06-01 00:00:00', 'Juniata College', 17, 'active'),
('2007-06-01 00:00:00', 0, 1916, '2007-06-01 00:00:00', 'Juntendo University', 17, 'active'),
('2007-06-01 00:00:00', 0, 1917, '2007-06-01 00:00:00', 'Kagoshima University', 17, 'active'),
('2007-06-01 00:00:00', 0, 1918, '2007-06-01 00:00:00', 'Kalamazoo College', 17, 'active'),
('2007-06-01 00:00:00', 0, 1919, '2007-06-01 00:00:00', 'Kanazawa University', 17, 'active'),
('2007-06-01 00:00:00', 0, 1920, '2007-06-01 00:00:00', 'Kansas State University', 17, 'active'),
('2007-06-01 00:00:00', 0, 1921, '2007-06-01 00:00:00', 'Karolinska Inst Stockholm', 17, 'active'),
('2007-06-01 00:00:00', 0, 1922, '2007-06-01 00:00:00', 'Keio University', 17, 'active'),
('2007-06-01 00:00:00', 0, 1923, '2007-06-01 00:00:00', 'Kent State University', 17, 'active'),
('2007-06-01 00:00:00', 0, 1924, '2007-06-01 00:00:00', 'Kenyon College', 17, 'active'),
('2007-06-01 00:00:00', 0, 1925, '2007-06-01 00:00:00', 'King''s Coll London', 17, 'active'),
('2007-06-01 00:00:00', 0, 1926, '2007-06-01 00:00:00', 'Knox College', 17, 'active'),
('2007-06-01 00:00:00', 0, 1927, '2007-06-01 00:00:00', 'Kobe University', 17, 'active'),
('2007-06-01 00:00:00', 0, 1928, '2007-06-01 00:00:00', 'Korea Advanced Inst Sci & Tech', 17, 'active'),
('2007-06-01 00:00:00', 0, 1929, '2007-06-01 00:00:00', 'Korea University', 17, 'active'),
('2007-06-01 00:00:00', 0, 1930, '2007-06-01 00:00:00', 'Kumamoto University', 17, 'active'),
('2007-06-01 00:00:00', 0, 1931, '2007-06-01 00:00:00', 'Kyoto University', 17, 'active'),
('2007-06-01 00:00:00', 0, 1932, '2007-06-01 00:00:00', 'Kyungpook Natl University', 17, 'active'),
('2007-06-01 00:00:00', 0, 1933, '2007-06-01 00:00:00', 'Kyushu University', 17, 'active'),
('2007-06-01 00:00:00', 0, 1934, '2007-06-01 00:00:00', 'La Trobe University', 17, 'active'),
('2007-06-01 00:00:00', 0, 1935, '2007-06-01 00:00:00', 'Lafayette College', 17, 'active'),
('2007-06-01 00:00:00', 0, 1936, '2007-06-01 00:00:00', 'Lake Forest College', 17, 'active'),
('2007-06-01 00:00:00', 0, 1937, '2007-06-01 00:00:00', 'Lawrence University', 17, 'active'),
('2007-06-01 00:00:00', 0, 1938, '2007-06-01 00:00:00', 'Lehigh University', 17, 'active'),
('2007-06-01 00:00:00', 0, 1939, '2007-06-01 00:00:00', 'Lewis and Clark College', 17, 'active'),
('2007-06-01 00:00:00', 0, 1940, '2007-06-01 00:00:00', 'Linkoping University', 17, 'active'),
('2007-06-01 00:00:00', 0, 1941, '2007-06-01 00:00:00', 'London Sch Economics', 17, 'active'),
('2007-06-01 00:00:00', 0, 1942, '2007-06-01 00:00:00', 'London Sch Hygiene & Tropical Med', 17, 'active'),
('2007-06-01 00:00:00', 0, 1943, '2007-06-01 00:00:00', 'Louisiana State University - Baton Rouge', 17, 'active'),
('2007-06-01 00:00:00', 0, 1944, '2007-06-01 00:00:00', 'Loyola University - Chicago', 17, 'active'),
('2007-06-01 00:00:00', 0, 1945, '2007-06-01 00:00:00', 'Lund University', 17, 'active'),
('2007-06-01 00:00:00', 0, 1946, '2007-06-01 00:00:00', 'Luther College', 17, 'active'),
('2007-06-01 00:00:00', 0, 1947, '2007-06-01 00:00:00', 'Macalester College', 17, 'active'),
('2007-06-01 00:00:00', 0, 1948, '2007-06-01 00:00:00', 'Macquarie University', 17, 'active'),
('2007-06-01 00:00:00', 0, 1949, '2007-06-01 00:00:00', 'Massachusetts Inst Tech (MIT)', 17, 'active'),
('2007-06-01 00:00:00', 0, 1950, '2007-06-01 00:00:00', 'Massey University', 17, 'active'),
('2007-06-01 00:00:00', 0, 1951, '2007-06-01 00:00:00', 'McGill University', 17, 'active'),
('2007-06-01 00:00:00', 0, 1952, '2007-06-01 00:00:00', 'McMaster University', 17, 'active'),
('2007-06-01 00:00:00', 0, 1953, '2007-06-01 00:00:00', 'Med Coll Georgia', 17, 'active'),
('2007-06-01 00:00:00', 0, 1954, '2007-06-01 00:00:00', 'Med Coll Wisconsin', 17, 'active'),
('2007-06-01 00:00:00', 0, 1955, '2007-06-01 00:00:00', 'Med University Innsbruck', 17, 'active'),
('2007-06-01 00:00:00', 0, 1956, '2007-06-01 00:00:00', 'Med University South Carolina', 17, 'active'),
('2007-06-01 00:00:00', 0, 1957, '2007-06-01 00:00:00', 'Memorial University Newfoundland', 17, 'active'),
('2007-06-01 00:00:00', 0, 1958, '2007-06-01 00:00:00', 'Michigan State University', 17, 'active'),
('2007-06-01 00:00:00', 0, 1959, '2007-06-01 00:00:00', 'Michigan Tech University', 17, 'active'),
('2007-06-01 00:00:00', 0, 1960, '2007-06-01 00:00:00', 'Middlebury College', 17, 'active'),
('2007-06-01 00:00:00', 0, 1961, '2007-06-01 00:00:00', 'Mills College', 17, 'active'),
('2007-06-01 00:00:00', 0, 1962, '2007-06-01 00:00:00', 'Millsaps College', 17, 'active'),
('2007-06-01 00:00:00', 0, 1963, '2007-06-01 00:00:00', 'Monash University', 17, 'active'),
('2007-06-01 00:00:00', 0, 1964, '2007-06-01 00:00:00', 'Montana State University - Bozeman', 17, 'active'),
('2007-06-01 00:00:00', 0, 1965, '2007-06-01 00:00:00', 'Moscow State University', 17, 'active'),
('2007-06-01 00:00:00', 0, 1966, '2007-06-01 00:00:00', 'Mount Holyoke College', 17, 'active'),
('2007-06-01 00:00:00', 0, 1967, '2007-06-01 00:00:00', 'Mt Sinai Sch Med', 17, 'active'),
('2007-06-01 00:00:00', 0, 1968, '2007-06-01 00:00:00', 'Muhlenberg College', 17, 'active'),
('2007-06-01 00:00:00', 0, 1969, '2007-06-01 00:00:00', 'Murdoch University', 17, 'active'),
('2007-06-01 00:00:00', 0, 1970, '2007-06-01 00:00:00', 'Nagasaki University', 17, 'active'),
('2007-06-01 00:00:00', 0, 1971, '2007-06-01 00:00:00', 'Nagoya University', 17, 'active'),
('2007-06-01 00:00:00', 0, 1972, '2007-06-01 00:00:00', 'Nanjing University', 17, 'active'),
('2007-06-01 00:00:00', 0, 1973, '2007-06-01 00:00:00', 'Nanyang Tech University', 17, 'active'),
('2007-06-01 00:00:00', 0, 1974, '2007-06-01 00:00:00', 'Nara Inst Sci & Tech', 17, 'active'),
('2007-06-01 00:00:00', 0, 1975, '2007-06-01 00:00:00', 'Natl Cheng Kung University', 17, 'active'),
('2007-06-01 00:00:00', 0, 1976, '2007-06-01 00:00:00', 'Natl Taiwan University', 17, 'active'),
('2007-06-01 00:00:00', 0, 1977, '2007-06-01 00:00:00', 'Natl Tsing Hua University', 17, 'active'),
('2007-06-01 00:00:00', 0, 1978, '2007-06-01 00:00:00', 'Natl University Singapore', 17, 'active'),
('2007-06-01 00:00:00', 0, 1979, '2007-06-01 00:00:00', 'New College of Florida', 17, 'active'),
('2007-06-01 00:00:00', 0, 1980, '2007-06-01 00:00:00', 'New Jersey Inst Tech', 17, 'active'),
('2007-06-01 00:00:00', 0, 1981, '2007-06-01 00:00:00', 'New Mexico State University - Las Cruces', 17, 'active'),
('2007-06-01 00:00:00', 0, 1982, '2007-06-01 00:00:00', 'New York University', 17, 'active'),
('2007-06-01 00:00:00', 0, 1983, '2007-06-01 00:00:00', 'Nihon University', 17, 'active'),
('2007-06-01 00:00:00', 0, 1984, '2007-06-01 00:00:00', 'Niigata University', 17, 'active'),
('2007-06-01 00:00:00', 0, 1985, '2007-06-01 00:00:00', 'North Carolina State University - Raleigh', 17, 'active'),
('2007-06-01 00:00:00', 0, 1986, '2007-06-01 00:00:00', 'Northeastern University', 17, 'active'),
('2007-06-01 00:00:00', 0, 1987, '2007-06-01 00:00:00', 'Northern Arizona University', 17, 'active'),
('2007-06-01 00:00:00', 0, 1988, '2007-06-01 00:00:00', 'Northwestern University', 17, 'active'),
('2007-06-01 00:00:00', 0, 1989, '2007-06-01 00:00:00', 'Norwegian University Sci & Tech', 17, 'active'),
('2007-06-01 00:00:00', 0, 1990, '2007-06-01 00:00:00', 'Oberlin College', 17, 'active'),
('2007-06-01 00:00:00', 0, 1991, '2007-06-01 00:00:00', 'Occidental College', 17, 'active'),
('2007-06-01 00:00:00', 0, 1992, '2007-06-01 00:00:00', 'Ohio State University - Columbus', 17, 'active'),
('2007-06-01 00:00:00', 0, 1993, '2007-06-01 00:00:00', 'Ohio Wesleyan University', 17, 'active'),
('2007-06-01 00:00:00', 0, 1994, '2007-06-01 00:00:00', 'Okayama University', 17, 'active'),
('2007-06-01 00:00:00', 0, 1995, '2007-06-01 00:00:00', 'Oklahoma State University', 17, 'active'),
('2007-06-01 00:00:00', 0, 1996, '2007-06-01 00:00:00', 'Old Dominion University', 17, 'active'),
('2007-06-01 00:00:00', 0, 1997, '2007-06-01 00:00:00', 'Open University', 17, 'active'),
('2007-06-01 00:00:00', 0, 1998, '2007-06-01 00:00:00', 'Oregon Health & Sci University', 17, 'active'),
('2007-06-01 00:00:00', 0, 1999, '2007-06-01 00:00:00', 'Oregon State University', 17, 'active'),
('2007-06-01 00:00:00', 0, 2000, '2007-06-01 00:00:00', 'Osaka City University', 17, 'active'),
('2007-06-01 00:00:00', 0, 2001, '2007-06-01 00:00:00', 'OsakaUniversity', 17, 'active'),
('2007-06-01 00:00:00', 0, 2002, '2007-06-01 00:00:00', 'Peking University', 17, 'active'),
('2007-06-01 00:00:00', 0, 2003, '2007-06-01 00:00:00', 'Pennsylvania StateUniversity - University Par', 17, 'active'),
('2007-06-01 00:00:00', 0, 2004, '2007-06-01 00:00:00', 'Pitzer College', 17, 'active'),
('2007-06-01 00:00:00', 0, 2005, '2007-06-01 00:00:00', 'Pohang University Sci & Tech', 17, 'active'),
('2007-06-01 00:00:00', 0, 2006, '2007-06-01 00:00:00', 'Polytechnic Inst Milan', 17, 'active'),
('2007-06-01 00:00:00', 0, 2007, '2007-06-01 00:00:00', 'Polytechnic Inst Turin', 17, 'active'),
('2007-06-01 00:00:00', 0, 2008, '2007-06-01 00:00:00', 'Polytechnic University - Brooklyn', 17, 'active'),
('2007-06-01 00:00:00', 0, 2009, '2007-06-01 00:00:00', 'Pomona College', 17, 'active'),
('2007-06-01 00:00:00', 0, 2010, '2007-06-01 00:00:00', 'Princeton University', 17, 'active'),
('2007-06-01 00:00:00', 0, 2011, '2007-06-01 00:00:00', 'Principia College', 17, 'active'),
('2007-06-01 00:00:00', 0, 2012, '2007-06-01 00:00:00', 'Purdue University - West Lafayette', 17, 'active'),
('2007-06-01 00:00:00', 0, 2013, '2007-06-01 00:00:00', 'Queen Mary Coll', 17, 'active'),
('2007-06-01 00:00:00', 0, 2014, '2007-06-01 00:00:00', 'Queen''s University', 17, 'active'),
('2007-06-01 00:00:00', 0, 2015, '2007-06-01 00:00:00', 'Queen''s University Belfast', 17, 'active'),
('2007-06-01 00:00:00', 0, 2016, '2007-06-01 00:00:00', 'Randolph - Macon College', 17, 'active'),
('2007-06-01 00:00:00', 0, 2017, '2007-06-01 00:00:00', 'Randolph - Macon Woman''s College', 17, 'active'),
('2007-06-01 00:00:00', 0, 2018, '2007-06-01 00:00:00', 'Reed College', 17, 'active'),
('2007-06-01 00:00:00', 0, 2019, '2007-06-01 00:00:00', 'Rensselaer Polytechnic Inst', 17, 'active'),
('2007-06-01 00:00:00', 0, 2020, '2007-06-01 00:00:00', 'Rhodes College', 17, 'active'),
('2007-06-01 00:00:00', 0, 2021, '2007-06-01 00:00:00', 'Rice University', 17, 'active'),
('2007-06-01 00:00:00', 0, 2022, '2007-06-01 00:00:00', 'Rockefeller University', 17, 'active'),
('2007-06-01 00:00:00', 0, 2023, '2007-06-01 00:00:00', 'Royal Holloway Coll', 17, 'active'),
('2007-06-01 00:00:00', 0, 2024, '2007-06-01 00:00:00', 'Royal Inst Tech', 17, 'active'),
('2007-06-01 00:00:00', 0, 2025, '2007-06-01 00:00:00', 'Royal Veterinary & Agr University', 17, 'active'),
('2007-06-01 00:00:00', 0, 2026, '2007-06-01 00:00:00', 'Rutgers StateUniversity - New Brunswick', 17, 'active'),
('2007-06-01 00:00:00', 0, 2027, '2007-06-01 00:00:00', 'San Diego State University', 17, 'active'),
('2007-06-01 00:00:00', 0, 2028, '2007-06-01 00:00:00', 'Sarah Lawrence College', 17, 'active'),
('2007-06-01 00:00:00', 0, 2029, '2007-06-01 00:00:00', 'Scripps College', 17, 'active'),
('2007-06-01 00:00:00', 0, 2030, '2007-06-01 00:00:00', 'Scuola Normale Super - Pisa', 17, 'active'),
('2007-06-01 00:00:00', 0, 2031, '2007-06-01 00:00:00', 'Seoul Natl University', 17, 'active'),
('2007-06-01 00:00:00', 0, 2032, '2007-06-01 00:00:00', 'SewaneeUniversity of the South', 17, 'active'),
('2007-06-01 00:00:00', 0, 2033, '2007-06-01 00:00:00', 'Shanghai Jiao Tong University', 17, 'active'),
('2007-06-01 00:00:00', 0, 2034, '2007-06-01 00:00:00', 'Shinshu University', 17, 'active'),
('2007-06-01 00:00:00', 0, 2035, '2007-06-01 00:00:00', 'Simon Fraser University', 17, 'active'),
('2007-06-01 00:00:00', 0, 2036, '2007-06-01 00:00:00', 'Skidmore College', 17, 'active'),
('2007-06-01 00:00:00', 0, 2037, '2007-06-01 00:00:00', 'Smith College', 17, 'active'),
('2007-06-01 00:00:00', 0, 2038, '2007-06-01 00:00:00', 'Southern Methodist University', 17, 'active'),
('2007-06-01 00:00:00', 0, 2039, '2007-06-01 00:00:00', 'Southwestern University', 17, 'active'),
('2007-06-01 00:00:00', 0, 2040, '2007-06-01 00:00:00', 'Spelman College', 17, 'active'),
('2007-06-01 00:00:00', 0, 2041, '2007-06-01 00:00:00', 'St Petersburg State University', 17, 'active'),
('2007-06-01 00:00:00', 0, 2042, '2007-06-01 00:00:00', 'St. John''s University', 17, 'active'),
('2007-06-01 00:00:00', 0, 2043, '2007-06-01 00:00:00', 'St. Lawrence University', 17, 'active'),
('2007-06-01 00:00:00', 0, 2044, '2007-06-01 00:00:00', 'St. Louis University', 17, 'active'),
('2007-06-01 00:00:00', 0, 2045, '2007-06-01 00:00:00', 'St. Mary''s College of Maryland', 17, 'active'),
('2007-06-01 00:00:00', 0, 2046, '2007-06-01 00:00:00', 'St. Olaf College', 17, 'active'),
('2007-06-01 00:00:00', 0, 2047, '2007-06-01 00:00:00', 'Stanford  University', 17, 'active'),
('2007-06-01 00:00:00', 0, 2048, '2007-06-01 00:00:00', 'State University New York - Albany', 17, 'active'),
('2007-06-01 00:00:00', 0, 2049, '2007-06-01 00:00:00', 'State University New York - Buffalo', 17, 'active'),
('2007-06-01 00:00:00', 0, 2050, '2007-06-01 00:00:00', 'State University New York - Stony Brook', 17, 'active'),
('2007-06-01 00:00:00', 0, 2051, '2007-06-01 00:00:00', 'Stockholm University', 17, 'active'),
('2007-06-01 00:00:00', 0, 2052, '2007-06-01 00:00:00', 'Sungkyunkwan University', 17, 'active'),
('2007-06-01 00:00:00', 0, 2053, '2007-06-01 00:00:00', 'Susquehanna University', 17, 'active'),
('2007-06-01 00:00:00', 0, 2054, '2007-06-01 00:00:00', 'Swarthmore College', 17, 'active'),
('2007-06-01 00:00:00', 0, 2055, '2007-06-01 00:00:00', 'Swedish University Agr Sci', 17, 'active'),
('2007-06-01 00:00:00', 0, 2056, '2007-06-01 00:00:00', 'Sweet Briar College', 17, 'active'),
('2007-06-01 00:00:00', 0, 2057, '2007-06-01 00:00:00', 'Swiss Fed Inst Tech - Lausanne', 17, 'active'),
('2007-06-01 00:00:00', 0, 2058, '2007-06-01 00:00:00', 'Swiss Fed Inst Tech - Zurich', 17, 'active'),
('2007-06-01 00:00:00', 0, 2059, '2007-06-01 00:00:00', 'Syracuse University', 17, 'active'),
('2007-06-01 00:00:00', 0, 2060, '2007-06-01 00:00:00', 'Tech University Aachen', 17, 'active'),
('2007-06-01 00:00:00', 0, 2061, '2007-06-01 00:00:00', 'Tech University Berlin', 17, 'active'),
('2007-06-01 00:00:00', 0, 2062, '2007-06-01 00:00:00', 'Tech University Braunschweig', 17, 'active'),
('2007-06-01 00:00:00', 0, 2063, '2007-06-01 00:00:00', 'Tech University Darmstadt', 17, 'active'),
('2007-06-01 00:00:00', 0, 2064, '2007-06-01 00:00:00', 'Tech University Denmark', 17, 'active'),
('2007-06-01 00:00:00', 0, 2065, '2007-06-01 00:00:00', 'Tech University Dresden', 17, 'active'),
('2007-06-01 00:00:00', 0, 2066, '2007-06-01 00:00:00', 'Tech University Helsinki', 17, 'active'),
('2007-06-01 00:00:00', 0, 2067, '2007-06-01 00:00:00', 'Technion Israel Inst Tech', 17, 'active'),
('2007-06-01 00:00:00', 0, 2068, '2007-06-01 00:00:00', 'TechUniversity Munich', 17, 'active'),
('2007-06-01 00:00:00', 0, 2069, '2007-06-01 00:00:00', 'Tel Aviv University', 17, 'active'),
('2007-06-01 00:00:00', 0, 2070, '2007-06-01 00:00:00', 'Temple University', 17, 'active'),
('2007-06-01 00:00:00', 0, 2071, '2007-06-01 00:00:00', 'Texas A&M University - Coll Station', 17, 'active'),
('2007-06-01 00:00:00', 0, 2072, '2007-06-01 00:00:00', 'Texas Tech University', 17, 'active'),
('2007-06-01 00:00:00', 0, 2073, '2007-06-01 00:00:00', 'Thomas Aquinas College', 17, 'active'),
('2007-06-01 00:00:00', 0, 2074, '2007-06-01 00:00:00', 'Thomas Jefferson University', 17, 'active'),
('2007-06-01 00:00:00', 0, 2075, '2007-06-01 00:00:00', 'Tohoku University', 17, 'active'),
('2007-06-01 00:00:00', 0, 2076, '2007-06-01 00:00:00', 'Tokyo Inst Tech', 17, 'active'),
('2007-06-01 00:00:00', 0, 2077, '2007-06-01 00:00:00', 'Tokyo Med & Dent University', 17, 'active'),
('2007-06-01 00:00:00', 0, 2078, '2007-06-01 00:00:00', 'Tokyo Metropolitan University', 17, 'active'),
('2007-06-01 00:00:00', 0, 2079, '2007-06-01 00:00:00', 'Tokyo University', 17, 'active'),
('2007-06-01 00:00:00', 0, 2080, '2007-06-01 00:00:00', 'Tokyo University Agr & Tech', 17, 'active'),
('2007-06-01 00:00:00', 0, 2081, '2007-06-01 00:00:00', 'Transylvania University', 17, 'active'),
('2007-06-01 00:00:00', 0, 2082, '2007-06-01 00:00:00', 'Trinity Coll Dublin', 17, 'active'),
('2007-06-01 00:00:00', 0, 2083, '2007-06-01 00:00:00', 'Trinity College', 17, 'active'),
('2007-06-01 00:00:00', 0, 2084, '2007-06-01 00:00:00', 'Tsing Hua University', 17, 'active'),
('2007-06-01 00:00:00', 0, 2085, '2007-06-01 00:00:00', 'Tsukuba University', 17, 'active'),
('2007-06-01 00:00:00', 0, 2086, '2007-06-01 00:00:00', 'Tufts University', 17, 'active'),
('2007-06-01 00:00:00', 0, 2087, '2007-06-01 00:00:00', 'Tulane University', 17, 'active'),
('2007-06-01 00:00:00', 0, 2088, '2007-06-01 00:00:00', 'Umea University', 17, 'active'),
('2007-06-01 00:00:00', 0, 2089, '2007-06-01 00:00:00', 'Union College', 17, 'active'),
('2007-06-01 00:00:00', 0, 2090, '2007-06-01 00:00:00', 'University Aberdeen', 17, 'active'),
('2007-06-01 00:00:00', 0, 2091, '2007-06-01 00:00:00', 'University Adelaide', 17, 'active'),
('2007-06-01 00:00:00', 0, 2092, '2007-06-01 00:00:00', 'University Aix Marseille', 17, 'active'),
('2007-06-01 00:00:00', 0, 2093, '2007-06-01 00:00:00', 'University Akron', 17, 'active'),
('2007-06-01 00:00:00', 0, 2094, '2007-06-01 00:00:00', 'University Alabama - Birmingham', 17, 'active'),
('2007-06-01 00:00:00', 0, 2095, '2007-06-01 00:00:00', 'University Alaska - Fairbanks', 17, 'active'),
('2007-06-01 00:00:00', 0, 2096, '2007-06-01 00:00:00', 'University Alberta', 17, 'active'),
('2007-06-01 00:00:00', 0, 2097, '2007-06-01 00:00:00', 'University Amsterdam', 17, 'active'),
('2007-06-01 00:00:00', 0, 2098, '2007-06-01 00:00:00', 'University Antwerp', 17, 'active'),
('2007-06-01 00:00:00', 0, 2099, '2007-06-01 00:00:00', 'University Arizona', 17, 'active'),
('2007-06-01 00:00:00', 0, 2100, '2007-06-01 00:00:00', 'University Arkansas - Little Rock', 17, 'active'),
('2007-06-01 00:00:00', 0, 2101, '2007-06-01 00:00:00', 'University Athens', 17, 'active'),
('2007-06-01 00:00:00', 0, 2102, '2007-06-01 00:00:00', 'University Auckland', 17, 'active'),
('2007-06-01 00:00:00', 0, 2103, '2007-06-01 00:00:00', 'University Autonoma Barcelona', 17, 'active'),
('2007-06-01 00:00:00', 0, 2104, '2007-06-01 00:00:00', 'University Autonoma Madrid', 17, 'active'),
('2007-06-01 00:00:00', 0, 2105, '2007-06-01 00:00:00', 'University Barcelona', 17, 'active'),
('2007-06-01 00:00:00', 0, 2106, '2007-06-01 00:00:00', 'University Bari', 17, 'active'),
('2007-06-01 00:00:00', 0, 2107, '2007-06-01 00:00:00', 'University Basel', 17, 'active'),
('2007-06-01 00:00:00', 0, 2108, '2007-06-01 00:00:00', 'University Bath', 17, 'active'),
('2007-06-01 00:00:00', 0, 2109, '2007-06-01 00:00:00', 'University Bayreuth', 17, 'active'),
('2007-06-01 00:00:00', 0, 2110, '2007-06-01 00:00:00', 'University Bergen', 17, 'active'),
('2007-06-01 00:00:00', 0, 2111, '2007-06-01 00:00:00', 'University Bern', 17, 'active'),
('2007-06-01 00:00:00', 0, 2112, '2007-06-01 00:00:00', 'University Bielefeld', 17, 'active'),
('2007-06-01 00:00:00', 0, 2113, '2007-06-01 00:00:00', 'University Birmingham', 17, 'active'),
('2007-06-01 00:00:00', 0, 2114, '2007-06-01 00:00:00', 'University Bochum', 17, 'active'),
('2007-06-01 00:00:00', 0, 2115, '2007-06-01 00:00:00', 'University Bologna', 17, 'active'),
('2007-06-01 00:00:00', 0, 2116, '2007-06-01 00:00:00', 'University Bonn', 17, 'active'),
('2007-06-01 00:00:00', 0, 2117, '2007-06-01 00:00:00', 'University Bordeaux', 17, 'active'),
('2007-06-01 00:00:00', 0, 2118, '2007-06-01 00:00:00', 'University Bradford', 17, 'active'),
('2007-06-01 00:00:00', 0, 2119, '2007-06-01 00:00:00', 'University Bremen', 17, 'active'),
('2007-06-01 00:00:00', 0, 2120, '2007-06-01 00:00:00', 'University Bristol', 17, 'active'),
('2007-06-01 00:00:00', 0, 2121, '2007-06-01 00:00:00', 'University British Columbia', 17, 'active'),
('2007-06-01 00:00:00', 0, 2122, '2007-06-01 00:00:00', 'University Buenos Aires', 17, 'active'),
('2007-06-01 00:00:00', 0, 2123, '2007-06-01 00:00:00', 'University Cagliari', 17, 'active'),
('2007-06-01 00:00:00', 0, 2124, '2007-06-01 00:00:00', 'University Calcutta', 17, 'active'),
('2007-06-01 00:00:00', 0, 2125, '2007-06-01 00:00:00', 'University Calgary', 17, 'active'),
('2007-06-01 00:00:00', 0, 2126, '2007-06-01 00:00:00', 'University California - Berkeley', 17, 'active'),
('2007-06-01 00:00:00', 0, 2127, '2007-06-01 00:00:00', 'University California - Davis', 17, 'active'),
('2007-06-01 00:00:00', 0, 2128, '2007-06-01 00:00:00', 'University California - Irvine', 17, 'active'),
('2007-06-01 00:00:00', 0, 2129, '2007-06-01 00:00:00', 'University California - Los Angeles', 17, 'active'),
('2007-06-01 00:00:00', 0, 2130, '2007-06-01 00:00:00', 'University California - Riverside', 17, 'active'),
('2007-06-01 00:00:00', 0, 2131, '2007-06-01 00:00:00', 'University California - San Diego', 17, 'active'),
('2007-06-01 00:00:00', 0, 2132, '2007-06-01 00:00:00', 'University California - San Francisco', 17, 'active'),
('2007-06-01 00:00:00', 0, 2133, '2007-06-01 00:00:00', 'University California - Santa Barbara', 17, 'active'),
('2007-06-01 00:00:00', 0, 2134, '2007-06-01 00:00:00', 'University California - Santa Cruz', 17, 'active'),
('2007-06-01 00:00:00', 0, 2135, '2007-06-01 00:00:00', 'University Cambridge', 17, 'active'),
('2007-06-01 00:00:00', 0, 2136, '2007-06-01 00:00:00', 'University Cape Town', 17, 'active'),
('2007-06-01 00:00:00', 0, 2137, '2007-06-01 00:00:00', 'University Central Florida', 17, 'active'),
('2007-06-01 00:00:00', 0, 2138, '2007-06-01 00:00:00', 'University Chicago', 17, 'active'),
('2007-06-01 00:00:00', 0, 2139, '2007-06-01 00:00:00', 'University Chile', 17, 'active'),
('2007-06-01 00:00:00', 0, 2140, '2007-06-01 00:00:00', 'University Cincinnati - Cincinnati', 17, 'active'),
('2007-06-01 00:00:00', 0, 2141, '2007-06-01 00:00:00', 'University Coll Cork', 17, 'active'),
('2007-06-01 00:00:00', 0, 2142, '2007-06-01 00:00:00', 'University Coll Dublin', 17, 'active'),
('2007-06-01 00:00:00', 0, 2143, '2007-06-01 00:00:00', 'University Coll London', 17, 'active'),
('2007-06-01 00:00:00', 0, 2144, '2007-06-01 00:00:00', 'University Colorado - Boulder', 17, 'active'),
('2007-06-01 00:00:00', 0, 2145, '2007-06-01 00:00:00', 'University Colorado Health Sci Center', 17, 'active'),
('2007-06-01 00:00:00', 0, 2146, '2007-06-01 00:00:00', 'University Complutense - Madrid', 17, 'active'),
('2007-06-01 00:00:00', 0, 2147, '2007-06-01 00:00:00', 'University Connecticut - Storrs', 17, 'active'),
('2007-06-01 00:00:00', 0, 2148, '2007-06-01 00:00:00', 'University Connecticut Health Center', 17, 'active'),
('2007-06-01 00:00:00', 0, 2149, '2007-06-01 00:00:00', 'University Copenhagen', 17, 'active'),
('2007-06-01 00:00:00', 0, 2150, '2007-06-01 00:00:00', 'University Delaware', 17, 'active'),
('2007-06-01 00:00:00', 0, 2151, '2007-06-01 00:00:00', 'University Duesseldorf', 17, 'active'),
('2007-06-01 00:00:00', 0, 2152, '2007-06-01 00:00:00', 'University Duisburg Essen', 17, 'active'),
('2007-06-01 00:00:00', 0, 2153, '2007-06-01 00:00:00', 'University Dundee', 17, 'active'),
('2007-06-01 00:00:00', 0, 2154, '2007-06-01 00:00:00', 'University Durham', 17, 'active'),
('2007-06-01 00:00:00', 0, 2155, '2007-06-01 00:00:00', 'University East Anglia', 17, 'active'),
('2007-06-01 00:00:00', 0, 2156, '2007-06-01 00:00:00', 'University Edinburgh', 17, 'active'),
('2007-06-01 00:00:00', 0, 2157, '2007-06-01 00:00:00', 'University Erlangen Nuernberg', 17, 'active'),
('2007-06-01 00:00:00', 0, 2158, '2007-06-01 00:00:00', 'University Essex', 17, 'active'),
('2007-06-01 00:00:00', 0, 2159, '2007-06-01 00:00:00', 'University Estadual Campinas', 17, 'active'),
('2007-06-01 00:00:00', 0, 2160, '2007-06-01 00:00:00', 'University Estadual Paulista', 17, 'active'),
('2007-06-01 00:00:00', 0, 2161, '2007-06-01 00:00:00', 'University Exeter', 17, 'active'),
('2007-06-01 00:00:00', 0, 2162, '2007-06-01 00:00:00', 'University Fed Rio de Janeiro', 17, 'active'),
('2007-06-01 00:00:00', 0, 2163, '2007-06-01 00:00:00', 'University Ferrara', 17, 'active'),
('2007-06-01 00:00:00', 0, 2164, '2007-06-01 00:00:00', 'University Florence', 17, 'active'),
('2007-06-01 00:00:00', 0, 2165, '2007-06-01 00:00:00', 'University Florida', 17, 'active'),
('2007-06-01 00:00:00', 0, 2166, '2007-06-01 00:00:00', 'University Frankfurt', 17, 'active'),
('2007-06-01 00:00:00', 0, 2167, '2007-06-01 00:00:00', 'University Freiburg', 17, 'active'),
('2007-06-01 00:00:00', 0, 2168, '2007-06-01 00:00:00', 'University Fribourg', 17, 'active'),
('2007-06-01 00:00:00', 0, 2169, '2007-06-01 00:00:00', 'University Geneva', 17, 'active'),
('2007-06-01 00:00:00', 0, 2170, '2007-06-01 00:00:00', 'University Genoa', 17, 'active'),
('2007-06-01 00:00:00', 0, 2171, '2007-06-01 00:00:00', 'University Georgia', 17, 'active'),
('2007-06-01 00:00:00', 0, 2172, '2007-06-01 00:00:00', 'University Ghent', 17, 'active'),
('2007-06-01 00:00:00', 0, 2173, '2007-06-01 00:00:00', 'University Giessen', 17, 'active'),
('2007-06-01 00:00:00', 0, 2174, '2007-06-01 00:00:00', 'University Glasgow', 17, 'active'),
('2007-06-01 00:00:00', 0, 2175, '2007-06-01 00:00:00', 'University Goettingen', 17, 'active'),
('2007-06-01 00:00:00', 0, 2176, '2007-06-01 00:00:00', 'University Granada', 17, 'active'),
('2007-06-01 00:00:00', 0, 2177, '2007-06-01 00:00:00', 'University Graz', 17, 'active'),
('2007-06-01 00:00:00', 0, 2178, '2007-06-01 00:00:00', 'University Greifswald', 17, 'active'),
('2007-06-01 00:00:00', 0, 2179, '2007-06-01 00:00:00', 'University Grenoble', 17, 'active'),
('2007-06-01 00:00:00', 0, 2180, '2007-06-01 00:00:00', 'University Groningen', 17, 'active'),
('2007-06-01 00:00:00', 0, 2181, '2007-06-01 00:00:00', 'University Guelph', 17, 'active'),
('2007-06-01 00:00:00', 0, 2182, '2007-06-01 00:00:00', 'University Haifa', 17, 'active'),
('2007-06-01 00:00:00', 0, 2183, '2007-06-01 00:00:00', 'University Halle - Wittenberg', 17, 'active'),
('2007-06-01 00:00:00', 0, 2184, '2007-06-01 00:00:00', 'University Hamburg', 17, 'active'),
('2007-06-01 00:00:00', 0, 2185, '2007-06-01 00:00:00', 'University Hawaii - Manoa', 17, 'active'),
('2007-06-01 00:00:00', 0, 2186, '2007-06-01 00:00:00', 'University Heidelberg', 17, 'active'),
('2007-06-01 00:00:00', 0, 2187, '2007-06-01 00:00:00', 'University Helsinki', 17, 'active'),
('2007-06-01 00:00:00', 0, 2188, '2007-06-01 00:00:00', 'University Hong Kong', 17, 'active'),
('2007-06-01 00:00:00', 0, 2189, '2007-06-01 00:00:00', 'University Houston', 17, 'active'),
('2007-06-01 00:00:00', 0, 2190, '2007-06-01 00:00:00', 'University Idaho', 17, 'active'),
('2007-06-01 00:00:00', 0, 2191, '2007-06-01 00:00:00', 'University Illinois - Chicago', 17, 'active'),
('2007-06-01 00:00:00', 0, 2192, '2007-06-01 00:00:00', 'University Illinois - Urbana Champaign', 17, 'active'),
('2007-06-01 00:00:00', 0, 2193, '2007-06-01 00:00:00', 'University Iowa', 17, 'active'),
('2007-06-01 00:00:00', 0, 2194, '2007-06-01 00:00:00', 'University Jena', 17, 'active'),
('2007-06-01 00:00:00', 0, 2195, '2007-06-01 00:00:00', 'University Jyvaskyla', 17, 'active'),
('2007-06-01 00:00:00', 0, 2196, '2007-06-01 00:00:00', 'University Kaiserslautern', 17, 'active'),
('2007-06-01 00:00:00', 0, 2197, '2007-06-01 00:00:00', 'University Kansas - Lawrence', 17, 'active'),
('2007-06-01 00:00:00', 0, 2198, '2007-06-01 00:00:00', 'University Kansas Med Center', 17, 'active'),
('2007-06-01 00:00:00', 0, 2199, '2007-06-01 00:00:00', 'University Karlsruhe', 17, 'active'),
('2007-06-01 00:00:00', 0, 2200, '2007-06-01 00:00:00', 'University Kentucky', 17, 'active'),
('2007-06-01 00:00:00', 0, 2201, '2007-06-01 00:00:00', 'University Kiel', 17, 'active'),
('2007-06-01 00:00:00', 0, 2202, '2007-06-01 00:00:00', 'University Koeln', 17, 'active'),
('2007-06-01 00:00:00', 0, 2203, '2007-06-01 00:00:00', 'University Konstanz', 17, 'active'),
('2007-06-01 00:00:00', 0, 2204, '2007-06-01 00:00:00', 'University KwaZulu-Natal', 17, 'active'),
('2007-06-01 00:00:00', 0, 2205, '2007-06-01 00:00:00', 'University Lancaster', 17, 'active'),
('2007-06-01 00:00:00', 0, 2206, '2007-06-01 00:00:00', 'University Lausanne', 17, 'active'),
('2007-06-01 00:00:00', 0, 2207, '2007-06-01 00:00:00', 'University Laval', 17, 'active'),
('2007-06-01 00:00:00', 0, 2208, '2007-06-01 00:00:00', 'University Leeds', 17, 'active'),
('2007-06-01 00:00:00', 0, 2209, '2007-06-01 00:00:00', 'University Leicester', 17, 'active'),
('2007-06-01 00:00:00', 0, 2210, '2007-06-01 00:00:00', 'University Leiden', 17, 'active'),
('2007-06-01 00:00:00', 0, 2211, '2007-06-01 00:00:00', 'University Leipzig', 17, 'active'),
('2007-06-01 00:00:00', 0, 2212, '2007-06-01 00:00:00', 'University Leuven', 17, 'active'),
('2007-06-01 00:00:00', 0, 2213, '2007-06-01 00:00:00', 'University Libre Bruxelles', 17, 'active'),
('2007-06-01 00:00:00', 0, 2214, '2007-06-01 00:00:00', 'University Liege', 17, 'active'),
('2007-06-01 00:00:00', 0, 2215, '2007-06-01 00:00:00', 'University Lisbon', 17, 'active');
INSERT INTO `profile_widget_field_select_values` (`created`, `f`, `id`, `modified`, `name`, `profile_widget_field_id`, `status`) VALUES
('2007-06-01 00:00:00', 0, 2216, '2007-06-01 00:00:00', 'University Liverpool', 17, 'active'),
('2007-06-01 00:00:00', 0, 2217, '2007-06-01 00:00:00', 'University Louisville', 17, 'active'),
('2007-06-01 00:00:00', 0, 2218, '2007-06-01 00:00:00', 'University Louvain', 17, 'active'),
('2007-06-01 00:00:00', 0, 2219, '2007-06-01 00:00:00', 'University Lyon', 17, 'active'),
('2007-06-01 00:00:00', 0, 2220, '2007-06-01 00:00:00', 'University Maastricht', 17, 'active'),
('2007-06-01 00:00:00', 0, 2221, '2007-06-01 00:00:00', 'University Maine - Orono', 17, 'active'),
('2007-06-01 00:00:00', 0, 2222, '2007-06-01 00:00:00', 'University Mainz', 17, 'active'),
('2007-06-01 00:00:00', 0, 2223, '2007-06-01 00:00:00', 'University Manchester', 17, 'active'),
('2007-06-01 00:00:00', 0, 2224, '2007-06-01 00:00:00', 'University Manchester Inst Sci & Tech', 17, 'active'),
('2007-06-01 00:00:00', 0, 2225, '2007-06-01 00:00:00', 'University Manitoba', 17, 'active'),
('2007-06-01 00:00:00', 0, 2226, '2007-06-01 00:00:00', 'University Marburg', 17, 'active'),
('2007-06-01 00:00:00', 0, 2227, '2007-06-01 00:00:00', 'University Maryland - Baltimore', 17, 'active'),
('2007-06-01 00:00:00', 0, 2228, '2007-06-01 00:00:00', 'University Maryland - Baltimore County', 17, 'active'),
('2007-06-01 00:00:00', 0, 2229, '2007-06-01 00:00:00', 'University Maryland - Coll Park', 17, 'active'),
('2007-06-01 00:00:00', 0, 2230, '2007-06-01 00:00:00', 'University Massachusetts - Amherst', 17, 'active'),
('2007-06-01 00:00:00', 0, 2231, '2007-06-01 00:00:00', 'University Massachusetts - Boston', 17, 'active'),
('2007-06-01 00:00:00', 0, 2232, '2007-06-01 00:00:00', 'University Massachusetts - Worcester', 17, 'active'),
('2007-06-01 00:00:00', 0, 2233, '2007-06-01 00:00:00', 'University Med & Dentistry New Jersey', 17, 'active'),
('2007-06-01 00:00:00', 0, 2234, '2007-06-01 00:00:00', 'University Mediterranee', 17, 'active'),
('2007-06-01 00:00:00', 0, 2235, '2007-06-01 00:00:00', 'University Melbourne', 17, 'active'),
('2007-06-01 00:00:00', 0, 2236, '2007-06-01 00:00:00', 'University Miami', 17, 'active'),
('2007-06-01 00:00:00', 0, 2237, '2007-06-01 00:00:00', 'University Michigan - Ann Arbor', 17, 'active'),
('2007-06-01 00:00:00', 0, 2238, '2007-06-01 00:00:00', 'University Milan', 17, 'active'),
('2007-06-01 00:00:00', 0, 2239, '2007-06-01 00:00:00', 'University Minnesota - Twin Cities', 17, 'active'),
('2007-06-01 00:00:00', 0, 2240, '2007-06-01 00:00:00', 'University Mississippi - Oxford', 17, 'active'),
('2007-06-01 00:00:00', 0, 2241, '2007-06-01 00:00:00', 'University Missouri - Columbia', 17, 'active'),
('2007-06-01 00:00:00', 0, 2242, '2007-06-01 00:00:00', 'University Montana - Missoula', 17, 'active'),
('2007-06-01 00:00:00', 0, 2243, '2007-06-01 00:00:00', 'University Montpellier', 17, 'active'),
('2007-06-01 00:00:00', 0, 2244, '2007-06-01 00:00:00', 'University Montreal', 17, 'active'),
('2007-06-01 00:00:00', 0, 2245, '2007-06-01 00:00:00', 'University Muenster', 17, 'active'),
('2007-06-01 00:00:00', 0, 2246, '2007-06-01 00:00:00', 'University Munich', 17, 'active'),
('2007-06-01 00:00:00', 0, 2247, '2007-06-01 00:00:00', 'University Nacl Autonoma Mexico', 17, 'active'),
('2007-06-01 00:00:00', 0, 2248, '2007-06-01 00:00:00', 'University Nancy', 17, 'active'),
('2007-06-01 00:00:00', 0, 2249, '2007-06-01 00:00:00', 'University Naples Federico II', 17, 'active'),
('2007-06-01 00:00:00', 0, 2250, '2007-06-01 00:00:00', 'University Nebraska - Lincoln', 17, 'active'),
('2007-06-01 00:00:00', 0, 2251, '2007-06-01 00:00:00', 'University Nebraska Med Center', 17, 'active'),
('2007-06-01 00:00:00', 0, 2252, '2007-06-01 00:00:00', 'University Nevada - Reno', 17, 'active'),
('2007-06-01 00:00:00', 0, 2253, '2007-06-01 00:00:00', 'University New Hampshire - Durham', 17, 'active'),
('2007-06-01 00:00:00', 0, 2254, '2007-06-01 00:00:00', 'University New Mexico - Albuquerque', 17, 'active'),
('2007-06-01 00:00:00', 0, 2255, '2007-06-01 00:00:00', 'University New South Wales', 17, 'active'),
('2007-06-01 00:00:00', 0, 2256, '2007-06-01 00:00:00', 'University Newcastle', 17, 'active'),
('2007-06-01 00:00:00', 0, 2257, '2007-06-01 00:00:00', 'University Nijmegen', 17, 'active'),
('2007-06-01 00:00:00', 0, 2258, '2007-06-01 00:00:00', 'University North Carolina - Chapel Hill', 17, 'active'),
('2007-06-01 00:00:00', 0, 2259, '2007-06-01 00:00:00', 'University Notre Dame', 17, 'active'),
('2007-06-01 00:00:00', 0, 2260, '2007-06-01 00:00:00', 'University Nottingham', 17, 'active'),
('2007-06-01 00:00:00', 0, 2261, '2007-06-01 00:00:00', 'University of Puget Sound', 17, 'active'),
('2007-06-01 00:00:00', 0, 2262, '2007-06-01 00:00:00', 'University of Richmond', 17, 'active'),
('2007-06-01 00:00:00', 0, 2263, '2007-06-01 00:00:00', 'University Oklahoma - Norman', 17, 'active'),
('2007-06-01 00:00:00', 0, 2264, '2007-06-01 00:00:00', 'University Oregon', 17, 'active'),
('2007-06-01 00:00:00', 0, 2265, '2007-06-01 00:00:00', 'University Osaka Prefecture', 17, 'active'),
('2007-06-01 00:00:00', 0, 2266, '2007-06-01 00:00:00', 'University Oslo', 17, 'active'),
('2007-06-01 00:00:00', 0, 2267, '2007-06-01 00:00:00', 'University Otago', 17, 'active'),
('2007-06-01 00:00:00', 0, 2268, '2007-06-01 00:00:00', 'University Ottawa', 17, 'active'),
('2007-06-01 00:00:00', 0, 2269, '2007-06-01 00:00:00', 'University Oulu', 17, 'active'),
('2007-06-01 00:00:00', 0, 2270, '2007-06-01 00:00:00', 'University Oxford', 17, 'active'),
('2007-06-01 00:00:00', 0, 2271, '2007-06-01 00:00:00', 'University Padua', 17, 'active'),
('2007-06-01 00:00:00', 0, 2272, '2007-06-01 00:00:00', 'University Palermo', 17, 'active'),
('2007-06-01 00:00:00', 0, 2273, '2007-06-01 00:00:00', 'University Paris', 17, 'active'),
('2007-06-01 00:00:00', 0, 2274, '2007-06-01 00:00:00', 'University Paris 05', 17, 'active'),
('2007-06-01 00:00:00', 0, 2275, '2007-06-01 00:00:00', 'University Paris 06', 17, 'active'),
('2007-06-01 00:00:00', 0, 2276, '2007-06-01 00:00:00', 'University Paris 09', 17, 'active'),
('2007-06-01 00:00:00', 0, 2277, '2007-06-01 00:00:00', 'University Parma', 17, 'active'),
('2007-06-01 00:00:00', 0, 2278, '2007-06-01 00:00:00', 'University Pavia', 17, 'active'),
('2007-06-01 00:00:00', 0, 2279, '2007-06-01 00:00:00', 'University Pennsylvania', 17, 'active'),
('2007-06-01 00:00:00', 0, 2280, '2007-06-01 00:00:00', 'University Perugia', 17, 'active'),
('2007-06-01 00:00:00', 0, 2281, '2007-06-01 00:00:00', 'University Pisa', 17, 'active'),
('2007-06-01 00:00:00', 0, 2282, '2007-06-01 00:00:00', 'University Pittsburgh - Pittsburgh', 17, 'active'),
('2007-06-01 00:00:00', 0, 2283, '2007-06-01 00:00:00', 'University Pretoria', 17, 'active'),
('2007-06-01 00:00:00', 0, 2284, '2007-06-01 00:00:00', 'University Quebec', 17, 'active'),
('2007-06-01 00:00:00', 0, 2285, '2007-06-01 00:00:00', 'University Queensland', 17, 'active'),
('2007-06-01 00:00:00', 0, 2286, '2007-06-01 00:00:00', 'University Reading', 17, 'active'),
('2007-06-01 00:00:00', 0, 2287, '2007-06-01 00:00:00', 'University Regensburg', 17, 'active'),
('2007-06-01 00:00:00', 0, 2288, '2007-06-01 00:00:00', 'University Rennes', 17, 'active'),
('2007-06-01 00:00:00', 0, 2289, '2007-06-01 00:00:00', 'University Rhode Island', 17, 'active'),
('2007-06-01 00:00:00', 0, 2290, '2007-06-01 00:00:00', 'University Rochester', 17, 'active'),
('2007-06-01 00:00:00', 0, 2291, '2007-06-01 00:00:00', 'University Roma - La Sapienza', 17, 'active'),
('2007-06-01 00:00:00', 0, 2292, '2007-06-01 00:00:00', 'University Roma - Tor Vergata', 17, 'active'),
('2007-06-01 00:00:00', 0, 2293, '2007-06-01 00:00:00', 'University Saarlandes', 17, 'active'),
('2007-06-01 00:00:00', 0, 2294, '2007-06-01 00:00:00', 'University Santiago Compostela', 17, 'active'),
('2007-06-01 00:00:00', 0, 2295, '2007-06-01 00:00:00', 'University Sao Paulo', 17, 'active'),
('2007-06-01 00:00:00', 0, 2296, '2007-06-01 00:00:00', 'University Saskatchewan', 17, 'active'),
('2007-06-01 00:00:00', 0, 2297, '2007-06-01 00:00:00', 'University Sci & Tech China', 17, 'active'),
('2007-06-01 00:00:00', 0, 2298, '2007-06-01 00:00:00', 'University Sevilla', 17, 'active'),
('2007-06-01 00:00:00', 0, 2299, '2007-06-01 00:00:00', 'University Sheffield', 17, 'active'),
('2007-06-01 00:00:00', 0, 2300, '2007-06-01 00:00:00', 'University Sherbrooke', 17, 'active'),
('2007-06-01 00:00:00', 0, 2301, '2007-06-01 00:00:00', 'University Siena', 17, 'active'),
('2007-06-01 00:00:00', 0, 2302, '2007-06-01 00:00:00', 'University South Carolina - Columbia', 17, 'active'),
('2007-06-01 00:00:00', 0, 2303, '2007-06-01 00:00:00', 'University South Florida', 17, 'active'),
('2007-06-01 00:00:00', 0, 2304, '2007-06-01 00:00:00', 'University Southampton', 17, 'active'),
('2007-06-01 00:00:00', 0, 2305, '2007-06-01 00:00:00', 'University Southern California', 17, 'active'),
('2007-06-01 00:00:00', 0, 2306, '2007-06-01 00:00:00', 'University Southern Denmark', 17, 'active'),
('2007-06-01 00:00:00', 0, 2307, '2007-06-01 00:00:00', 'University St Andrews', 17, 'active'),
('2007-06-01 00:00:00', 0, 2308, '2007-06-01 00:00:00', 'University Strasbourg', 17, 'active'),
('2007-06-01 00:00:00', 0, 2309, '2007-06-01 00:00:00', 'University Stuttgart', 17, 'active'),
('2007-06-01 00:00:00', 0, 2310, '2007-06-01 00:00:00', 'University Surrey', 17, 'active'),
('2007-06-01 00:00:00', 0, 2311, '2007-06-01 00:00:00', 'University Sussex', 17, 'active'),
('2007-06-01 00:00:00', 0, 2312, '2007-06-01 00:00:00', 'University Sydney', 17, 'active'),
('2007-06-01 00:00:00', 0, 2313, '2007-06-01 00:00:00', 'University Szeged', 17, 'active'),
('2007-06-01 00:00:00', 0, 2314, '2007-06-01 00:00:00', 'University Tasmania', 17, 'active'),
('2007-06-01 00:00:00', 0, 2315, '2007-06-01 00:00:00', 'University Tennessee - Knoxville', 17, 'active'),
('2007-06-01 00:00:00', 0, 2316, '2007-06-01 00:00:00', 'University Tennessee Health Sci Center', 17, 'active'),
('2007-06-01 00:00:00', 0, 2317, '2007-06-01 00:00:00', 'University Texas - Austin', 17, 'active'),
('2007-06-01 00:00:00', 0, 2318, '2007-06-01 00:00:00', 'University Texas Health Sci Center - Houston', 17, 'active'),
('2007-06-01 00:00:00', 0, 2319, '2007-06-01 00:00:00', 'University Texas Health Sci Center - San Anto', 17, 'active'),
('2007-06-01 00:00:00', 0, 2320, '2007-06-01 00:00:00', 'University Texas M.D. Anderson Cancer Center', 17, 'active'),
('2007-06-01 00:00:00', 0, 2321, '2007-06-01 00:00:00', 'University Texas Med Branch - Galveston', 17, 'active'),
('2007-06-01 00:00:00', 0, 2322, '2007-06-01 00:00:00', 'University Texas Southwestern Med Center', 17, 'active'),
('2007-06-01 00:00:00', 0, 2323, '2007-06-01 00:00:00', 'University Thessaloniki', 17, 'active'),
('2007-06-01 00:00:00', 0, 2324, '2007-06-01 00:00:00', 'University Tokushima', 17, 'active'),
('2007-06-01 00:00:00', 0, 2325, '2007-06-01 00:00:00', 'University Toronto', 17, 'active'),
('2007-06-01 00:00:00', 0, 2326, '2007-06-01 00:00:00', 'University Toulouse', 17, 'active'),
('2007-06-01 00:00:00', 0, 2327, '2007-06-01 00:00:00', 'University Trent', 17, 'active'),
('2007-06-01 00:00:00', 0, 2328, '2007-06-01 00:00:00', 'University Trieste', 17, 'active'),
('2007-06-01 00:00:00', 0, 2329, '2007-06-01 00:00:00', 'University Tromso', 17, 'active'),
('2007-06-01 00:00:00', 0, 2330, '2007-06-01 00:00:00', 'University Tuebingen', 17, 'active'),
('2007-06-01 00:00:00', 0, 2331, '2007-06-01 00:00:00', 'University Turin', 17, 'active'),
('2007-06-01 00:00:00', 0, 2332, '2007-06-01 00:00:00', 'University Turku', 17, 'active'),
('2007-06-01 00:00:00', 0, 2333, '2007-06-01 00:00:00', 'University Twente', 17, 'active'),
('2007-06-01 00:00:00', 0, 2334, '2007-06-01 00:00:00', 'University Ulm', 17, 'active'),
('2007-06-01 00:00:00', 0, 2335, '2007-06-01 00:00:00', 'University Utah', 17, 'active'),
('2007-06-01 00:00:00', 0, 2336, '2007-06-01 00:00:00', 'University Utrecht', 17, 'active'),
('2007-06-01 00:00:00', 0, 2337, '2007-06-01 00:00:00', 'University Valencia', 17, 'active'),
('2007-06-01 00:00:00', 0, 2338, '2007-06-01 00:00:00', 'University Vermont', 17, 'active'),
('2007-06-01 00:00:00', 0, 2339, '2007-06-01 00:00:00', 'University Victoria', 17, 'active'),
('2007-06-01 00:00:00', 0, 2340, '2007-06-01 00:00:00', 'University Vienna', 17, 'active'),
('2007-06-01 00:00:00', 0, 2341, '2007-06-01 00:00:00', 'University Virginia', 17, 'active'),
('2007-06-01 00:00:00', 0, 2342, '2007-06-01 00:00:00', 'University Wageningen', 17, 'active'),
('2007-06-01 00:00:00', 0, 2343, '2007-06-01 00:00:00', 'University Wales - Swansea', 17, 'active'),
('2007-06-01 00:00:00', 0, 2344, '2007-06-01 00:00:00', 'University Warsaw', 17, 'active'),
('2007-06-01 00:00:00', 0, 2345, '2007-06-01 00:00:00', 'University Warwick', 17, 'active'),
('2007-06-01 00:00:00', 0, 2346, '2007-06-01 00:00:00', 'University Washington - Seattle', 17, 'active'),
('2007-06-01 00:00:00', 0, 2347, '2007-06-01 00:00:00', 'University Waterloo', 17, 'active'),
('2007-06-01 00:00:00', 0, 2348, '2007-06-01 00:00:00', 'University Western Australia', 17, 'active'),
('2007-06-01 00:00:00', 0, 2349, '2007-06-01 00:00:00', 'University Western Ontario', 17, 'active'),
('2007-06-01 00:00:00', 0, 2350, '2007-06-01 00:00:00', 'University Wisconsin - Madison', 17, 'active'),
('2007-06-01 00:00:00', 0, 2351, '2007-06-01 00:00:00', 'University Witwatersrand', 17, 'active'),
('2007-06-01 00:00:00', 0, 2352, '2007-06-01 00:00:00', 'University Wuerzburg', 17, 'active'),
('2007-06-01 00:00:00', 0, 2353, '2007-06-01 00:00:00', 'University Wuppertal', 17, 'active'),
('2007-06-01 00:00:00', 0, 2354, '2007-06-01 00:00:00', 'University Wyoming', 17, 'active'),
('2007-06-01 00:00:00', 0, 2355, '2007-06-01 00:00:00', 'University York', 17, 'active'),
('2007-06-01 00:00:00', 0, 2356, '2007-06-01 00:00:00', 'University Zaragoza', 17, 'active'),
('2007-06-01 00:00:00', 0, 2357, '2007-06-01 00:00:00', 'University Zurich', 17, 'active'),
('2007-06-01 00:00:00', 0, 2358, '2007-06-01 00:00:00', 'Uppsala University', 17, 'active'),
('2007-06-01 00:00:00', 0, 2359, '2007-06-01 00:00:00', 'Ursinus College', 17, 'active'),
('2007-06-01 00:00:00', 0, 2360, '2007-06-01 00:00:00', 'Utah State University', 17, 'active'),
('2007-06-01 00:00:00', 0, 2361, '2007-06-01 00:00:00', 'Vanderbilt University', 17, 'active'),
('2007-06-01 00:00:00', 0, 2362, '2007-06-01 00:00:00', 'Vassar College', 17, 'active'),
('2007-06-01 00:00:00', 0, 2363, '2007-06-01 00:00:00', 'Vienna Tech University', 17, 'active'),
('2007-06-01 00:00:00', 0, 2364, '2007-06-01 00:00:00', 'Virginia Commonwealth University', 17, 'active'),
('2007-06-01 00:00:00', 0, 2365, '2007-06-01 00:00:00', 'Virginia Military Institute', 17, 'active'),
('2007-06-01 00:00:00', 0, 2366, '2007-06-01 00:00:00', 'Virginia Tech', 17, 'active'),
('2007-06-01 00:00:00', 0, 2367, '2007-06-01 00:00:00', 'Vrije University Brussel', 17, 'active'),
('2007-06-01 00:00:00', 0, 2368, '2007-06-01 00:00:00', 'Wabash College', 17, 'active'),
('2007-06-01 00:00:00', 0, 2369, '2007-06-01 00:00:00', 'Wake Forest University', 17, 'active'),
('2007-06-01 00:00:00', 0, 2370, '2007-06-01 00:00:00', 'Waseda University', 17, 'active'),
('2007-06-01 00:00:00', 0, 2371, '2007-06-01 00:00:00', 'Washington and Jefferson College', 17, 'active'),
('2007-06-01 00:00:00', 0, 2372, '2007-06-01 00:00:00', 'Washington and Lee University', 17, 'active'),
('2007-06-01 00:00:00', 0, 2373, '2007-06-01 00:00:00', 'Washington State University - Pullman', 17, 'active'),
('2007-06-01 00:00:00', 0, 2374, '2007-06-01 00:00:00', 'Washington University - St. Louis', 17, 'active'),
('2007-06-01 00:00:00', 0, 2375, '2007-06-01 00:00:00', 'Wayne State University', 17, 'active'),
('2007-06-01 00:00:00', 0, 2376, '2007-06-01 00:00:00', 'Weizmann Inst Sci', 17, 'active'),
('2007-06-01 00:00:00', 0, 2377, '2007-06-01 00:00:00', 'Wellesley College', 17, 'active'),
('2007-06-01 00:00:00', 0, 2378, '2007-06-01 00:00:00', 'Wesleyan University', 17, 'active'),
('2007-06-01 00:00:00', 0, 2379, '2007-06-01 00:00:00', 'West Virginia University', 17, 'active'),
('2007-06-01 00:00:00', 0, 2380, '2007-06-01 00:00:00', 'Westmont College', 17, 'active'),
('2007-06-01 00:00:00', 0, 2381, '2007-06-01 00:00:00', 'Wheaton College', 17, 'active'),
('2007-06-01 00:00:00', 0, 2382, '2007-06-01 00:00:00', 'Whitman College', 17, 'active'),
('2007-06-01 00:00:00', 0, 2383, '2007-06-01 00:00:00', 'Willamette University', 17, 'active'),
('2007-06-01 00:00:00', 0, 2384, '2007-06-01 00:00:00', 'Williams College', 17, 'active'),
('2007-06-01 00:00:00', 0, 2385, '2007-06-01 00:00:00', 'Wofford College', 17, 'active'),
('2007-06-01 00:00:00', 0, 2386, '2007-06-01 00:00:00', 'Yale University', 17, 'active'),
('2007-06-01 00:00:00', 0, 2387, '2007-06-01 00:00:00', 'Yamaguchi University', 17, 'active'),
('2007-06-01 00:00:00', 0, 2388, '2007-06-01 00:00:00', 'Yeshiva University', 17, 'active'),
('2007-06-01 00:00:00', 0, 2389, '2007-06-01 00:00:00', 'Yonsei University', 17, 'active'),
('2007-06-01 00:00:00', 0, 2390, '2007-06-01 00:00:00', 'York University', 17, 'active'),
('2007-06-01 00:00:00', 0, 2391, '2007-06-01 00:00:00', 'Zhejiang University', 17, 'active'),
('2007-06-01 00:00:00', 0, 2392, '2007-06-01 00:00:00', 'University College London', 17, 'active'),
('2007-08-29 15:55:21', 0, 2393, '2007-08-29 15:55:21', 'Stanford  University Inc', 17, 'active'),
('2007-08-30 14:50:51', 0, 2394, '2007-08-30 14:50:51', 'Ficticious School', 17, 'active'),
('2007-09-11 15:43:53', 0, 2395, '2007-09-11 15:43:53', 'UC Berkeley', 17, 'active'),
('2007-09-11 16:10:12', 0, 2396, '2007-09-11 16:10:12', 'UC Davis', 17, 'active'),
('2007-09-11 16:16:06', 0, 2397, '2007-09-11 16:16:06', 'UCLA', 17, 'active'),
('2007-09-14 11:07:00', 0, 2398, '2007-09-14 11:07:00', 'U C Berkeley', 17, 'active'),
('2007-09-21 09:20:59', 0, 2399, '2007-09-21 09:20:59', 'Dartmouth College', 17, 'active'),
('2007-09-21 09:20:59', 0, 2400, '2007-09-21 09:20:59', 'Columbia College of P&S', 17, 'active'),
('2007-09-21 09:20:59', 0, 2401, '2007-09-21 09:20:59', 'Bellvue Hospital', 17, 'active'),
('2007-09-21 09:20:59', 0, 2402, '2007-09-21 09:20:59', 'Stanford Medical School', 17, 'active'),
('2007-09-21 09:20:59', 0, 2403, '2007-09-21 09:20:59', 'University College Dublin', 17, 'active'),
('2007-09-21 09:20:59', 0, 2404, '2007-09-21 09:20:59', 'Stanford University', 17, 'active'),
('2007-09-21 09:20:59', 0, 2405, '2007-09-21 09:20:59', 'King''s College', 17, 'active'),
('2007-09-21 09:20:59', 0, 2406, '2007-09-21 09:20:59', 'UCSF  Family Medicine Residency', 17, 'active'),
('2007-09-21 09:20:59', 0, 2407, '2007-09-21 09:20:59', 'Stanford School of Medicine', 17, 'active'),
('2007-09-21 09:20:59', 0, 2408, '2007-09-21 09:20:59', 'Brigham & Womens Hosp.', 17, 'active'),
('2007-09-21 09:20:59', 0, 2409, '2007-09-21 09:20:59', 'George Washington School of Med.', 17, 'active'),
('2007-09-21 09:20:59', 0, 2410, '2007-09-21 09:20:59', 'M.I.T.', 17, 'active'),
('2007-09-21 09:20:59', 0, 2411, '2007-09-21 09:20:59', 'Harvard Medical School', 17, 'active'),
('2007-09-21 09:20:59', 0, 2412, '2007-09-21 09:20:59', 'Edinburgh University', 17, 'active'),
('2007-09-21 09:21:00', 0, 2413, '2007-09-21 09:21:00', 'California Inst. of Technology', 17, 'active'),
('2007-09-21 09:21:00', 0, 2414, '2007-09-21 09:21:00', 'Harvard College', 17, 'active'),
('2007-09-21 09:21:00', 0, 2415, '2007-09-21 09:21:00', 'HST, MIT, Harvard Medical School', 17, 'active'),
('2007-09-21 09:21:00', 0, 2416, '2007-09-21 09:21:00', 'MIT', 17, 'active'),
('2007-09-21 09:21:00', 0, 2417, '2007-09-21 09:21:00', 'Brown Univ. School of Medicine', 17, 'active'),
('2007-10-03 13:40:52', 0, 2418, '2007-10-03 13:40:52', 'Pennsylvania State University', 17, 'active'),
('2007-10-08 14:33:26', 0, 2419, '2007-10-08 14:33:26', 'University of Wisconsin - Madison', 17, 'active'),
('2007-10-10 14:46:45', 0, 2420, '2007-10-10 14:46:45', 'Laboratoire Central des Ponts et Chausees', 17, 'active'),
('2007-10-18 16:40:48', 0, 2421, '2007-10-18 16:40:48', 'University of Michigan', 17, 'active'),
('2007-10-21 12:21:16', 0, 2422, '2007-10-21 12:21:16', 'Stanford Business School', 17, 'active'),
('2007-10-22 22:26:59', 0, 2423, '2007-10-22 22:26:59', 'UCSD', 17, 'active'),
('2007-12-04 21:52:14', 0, 2424, '2007-12-04 21:52:14', 'National Technical University of Athens', 17, 'active'),
('2007-12-07 16:05:12', 0, 2425, '2007-12-07 16:05:12', 'University of Massachusetts, Amherst', 17, 'active'),
('2007-12-11 12:40:19', 0, 2426, '2007-12-11 12:40:19', 'Cornell University Med School', 17, 'active'),
('2008-04-18 10:03:44', 0, 2427, '2008-04-18 10:03:44', 'Stanford Unversity', 17, 'active'),
('2008-04-20 21:36:18', 0, 2428, '2008-04-20 21:36:18', 'University of California, Santa Barbara', 17, 'active'),
('2008-12-17 11:30:08', 0, 2429, '2008-12-17 11:30:08', 'Berkely', 17, 'active'),
('2009-07-10 19:00:40', 0, 2430, '2009-07-10 19:00:40', 'Early Horizons DayCare', 17, 'active'),
('2009-07-16 11:49:23', 0, 2431, '2009-07-16 11:49:23', 'Berkeley', 17, 'active'),
('2009-08-31 09:48:15', 0, 2432, '2009-08-31 09:48:15', 'The College of New Jersey', 17, 'active'),
('2009-08-31 09:50:10', 0, 2433, '2009-08-31 09:50:10', 'University of California - Berkeley', 17, 'active'),
('2009-09-10 17:57:52', 0, 2434, '2009-09-10 17:57:52', 'San Jose State University', 17, 'active'),
('2010-09-12 19:50:37', 0, 2807, '2010-09-12 19:50:37', 'Yes', 99, 'active'),
('2010-09-12 19:50:53', 0, 2808, '2010-09-12 19:50:53', 'No', 99, 'active'),
('2009-12-06 15:19:16', 0, 2810, '2010-05-16 18:27:00', 'Coed', 72, 'active'),
('2009-12-06 15:19:25', 0, 2811, '2010-05-16 16:17:32', 'Mens', 72, 'active'),
('2009-12-24 10:35:32', 0, 2812, '2010-05-16 16:25:02', 'Sunday Womens', 72, 'active'),
('2009-12-24 10:35:44', 0, 2813, '2009-12-24 10:35:44', 'Men over 50', 72, 'active'),
('2009-12-24 10:35:55', 0, 2814, '2009-12-24 10:35:55', 'Summer Coed', 72, 'active'),
('2010-08-26 15:55:22', 0, 2815, '2010-08-26 15:55:22', 'No League Yet', 72, 'active'),
('2009-08-30 23:54:49', 0, 2817, '2009-08-30 23:54:49', 'Premier', 57, 'active'),
('2009-12-29 16:11:02', 0, 2818, '2009-12-30 23:43:24', 'http://siliconvalleysoccer.com', 77, 'active'),
('2009-08-25 17:12:35', 0, 2819, '2009-08-25 17:12:35', 'Yes', 58, 'active'),
('2009-08-25 17:12:42', 0, 2820, '2009-08-25 17:12:42', 'No', 58, 'active'),
('2008-12-17 11:33:35', 0, 2822, '2008-12-17 11:33:35', 'Director of Marketing', 26, 'active'),
('2009-08-28 06:34:50', 0, 2823, '2009-08-28 06:34:50', 'Director of Technology', 26, 'active'),
('2009-09-15 14:47:10', 0, 2824, '2009-09-15 14:47:10', 'owner', 26, 'active'),
('2009-08-26 12:26:19', 0, 2825, '2009-08-26 12:26:19', 'Defense', 26, 'active'),
('2009-08-26 12:26:28', 0, 2826, '2009-08-26 12:26:28', 'Midfield', 26, 'active'),
('2009-08-26 12:26:35', 0, 2827, '2009-08-26 12:26:35', 'Forward', 26, 'active'),
('2009-08-26 12:26:47', 0, 2828, '2009-08-26 12:26:47', 'Keeper', 26, 'active'),
('2009-08-28 06:18:36', 0, 2832, '2009-08-28 06:18:36', 'Forward', 62, 'active'),
('2009-08-28 06:18:46', 0, 2833, '2009-12-29 16:47:50', 'Midi', 62, 'active'),
('2009-08-28 06:19:05', 0, 2834, '2010-02-26 13:41:23', 'Midi outside', 62, 'active'),
('2009-08-28 06:19:13', 0, 2835, '2009-08-30 13:35:00', 'Defense', 62, 'active'),
('2009-08-28 06:19:20', 0, 2836, '2009-08-30 13:35:00', 'Sweeper', 62, 'active'),
('2009-08-28 06:32:19', 0, 2837, '2009-08-30 13:35:00', 'Keeper', 62, 'active'),
('2009-12-29 16:50:28', 0, 2838, '2010-09-03 16:12:08', 'Anywhere but Keeper', 62, 'active'),
('2009-12-29 16:50:46', 0, 2839, '2009-12-29 16:50:46', 'Anywhere', 62, 'active'),
('2009-08-25 17:09:52', 0, 2847, '2009-08-25 17:10:20', 'Beginner', 57, 'active'),
('2009-08-25 17:10:20', 0, 2848, '2009-08-25 17:10:20', 'Intermediate', 57, 'active'),
('2009-08-25 17:10:34', 0, 2849, '2009-08-25 17:11:37', 'Intermediate to Advanced', 57, 'active'),
('2009-08-25 17:10:39', 0, 2850, '2009-08-25 17:10:39', 'Advanced', 57, 'active'),
('0000-00-00 00:00:00', 0, 2854, '2009-08-28 06:10:25', 'Alabama', 30, 'active'),
('0000-00-00 00:00:00', 0, 2855, '0000-00-00 00:00:00', 'Alaska', 30, 'active'),
('0000-00-00 00:00:00', 0, 2856, '0000-00-00 00:00:00', 'Arizona', 30, 'active'),
('0000-00-00 00:00:00', 0, 2857, '0000-00-00 00:00:00', 'Arkansas', 30, 'active'),
('0000-00-00 00:00:00', 0, 2858, '0000-00-00 00:00:00', 'California', 30, 'active'),
('0000-00-00 00:00:00', 0, 2859, '0000-00-00 00:00:00', 'Colorado', 30, 'active'),
('0000-00-00 00:00:00', 0, 2860, '0000-00-00 00:00:00', 'Connecticut', 30, 'active'),
('0000-00-00 00:00:00', 0, 2861, '0000-00-00 00:00:00', 'D.C.', 30, 'active'),
('0000-00-00 00:00:00', 0, 2862, '0000-00-00 00:00:00', 'Delaware', 30, 'active'),
('0000-00-00 00:00:00', 0, 2863, '0000-00-00 00:00:00', 'Florida', 30, 'active'),
('0000-00-00 00:00:00', 0, 2864, '0000-00-00 00:00:00', 'Georgia', 30, 'active'),
('0000-00-00 00:00:00', 0, 2865, '0000-00-00 00:00:00', 'Hawaii', 30, 'active'),
('0000-00-00 00:00:00', 0, 2866, '0000-00-00 00:00:00', 'Idaho', 30, 'active'),
('0000-00-00 00:00:00', 0, 2867, '0000-00-00 00:00:00', 'Illinois', 30, 'active'),
('0000-00-00 00:00:00', 0, 2868, '0000-00-00 00:00:00', 'Indiana', 30, 'active'),
('0000-00-00 00:00:00', 0, 2869, '0000-00-00 00:00:00', 'Iowa', 30, 'active'),
('0000-00-00 00:00:00', 0, 2870, '0000-00-00 00:00:00', 'Kansas', 30, 'active'),
('0000-00-00 00:00:00', 0, 2871, '0000-00-00 00:00:00', 'Kentucky', 30, 'active'),
('0000-00-00 00:00:00', 0, 2872, '0000-00-00 00:00:00', 'Louisiana', 30, 'active'),
('0000-00-00 00:00:00', 0, 2873, '0000-00-00 00:00:00', 'Maine', 30, 'active'),
('0000-00-00 00:00:00', 0, 2874, '0000-00-00 00:00:00', 'Maryland', 30, 'active'),
('0000-00-00 00:00:00', 0, 2875, '0000-00-00 00:00:00', 'Massachusetts', 30, 'active'),
('0000-00-00 00:00:00', 0, 2876, '0000-00-00 00:00:00', 'Michigan', 30, 'active'),
('0000-00-00 00:00:00', 0, 2877, '0000-00-00 00:00:00', 'Minnesota', 30, 'active'),
('0000-00-00 00:00:00', 0, 2878, '0000-00-00 00:00:00', 'Mississippi', 30, 'active'),
('0000-00-00 00:00:00', 0, 2879, '0000-00-00 00:00:00', 'Missouri', 30, 'active'),
('0000-00-00 00:00:00', 0, 2880, '0000-00-00 00:00:00', 'Montana', 30, 'active'),
('0000-00-00 00:00:00', 0, 2881, '0000-00-00 00:00:00', 'Nebraska', 30, 'active'),
('0000-00-00 00:00:00', 0, 2882, '0000-00-00 00:00:00', 'Nevada', 30, 'active'),
('0000-00-00 00:00:00', 0, 2883, '0000-00-00 00:00:00', 'New Hampshire', 30, 'active'),
('0000-00-00 00:00:00', 0, 2884, '0000-00-00 00:00:00', 'New Jersey', 30, 'active'),
('0000-00-00 00:00:00', 0, 2885, '0000-00-00 00:00:00', 'New Mexico', 30, 'active'),
('0000-00-00 00:00:00', 0, 2886, '0000-00-00 00:00:00', 'New York', 30, 'active'),
('0000-00-00 00:00:00', 0, 2887, '0000-00-00 00:00:00', 'North Carolina', 30, 'active'),
('0000-00-00 00:00:00', 0, 2888, '0000-00-00 00:00:00', 'North Dakota', 30, 'active'),
('0000-00-00 00:00:00', 0, 2889, '0000-00-00 00:00:00', 'Ohio', 30, 'active'),
('0000-00-00 00:00:00', 0, 2890, '0000-00-00 00:00:00', 'Oklahoma', 30, 'active'),
('0000-00-00 00:00:00', 0, 2891, '0000-00-00 00:00:00', 'Oregon', 30, 'active'),
('0000-00-00 00:00:00', 0, 2892, '0000-00-00 00:00:00', 'Pennsylvania', 30, 'active'),
('0000-00-00 00:00:00', 0, 2893, '0000-00-00 00:00:00', 'Rhode Island', 30, 'active'),
('0000-00-00 00:00:00', 0, 2894, '0000-00-00 00:00:00', 'South Carolina', 30, 'active'),
('0000-00-00 00:00:00', 0, 2895, '0000-00-00 00:00:00', 'South Dakota', 30, 'active'),
('0000-00-00 00:00:00', 0, 2896, '0000-00-00 00:00:00', 'Tennessee', 30, 'active'),
('0000-00-00 00:00:00', 0, 2897, '0000-00-00 00:00:00', 'Texas', 30, 'active'),
('0000-00-00 00:00:00', 0, 2898, '0000-00-00 00:00:00', 'Utah', 30, 'active'),
('0000-00-00 00:00:00', 0, 2899, '0000-00-00 00:00:00', 'Virginia', 30, 'active'),
('0000-00-00 00:00:00', 0, 2900, '0000-00-00 00:00:00', 'Vermont', 30, 'active'),
('0000-00-00 00:00:00', 0, 2901, '0000-00-00 00:00:00', 'Washington', 30, 'active'),
('0000-00-00 00:00:00', 0, 2902, '0000-00-00 00:00:00', 'West Virginia', 30, 'active'),
('0000-00-00 00:00:00', 0, 2903, '0000-00-00 00:00:00', 'Wisconsin', 30, 'active'),
('0000-00-00 00:00:00', 0, 2904, '0000-00-00 00:00:00', 'Wyoming', 30, 'active'),
('2009-08-31 09:04:25', 0, 2917, '2009-08-31 09:04:25', 'Yes', 30, 'active'),
('2009-08-31 09:04:31', 0, 2918, '2009-08-31 09:04:31', 'No', 30, 'active'),
('2010-05-16 15:41:31', 0, 2919, '2010-05-16 15:41:31', 'It depends pls contact me', 30, 'active'),
('2010-12-10 11:43:35', 0, 2920, '2010-12-10 11:43:34', 'COED', 91, 'active'),
('2010-12-10 11:43:45', 0, 2921, '2010-12-10 11:43:44', 'Womens', 91, 'active'),
('2010-12-10 11:43:51', 0, 2922, '2010-12-10 11:43:50', 'Men over 50', 91, 'active'),
('2010-12-10 11:44:56', 0, 2923, '2010-12-10 11:44:55', 'Premier', 89, 'active'),
('2010-12-10 11:45:05', 0, 2924, '2010-12-10 11:45:04', '1B', 89, 'active'),
('2010-12-10 11:45:14', 0, 2925, '2010-12-10 11:45:14', '2B', 89, 'active'),
('2010-12-10 11:47:57', 0, 2926, '2010-12-10 11:47:56', 'Premier 1B and 2B', 89, 'active');

-- --------------------------------------------------------

--
-- Table structure for table `profile_widget_field_text`
--

CREATE TABLE IF NOT EXISTS `profile_widget_field_text` (
  `created` datetime NOT NULL,
  `ikey` varchar(75) NOT NULL,
  `id` int(10) unsigned NOT NULL AUTO_INCREMENT,
  `profile_widget_field_id` mediumint(8) unsigned NOT NULL,
  `searchable_id` int(11) unsigned NOT NULL,
  `value` varchar(255) NOT NULL,
  PRIMARY KEY (`id`),
  KEY `normal` (`profile_widget_field_id`,`searchable_id`),
  KEY `profile_widget_field_text_searchable_fk` (`searchable_id`),
  KEY `profile_widget_field_text_pwf_fk` (`profile_widget_field_id`)
) ENGINE=InnoDB  DEFAULT CHARSET=utf8 AUTO_INCREMENT=708 ;

--
-- Dumping data for table `profile_widget_field_text`
--

INSERT INTO `profile_widget_field_text` (`created`, `ikey`, `id`, `profile_widget_field_id`, `searchable_id`, `value`) VALUES
('2008-11-27 14:35:58', '943f10b7abf00c6c77b7515a096e43228466', 42, 17, 13, 'Santa Barbara'),
('2008-11-27 14:35:58', '452ebc4db96ec12d336565e85e37125a5255', 44, 21, 13, 'Computer Engineering'),
('2008-12-09 09:00:47', 'd4f700c81022c855e0041af836222bb4886', 89, 24, 13, 'Mint Software'),
('2008-12-09 09:00:47', 'd4f700c81022c855e0041af836222bb47264', 90, 25, 13, 'http://www.mint.com'),
('2008-12-15 08:42:24', '0f65e949ea897df7d4a41e37319a8bb23664', 95, 33, 182, '/images/searchables/f0d6f2815791a23c7d6f84783a75bfc3.jpg'),
('2008-12-15 08:42:24', '0f65e949ea897df7d4a41e37319a8bb26528', 96, 34, 182, '/images/thumbs/f0d6f2815791a23c7d6f84783a75bfc3.jpg'),
('2008-12-15 08:46:24', '40262352ed6dc77f564704f1d9267ba51648', 97, 33, 184, '/images/searchables/6399c027926c27ca417d4a80b49a8c97.jpg'),
('2008-12-15 08:46:24', '40262352ed6dc77f564704f1d9267ba58653', 98, 34, 184, '/images/thumbs/6399c027926c27ca417d4a80b49a8c97.jpg'),
('2008-12-15 08:48:58', 'd240e3d38a8882ecad8633c8f9c78c9b8323', 99, 33, 185, '/images/searchables/2b77f902297ac89187a1e9d447c775e5.jpg'),
('2008-12-15 08:48:58', 'd240e3d38a8882ecad8633c8f9c78c9b5658', 100, 34, 185, '/images/thumbs/2b77f902297ac89187a1e9d447c775e5.jpg'),
('2008-12-15 08:50:55', '59c8004549652a8e0df44e0b19aea6643320', 101, 8, 186, 'wendygladstonecmln@gmail.com'),
('2008-12-18 10:15:13', '125e4b2fba12d8acf37aac5156a21d682927', 120, 33, 13, '/images/searchables/89a910884f2b286eaeced74755e473c1.jpg'),
('2008-12-18 10:15:13', '125e4b2fba12d8acf37aac5156a21d684688', 121, 34, 13, '/images/thumbs/89a910884f2b286eaeced74755e473c1.jpg'),
('2009-04-02 10:27:30', '040c18d87d06d09e542d038b644c8d3a1792', 135, 40, 13, 'He''s Matt'),
('2009-04-07 19:58:35', '3e59fb5e144e365dbdb4bad34e7a5be67506', 137, 45, 16, 'hi there!'),
('2009-04-09 17:07:42', '36f76254fae45bb24430679c6d5c21af3803', 138, 35, 189, 'Test group'),
('2009-04-09 17:08:46', 'd5c5d4246b39093386831ee7186ed6681078', 140, 35, 190, 'Test group'),
('2009-04-12 16:56:20', 'cce4d8e74c40b6533f22c21b289575a63546', 143, 35, 192, 'test team'),
('2009-05-31 10:34:23', '3e6a03229e9d489e164a6d81217fb2645417', 148, 8, 13, 'mattesnider@gmail.com'),
('2009-05-31 10:34:23', '3e6a03229e9d489e164a6d81217fb2647271', 151, 15, 13, '94306'),
('2009-06-11 16:38:33', 'c60a6e1f03686976ef252b52e62fe804551', 156, 35, 193, 'Testing new Team'),
('2009-06-22 08:22:05', '1b7a589d58f10e1773ba7c2b21f7d2b71992', 178, 33, 196, '/images/searchables/blank_user.gif'),
('2009-06-22 08:22:05', '1b7a589d58f10e1773ba7c2b21f7d2b741', 179, 34, 196, '/images/thumbs/blank_user_thumb.gif'),
('2009-06-27 15:02:10', '1175381b14d4c2b0d66f3489cc61cd904231', 180, 33, 199, '/images/searchables/blank_user.gif'),
('2009-06-27 15:02:10', '1175381b14d4c2b0d66f3489cc61cd901030', 181, 34, 199, '/images/thumbs/blank_user_thumb.gif'),
('2009-06-27 15:03:12', 'e4128f56a6b59847c0851e82065efc6b2458', 182, 35, 199, 'Robbin Parrot'),
('2009-06-27 15:06:04', '5f1940e5fb8bc2121d9eb10beffe76fc9199', 183, 35, 200, 'Pulcini'),
('2009-06-27 15:08:56', 'f848b772ad3145666128fb7c1a500eb28625', 184, 33, 193, '/images/searchables/blank_group.gif'),
('2009-06-27 15:08:56', 'f848b772ad3145666128fb7c1a500eb25526', 185, 34, 193, '/images/thumbs/blank_group_thumb.gif'),
('2009-07-06 07:08:42', '6b00a634aa58dbc3096e41ced964c55f9797', 194, 33, 197, '/images/searchables/298c4a5941155b8e037dca5496df0c13.jpg'),
('2009-07-06 07:08:42', '6b00a634aa58dbc3096e41ced964c55f8012', 195, 34, 197, '/images/thumbs/298c4a5941155b8e037dca5496df0c13.jpg'),
('2009-07-06 07:25:31', 'bc5ed6c4ff06eae9e403d1c770b246d19606', 200, 33, 186, '/images/searchables/3fbca472bff31fb7c41da389b25a52d2.jpg'),
('2009-07-06 07:25:31', 'bc5ed6c4ff06eae9e403d1c770b246d14157', 201, 34, 186, '/images/thumbs/3fbca472bff31fb7c41da389b25a52d2.jpg'),
('2009-07-06 07:36:37', 'f02e34505d2ebb0c0ea913b3437294131964', 202, 33, 203, '/images/searchables/0ace749b77d1cd995786290d5d938e43.jpg'),
('2009-07-06 07:36:37', 'f02e34505d2ebb0c0ea913b3437294137349', 203, 34, 203, '/images/thumbs/0ace749b77d1cd995786290d5d938e43.jpg'),
('2009-07-10 19:00:08', '76825cabfb1c09764f0c2ee2da05d6b85686', 208, 33, 204, '/images/searchables/c3bda8f97a6cb2667f37cebd427f1324.jpg'),
('2009-07-10 19:00:08', '76825cabfb1c09764f0c2ee2da05d6b89538', 209, 34, 204, '/images/thumbs/c3bda8f97a6cb2667f37cebd427f1324.jpg'),
('2009-07-16 11:39:18', '09fe1321a5087f4d0b0c5874b06984d2636', 210, 33, 206, '/images/searchables/3af5eac0720263e2907fc3d3115978dc.jpg'),
('2009-07-16 11:39:18', '09fe1321a5087f4d0b0c5874b06984d24561', 211, 34, 206, '/images/thumbs/3af5eac0720263e2907fc3d3115978dc.jpg'),
('2009-07-16 11:42:20', '9547269cd0b7b66dcf51ad85a4c729b0898', 212, 33, 34, '/images/searchables/b06aacc9f2e70593358ace1fee0b7732.jpg'),
('2009-07-16 11:42:20', '9547269cd0b7b66dcf51ad85a4c729b0808', 213, 34, 34, '/images/thumbs/b06aacc9f2e70593358ace1fee0b7732.jpg'),
('2009-07-16 11:49:34', 'ff2550902505f531ce553d0189e412de7463', 216, 18, 16, '1998'),
('2009-07-16 11:49:34', '702d3972319badbccea7c00d2539d9b14419', 217, 18, 16, '1992'),
('2009-07-16 11:52:31', '5757890cc08be47e21d81fe7e88af9069702', 218, 33, 207, '/images/searchables/0dade1358ba770125380f6fd5f9f6098.jpg'),
('2009-07-16 11:52:31', '5757890cc08be47e21d81fe7e88af9065256', 219, 34, 207, '/images/thumbs/0dade1358ba770125380f6fd5f9f6098.jpg'),
('2009-07-16 12:05:50', '27fd9c01f8fa5995abeea3de45c4529a4681', 223, 33, 208, '/images/searchables/479dd778856d0e73cffc6d75137adb8e.jpg'),
('2009-07-16 12:05:50', '27fd9c01f8fa5995abeea3de45c4529a6408', 224, 34, 208, '/images/thumbs/479dd778856d0e73cffc6d75137adb8e.jpg'),
('2009-07-16 12:07:34', '868dd5d0ec0e116afe417f9cdc855b0d7998', 225, 33, 200, '/images/searchables/ff0042f463f20f3d67e8ac0d5626479e.jpg'),
('2009-07-16 12:07:34', '868dd5d0ec0e116afe417f9cdc855b0d766', 226, 34, 200, '/images/thumbs/ff0042f463f20f3d67e8ac0d5626479e.jpg'),
('2009-07-16 12:10:47', 'c13973ff5a924e5738dfa7d1294b20e06869', 228, 35, 194, 'Weekly Pick up game'),
('2009-07-20 07:13:26', '9846af02939cb1d1309d8a7e688707365201', 233, 33, 209, '/images/searchables/45cb8e1b0854a0ba02dcb1056ffa4442.jpg'),
('2009-07-20 07:13:26', '9846af02939cb1d1309d8a7e688707364363', 234, 34, 209, '/images/thumbs/45cb8e1b0854a0ba02dcb1056ffa4442.jpg'),
('2009-07-22 23:16:22', '4a33d2551a96ef774758957aec1344461187', 237, 15, 194, '94087'),
('2009-07-22 23:27:00', '2e469b7e48f3506bb0273170566258c02042', 238, 18, 209, '2009'),
('2009-07-25 17:48:38', '69832cf83177c1699fdfabe3a0afe31b5695', 241, 18, 13, '2006'),
('2009-07-25 17:48:38', 'a369cd97773506d7ede7bdac8cd3dea17084', 242, 18, 13, '2004'),
('2009-07-25 17:52:53', 'b9a807e19aff5663a554348ceeca01a1604', 247, 33, 211, '/images/searchables/0bcad98ee2903291b22139b0b2df0dc5.jpg'),
('2009-07-25 17:52:53', 'b9a807e19aff5663a554348ceeca01a19808', 248, 34, 211, '/images/thumbs/0bcad98ee2903291b22139b0b2df0dc5.jpg'),
('2009-07-25 17:56:06', '1a9dbe05212a85d8c9fc135eeb23b4427228', 249, 33, 212, '/images/searchables/2b612aa594617db45b16e1b4c71148c6.jpg'),
('2009-07-25 17:56:06', '1a9dbe05212a85d8c9fc135eeb23b4426717', 250, 34, 212, '/images/thumbs/2b612aa594617db45b16e1b4c71148c6.jpg'),
('2009-07-26 13:25:49', 'e216c510f25de0ccb45b6c34f28061a62787', 291, 33, 194, '/images/searchables/ab34be55dc6f38c957810b28369ed99e.jpg'),
('2009-07-26 13:25:49', 'e216c510f25de0ccb45b6c34f28061a69974', 292, 34, 194, '/images/thumbs/ab34be55dc6f38c957810b28369ed99e.jpg'),
('2009-07-26 13:27:02', '553d95ae8f15e300fb5dc5afa89790de1511', 293, 33, 191, '/images/searchables/280723e7b73807b84dabd5b57d134682.jpg'),
('2009-07-26 13:27:02', '553d95ae8f15e300fb5dc5afa89790de7631', 294, 34, 191, '/images/thumbs/280723e7b73807b84dabd5b57d134682.jpg'),
('2009-08-13 18:43:22', 'cae50951aae0eeefd1c9375add40ac54387', 304, 33, 223, '/images/searchables/56c4ed9fe572e80df5f3ea371b5b78de.jpg'),
('2009-08-13 18:43:22', 'cae50951aae0eeefd1c9375add40ac543478', 305, 34, 223, '/images/thumbs/56c4ed9fe572e80df5f3ea371b5b78de.jpg'),
('2009-08-13 20:07:06', '3052e549597b46ee31115e0d6685821d4914', 308, 33, 218, '/images/searchables/4911deae79e8d34b25ca61af94dc39d3.jpg'),
('2009-08-13 20:07:06', '3052e549597b46ee31115e0d6685821d2404', 309, 34, 218, '/images/thumbs/4911deae79e8d34b25ca61af94dc39d3.jpg'),
('2009-08-17 14:36:01', 'cb4e30682098c2ec2dacdbc295a2b2a22847', 313, 15, 16, '94087'),
('2009-08-25 08:46:16', 'a2c4adc271dc715b79a047f8a77524b16490', 320, 33, 216, '/images/searchables/360eed43c531e6416e32a199292304b5.jpg'),
('2009-08-25 08:46:16', 'a2c4adc271dc715b79a047f8a77524b14356', 321, 34, 216, '/images/thumbs/360eed43c531e6416e32a199292304b5.jpg'),
('2009-08-25 10:13:32', '73ee1febd16d8bbecd8a69559e0bd3e28476', 323, 54, 13, '/images/profile/114a1ca92ad2d8f0b130b3b4ae44e5fc.jpg'),
('2009-08-25 10:13:32', '20a9800bde5943a9fef11591ffe252135455', 324, 54, 13, '/images/profile/19e861dff817dc75413c7241a1a90f37.jpg'),
('2009-08-26 12:24:50', '5021b394c88997611c0820ca93dfc7bc277', 329, 59, 16, '/images/profile/60fa9801caa4dd8c06a5f151ea3affcd.jpg'),
('2009-08-26 12:40:51', '89568e1d1e0e11fa3a6a9a8928e697886196', 331, 8, 210, 'msjaastad@comcast.net'),
('2009-08-26 12:40:51', '89568e1d1e0e11fa3a6a9a8928e697884766', 332, 9, 210, '650-678-9097'),
('2009-08-26 12:42:49', 'e4ecc16434ebae56289cdcb753478b7d3781', 335, 60, 210, '/images/profile/0276faa41e20cac608497b98e7e2e8a1.jpg'),
('2009-08-28 06:34:50', 'd705a7d31b21d8cf70fa9a56c51c40703048', 342, 24, 16, 'MDS Analytical Technologies'),
('2009-08-28 06:34:50', '57cd7fd20cf7dee2e2f11a68cbcfed777033', 343, 24, 16, 'Vitra Bioscience'),
('2009-08-28 06:34:50', 'd705a7d31b21d8cf70fa9a56c51c40706019', 344, 25, 16, 'http://www.siliconvalleysoccer.com/'),
('2009-08-31 09:47:54', 'a892f0ee227327a1a80f75a8d66a84d64912', 349, 8, 212, 'henitz@yahoo.com'),
('2009-08-31 09:47:54', 'a892f0ee227327a1a80f75a8d66a84d61790', 350, 9, 212, '4088296152'),
('2009-08-31 09:47:54', 'a892f0ee227327a1a80f75a8d66a84d64214', 351, 10, 212, '4088296152'),
('2009-08-31 09:47:54', 'a892f0ee227327a1a80f75a8d66a84d65702', 352, 15, 212, '94304'),
('2009-08-31 09:52:14', '36eb918b185cda0e25b0757c15c41b935866', 353, 24, 212, 'IBM'),
('2009-09-01 11:54:00', 'd7204831ffdb069a6814349c84fd453a985', 356, 33, 213, '/images/searchables/de5b34e7e21cb9308ae47e5316c91168.jpg'),
('2009-09-01 11:54:00', 'd7204831ffdb069a6814349c84fd453a4326', 357, 34, 213, '/images/thumbs/3252e34887508c661366e536f00507e4.jpg'),
('2009-09-05 19:45:26', 'd6c7bc01a0ed3f4982afa3304933fe458674', 358, 33, 214, '/images/searchables/blank_user.gif'),
('2009-09-05 19:45:26', 'd6c7bc01a0ed3f4982afa3304933fe45396', 359, 34, 214, '/images/thumbs/blank_user_thumb.gif'),
('2009-09-10 17:56:23', '4a0470c87bc1eab09a548fdacebef7765952', 360, 8, 228, 'ventura.franc@gmail'),
('2009-09-10 17:57:52', '2183396bdd7fc7aec44aa445ef8238f18574', 361, 18, 228, '2009'),
('2009-09-10 18:00:00', 'f02a6f24508a43daa284189cb4645b1d5017', 362, 33, 228, '/images/searchables/44137d81dc077b72f45efd330248fba0.jpg'),
('2009-09-10 18:00:00', 'f02a6f24508a43daa284189cb4645b1d9361', 363, 34, 228, '/images/thumbs/915946ed5054561ae0edbac80c184d69.jpg'),
('2009-09-15 14:47:10', '7efe3524e2f6ab81ae3ff09884f4fb011757', 364, 24, 34, 'Pets Friend Animal Clinic'),
('2009-09-15 14:47:10', '7efe3524e2f6ab81ae3ff09884f4fb01698', 365, 25, 34, 'petsfriendsunnyvale.com'),
('2009-09-15 14:49:00', 'ebc05b36b03a1446bc9f39b3f4f3e7049002', 367, 60, 34, '/images/profile/af11805586632cae2815e029fed8b004.jpg'),
('2009-09-15 14:49:00', '96b0be248b53b93be8c85bba5b1c518c356', 368, 60, 34, '/images/profile/d0c23b3938ecc9e593209d66c99d1f81.jpg'),
('2009-10-01 08:45:36', '6690654698d6f5281035274308edc32e9616', 371, 33, 215, '/images/searchables/f9afb243fe0bf3781c3855922508c00b.jpg'),
('2009-10-01 08:45:36', '6690654698d6f5281035274308edc32e9723', 372, 34, 215, '/images/thumbs/d4bad79b71a4a2e01932123599216388.jpg'),
('2009-12-06 17:02:38', 'b4a8ddd390b76af6588638ed5bcda5759074', 375, 8, 229, 'paiman@siliconvalleysoccer.com'),
('2009-12-29 16:20:01', 'e05be4dd5c08dd39b47a1374c41d38994441', 392, 78, 191, 'http://siliconvalleysoccer.com/'),
('2010-01-30 10:30:14', 'a92ca659710f6eff36acd8d6732959008542', 410, 35, 210, 'Cougars Sunday Womens Team D1'),
('2010-01-30 10:30:14', 'a92ca659710f6eff36acd8d6732959009029', 411, 74, 210, 'Mandy Pandy'),
('2010-01-30 10:33:11', '8fdae6e1d82cb991e6d0b21d6d2984cd4052', 414, 33, 210, '/images/searchables/786b770aa951c21eaf387fd58a444aa8.jpg'),
('2010-01-30 10:33:11', '8fdae6e1d82cb991e6d0b21d6d2984cd8687', 415, 34, 210, '/images/thumbs/c27f5b8715a4495ffbed7d731e6aa001.jpg'),
('2010-01-30 10:46:39', '3bfdbabee8258fbcdfc60e2342ff3e9b1282', 416, 33, 239, '/images/searchables/581d026e20a09644f6414655aecc3768.jpg'),
('2010-01-30 10:46:39', '3bfdbabee8258fbcdfc60e2342ff3e9b346', 417, 34, 239, '/images/thumbs/3babcf19332702dabbeb7cfb12e8b364.jpg'),
('2010-01-30 10:57:25', '9be25d6742127eecc280fc6d35d91ea9610', 424, 33, 241, '/images/searchables/bee48bb17fb2a263a53d1c74128f0bd1.jpg'),
('2010-01-30 10:57:25', '9be25d6742127eecc280fc6d35d91ea94760', 425, 34, 241, '/images/thumbs/a9e2343e9e8599dc360905ce4ac250b7.jpg'),
('2010-02-04 20:42:21', '11afc5215453dc3a4aacdb8e98fc5c815893', 433, 35, 240, 'Weeknight Coed - Palo Alto'),
('2010-02-04 20:43:14', '850a1c635ad72cef9bde946b8aa9a45b4136', 435, 35, 241, 'Weeknight Coed - San Jose'),
('2010-02-05 15:00:14', '7e69149ca3440a6263af72688f24a8f65537', 437, 8, 191, 'msjaastad@comcast.net'),
('2010-02-05 15:02:56', 'b36b4855ea64d3ffa55c308923963e44709', 445, 35, 239, 'Silicon Valley Soccer Association'),
('2010-02-05 15:07:13', '5bcce5a21c3f0445bd62d5cd6cfd61c73883', 449, 79, 240, 'Weeknight Coed - Palo Alto'),
('2010-02-05 15:07:13', '5bcce5a21c3f0445bd62d5cd6cfd61c74637', 450, 82, 240, '1500'),
('2010-02-05 15:10:58', '5e737b554cced37f8873d70ec0a44f5f1539', 451, 78, 16, 'http://siliconvalleysoccer.com/fields.php'),
('2010-02-08 10:13:19', 'a5ad17646e8cec806d3892025716a09e142', 454, 33, 188, '/images/searchables/eff7d653662034991011fb03243d275f.jpg'),
('2010-02-08 10:13:19', 'a5ad17646e8cec806d3892025716a09e7813', 455, 34, 188, '/images/thumbs/09e1dc6b5c6d41ee112ee897ee2a6cff.jpg'),
('2010-02-08 13:57:37', 'd48b2c2aaddc859c7d7f5ab91ab11fa94220', 462, 79, 241, 'test'),
('2010-02-08 13:57:37', 'd48b2c2aaddc859c7d7f5ab91ab11fa9298', 463, 82, 241, '1200'),
('2010-02-12 00:00:51', 'b65ee32ea93e160a505bf067952e5fdf7088', 468, 35, 248, 'Matt''s Test Team'),
('2010-02-15 15:00:38', '9bdc8b183d9b0141df55264ad038f01a6304', 470, 35, 251, 'test group'),
('2010-02-25 13:00:34', 'f8e93c5b4a1d135b68c674def662217c8978', 471, 35, 252, 'test group 2'),
('2010-02-26 13:19:28', 'f10e6ea054e273be7905d77f415b53b05583', 475, 33, 229, '/images/searchables/9a4d6d0c43576d4853d602ad26eecdfb.jpg'),
('2010-02-26 13:19:28', 'f10e6ea054e273be7905d77f415b53b07224', 476, 34, 229, '/images/thumbs/439f421296508c1e6efa4bacf1af6bf8.jpg'),
('2010-02-26 14:09:12', 'f117a78e765d05ae8badd36b93c0df923368', 480, 79, 242, 'Sunday Womens League'),
('2010-03-09 12:07:40', '646cb20ebae6cdfc5e2ad6cafca075cb4323', 502, 33, 16, '/images/searchables/874b084c4e0f7472c62a5350d579316d.jpg'),
('2010-03-09 12:07:40', '646cb20ebae6cdfc5e2ad6cafca075cb6402', 503, 34, 16, '/images/thumbs/53373ed1602696de02cc91396eb33c9f.jpg'),
('2010-03-10 10:57:06', '8d7c23845f55500af44c3bf3edb790e22820', 508, 33, 244, '/images/searchables/657ce6ac389af43ecacda7602108fefc.jpg'),
('2010-03-10 10:57:06', '8d7c23845f55500af44c3bf3edb790e25272', 509, 34, 244, '/images/thumbs/9c63772a11d9bd910a0846c76f044849.jpg'),
('2010-03-10 10:58:11', '81c991befc26d594d95f4eec2cc5a6527904', 510, 33, 245, '/images/searchables/8338c7f6df7431c3c63bb6044e359d9e.jpg'),
('2010-03-10 10:58:11', '81c991befc26d594d95f4eec2cc5a6523704', 511, 34, 245, '/images/thumbs/227304a5ada1a5207e45ec3484fbdf22.jpg'),
('2010-03-10 10:59:03', 'de3d301084c5b9710fc155ab00b619bd4807', 512, 33, 246, '/images/searchables/45e05993a7fac2910ef36e39d2e30a6e.jpg'),
('2010-03-10 10:59:03', 'de3d301084c5b9710fc155ab00b619bd2921', 513, 34, 246, '/images/thumbs/3914c028f72d0d660f251b8475947913.jpg'),
('2010-03-10 11:00:20', '08f3272b679f3dc54e1d7ece4d3294b1186', 514, 33, 247, '/images/searchables/2106c514af3df2a207f5728f325aa43f.jpg'),
('2010-03-10 11:00:20', '08f3272b679f3dc54e1d7ece4d3294b12166', 515, 34, 247, '/images/thumbs/af6682d12aad25bac55db5ff908e2ea5.jpg'),
('2010-03-10 13:09:04', '3090d41b406144639bddc8be53c335f33461', 518, 33, 250, '/images/searchables/75052f16a05ae9097369601cd0f807c2.jpg'),
('2010-03-10 13:09:04', '3090d41b406144639bddc8be53c335f32742', 519, 34, 250, '/images/thumbs/399d71c02afb8d630989751359dd3580.jpg'),
('2010-03-10 16:22:19', '8aab69b2bf5e690d8569a60e62d95f114935', 523, 8, 208, 'msjaastad@comcast.net'),
('2010-04-11 16:06:00', '7a845ef26192ac9ab9a83de586494c64596', 527, 8, 254, 'jason@novaurora.com'),
('2010-04-12 16:35:05', '8566fcf6e4fa96127f2d0a54fa570c7f7887', 529, 88, 240, 'See Divisions below...'),
('2010-04-12 16:40:29', 'b5d551bff1ed72d235932a983db1b3f55634', 530, 88, 243, 'Palo Alto D1A'),
('2010-04-12 16:40:44', '2b97f9987350ac054a31d25fe5975f5d4506', 531, 79, 243, 'Weeknight Coed'),
('2010-04-12 16:45:37', '3b56bddafd7949c8ceaf0e88e84e17eb4617', 533, 88, 239, 'Premier, 1A, 1B, 2a, FUN'),
('2010-04-12 16:46:48', 'af8ca2ba5294c5d94a2f00a0984aa1a66205', 534, 79, 239, 'COED, WOMEN, MEN''S, OVER 50 and others!'),
('2010-04-14 09:39:05', '7c4daa37aeace7b2b393d0ee9b63ab5c7176', 535, 35, 255, 'test'),
('2010-04-14 09:41:41', '42526e6b6e7bb83006b81f0d15d84a397263', 536, 88, 250, 'Womens Div. 2A'),
('2010-05-11 18:33:02', 'c19f826a50c217400b4bb0b05b91e0d55424', 540, 8, 16, 'msjaastad@comcast.net'),
('2010-05-16 17:10:10', 'df2fe1e97cdf20ce36b186df74f39d171809', 561, 33, 240, '/images/searchables/ba37f14e4fb773003644d4fbe6bb1ea0.jpg'),
('2010-05-16 17:10:10', 'df2fe1e97cdf20ce36b186df74f39d179321', 562, 34, 240, '/images/thumbs/2537474f7d2467c5129dc4639acc9aac.jpg'),
('2010-05-16 17:25:26', '1d2e7c466753c5777f20f68eaee07f171461', 569, 33, 242, '/images/searchables/ff87e43dedafe24660a279added555c4.jpg'),
('2010-05-16 17:25:26', '1d2e7c466753c5777f20f68eaee07f174335', 570, 34, 242, '/images/thumbs/753fcfdc52e551f669e7ce579baf8a4c.jpg'),
('2010-05-16 17:28:15', '214e8390695bd2b970acdf861b1067113457', 572, 33, 249, '/images/searchables/87eef72ae03cad26a3c8a91b47ca9669.jpg'),
('2010-05-16 17:28:15', '214e8390695bd2b970acdf861b1067115408', 573, 34, 249, '/images/thumbs/7cf3028a9055f0b9ba6794c3b5d24442.jpg'),
('2010-05-16 17:28:58', '496b81bac3030e3db57ad834e8e27a837124', 575, 87, 249, 'need more members, I can''t do this alone!'),
('2010-05-16 17:29:52', '1a221086852df93438a66c71526cc4e45611', 576, 93, 249, 'msjaastad@comcast.net'),
('2010-05-17 11:54:35', '7b5d192ae3d1571d7fc82e2262e8819c26', 584, 82, 243, '$1585'),
('2010-05-18 13:11:04', '02a423a060eb7d784d7d0c8977992a627477', 593, 74, 208, 'Katie Bushnell'),
('2010-05-20 11:31:59', '919d0bc6822f642ab5a76418e307ed252704', 596, 87, 208, 'Season Starts the week of May 21st!!!!!'),
('2010-05-20 11:32:55', '5df14df790dcb4900991832c34b9abaf7952', 597, 9, 208, '123-456-7890'),
('2010-05-20 11:32:55', '5df14df790dcb4900991832c34b9abaf1649', 598, 93, 208, 'katie@msn.com'),
('2010-05-22 21:18:33', '38daba96a8873345957160d0bf5993c88240', 605, 9, 188, '9259982004'),
('2010-05-22 21:18:33', '38daba96a8873345957160d0bf5993c82326', 606, 11, 188, '1234 onetwothreefour st'),
('2010-05-22 21:18:48', '912e61539c9dcb6bc258f0ac19380bf26906', 607, 87, 188, 'The sky is falling'),
('2010-05-23 15:42:37', 'c08dde85278736fe8c475a35061867f29324', 615, 10, 16, '(408) 245-2166'),
('2010-06-27 22:51:23', '042d64afbf6e0bc6e1a135d4888e0b5a4160', 624, 33, 256, '/images/searchables/0d221ddc116d6510b78978b25a5123c5.jpg'),
('2010-06-27 22:51:23', '042d64afbf6e0bc6e1a135d4888e0b5a1824', 625, 34, 256, '/images/thumbs/22b1538416774630bbf1c86ff8069842.jpg'),
('2010-07-15 17:49:58', '27603f418737d3cfebbfd848ca021ce06639', 626, 35, 267, 'BriteLine Medical Inc.'),
('2010-07-19 12:08:32', 'e9ac0fd569bfecdff5e9e97d2a8766b45743', 630, 35, 249, 'Los Cougaros'),
('2010-07-19 12:08:32', 'e9ac0fd569bfecdff5e9e97d2a8766b47589', 631, 74, 249, 'Katie Bushnell'),
('2010-07-20 09:19:10', 'd0c64822dfa2b5c7e5212e6bf2a8fe251930', 634, 33, 267, '/images/searchables/blank_group.gif'),
('2010-07-20 09:19:10', 'd0c64822dfa2b5c7e5212e6bf2a8fe257200', 635, 34, 267, '/images/thumbs/blank_group_thumb.gif'),
('2010-08-19 23:50:30', '05fa2b0011c23c25793f8bbcd67a62ec', 637, 74, 13, 'Who''s Your Daddy'),
('2010-08-19 23:50:30', 'fd32824885b78f76f7474ac9b27aa300', 638, 35, 13, 'test'),
('2010-08-20 12:54:56', '4df2a99b682fe48a81bc384d8c6194cf', 640, 74, 16, 'Mike Sjaastad'),
('2010-08-20 12:54:56', '6356bc585010d7a4dcb22fe6fd304dc6', 641, 35, 16, 'Mike Sjaastad'),
('2010-08-22 11:17:10', 'bd4b05d0ee91ed649d52ac3af36ab231', 642, 9, 13, '9259982004'),
('2010-08-22 11:17:10', '626dbe4387ae4b56af13b5eb178b0882', 643, 11, 13, '3351 Alma St.'),
('2010-08-22 11:17:10', '69c5c469906cca2d066140c5933edfa2', 644, 93, 13, 'mattesnider@gmail.com'),
('2010-08-22 12:43:03', 'c1cb2b2d4dfd1d91285f98a8231be067', 645, 11, 270, '877 duda street'),
('2010-08-22 13:22:06', '98925d72b8c29d721260ac137af7dbb5', 646, 11, 216, '123 4th place'),
('2010-09-03 16:07:55', '53df581584474f7207420dbd267b3aa0', 650, 9, 16, '(650) 678-909777'),
('2010-09-03 16:07:55', '531495747e7d63d2670cdd54e169dcf7', 651, 11, 16, '923 Mackenzie Drive'),
('2010-09-03 16:07:55', 'a60c9223405573114d3c51f3310d4dcd', 652, 93, 16, 'msjaastad@comcast.net'),
('2010-09-03 16:15:58', '146e35f0efd3ad597f5d4109dc735a68', 653, 11, 271, '123 4th place'),
('2010-09-06 16:11:47', '425855632520daf151324c2c1a05fe15', 654, 9, 191, '650-678-9097'),
('2010-09-06 16:11:47', '52990a7e2e0817345c11f0d9494d8cb8', 655, 11, 191, '123 4th place'),
('2010-09-06 16:11:47', '3265dff471f59a7e0dabfecf7532519e', 656, 93, 191, 'msjaastad@comcast.net'),
('2010-09-06 16:26:31', '8082f3d08115c2da275571d79ca5da2f', 657, 35, 188, 'new name'),
('2010-09-06 16:26:31', '6e9f430aa42ef2e9ebd5a11972ae5d71', 658, 73, 188, 'http://www.mattsnider.com'),
('2010-09-06 16:26:31', '5346d85248cba613b4cb1d62e6310750', 659, 74, 188, 'matt snider'),
('2010-09-12 19:51:19', '81d1a7dc71c4303158bc07023a987d64', 674, 94, 13, 'Pleasanton'),
('2010-09-12 19:51:19', '4bcf10de632e7d3124cd8deaf249f988', 675, 98, 13, 'Terrorista'),
('2010-09-18 07:24:29', 'ddd5e2f27ab02bd24533748150d7ce73', 676, 98, 16, 'Biotech'),
('2010-09-18 07:34:14', '21a307bd2d6e9a916287b24c0f9e192a', 677, 11, 213, '123 4th place'),
('2010-09-18 07:34:14', 'b3c0b6ff8950d9969f6766cd1c8e5d15', 678, 93, 213, '1234@opiuoiu.com'),
('2010-09-18 07:34:14', '543bba9953d84974da24b9d6fce33f28', 679, 9, 213, '1234567890'),
('2010-09-18 07:43:15', 'fe594c067f0ef3af6c8895dfc2fab379', 681, 35, 191, 'FA Azzurri COED WeekNight D1A'),
('2010-09-18 07:43:15', '082b35c5e932942fb560e6987b2ceb0b', 682, 73, 191, 'http://siliconvalleysoccer.com/league/SVSA_Coed_Fall_2010/ByTeam.php?team_id=140'),
('2010-09-18 07:43:15', '1bc7ee6d1087421cc13c547a6cf9a06f', 683, 74, 191, 'Mike Sjaastad'),
('2010-10-19 12:57:07', 'ea1c4fc4f974af2ed92fb4ceaf5338f2', 684, 11, 275, '425 Encino Drive'),
('2010-10-19 12:57:07', '810ee00f4250f309d972bcdcd172425a', 685, 93, 275, 'mark@vysus.com'),
('2010-10-21 12:24:39', 'd90dc195bbde2c7ff97df2534dde6ca7', 686, 87, 191, 'New field location'),
('2010-10-31 12:16:04', '49bc107be9e101cdabf6b2889d2db385', 687, 11, 276, '1781 Karameos Ct.'),
('2010-10-31 12:16:04', '661b14b375e356cfd05eb582e742669e', 688, 93, 276, 'matt+8@test.com'),
('2010-11-01 12:26:12', '9ae1088e058fb594724195beb36d8659', 689, 11, 278, '123 4th place'),
('2010-11-01 12:26:12', 'a984cb27362ba8d39ee2551b94cd0bf9', 690, 93, 278, 'mattesnider100@gmail.com'),
('2010-11-01 12:33:57', '03f9bacdfe0020f3da12c9fb24308d5f', 691, 11, 279, '123 4th place'),
('2010-11-01 12:33:57', '3e5bc6066fc756458dc84c18ade6a150', 692, 93, 279, 'mattesnider101@gmail.com'),
('2010-11-02 08:50:17', '1af61530e9679dda3177f7cd596b08c9', 693, 11, 280, '1781 Karameos Ct.'),
('2010-11-02 08:50:17', '89123bd9d32b71034bd0635e3d2493de', 694, 93, 280, 'mattesnider+3@gmail.com'),
('2010-11-02 09:21:20', 'a9abdd3ba4ac0932384d4e9ea4febbdf', 695, 11, 281, '1781 Karameos Ct.'),
('2010-11-02 09:21:21', '85fea5c3dbbcb30aaff25af4b4ecc036', 696, 93, 281, 'mattesnider+4@gmail.com'),
('2010-11-02 19:28:30', 'e02b748aa742aed1f4a0d9209d0caa69', 697, 11, 282, '123'),
('2010-11-02 19:28:30', 'c7ff800adb172bc1b0056aad8a31b777', 698, 93, 282, '234234@jiom.com'),
('2010-11-10 15:10:07', 'fee1af2224ee64ce288fe373833fc77a', 702, 60, 16, '/images/profile/2f885d80e155cebd692ae65b9238adf0.jpg'),
('2010-11-10 15:20:45', 'b34fd6473e6c13f01282fa09ff390bb2', 703, 60, 284, '/images/profile/a3ba44eeacbb2b5a639314bf35a6860e.jpg'),
('2010-11-12 11:40:17', '3e9b91a99ed0ca2aa78cab8a25cb03c9', 704, 11, 286, '123 4th place'),
('2010-11-12 11:40:17', '229d37d5f5b2d391c2af17929a43a13a', 705, 93, 286, 'msjaastad@comcast.net'),
('2010-11-22 22:15:29', '6e420ef13eea2c735df8101c701da335', 706, 11, 212, 'pppqef'),
('2010-11-22 22:15:29', 'e0d11e21630dc89b2ac20ebfe307c80a', 707, 93, 212, 'qresh@YAHOO>COM');

-- --------------------------------------------------------

--
-- Table structure for table `profile_widget_field_textarea`
--

CREATE TABLE IF NOT EXISTS `profile_widget_field_textarea` (
  `created` datetime NOT NULL,
  `id` int(10) unsigned NOT NULL AUTO_INCREMENT,
  `ikey` varchar(75) NOT NULL,
  `profile_widget_field_id` mediumint(8) unsigned NOT NULL,
  `searchable_id` int(11) unsigned NOT NULL,
  `value` longtext NOT NULL,
  PRIMARY KEY (`id`),
  KEY `normal` (`profile_widget_field_id`,`searchable_id`),
  KEY `profile_widget_field_textarea_searchable_fk` (`searchable_id`),
  KEY `profile_widget_field_textarea_pwf_fk` (`profile_widget_field_id`)
) ENGINE=InnoDB  DEFAULT CHARSET=utf8 AUTO_INCREMENT=351 ;

--
-- Dumping data for table `profile_widget_field_textarea`
--

INSERT INTO `profile_widget_field_textarea` (`created`, `id`, `ikey`, `profile_widget_field_id`, `searchable_id`, `value`) VALUES
('2008-12-01 09:20:22', 39, 'ec5de3e8dc6bd121a79794021bf20cb16584', 25, 13, 'http://www.mint.com'),
('2008-12-09 09:00:47', 50, 'd4f700c81022c855e0041af836222bb46609', 27, 13, 'Kicking ass and taking names.'),
('2008-12-15 08:45:16', 79, 'e594b22cf15b445f7476775aa508e9c35061', 6, 184, 'Professional Make-up Artist'),
('2008-12-15 08:47:44', 80, '1cf2bde29cc323599a0375d73c85e7d75887', 16, 185, 'www.piscatawaynj.org/'),
('2008-12-15 08:48:34', 81, 'd34ff18d819ea9dfeda0f638eae589f04254', 6, 185, 'Disciplined'),
('2008-12-15 08:50:46', 82, '85af7dbb0532ca29713840ae3711fa893607', 6, 186, 'Fashion Model'),
('2008-12-15 08:50:46', 83, '85af7dbb0532ca29713840ae3711fa895274', 7, 186, 'Pilates and cooking'),
('2009-04-02 10:27:30', 95, '040c18d87d06d09e542d038b644c8d3a1000', 41, 13, 'Oh, there are so many things, where do I start...'),
('2009-04-09 17:08:46', 101, 'd5c5d4246b39093386831ee7186ed668407', 38, 190, 'rrrr'),
('2009-04-09 17:08:46', 102, 'd5c5d4246b39093386831ee7186ed6689357', 39, 190, 'rrrr'),
('2009-05-31 10:34:01', 132, '98f89b92187ba4c33c59d68d5503a0b56531', 7, 13, 'Video Games, JavaScript, Blogging, Backpacking, Bicycling, Anime, Manga, Reading, Women'),
('2009-06-11 16:38:33', 139, 'c60a6e1f03686976ef252b52e62fe8042220', 38, 193, 'Test Team'),
('2009-06-15 08:18:43', 147, 'e328d25c5145cbdd85910b98caeb00ec618', 6, 197, 'test'),
('2009-06-15 08:18:43', 148, 'e328d25c5145cbdd85910b98caeb00ec3077', 7, 197, 'test'),
('2009-06-15 08:18:43', 149, 'e328d25c5145cbdd85910b98caeb00ec3533', 46, 197, 'test'),
('2009-07-06 07:37:28', 150, '0c2dc191012bda5ebcf5dbc7097350058434', 6, 203, 'Fashion Model\r\n'),
('2009-07-16 11:54:53', 154, '7a48a390b10feb2e3477e79babea49592784', 44, 207, 'blah blah'),
('2009-07-16 11:57:01', 155, '5d3b208f0925945efbaa6cf7566f83759635', 6, 207, 'Super Model'),
('2009-07-16 11:57:01', 156, '5d3b208f0925945efbaa6cf7566f83759823', 7, 207, 'Fashion, Pilates, and cooking'),
('2009-07-16 11:57:01', 157, '5d3b208f0925945efbaa6cf7566f8375215', 46, 207, 'Pulcini'),
('2009-07-22 23:27:23', 161, '9028368f66be0c000654eb62ac18b8a68000', 44, 209, 'Keeping this version of Miles'),
('2009-08-13 20:07:54', 180, 'f8edf791b835c6d03a6d57d37f7ae3cc4479', 6, 218, 'Stay at home Supemodel, and mother of two up and coming super models'),
('2009-08-13 20:07:54', 181, 'f8edf791b835c6d03a6d57d37f7ae3cc587', 7, 218, 'soccer'),
('2009-08-13 20:07:54', 182, 'f8edf791b835c6d03a6d57d37f7ae3cc9498', 46, 218, 'Pulcini, Azurri'),
('2009-08-26 12:40:35', 203, '27c6a5e1f7f2ce5bd993bdbbf6e66f8b7858', 39, 210, '"flushing out bugs and making things work right..."'),
('2009-08-28 06:34:50', 210, 'd705a7d31b21d8cf70fa9a56c51c40708496', 27, 16, 'Busy job, too much email'),
('2009-08-28 06:34:50', 211, '57cd7fd20cf7dee2e2f11a68cbcfed771045', 27, 16, 'Start-up'),
('2009-08-30 13:33:15', 213, '3bdd945965c76131a4817843af4bca4a5552', 44, 16, 'Midi, Defender, Stopper, Keeper'),
('2009-08-31 00:08:15', 223, 'ac83e92323ea31e7fe2875fb96e3fd30566', 68, 13, 'Tuesday, Wednesday'),
('2009-08-31 10:09:08', 228, 'a4add21019f6fb5becf78360cc99979e7346', 68, 212, 'm-f, 7-10:30'),
('2009-08-31 10:15:55', 232, 'd7dbe307a51125c048411ca315ab5b187884', 6, 212, 'I like pizza'),
('2009-08-31 10:15:55', 233, 'd7dbe307a51125c048411ca315ab5b187994', 7, 212, 'Soccer'),
('2009-08-31 10:15:55', 234, 'd7dbe307a51125c048411ca315ab5b186322', 46, 212, 'Azzuri, Pulcini'),
('2009-09-10 17:55:57', 240, 'cb28c4d5d16ce5fc8ff6c2b29642928b2310', 46, 228, 'Pulcini, Azzurri, Bashers'),
('2009-09-10 18:01:53', 241, 'ec97564a62352a51f3260eb32a3605b51400', 68, 228, 'M-S... 00:11 - 23:45'),
('2009-09-12 17:57:19', 242, 'df71cc5f96032052c02cb215bf6a8a0871', 68, 214, 'monday 3:00, tuesday 4:00'),
('2009-09-12 18:01:01', 243, 'e7232a984c0df3823c79c0956e803e5d6152', 6, 214, 'i like soup'),
('2009-09-12 18:01:01', 244, 'e7232a984c0df3823c79c0956e803e5d551', 7, 214, 'soup'),
('2009-09-12 18:01:01', 245, 'e7232a984c0df3823c79c0956e803e5d4297', 46, 214, 'really good ones'),
('2009-10-03 16:09:33', 249, '7074664e2128c91c62803fc88e1463af357', 6, 211, 'I have gotten a few yellow cards in my day, I love to play against the boys, I can play a mean defense if I am on my game (thanks to a little help in the back....such as a young gent named Henitz) and I love this thing called futbol! '),
('2009-10-03 16:09:33', 250, '7074664e2128c91c62803fc88e1463af6291', 7, 211, 'Soccer, watching football (and I mean lots of it), hiking, biking, reading, Coors Light, '),
('2009-10-03 16:09:33', 251, '7074664e2128c91c62803fc88e1463af387', 46, 211, 'Pulcini, Azzurri'),
('2009-12-05 20:50:49', 252, 'a4777c4c248e64c7a7c1cad438de58273058', 68, 16, 'Any day/night of the week except Saturdays'),
('2009-12-24 10:43:35', 259, '7bec91fa650f19d9a2b06beb124343653148', 75, 191, 'fwetgrf'),
('2010-01-16 10:49:22', 273, '66358afcdfd73d2acca18c9aea22f6e22360', 46, 229, 'TBD'),
('2010-01-30 07:36:49', 274, 'b15ebdea590bf06289ce785f906973175717', 6, 240, 'test'),
('2010-01-30 07:36:49', 275, 'b15ebdea590bf06289ce785f906973171508', 7, 240, 'test'),
('2010-01-30 07:36:49', 276, 'b15ebdea590bf06289ce785f90697317386', 46, 240, 'test'),
('2010-01-30 10:30:14', 281, 'a92ca659710f6eff36acd8d6732959008137', 38, 210, 'This is the list of beta test users'),
('2010-02-05 15:11:53', 285, '87e08fe0953656f18993ef4c73c4a7311511', 7, 16, 'I tried to hide this for this implementation but editing doesn''t work for this field right now'),
('2010-05-22 21:18:33', 328, '38daba96a8873345957160d0bf5993c88201', 16, 188, 'http://www.mattsnider.com'),
('2010-08-22 11:17:10', 332, 'd74d7166988f9f1c4f54c448a08c4c6f', 16, 13, 'http://www.mattsnider.com, mint.com, www.trippert.com, http://www.gophernow.com, http://www.supost.com'),
('2010-09-03 16:16:01', 334, '90b9678d5c604ee85ecb1a748f931b3c', 46, 271, 'azzurri'),
('2010-09-06 16:26:31', 335, '32a675411c1fb4b645faef539d12abe4', 38, 188, 'this is a chess club'),
('2010-09-12 19:51:19', 339, '075944fca014a505e0071a3460d6d60c', 6, 13, 'I am awesome'),
('2010-09-12 19:51:19', 340, '7b7278bc6a47e5c5c7543499d98971f4', 46, 13, 'Clockwork Orange'),
('2010-09-18 07:24:29', 341, '56d76e780b859ae0bc0a6f2cfcf3b3ec', 46, 16, 'Azzurri, pulcini'),
('2010-09-18 07:34:14', 342, '9b074dc00326c4edf69e2abd40af412d', 46, 213, 'azzurri'),
('2010-10-19 12:57:07', 343, '265eeee041c4502640882223c99fcf72', 46, 275, 'Pulcini'),
('2010-10-31 12:16:04', 344, 'cb4c0bc4391a5469b7989a508ace312f', 46, 276, 'clockwork orange'),
('2010-11-01 12:26:12', 345, 'fa5a96706cb0e424c881eb7036a34401', 46, 278, 'treterter, rtertert'),
('2010-11-01 12:33:57', 346, 'a90db483ffe0610524577440d24a3887', 46, 279, 'wewe'),
('2010-11-02 08:50:17', 347, '3e87c70259f02aaf956308032db87314', 46, 280, 'clockwork orange'),
('2010-11-02 09:21:21', 348, '9cbee769787f9814925c99c2e5b71e7e', 46, 281, 'clockwork orange'),
('2010-11-02 19:28:30', 349, '6b5f4708caa413627711d32e5aafa787', 46, 282, 'rtwretwert'),
('2010-11-10 15:19:58', 350, '4add0203de090e2b963af1351634d967', 46, 284, 'dfgdfg');

-- --------------------------------------------------------

--
-- Table structure for table `registration_task`
--

CREATE TABLE IF NOT EXISTS `registration_task` (
  `created` timestamp NOT NULL DEFAULT '0000-00-00 00:00:00',
  `description` tinytext NOT NULL,
  `id` int(11) unsigned NOT NULL AUTO_INCREMENT,
  `modified` timestamp NOT NULL DEFAULT CURRENT_TIMESTAMP ON UPDATE CURRENT_TIMESTAMP,
  `priority` tinyint(2) unsigned NOT NULL,
  `status` enum('active','inactive') NOT NULL DEFAULT 'active',
  `type` enum('join','payment','required','tos') NOT NULL,
  `name` varchar(255) NOT NULL,
  PRIMARY KEY (`id`)
) ENGINE=InnoDB  DEFAULT CHARSET=utf8 AUTO_INCREMENT=9 ;

--
-- Dumping data for table `registration_task`
--

INSERT INTO `registration_task` (`created`, `description`, `id`, `modified`, `priority`, `status`, `type`, `name`) VALUES
('2010-08-05 00:10:45', 'Terms of Service (TOS) &ndash; Users must agree to TOS before using your site. To update the TOS, see <a href="/admin.action?page=content&task=content&subtask=terms">Update Terms of Service</a>.', 1, '2010-08-23 01:00:38', 1, 'active', 'tos', 'Terms of Service'),
('2010-08-05 00:10:45', 'Required Fields &ndash; Any required fields must be filled out by the user before entering site', 2, '2010-08-23 01:00:39', 2, 'active', 'required', 'Required Fields'),
('2010-08-05 00:10:45', 'Pay Fee &ndash; The User must pay a fee before entering the site', 3, '2010-08-05 00:10:45', 3, 'active', 'payment', 'Pay Dues'),
('2010-08-05 00:10:45', 'Join Network &ndash; Users must become part of a network before entering the site. Optionally, they may join groups and link friends.', 4, '2010-08-23 01:00:39', 4, 'active', 'join', 'Get Connected');

-- --------------------------------------------------------

--
-- Table structure for table `registration_task_searchable`
--

CREATE TABLE IF NOT EXISTS `registration_task_searchable` (
  `created` timestamp NOT NULL DEFAULT '0000-00-00 00:00:00',
  `modified` timestamp NOT NULL DEFAULT CURRENT_TIMESTAMP ON UPDATE CURRENT_TIMESTAMP,
  `registration_task_id` int(11) unsigned NOT NULL,
  `searchable_id` int(11) unsigned NOT NULL,
  PRIMARY KEY (`registration_task_id`,`searchable_id`),
  KEY `registration_task_searchable_task_fk` (`registration_task_id`),
  KEY `registration_task_searchable_searchable_fk` (`searchable_id`)
) ENGINE=InnoDB DEFAULT CHARSET=utf8;

--
-- Dumping data for table `registration_task_searchable`
--

INSERT INTO `registration_task_searchable` (`created`, `modified`, `registration_task_id`, `searchable_id`) VALUES
('2010-08-19 23:49:57', '2010-08-19 23:49:57', 1, 13),
('2010-08-20 12:54:32', '2010-08-20 12:54:32', 1, 16),
('2010-11-22 22:08:04', '2010-11-22 22:08:04', 1, 212),
('2010-09-18 07:32:50', '2010-09-18 07:32:50', 1, 213),
('2010-08-22 13:21:44', '2010-08-22 13:21:44', 1, 216),
('2010-08-20 13:15:36', '2010-08-20 13:15:36', 1, 270),
('2010-09-03 16:15:07', '2010-09-03 16:15:07', 1, 271),
('2010-10-19 12:46:07', '2010-10-19 12:46:07', 1, 275),
('2010-10-31 12:15:22', '2010-10-31 12:15:22', 1, 276),
('2010-11-01 12:25:01', '2010-11-01 12:25:01', 1, 278),
('2010-11-01 12:32:58', '2010-11-01 12:32:58', 1, 279),
('2010-11-02 08:44:41', '2010-11-02 08:44:41', 1, 280),
('2010-11-02 09:20:05', '2010-11-02 09:20:05', 1, 281),
('2010-11-02 19:26:59', '2010-11-02 19:26:59', 1, 282),
('2010-11-10 15:10:10', '2010-11-10 15:10:10', 1, 283),
('2010-11-10 15:14:39', '2010-11-10 15:14:39', 1, 284),
('2010-11-11 19:48:09', '2010-11-11 19:48:09', 1, 285),
('2010-11-12 11:36:15', '2010-11-12 11:36:15', 1, 286),
('2010-08-19 23:50:30', '2010-08-19 23:50:30', 2, 13),
('2010-08-20 12:54:56', '2010-08-20 12:54:56', 2, 16),
('2010-11-22 22:08:48', '2010-11-22 22:08:48', 2, 212),
('2010-09-18 07:33:28', '2010-09-18 07:33:28', 2, 213),
('2010-08-22 13:22:06', '2010-08-22 13:22:06', 2, 216),
('2010-08-22 12:43:03', '2010-08-22 12:43:03', 2, 270),
('2010-09-03 16:16:18', '2010-09-03 16:16:18', 2, 271),
('2010-10-19 12:47:13', '2010-10-19 12:47:13', 2, 275),
('2010-10-31 12:15:56', '2010-10-31 12:15:56', 2, 276),
('2010-11-01 12:25:46', '2010-11-01 12:25:46', 2, 278),
('2010-11-01 12:33:31', '2010-11-01 12:33:31', 2, 279),
('2010-11-02 08:49:37', '2010-11-02 08:49:37', 2, 280),
('2010-11-02 09:20:39', '2010-11-02 09:20:39', 2, 281),
('2010-11-02 19:27:42', '2010-11-02 19:27:42', 2, 282),
('2010-11-10 15:11:10', '2010-11-10 15:11:10', 2, 283),
('2010-11-10 15:15:44', '2010-11-10 15:15:44', 2, 284),
('2010-11-11 19:48:52', '2010-11-11 19:48:52', 2, 285),
('2010-11-12 11:36:39', '2010-11-12 11:36:39', 2, 286),
('2010-08-24 10:23:38', '2010-08-24 10:23:38', 3, 13),
('2010-08-22 12:20:29', '2010-08-22 12:20:29', 3, 16),
('2010-11-22 22:09:07', '2010-11-22 22:09:07', 3, 212),
('2010-08-22 13:22:11', '2010-08-22 13:22:11', 3, 216),
('2010-08-22 12:43:08', '2010-08-22 12:43:08', 3, 270),
('2010-09-03 16:23:16', '2010-09-03 16:23:16', 3, 271),
('2010-10-19 12:47:21', '2010-10-19 12:47:21', 3, 275),
('2010-10-31 12:16:00', '2010-10-31 12:16:00', 3, 276),
('2010-11-01 12:25:50', '2010-11-01 12:25:50', 3, 278),
('2010-11-01 12:33:53', '2010-11-01 12:33:53', 3, 279),
('2010-11-02 08:49:47', '2010-11-02 08:49:47', 3, 280),
('2010-11-02 09:20:45', '2010-11-02 09:20:45', 3, 281),
('2010-11-02 19:27:47', '2010-11-02 19:27:47', 3, 282),
('2010-11-10 15:11:12', '2010-11-10 15:11:12', 3, 283),
('2010-11-10 15:15:47', '2010-11-10 15:15:47', 3, 284),
('2010-11-11 19:48:56', '2010-11-11 19:48:56', 3, 285),
('2010-11-12 11:36:41', '2010-11-12 11:36:41', 3, 286),
('2010-08-19 23:50:36', '2010-08-19 23:50:36', 4, 13),
('2010-08-20 12:55:02', '2010-08-20 12:55:02', 4, 16),
('2010-11-22 22:09:29', '2010-11-22 22:09:29', 4, 212),
('2010-09-18 07:33:35', '2010-09-18 07:33:35', 4, 213),
('2010-08-22 13:22:14', '2010-08-22 13:22:14', 4, 216),
('2010-08-22 12:43:13', '2010-08-22 12:43:13', 4, 270),
('2010-09-03 16:23:22', '2010-09-03 16:23:22', 4, 271),
('2010-10-19 12:47:26', '2010-10-19 12:47:26', 4, 275),
('2010-10-31 12:16:09', '2010-10-31 12:16:09', 4, 276),
('2010-11-01 12:26:24', '2010-11-01 12:26:24', 4, 278),
('2010-11-01 12:34:15', '2010-11-01 12:34:15', 4, 279),
('2010-11-02 08:50:22', '2010-11-02 08:50:22', 4, 280),
('2010-11-02 09:20:54', '2010-11-02 09:20:54', 4, 281),
('2010-11-02 19:28:24', '2010-11-02 19:28:24', 4, 282),
('2010-11-10 15:11:34', '2010-11-10 15:11:34', 4, 283),
('2010-11-10 15:15:56', '2010-11-10 15:15:56', 4, 284),
('2010-11-11 19:49:01', '2010-11-11 19:49:01', 4, 285),
('2010-11-12 11:36:51', '2010-11-12 11:36:51', 4, 286);

-- --------------------------------------------------------

--
-- Table structure for table `searchable`
--

CREATE TABLE IF NOT EXISTS `searchable` (
  `access` enum('O','P','C') NOT NULL DEFAULT 'O',
  `created` timestamp NOT NULL DEFAULT '0000-00-00 00:00:00',
  `email` varchar(255) NOT NULL,
  `features` int(3) unsigned NOT NULL DEFAULT '0',
  `feature_access` int(2) unsigned NOT NULL DEFAULT '0',
  `id` int(11) unsigned NOT NULL AUTO_INCREMENT,
  `key` varchar(45) NOT NULL,
  `modified` timestamp NOT NULL DEFAULT CURRENT_TIMESTAMP ON UPDATE CURRENT_TIMESTAMP,
  `name` varchar(64) NOT NULL,
  `notify` enum('false','true') NOT NULL DEFAULT 'true',
  `status` enum('active','deleted','inactive','pending') NOT NULL DEFAULT 'active',
  `type` enum('group','network','user') NOT NULL,
  `uri_image` varchar(255) NOT NULL DEFAULT '/images/searchables/blank_image.gif',
  `uri_thumb` varchar(255) NOT NULL DEFAULT '/images/thumbs/blank_user_thumb.gif',
  `pending_bit` tinyint(3) unsigned NOT NULL DEFAULT '0',
  `isAdmin` enum('true','false') DEFAULT 'false',
  PRIMARY KEY (`id`)
) ENGINE=InnoDB  DEFAULT CHARSET=utf8 AUTO_INCREMENT=297 ;

--
-- Dumping data for table `searchable`
--

INSERT INTO `searchable` (`access`, `created`, `email`, `features`, `feature_access`, `id`, `key`, `modified`, `name`, `notify`, `status`, `type`, `uri_image`, `uri_thumb`, `pending_bit`, `isAdmin`) VALUES
('O', '0000-00-00 00:00:00', 'admin@godster.stanford.edu', 0, 0, 1, 'asdf1234', '2007-09-10 23:46:17', 'Administrator', 'false', 'active', 'user', '/images/searchables/blank_image.gif', '/images/thumbs/blank_thumb.gif', 0, 'false'),
('O', '2007-01-15 02:05:41', 'mattesnider@gmail.com', 6, 2, 13, '943f10b7abf00c6c77b7515a096e4322', '2010-09-12 19:51:19', 'Matt Snider', 'true', 'active', 'user', '/images/searchables/89a910884f2b286eaeced74755e473c1.jpg', '/images/thumbs/89a910884f2b286eaeced74755e473c1.jpg', 0, 'true'),
('P', '2007-01-15 03:35:40', 'msjaastad@comcast.net', 0, 0, 16, '7808b471478f0cfdb2b407be92c170eb', '2010-12-06 12:38:56', 'Mike Sjaastad', 'true', 'active', 'user', '/images/searchables/874b084c4e0f7472c62a5350d579316d.jpg', '/images/thumbs/53373ed1602696de02cc91396eb33c9f.jpg', 0, 'true'),
('O', '2007-09-04 00:00:00', 'juliemlr@comcast.net', 7, 7, 34, '452ebc4db96ea12d336565e85d37125a', '2010-02-05 15:47:55', 'Julie Miller', 'true', 'active', 'user', '/images/searchables/b06aacc9f2e70593358ace1fee0b7732.jpg', '/images/thumbs/b06aacc9f2e70593358ace1fee0b7732.jpg', 0, 'false'),
('O', '2008-12-15 08:40:37', 'billglasscmln@gmail.com', 0, 0, 182, 'd542599794c1cf067d90638b5d3911f3', '2009-07-17 14:35:42', 'Bill Glass', 'true', 'deleted', 'user', '/images/searchables/blank_image.gif', '/images/thumbs/blank_thumb.gif', 0, 'false'),
('O', '2008-12-15 08:43:10', 'alan.morris@comcast.net', 0, 0, 183, 'b10d25cbe07aeb3bbf6ec350cec76fcc', '2009-07-17 07:02:52', 'Alan Morris', 'true', 'deleted', 'user', '/images/searchables/blank_image.gif', '/images/thumbs/blank_thumb.gif', 0, 'false'),
('O', '2008-12-15 08:44:19', 'suegordoncmln@gmail.com', 0, 0, 184, 'ea8aeef5401513a8f81113ee9d157f22', '2009-07-17 14:36:45', 'Sue Gordon', 'true', 'deleted', 'user', '/images/searchables/blank_image.gif', '/images/thumbs/blank_thumb.gif', 0, 'false'),
('O', '2008-12-15 08:47:09', 'gregbucknercmln@gmail.com', 0, 0, 185, '82166899aa3db47b87226f5e2abfbca7', '2009-07-17 15:09:22', 'Greg Buckner', 'true', 'deleted', 'user', '/images/searchables/blank_image.gif', '/images/thumbs/blank_thumb.gif', 0, 'false'),
('O', '2008-12-15 08:49:27', 'wendygladstonecmln@gmail.com', 7, 0, 186, 'cbdf0b0d70ec00ff3d9e02bc628c01a4', '2009-07-16 11:59:26', 'wendy gladstone', 'true', 'deleted', 'user', '/images/searchables/3fbca472bff31fb7c41da389b25a52d2.jpg', '/images/thumbs/3fbca472bff31fb7c41da389b25a52d2.jpg', 0, 'false'),
('O', '2009-02-13 14:38:14', 'msjaastad@comcast.net', 0, 0, 187, '1c3d9364e7c565111f356b45b960fa92', '2009-07-17 15:30:39', 'New User', 'true', 'deleted', 'user', '/images/searchables/blank_image.gif', '/images/thumbs/blank_user_thumb.gif', 0, 'false'),
('O', '2009-02-13 14:55:46', '', 0, 0, 188, '039f356db3281f23ded673a055130d78', '2010-09-12 20:04:19', 'Chess Club', 'true', 'active', 'group', '/images/searchables/eff7d653662034991011fb03243d275f.jpg', '/images/thumbs/09e1dc6b5c6d41ee112ee897ee2a6cff.jpg', 0, 'false'),
('O', '2009-04-09 17:07:41', '', 0, 0, 189, '6c2b29f7ce5f10fac03c05731d9fc83a', '2009-06-15 08:22:42', 'Test group', 'true', 'deleted', 'group', '/images/searchables/blank_image.gif', '/images/thumbs/blank_user_thumb.gif', 0, 'false'),
('O', '2009-04-09 17:08:39', '', 0, 0, 190, 'd0b8e3467c3b76c8904167d3af24c270', '2009-06-27 15:07:51', 'Test group', 'true', 'deleted', 'group', '/images/searchables/blank_image.gif', '/images/thumbs/blank_user_thumb.gif', 0, 'false'),
('C', '2009-04-12 16:54:55', 'msjaastad@comcast.net', 6, 6, 191, '03a7d3e888dba399814adaa1f09193fa', '2010-10-21 12:24:39', 'FA Azzurri COED WeekNight D1A', 'true', 'active', 'group', '/images/searchables/280723e7b73807b84dabd5b57d134682.jpg', '/images/thumbs/280723e7b73807b84dabd5b57d134682.jpg', 0, 'false'),
('O', '2009-04-12 16:56:20', '', 0, 0, 192, 'af90adde42702ffa6835d5b868445b6c', '2009-07-16 12:08:12', 'test team', 'true', 'deleted', 'group', '/images/searchables/blank_image.gif', '/images/thumbs/blank_user_thumb.gif', 0, 'false'),
('O', '2009-05-30 16:18:46', '', 0, 0, 193, '2947a57821c4fe8f419c3433be003e6b', '2009-07-16 12:08:21', 'Testing new Team', 'true', 'deleted', 'group', '/images/searchables/blank_group.gif', '/images/thumbs/blank_group_thumb.gif', 0, 'false'),
('O', '2009-06-11 17:19:25', '', 0, 0, 194, '998e45fe9d7cc4a2113ce89b9487a495', '2009-12-29 16:52:58', 'Weekly Pick up game', 'true', 'active', 'group', '/images/searchables/ab34be55dc6f38c957810b28369ed99e.jpg', '/images/thumbs/ab34be55dc6f38c957810b28369ed99e.jpg', 0, 'false'),
('O', '2009-06-12 09:29:04', 'msjaastad@comcast.net', 0, 0, 195, 'ab6fed658f4186a1c50e95ca17c848b9', '2009-06-12 09:29:11', 'Test User 1', 'true', 'active', 'user', '/images/searchables/blank_image.gif', '/images/thumbs/blank_user_thumb.gif', 0, 'false'),
('O', '2009-06-13 10:22:38', 'msjaastad@gmail.com', 0, 0, 196, '6aeac2f5e762c7759363882b5160d303', '2009-07-25 19:00:29', 'Derek', 'true', 'deleted', 'user', '/images/searchables/blank_user.gif', '/images/thumbs/blank_user_thumb.gif', 0, 'false'),
('O', '2009-06-15 08:17:05', 'msjaastad@comcast.net', 0, 0, 197, 'd59b872a012cce6f38efbcd4cc9831f5', '2009-07-06 07:09:08', 'Derek', 'true', 'deleted', 'user', '/images/searchables/298c4a5941155b8e037dca5496df0c13.jpg', '/images/thumbs/298c4a5941155b8e037dca5496df0c13.jpg', 0, 'false'),
('O', '2009-06-17 09:50:00', 'mattesnider@gmail.com', 0, 0, 198, 'f0a32fd054c95d6c0616c1e586ce6888', '2009-06-17 09:53:21', 'matt1', 'true', 'active', 'user', '/images/searchables/blank_image.gif', '/images/thumbs/blank_user_thumb.gif', 0, 'false'),
('O', '2009-06-27 14:48:50', 'msjaastad@comcast.net', 0, 0, 199, 'c679163f4c6e8aa5c1493800ebaa923a', '2009-07-17 15:20:06', 'Robbin Parrot', 'true', 'deleted', 'user', '/images/searchables/blank_user.gif', '/images/thumbs/blank_user_thumb.gif', 0, 'false'),
('O', '2009-06-27 15:06:04', '', 0, 0, 200, 'c50318758ca67fd67b70acf8022af137', '2009-07-16 12:10:05', 'Pulcini', 'true', 'deleted', 'group', '/images/searchables/ff0042f463f20f3d67e8ac0d5626479e.jpg', '/images/thumbs/ff0042f463f20f3d67e8ac0d5626479e.jpg', 0, 'false'),
('O', '2009-07-03 12:18:17', 'joec@comcast.net', 0, 0, 201, '4720ddc5f95c1d5f08dfaa4fb3ec8388', '2009-07-06 07:33:18', 'joe comcast', 'true', 'deleted', 'user', '/images/searchables/blank_image.gif', '/images/thumbs/blank_user_thumb.gif', 2, 'false'),
('O', '2009-07-05 19:07:16', 'matt2@test.com', 0, 0, 202, '16dfa8ef79209993587a5863c9205832', '2009-07-05 19:07:50', 'matt2', 'true', 'active', 'user', '/images/searchables/blank_image.gif', '/images/thumbs/blank_user_thumb.gif', 0, 'false'),
('O', '2009-07-06 07:33:03', 'erin@georgelamptey.com', 7, 7, 203, 'a362d2a2156d013818fd78c33ccec848', '2009-08-27 17:15:23', 'Erin Linke', 'true', 'active', 'user', '/images/searchables/0ace749b77d1cd995786290d5d938e43.jpg', '/images/thumbs/0ace749b77d1cd995786290d5d938e43.jpg', 2, 'false'),
('O', '2009-07-06 10:35:15', 'mikesjaastad@yahoo.com', 0, 0, 204, 'ec97d5f4d0cf65ee6db637af264b2290', '2009-07-22 23:25:03', 'Miles Sjaastad', 'true', 'deleted', 'user', '/images/searchables/c3bda8f97a6cb2667f37cebd427f1324.jpg', '/images/thumbs/c3bda8f97a6cb2667f37cebd427f1324.jpg', 2, 'false'),
('O', '2009-07-10 18:16:06', 'matt3@test.com', 0, 0, 205, '4247db0729b67b4ac3bcfe41592c2422', '2009-07-10 18:17:08', 'matt3', 'true', 'active', 'user', '/images/searchables/blank_image.gif', '/images/thumbs/blank_user_thumb.gif', 0, 'false'),
('O', '2009-07-16 11:38:01', 'mikesjaastad@yahoo.com', 0, 0, 206, '6d4c557e2d30fe5b4f94aa874518f602', '2009-07-16 11:39:18', 'Miles Sjaastad', 'true', 'deleted', 'user', '/images/searchables/3af5eac0720263e2907fc3d3115978dc.jpg', '/images/thumbs/3af5eac0720263e2907fc3d3115978dc.jpg', 0, 'false'),
('O', '2009-07-16 11:51:14', 'mikesjaastad@yahoo.com', 0, 0, 207, '0575f6cf909815dd64c8492a08c684cf', '2009-07-16 11:52:31', 'Erin Linke', 'true', 'deleted', 'user', '/images/searchables/0dade1358ba770125380f6fd5f9f6098.jpg', '/images/thumbs/0dade1358ba770125380f6fd5f9f6098.jpg', 0, 'false'),
('O', '2009-07-16 12:04:56', 'msjaastad@comcast.net', 0, 0, 208, 'bf6bde2fc48f7a3979201956b28c6dee', '2010-05-20 11:33:32', 'Pulcini COED WeekNight D2', 'true', 'active', 'group', '/images/searchables/479dd778856d0e73cffc6d75137adb8e.jpg', '/images/thumbs/479dd778856d0e73cffc6d75137adb8e.jpg', 0, 'false'),
('O', '2009-07-20 07:12:17', 'mikesjaastad@yahoo.com', 7, 0, 209, 'f99fb2d5c120d9876167a6326e10e682', '2009-07-20 07:13:44', 'Miles Sjaastad', 'true', 'deleted', 'user', '/images/searchables/45cb8e1b0854a0ba02dcb1056ffa4442.jpg', '/images/thumbs/45cb8e1b0854a0ba02dcb1056ffa4442.jpg', 0, 'false'),
('O', '2009-07-20 07:17:40', '', 0, 0, 210, '8eae93cf3c7ff64d2277820e4ede4867', '2010-01-30 10:33:11', 'Cougars Sunday Womens Team D1', 'true', 'active', 'group', '/images/searchables/786b770aa951c21eaf387fd58a444aa8.jpg', '/images/thumbs/c27f5b8715a4495ffbed7d731e6aa001.jpg', 0, 'false'),
('O', '2009-07-25 17:50:26', 'fake@georgelamptey.com', 7, 7, 211, 'd6aec0842fe6a66be06e3f4e4d77c90b', '2009-10-03 16:09:34', 'Molly Poncetta', 'true', 'active', 'user', '/images/searchables/0bcad98ee2903291b22139b0b2df0dc5.jpg', '/images/thumbs/0bcad98ee2903291b22139b0b2df0dc5.jpg', 0, 'false'),
('O', '2009-07-25 17:55:19', 'henitz@yahoo.com', 0, 0, 212, '8091ca3a29c4ae88ae097b26785c7469', '2010-05-20 12:24:56', 'John Henitz', 'true', 'active', 'user', '/images/searchables/2b612aa594617db45b16e1b4c71148c6.jpg', '/images/thumbs/2b612aa594617db45b16e1b4c71148c6.jpg', 0, 'false'),
('O', '2009-07-25 18:04:18', 'robbin@georgelamptey.com', 7, 7, 213, '2aff692d887dab4d49d921b6c2e7e155', '2010-09-06 17:04:13', 'Robbin Parrott', 'true', 'active', 'user', '/images/searchables/de5b34e7e21cb9308ae47e5316c91168.jpg', '/images/thumbs/3252e34887508c661366e536f00507e4.jpg', 0, 'false'),
('O', '2009-07-25 18:12:14', 'peter@petercrandall.net', 0, 0, 214, '8e57a15ecae299d9dc118516cf9ebac2', '2009-09-12 18:01:08', 'Peter Crandall', 'true', 'active', 'user', '/images/searchables/blank_user.gif', '/images/thumbs/blank_user_thumb.gif', 0, 'false'),
('O', '2009-07-25 18:13:27', 'msjaastad@comcast.net', 7, 0, 215, '16b5c3defdcfff9cb0162d0075673add', '2009-10-01 08:45:36', 'Al Linke', 'true', 'active', 'user', '/images/searchables/f9afb243fe0bf3781c3855922508c00b.jpg', '/images/thumbs/d4bad79b71a4a2e01932123599216388.jpg', 0, 'false'),
('O', '2009-07-26 16:51:13', 'diego@georgelampteysoccer.com', 7, 7, 216, '5284f313aee5377b566c3603d140e496', '2009-08-27 17:29:40', 'Diego Ventura', 'true', 'active', 'user', '/images/searchables/360eed43c531e6416e32a199292304b5.jpg', '/images/thumbs/360eed43c531e6416e32a199292304b5.jpg', 2, 'false'),
('O', '2009-07-26 16:59:08', 'msjaastad@comcast.net', 0, 0, 217, '74b5504e52d1e83c952423cc169848e8', '2009-07-26 17:06:16', 'Diego Ventura', 'true', 'deleted', 'user', '/images/searchables/blank_image.gif', '/images/thumbs/blank_user_thumb.gif', 0, 'false'),
('O', '2009-07-28 18:14:39', 'erin@georgelamptey.com', 0, 0, 218, '2ac799820acaf647ebf34b0efb18f8bb', '2009-08-13 20:07:55', 'Erin Linke', 'true', 'deleted', 'user', '/images/searchables/4911deae79e8d34b25ca61af94dc39d3.jpg', '/images/thumbs/4911deae79e8d34b25ca61af94dc39d3.jpg', 0, 'false'),
('O', '2009-08-02 14:52:35', 'mattesnider@gmail.com', 0, 0, 219, 'd514db6c7865702c4beeb4a4ddf7d92d', '2009-08-02 14:53:26', 'matt4', 'true', 'active', 'user', '/images/searchables/blank_image.gif', '/images/thumbs/blank_user_thumb.gif', 0, 'false'),
('O', '2009-08-02 15:16:23', 'mattesnider@gmail.com', 0, 0, 220, '24cb0cb3c0a3bfb962fa7de455906523', '2010-02-08 11:25:49', 'matt5', 'true', 'active', 'user', '/images/searchables/blank_user.gif', '/images/thumbs/blank_user_thumb.gif', 0, 'false'),
('O', '2009-08-02 15:20:23', 'mattesnider@gmail.com', 0, 0, 221, '882609b3c64bb92494efe57daa25d48e', '2009-08-02 15:20:23', 'matt6', 'true', 'active', 'user', '/images/searchables/blank_user.gif', '/images/thumbs/blank_user_thumb.gif', 0, 'false'),
('O', '2009-08-05 06:37:41', 'msjaastad@comcast.net', 7, 7, 222, 'a32c863ee30b0d9a26e30985f4d10115', '2009-08-05 06:38:09', 'Erin Linke', 'true', 'deleted', 'user', '/images/searchables/blank_user.gif', '/images/thumbs/blank_user_thumb.gif', 0, 'false'),
('O', '2009-08-06 16:29:36', 'katie@georgelampteysoccer.com', 7, 7, 223, 'c35fef4bc18291e6c1f20511e4fa51df', '2009-08-27 17:19:04', 'Katie Bushnell', 'true', 'active', 'user', '/images/searchables/56c4ed9fe572e80df5f3ea371b5b78de.jpg', '/images/thumbs/56c4ed9fe572e80df5f3ea371b5b78de.jpg', 0, 'false'),
('O', '2009-08-14 15:35:57', '', 0, 0, 224, '6dd6e3d4097462a01cc3cb153c22626c', '2009-08-26 12:32:34', 'Test invite team', 'true', 'deleted', 'group', '/images/searchables/blank_group.gif', '/images/thumbs/blank_group_thumb.gif', 0, 'false'),
('O', '2009-08-14 15:36:10', '', 0, 0, 225, 'f15fe472c8289ff3feed290218b79dcf', '2009-08-20 07:06:11', 'test team', 'true', 'deleted', 'group', '/images/searchables/blank_group.gif', '/images/thumbs/blank_group_thumb.gif', 0, 'false'),
('O', '2009-08-14 15:37:29', '', 0, 0, 226, '92900b02e830c69cd349b6af41a421e5', '2009-08-20 07:01:11', 'test team 2', 'true', 'deleted', 'group', '/images/searchables/blank_group.gif', '/images/thumbs/blank_group_thumb.gif', 0, 'false'),
('O', '2009-08-14 15:40:48', '', 0, 0, 227, '2bbc9cc9dd12db19759fb321013de274', '2009-08-20 07:02:16', 'test team 3', 'true', 'deleted', 'group', '/images/searchables/blank_group.gif', '/images/thumbs/blank_group_thumb.gif', 0, 'false'),
('O', '2009-08-20 06:47:01', 'frankie@georgelampteysoccer.com', 7, 7, 228, '3f6d47a4e0c00ca93ad61602ee312577', '2009-09-10 18:01:53', 'Frankie Ventura', 'true', 'active', 'user', '/images/searchables/44137d81dc077b72f45efd330248fba0.jpg', '/images/thumbs/915946ed5054561ae0edbac80c184d69.jpg', 0, 'false'),
('O', '2009-12-06 10:17:46', 'msjaastad@comcast.net', 0, 0, 229, '32ba9e44148b3154e3164d70d8728bf9', '2010-05-20 16:14:47', 'Paiman Sadigh', 'true', 'active', 'user', '/images/searchables/9a4d6d0c43576d4853d602ad26eecdfb.jpg', '/images/thumbs/439f421296508c1e6efa4bacf1af6bf8.jpg', 0, 'false'),
('O', '2010-01-29 11:06:40', '', 0, 0, 239, '71cbf01fd5a55e738ec3f6957fff0f36', '2010-09-06 18:51:45', 'Silicon Valley Soccer Association', 'true', 'active', 'network', '/images/searchables/581d026e20a09644f6414655aecc3768.jpg', '/images/thumbs/3babcf19332702dabbeb7cfb12e8b364.jpg', 0, 'false'),
('O', '2010-01-29 11:07:09', 'msjaastad@comcast.net', 0, 0, 240, '4d8fd4a412cab120f0f045a409cfa74f', '2010-12-10 11:48:19', 'Weeknight Coed - Palo Alto', 'true', 'active', 'network', '/images/searchables/ba37f14e4fb773003644d4fbe6bb1ea0.jpg', '/images/thumbs/2537474f7d2467c5129dc4639acc9aac.jpg', 0, 'false'),
('P', '2010-01-29 11:07:35', '', 0, 0, 241, '94e4c771963297c1db71111eff3cbac4', '2010-06-25 11:37:41', 'Weeknight Coed - San Jose', 'true', 'deleted', 'network', '/images/searchables/bee48bb17fb2a263a53d1c74128f0bd1.jpg', '/images/thumbs/a9e2343e9e8599dc360905ce4ac250b7.jpg', 0, 'false'),
('O', '2010-01-30 07:27:20', 'michael.sjaastad@moldev.com', 0, 0, 242, '450948e59204c1ec2505358b55d0604f', '2010-05-16 17:25:27', 'Sunday Womens League', 'true', 'active', 'network', '/images/searchables/ff87e43dedafe24660a279added555c4.jpg', '/images/thumbs/753fcfdc52e551f669e7ce579baf8a4c.jpg', 0, 'false'),
('O', '2010-01-30 11:01:28', 'msjaastad@comcast.net', 0, 0, 243, 'a12db6178761acb1c4596146c3838be6', '2010-09-06 18:49:35', '    Weeknight Coed - Palo Alto Premier', 'true', 'active', 'network', '/images/searchables/9f3d3c3aadd0269232fe54e26da7d023.jpg', '/images/thumbs/d0af166c7189cd55b0b041127247e03d.jpg', 0, 'false'),
('O', '2010-01-30 11:01:42', 'msjaastad@comcast.net', 0, 0, 244, '7f0f125062b0b0be0c17b5df134eab2f', '2010-04-12 16:22:04', 'Weeknight Coed - Palo Alto D1B', 'true', 'active', 'network', '/images/searchables/657ce6ac389af43ecacda7602108fefc.jpg', '/images/thumbs/9c63772a11d9bd910a0846c76f044849.jpg', 0, 'false'),
('O', '2010-02-11 06:50:39', 'msjaastad@comcast.net', 0, 0, 245, '8b4905066711c5dedfcb6015b4a5df1d', '2010-03-10 10:58:11', 'Weeknight Coed - Palo Alto D2A', 'true', 'active', 'network', '/images/searchables/8338c7f6df7431c3c63bb6044e359d9e.jpg', '/images/thumbs/227304a5ada1a5207e45ec3484fbdf22.jpg', 0, 'false'),
('O', '2010-02-11 08:06:25', 'msjaastad@comcast.net', 0, 0, 246, 'f37a1a0c3fc439472297397cc3e6915a', '2010-03-10 10:59:03', 'Sunday Womens League D1A', 'true', 'active', 'network', '/images/searchables/45e05993a7fac2910ef36e39d2e30a6e.jpg', '/images/thumbs/3914c028f72d0d660f251b8475947913.jpg', 0, 'false'),
('O', '2010-02-11 08:06:33', 'msjaastad@comcast.net', 0, 0, 247, '71cdf41c4d138b4f468d124a2925dc9a', '2010-03-10 11:00:20', 'Sunday Womens League D1B', 'true', 'active', 'network', '/images/searchables/2106c514af3df2a207f5728f325aa43f.jpg', '/images/thumbs/af6682d12aad25bac55db5ff908e2ea5.jpg', 0, 'false'),
('P', '2010-02-12 00:00:50', '', 0, 0, 248, 'bda1f56a4f6841ad7d9901b76608a6af', '2010-07-15 20:32:05', 'Matt''s Test Team', 'true', 'deleted', 'group', '/images/searchables/blank_group.gif', '/images/thumbs/blank_group_thumb.gif', 0, 'false'),
('O', '2010-02-13 09:33:48', 'msjaastad@comcast.net', 0, 0, 249, 'cd7e08ee86dbe9951a54b1fab5b10b9e', '2010-07-19 12:09:17', 'Los Cougaros', 'true', 'active', 'group', '/images/searchables/87eef72ae03cad26a3c8a91b47ca9669.jpg', '/images/thumbs/7cf3028a9055f0b9ba6794c3b5d24442.jpg', 0, 'false'),
('O', '2010-02-15 14:56:40', '', 0, 0, 250, 'eb9fcecb33c83ca59c3ee13a6e19fbc5', '2010-04-14 09:52:48', 'Sunday Womens League D2A', 'true', 'active', 'network', '/images/searchables/75052f16a05ae9097369601cd0f807c2.jpg', '/images/thumbs/399d71c02afb8d630989751359dd3580.jpg', 0, 'false'),
('P', '2010-02-15 15:00:38', 'msjaastad@comcast.net', 0, 0, 251, 'efda19ad3865e09546be012d7b79b3cb', '2010-07-15 20:31:44', 'test group', 'true', 'deleted', 'group', '/images/searchables/blank_group.gif', '/images/thumbs/blank_group_thumb.gif', 0, 'false'),
('P', '2010-02-25 13:00:34', '', 0, 0, 252, '3331c04fb650f58e4b47e1ad7a86c3f6', '2010-07-15 20:31:16', 'test group 2', 'true', 'deleted', 'group', '/images/searchables/blank_group.gif', '/images/thumbs/blank_group_thumb.gif', 0, 'false'),
('O', '2010-04-09 08:29:16', 'mattesnider@gmail.com', 0, 0, 253, '36429428361b1b1e75296aa3c24a5eea', '2010-04-09 09:01:29', 'matt7', 'true', 'active', 'user', '/images/searchables/blank_user.gif', '/images/thumbs/blank_user_thumb.gif', 0, 'false'),
('O', '2010-04-11 15:37:48', 'jason@novaurora.com', 0, 0, 254, 'fe92927f70762d76f34ebfbd763bb77d', '2010-04-11 16:06:00', 'novaurora', 'true', 'active', 'user', '/images/searchables/blank_user.gif', '/images/thumbs/blank_user_thumb.gif', 0, 'false'),
('O', '2010-04-14 09:39:04', '', 0, 0, 255, 'c33d3a1c3dace0a231853b93f54a9a38', '2010-04-18 15:32:12', 'test', 'true', 'deleted', 'group', '/images/searchables/blank_group.gif', '/images/thumbs/blank_group_thumb.gif', 0, 'false'),
('O', '2010-06-25 11:40:54', 'msjaastad@comcast.net', 0, 0, 256, 'abb2d2e411db5ced391a64af6e6a7667', '2010-09-06 16:49:23', 'Saturday Mens over 50', 'true', 'active', 'network', '/images/searchables/0d221ddc116d6510b78978b25a5123c5.jpg', '/images/thumbs/22b1538416774630bbf1c86ff8069842.jpg', 0, 'false'),
('P', '2010-06-25 11:51:02', '', 0, 0, 257, '952080b4703400491e6e742de0343383', '2010-07-19 11:36:34', 'test network 1', 'true', 'deleted', 'network', '/images/searchables/blank_image.gif', '/images/thumbs/blank_user_thumb.gif', 0, 'false'),
('O', '2010-06-27 22:53:43', '', 0, 0, 258, 'f927e6b1d93b3659c312d73bcb32b7f5', '2010-06-27 23:09:50', 'Matt''s New Network', 'true', 'deleted', 'network', '/images/searchables/blank_image.gif', '/images/thumbs/blank_user_thumb.gif', 0, 'false'),
('O', '2010-06-27 22:56:07', '', 0, 0, 259, 'b848e9ff6f3a21a727f0871030f08f0f', '2010-06-27 23:01:39', 'Matt''s Error Free Network', 'true', 'deleted', 'network', '/images/searchables/blank_image.gif', '/images/thumbs/blank_user_thumb.gif', 0, 'false'),
('O', '2010-06-27 22:56:28', '', 0, 0, 260, 'e52cc0f168312837f5d0f6913f236cf7', '2010-06-27 23:01:05', 'matt''s really error free network', 'true', 'deleted', 'network', '/images/searchables/blank_image.gif', '/images/thumbs/blank_user_thumb.gif', 0, 'false'),
('O', '2010-06-27 23:02:14', '', 0, 0, 261, '0657dd0c4a7d450efccc6a574d824468', '2010-06-27 23:10:06', 'Matt''s Error Free Network', 'true', 'deleted', 'network', '/images/searchables/blank_image.gif', '/images/thumbs/blank_user_thumb.gif', 0, 'false'),
('P', '2010-06-27 23:02:42', '', 0, 0, 262, '9a7d90d9c2ad8555d59ce97a2fb6376d', '2010-07-19 11:37:30', 'I am a child', 'true', 'deleted', 'network', '/images/searchables/blank_image.gif', '/images/thumbs/blank_user_thumb.gif', 0, 'false'),
('O', '2010-06-27 23:10:23', '', 0, 0, 263, '4342d3d84eefe53026d40b59b0470c4a', '2010-07-15 19:45:43', 'Matt''s bitchin network', 'true', 'deleted', 'network', '/images/searchables/blank_image.gif', '/images/thumbs/blank_user_thumb.gif', 0, 'false'),
('P', '2010-06-27 23:11:02', '', 0, 0, 264, 'e21f9fedc5ecf68a5eeea8bcb7245631', '2010-07-19 11:37:15', 'Matt''s bitchin network 2', 'true', 'deleted', 'network', '/images/searchables/blank_image.gif', '/images/thumbs/blank_user_thumb.gif', 0, 'false'),
('P', '2010-06-28 09:09:41', '', 0, 0, 265, 'bb92ad85dc7a9ffc87ce4201d383ffbd', '2010-07-19 11:36:58', 'adding as a child', 'true', 'deleted', 'network', '/images/searchables/blank_image.gif', '/images/thumbs/blank_user_thumb.gif', 0, 'false'),
('O', '2010-07-15 17:44:05', 'gcantu@brightlinemed.com', 0, 0, 266, '09f8c26eeab108b7443c74538b87dd9e', '2010-07-15 18:00:07', 'Gary Cantu', 'true', 'active', 'user', '/images/searchables/blank_user.gif', '/images/thumbs/blank_user_thumb.gif', 0, 'false'),
('P', '2010-07-15 17:49:58', 'msjaastad@comcast.net', 0, 0, 267, 'a5aeb6716f7fe30510799c96a4c4e424', '2010-08-26 15:45:19', 'BrightLine Medical', 'true', 'deleted', 'group', '/images/searchables/blank_group.gif', '/images/thumbs/blank_group_thumb.gif', 0, 'false'),
('O', '2010-07-19 11:39:34', 'msjaastad@comcast.net', 0, 0, 268, '22e16f9aeba75ae1976b5d543e867a0f', '2010-09-06 16:49:46', 'Saturday Mens over 50 GROUP A', 'true', 'active', 'network', '/images/searchables/blank_image.gif', '/images/thumbs/blank_user_thumb.gif', 0, 'false'),
('O', '2010-07-19 11:39:43', 'msjaastad@comcast.net', 0, 0, 269, '2c379c237abc3b0b58a32768cccdd9af', '2010-09-06 16:47:06', 'Saturday Mens over 50 GROUP B', 'true', 'active', 'network', '/images/searchables/blank_image.gif', '/images/thumbs/blank_user_thumb.gif', 0, 'false'),
('O', '2010-08-20 13:12:47', 'msjaastad@comcast.net', 0, 0, 270, 'a3575946c1b14d5f27171e495ee698b8', '2010-08-20 13:13:35', 'reg test', 'true', 'active', 'user', '/images/searchables/blank_user.gif', '/images/thumbs/blank_user_thumb.gif', 0, 'false'),
('O', '2010-09-03 16:13:55', 'msjaastad@comcast.net', 0, 0, 271, 'e5468578f5749078eea94e8b2d3f1b97', '2010-09-03 16:14:39', 'reg test1', 'true', 'active', 'user', '/images/searchables/blank_user.gif', '/images/thumbs/blank_user_thumb.gif', 0, 'false'),
('O', '2010-09-06 16:53:54', 'msjaastad@comcast.net', 0, 0, 272, '41f8eef146d20e174c361a8e13526506', '2010-09-06 16:56:16', 'mens over 50 A team 1', 'true', 'active', 'group', '/images/searchables/blank_group.gif', '/images/thumbs/blank_group_thumb.gif', 0, 'false'),
('O', '2010-09-06 16:54:28', '', 0, 0, 273, 'e7a7acd83d1645e89d90ebd6a466c5b6', '2010-09-06 16:57:27', 'mens over 50 B team 1', 'true', 'active', 'group', '/images/searchables/blank_group.gif', '/images/thumbs/blank_group_thumb.gif', 0, 'false'),
('P', '2010-09-06 16:59:45', 'msjaastad@comcast.net', 0, 0, 274, '5075c84088b7b8652736d63bc3001916', '2010-09-06 17:01:41', 'test network 1', 'true', 'deleted', 'network', '/images/searchables/blank_image.gif', '/images/thumbs/blank_user_thumb.gif', 0, 'false'),
('O', '2010-10-19 12:55:19', 'mark@vysus.com', 0, 0, 275, '49f5f0bb6d648a0e0a908ea67f2ea585', '2010-10-19 12:55:36', 'mkinney', 'true', 'active', 'user', '/images/searchables/blank_user.gif', '/images/thumbs/blank_user_thumb.gif', 0, 'false'),
('O', '2010-10-31 12:14:42', 'matt8@test.com', 0, 0, 276, '63f50f3c66b25fe3d400eec8d28e0631', '2010-10-31 12:15:16', 'matt8', 'true', 'active', 'user', '/images/searchables/blank_user.gif', '/images/thumbs/blank_user_thumb.gif', 0, 'false'),
('O', '2010-11-01 12:21:21', 'mattesnider+100@gmail.com', 0, 0, 277, '2f819a16bd283b927c47182f1a6e867c', '2010-11-01 12:21:59', 'mattesnider+100', 'true', 'active', 'user', '/images/searchables/blank_user.gif', '/images/thumbs/blank_user_thumb.gif', 0, 'false'),
('O', '2010-11-01 12:24:20', 'mattesnider100@gmail.com', 0, 0, 278, '76c47d7ca5653d2a11a5b98a06e98bf6', '2010-11-01 12:24:54', 'mattesnider100', 'true', 'active', 'user', '/images/searchables/blank_user.gif', '/images/thumbs/blank_user_thumb.gif', 0, 'false'),
('O', '2010-11-01 12:32:34', 'mattesnider101@gmail.com', 0, 0, 279, '741233cca75850f7e401bf63908e4121', '2010-11-01 12:32:53', 'mattesnider101', 'true', 'active', 'user', '/images/searchables/blank_user.gif', '/images/thumbs/blank_user_thumb.gif', 0, 'false'),
('O', '2010-11-02 08:44:25', 'mattesnider+3@gmail.com', 0, 0, 280, '1913c59193461abcde5adc1c95837be8', '2010-11-02 08:45:12', 'mattesnider+3', 'true', 'active', 'user', '/images/searchables/blank_user.gif', '/images/thumbs/blank_user_thumb.gif', 0, 'false'),
('O', '2010-11-02 09:19:30', 'mattesnider+4@gmail.com', 0, 0, 281, '58b19f502d1ade7d1794acc417a1b3b7', '2010-11-02 09:20:20', 'mattesnider+4', 'true', 'active', 'user', '/images/searchables/blank_user.gif', '/images/thumbs/blank_user_thumb.gif', 0, 'false'),
('O', '2010-11-02 19:26:54', 'mattesnider102@gmail.com', 0, 0, 282, '241ddb292ec66f7df18074fd5e4ed26f', '2010-11-02 19:27:14', 'mattesnider102', 'true', 'active', 'user', '/images/searchables/blank_user.gif', '/images/thumbs/blank_user_thumb.gif', 0, 'false'),
('O', '2010-11-10 15:11:38', 'mattesnider105@gmail.com', 0, 0, 283, '2abd72cefd8716fe05e49116d841e748', '2010-11-10 15:12:58', 'mattesnider105', 'true', 'active', 'user', '/images/searchables/blank_user.gif', '/images/thumbs/blank_user_thumb.gif', 0, 'false'),
('O', '2010-11-10 15:17:07', 'mattesnider106@gmail.com', 0, 0, 284, 'd5420d538961bc155c2af1579e83ad91', '2010-11-10 15:20:45', 'mattesnider106', 'true', 'active', 'user', '/images/searchables/blank_user.gif', '/images/thumbs/blank_user_thumb.gif', 0, 'false'),
('O', '2010-11-11 19:50:40', 'mattesnider107@gmail.com', 0, 0, 285, '64159aaa313edd01396b14ea76e90ce8', '2010-11-11 19:50:59', 'mattesnider107', 'true', 'active', 'user', '/images/searchables/blank_user.gif', '/images/thumbs/blank_user_thumb.gif', 0, 'false'),
('O', '2010-11-12 11:39:08', 'mattesnider108@gmail.com', 0, 0, 286, '57ed807aa8c20ee98e779d0d169392d3', '2010-11-12 11:39:29', 'mattesnider108', 'true', 'active', 'user', '/images/searchables/blank_user.gif', '/images/thumbs/blank_user_thumb.gif', 0, 'false'),
('O', '2010-11-21 16:27:40', '', 0, 0, 287, '24c3a6dc578edb4b3563eadb77fe8976', '2010-11-21 16:27:40', 'Test Team Network1', 'true', 'active', 'network', '/images/searchables/blank_image.gif', '/images/thumbs/blank_user_thumb.gif', 0, 'false'),
('O', '2010-11-21 16:36:46', 'mattesnider109@gmail.com', 0, 0, 288, 'ca808a767cd11ceeb8d7bd6a29631587', '2010-11-21 16:36:46', 'mattesnider109', 'true', 'pending', 'user', '/images/searchables/blank_user.gif', '/images/thumbs/blank_user_thumb.gif', 1, 'false'),
('O', '2010-11-21 16:37:01', 'mattesnider110@gmail.com', 0, 0, 289, '6f9ac33ed7b335e9c9b6e0593c6ac834', '2010-11-21 16:37:01', 'mattesnider110', 'true', 'pending', 'user', '/images/searchables/blank_user.gif', '/images/thumbs/blank_user_thumb.gif', 1, 'false'),
('O', '2010-11-21 16:37:17', 'mattesnider111@gmail.com', 0, 0, 290, 'e7f285027f2fcc85c2820385cd5a3de0', '2010-11-21 16:37:17', 'mattesnider111', 'true', 'pending', 'user', '/images/searchables/blank_user.gif', '/images/thumbs/blank_user_thumb.gif', 1, 'false'),
('O', '2010-11-21 16:37:34', 'mattesnider112@gmail.com', 0, 0, 291, '590f424a78235f6b36a177c6d7bbb069', '2010-11-21 16:37:34', 'mattesnider112', 'true', 'pending', 'user', '/images/searchables/blank_user.gif', '/images/thumbs/blank_user_thumb.gif', 1, 'false'),
('O', '2010-11-21 16:37:46', 'mattesnider113@gmail.com', 0, 0, 292, '77c6320f9ed04308fa4ac88f074ad914', '2010-11-21 16:37:46', 'mattesnider113', 'true', 'pending', 'user', '/images/searchables/blank_user.gif', '/images/thumbs/blank_user_thumb.gif', 1, 'false'),
('O', '2010-11-21 16:38:09', 'mattesnider114@gmail.com', 0, 0, 293, 'b585cab38c50b7320e79b17408e26be1', '2010-11-21 16:38:10', 'mattesnider114', 'true', 'pending', 'user', '/images/searchables/blank_user.gif', '/images/thumbs/blank_user_thumb.gif', 1, 'false'),
('O', '2010-11-21 16:38:35', 'mattesnider115@gmail.com', 0, 0, 294, '0f063a7e27858a3526c1cd33f17dbc4f', '2010-11-21 16:38:36', 'mattesnider115', 'true', 'pending', 'user', '/images/searchables/blank_user.gif', '/images/thumbs/blank_user_thumb.gif', 1, 'false'),
('O', '2010-12-10 11:13:59', '', 2, 2, 295, '0efb746726006807ef19c9905aba54f3', '2010-12-10 11:46:52', 'FA AZZURRI AS A NETWORK', 'true', 'active', 'network', '/images/searchables/blank_image.gif', '/images/thumbs/blank_user_thumb.gif', 0, 'false'),
('O', '2010-12-10 11:14:11', '', 0, 0, 296, 'cd8b7e96b944c6e0a2607d9f2ababcfe', '2010-12-10 11:23:51', 'PULCINI AS A NETWORK', 'true', 'active', 'network', '/images/searchables/blank_image.gif', '/images/thumbs/blank_user_thumb.gif', 0, 'false');

-- --------------------------------------------------------

--
-- Table structure for table `searchable_profile_feature`
--

CREATE TABLE IF NOT EXISTS `searchable_profile_feature` (
  `searchable_id` int(11) unsigned NOT NULL,
  `profile_feature_id` smallint(3) unsigned NOT NULL,
  PRIMARY KEY (`searchable_id`,`profile_feature_id`),
  KEY `searchable_profile_feature_searchable_fk` (`searchable_id`)
) ENGINE=InnoDB DEFAULT CHARSET=utf8;

--
-- Dumping data for table `searchable_profile_feature`
--


-- --------------------------------------------------------

--
-- Table structure for table `searchable_searchable`
--

CREATE TABLE IF NOT EXISTS `searchable_searchable` (
  `admin` enum('false','true') NOT NULL DEFAULT 'false',
  `created` timestamp NOT NULL DEFAULT '0000-00-00 00:00:00',
  `modified` timestamp NOT NULL DEFAULT CURRENT_TIMESTAMP ON UPDATE CURRENT_TIMESTAMP,
  `sadmin` enum('true','false') NOT NULL DEFAULT 'false',
  `searchableA_id` int(11) unsigned NOT NULL,
  `status` enum('active','deleted','pending') NOT NULL DEFAULT 'active',
  `searchableB_id` int(11) unsigned NOT NULL,
  PRIMARY KEY (`searchableA_id`,`searchableB_id`),
  KEY `searchable_searchable_searchableA_fk` (`searchableA_id`),
  KEY `searchable_searchable_searchableB_fk` (`searchableB_id`)
) ENGINE=InnoDB DEFAULT CHARSET=utf8;

--
-- Dumping data for table `searchable_searchable`
--

INSERT INTO `searchable_searchable` (`admin`, `created`, `modified`, `sadmin`, `searchableA_id`, `status`, `searchableB_id`) VALUES
('false', '2009-02-01 13:39:40', '2009-02-01 13:39:40', 'false', 13, 'active', 16),
('false', '2010-04-11 15:57:18', '2010-04-11 15:57:18', 'false', 13, 'active', 254),
('false', '2010-11-02 09:19:54', '2010-11-02 09:19:54', 'false', 13, 'active', 278),
('false', '2010-11-02 09:19:46', '2010-11-02 09:19:46', 'false', 13, 'active', 280),
('false', '2010-11-02 09:24:32', '2010-11-02 09:24:32', 'false', 13, 'active', 281),
('false', '2008-12-17 11:40:46', '2009-02-01 13:39:40', 'false', 16, 'active', 13),
('false', '2009-07-16 11:50:25', '2009-07-17 07:04:54', 'false', 16, 'active', 34),
('false', '2008-12-17 11:42:45', '2008-12-17 11:58:14', 'false', 16, 'active', 186),
('false', '2010-05-16 17:49:33', '2010-05-16 17:49:33', 'false', 16, 'active', 195),
('false', '2009-08-26 12:28:58', '2009-08-26 12:29:16', 'false', 16, 'active', 203),
('false', '2009-07-16 11:44:04', '2009-07-16 11:44:04', 'false', 16, 'active', 206),
('false', '2009-07-17 15:18:15', '2009-07-17 15:35:00', 'false', 16, 'active', 207),
('false', '2009-07-20 07:17:09', '2009-07-20 07:17:09', 'false', 16, 'active', 209),
('false', '2009-07-25 18:17:28', '2009-07-25 18:17:28', 'false', 16, 'active', 211),
('false', '2010-12-10 11:29:03', '2010-12-10 11:29:03', 'false', 16, 'active', 212),
('false', '2009-07-25 18:06:38', '2009-07-25 18:06:38', 'false', 16, 'active', 213),
('false', '2009-08-26 12:33:03', '2009-08-26 12:34:19', 'false', 16, 'active', 214),
('false', '2009-07-25 18:16:06', '2009-07-25 18:16:07', 'false', 16, 'active', 215),
('false', '2009-08-26 12:28:20', '2009-08-26 12:28:20', 'false', 16, 'active', 216),
('false', '2009-08-13 20:31:38', '2009-08-13 20:31:38', 'false', 16, 'pending', 217),
('false', '2009-07-28 18:24:10', '2009-07-28 18:24:10', 'false', 16, 'active', 218),
('false', '2009-08-13 20:26:28', '2009-08-13 20:26:28', 'false', 16, 'pending', 222),
('false', '2009-08-13 19:51:13', '2009-08-13 19:51:14', 'false', 16, 'active', 223),
('false', '2009-08-26 16:44:39', '2009-08-26 16:44:39', 'false', 16, 'active', 228),
('false', '2009-12-06 17:00:37', '2009-12-06 17:01:29', 'false', 16, 'active', 229),
('false', '2010-07-15 17:49:12', '2010-07-15 17:49:12', 'false', 16, 'pending', 266),
('false', '2010-10-19 12:58:06', '2010-10-19 12:58:06', 'false', 16, 'active', 275),
('false', '2010-11-02 19:30:55', '2010-11-02 19:30:55', 'false', 16, 'active', 278),
('false', '2010-11-02 19:30:51', '2010-11-02 19:30:51', 'false', 16, 'active', 282),
('false', '2010-11-21 16:26:39', '2010-11-21 16:26:39', 'false', 16, 'active', 286),
('false', '2010-11-21 16:27:41', '2010-11-21 16:27:41', 'false', 16, 'active', 287),
('false', '2010-12-10 11:13:59', '2010-12-10 11:13:59', 'false', 16, 'active', 295),
('false', '2010-12-10 11:14:11', '2010-12-10 11:14:11', 'false', 16, 'active', 296),
('false', '2009-07-17 07:04:54', '2009-07-17 07:04:54', 'false', 34, 'active', 16),
('false', '2009-07-16 11:45:56', '2009-07-16 11:45:56', 'false', 34, 'active', 206),
('false', '2009-07-21 17:59:18', '2009-07-21 17:59:18', 'false', 34, 'active', 207),
('false', '2009-07-25 19:02:44', '2009-07-25 19:02:44', 'false', 34, 'active', 213),
('false', '2008-12-17 11:57:19', '2009-03-02 23:14:53', 'false', 182, 'active', 185),
('false', '2009-03-02 23:14:53', '2009-03-02 23:14:53', 'false', 185, 'active', 182),
('false', '2008-12-17 11:58:14', '2008-12-17 11:58:14', 'false', 186, 'active', 16),
('true', '2009-02-15 15:55:34', '2009-07-26 17:29:24', 'false', 188, 'active', 13),
('false', '2010-02-11 06:32:41', '2010-02-11 06:32:41', 'false', 188, 'active', 16),
('false', '2009-02-15 15:55:29', '2009-07-06 07:24:19', 'false', 188, 'active', 186),
('false', '2009-07-20 07:14:28', '2009-07-20 07:14:28', 'false', 188, 'active', 209),
('true', '2009-04-09 17:07:42', '2009-04-09 17:07:42', 'true', 189, 'active', 16),
('true', '2009-04-09 17:08:39', '2009-04-09 17:08:39', 'true', 190, 'active', 16),
('false', '2009-08-13 19:53:10', '2009-08-14 19:51:22', 'false', 191, 'active', 13),
('true', '2009-04-12 16:54:56', '2009-04-12 16:54:56', 'true', 191, 'active', 16),
('false', '2009-08-13 19:52:52', '2009-08-25 16:52:07', 'false', 191, 'active', 34),
('false', '2009-06-15 08:20:13', '2009-06-15 08:20:13', 'false', 191, 'active', 197),
('false', '2009-12-05 20:42:50', '2009-12-05 20:42:50', 'false', 191, 'pending', 203),
('false', '2009-07-16 13:24:18', '2009-07-16 13:24:18', 'false', 191, 'pending', 206),
('false', '2009-07-17 15:36:00', '2009-07-17 15:36:00', 'false', 191, 'active', 207),
('false', '2009-07-20 07:14:56', '2009-07-20 07:14:56', 'false', 191, 'active', 209),
('false', '2010-05-16 16:38:52', '2010-05-16 16:38:52', 'false', 191, 'pending', 211),
('false', '2009-08-06 16:12:38', '2009-08-06 16:12:38', 'false', 191, 'active', 213),
('false', '2009-08-13 19:53:06', '2009-08-13 20:05:10', 'false', 191, 'active', 214),
('false', '2009-08-13 19:52:57', '2009-08-13 20:32:51', 'false', 191, 'active', 215),
('false', '2009-07-28 07:04:20', '2009-07-28 07:04:20', 'false', 191, 'active', 216),
('true', '2010-03-08 15:25:37', '2010-03-08 15:25:37', 'false', 191, 'active', 223),
('false', '2010-02-26 15:08:04', '2010-02-26 15:08:04', 'false', 191, 'pending', 228),
('false', '2009-12-06 15:49:22', '2009-12-06 15:49:22', 'false', 191, 'active', 229),
('false', '2010-11-02 19:33:10', '2010-11-02 19:33:10', 'false', 191, 'active', 282),
('true', '2009-04-12 16:56:20', '2009-04-12 16:56:20', 'true', 192, 'active', 16),
('true', '2009-05-30 16:18:46', '2009-05-30 16:18:46', 'true', 193, 'active', 16),
('false', '2009-08-26 00:34:07', '2009-08-26 00:37:49', 'false', 194, 'active', 13),
('true', '2009-06-11 17:19:25', '2009-06-11 17:19:25', 'true', 194, 'active', 16),
('false', '2009-07-17 14:34:28', '2009-08-26 00:14:16', 'false', 194, 'deleted', 34),
('false', '2009-06-27 15:12:33', '2009-06-27 15:12:33', 'false', 194, 'pending', 186),
('false', '2009-07-17 06:35:39', '2009-07-17 06:35:39', 'false', 194, 'pending', 206),
('false', '2009-07-17 15:36:23', '2009-07-17 15:36:23', 'false', 194, 'active', 207),
('false', '2009-07-20 07:15:19', '2009-07-20 07:15:19', 'false', 194, 'active', 209),
('false', '2010-11-22 22:16:41', '2010-11-22 22:16:41', 'false', 194, 'active', 212),
('false', '2010-11-01 12:35:14', '2010-11-01 12:35:14', 'false', 194, 'active', 279),
('false', '2010-11-02 19:29:39', '2010-11-02 19:29:39', 'false', 194, 'active', 282),
('false', '2010-11-10 15:19:13', '2010-11-10 15:19:13', 'false', 194, 'active', 284),
('false', '2010-11-11 19:52:35', '2010-11-11 19:52:35', 'false', 194, 'active', 285),
('false', '2010-11-12 11:40:41', '2010-11-12 11:40:41', 'false', 194, 'active', 286),
('false', '2010-05-16 17:49:33', '2010-05-16 17:49:33', 'false', 195, 'active', 16),
('false', '2009-06-12 09:52:37', '2009-06-12 09:52:37', 'false', 195, 'pending', 195),
('true', '2009-06-27 15:06:04', '2009-06-27 15:06:04', 'true', 200, 'active', 16),
('false', '2009-08-26 12:29:16', '2009-08-26 12:29:16', 'false', 203, 'active', 16),
('false', '2009-12-05 21:07:53', '2009-12-06 14:32:23', 'false', 203, 'active', 212),
('false', '2009-07-16 11:40:14', '2009-07-16 11:44:04', 'false', 206, 'active', 16),
('false', '2009-07-16 11:40:44', '2009-07-16 11:45:56', 'false', 206, 'active', 34),
('false', '2009-07-17 15:35:00', '2009-07-17 15:35:00', 'false', 207, 'active', 16),
('false', '2009-07-17 15:35:27', '2009-07-21 17:59:18', 'false', 207, 'active', 34),
('true', '2010-03-12 09:37:09', '2010-03-12 09:37:09', 'false', 208, 'active', 13),
('true', '2010-03-12 09:37:10', '2010-03-12 09:37:10', 'false', 208, 'active', 16),
('false', '2009-07-16 12:06:21', '2009-07-17 07:04:43', 'false', 208, 'active', 34),
('false', '2009-09-02 14:15:04', '2009-09-02 14:15:04', 'false', 208, 'pending', 203),
('false', '2009-07-16 12:06:12', '2009-07-16 12:06:12', 'false', 208, 'pending', 206),
('false', '2009-07-17 15:36:45', '2009-07-17 15:36:45', 'false', 208, 'active', 207),
('false', '2009-07-20 07:15:34', '2009-07-20 07:15:34', 'false', 208, 'active', 209),
('false', '2010-02-26 15:13:06', '2010-02-26 15:13:06', 'false', 208, 'pending', 211),
('false', '2009-07-25 17:57:28', '2009-07-25 17:57:28', 'false', 208, 'active', 212),
('false', '2009-08-06 16:13:01', '2009-08-06 16:13:01', 'false', 208, 'active', 213),
('false', '2009-09-02 14:14:39', '2009-09-02 14:18:24', 'false', 208, 'active', 215),
('false', '2009-09-02 14:14:53', '2009-09-02 14:14:53', 'false', 208, 'pending', 216),
('true', '2010-03-12 09:37:10', '2010-03-12 09:37:10', 'false', 208, 'active', 223),
('true', '2010-03-12 09:37:10', '2010-03-12 09:37:10', 'false', 208, 'active', 229),
('false', '2010-10-19 13:08:13', '2010-10-19 13:08:13', 'false', 208, 'active', 275),
('false', '2010-11-10 15:14:49', '2010-11-10 15:14:49', 'false', 208, 'active', 283),
('false', '2009-07-20 07:16:07', '2009-07-20 07:17:09', 'false', 209, 'active', 16),
('false', '2009-07-20 07:16:51', '2009-07-20 07:16:51', 'false', 209, 'pending', 197),
('false', '2009-07-20 07:16:30', '2009-07-20 07:16:30', 'false', 209, 'pending', 207),
('false', '2009-08-31 13:29:48', '2009-09-02 19:45:44', 'false', 210, 'active', 13),
('true', '2009-07-20 07:17:40', '2009-07-20 07:17:40', 'true', 210, 'active', 16),
('false', '2009-07-25 19:02:26', '2009-08-20 07:05:07', 'false', 210, 'active', 34),
('false', '2009-08-31 13:29:43', '2009-08-31 13:29:43', 'false', 210, 'pending', 203),
('false', '2009-07-20 07:19:54', '2009-07-20 07:19:54', 'false', 210, 'pending', 206),
('false', '2009-07-22 23:17:22', '2009-07-22 23:17:22', 'false', 210, 'pending', 207),
('false', '2009-07-25 19:03:38', '2009-07-28 18:28:44', 'false', 210, 'active', 211),
('false', '2009-07-25 19:03:46', '2009-08-13 20:08:24', 'false', 210, 'active', 212),
('false', '2009-08-31 13:29:55', '2009-09-01 12:00:52', 'false', 210, 'active', 213),
('false', '2009-08-31 13:30:02', '2009-08-31 13:30:02', 'false', 210, 'pending', 216),
('false', '2009-08-26 12:44:14', '2009-08-26 12:45:20', 'false', 210, 'active', 223),
('false', '2009-08-31 13:29:35', '2009-09-10 17:41:56', 'false', 210, 'active', 228),
('false', '2010-03-10 15:35:47', '2010-03-10 15:35:47', 'false', 210, 'active', 229),
('false', '2010-11-10 15:14:50', '2010-11-10 15:14:50', 'false', 210, 'active', 283),
('false', '2010-11-10 15:19:13', '2010-11-10 15:19:13', 'false', 210, 'active', 284),
('false', '2009-07-25 18:17:12', '2009-07-25 18:17:28', 'false', 211, 'active', 16),
('false', '2010-02-26 10:35:50', '2010-02-26 10:35:50', 'false', 211, 'active', 212),
('false', '2009-10-03 16:12:38', '2009-10-03 16:12:38', 'false', 211, 'pending', 213),
('false', '2010-12-10 11:29:03', '2010-12-10 11:29:03', 'false', 212, 'active', 16),
('false', '2010-11-22 22:16:41', '2010-11-22 22:16:41', 'false', 212, 'pending', 191),
('false', '2009-12-06 14:32:23', '2009-12-06 14:32:23', 'false', 212, 'active', 203),
('false', '2009-07-25 17:58:38', '2009-07-25 17:58:38', 'false', 212, 'pending', 207),
('false', '2010-02-26 10:35:50', '2010-02-26 10:35:50', 'false', 212, 'active', 211),
('false', '2009-12-06 14:32:37', '2009-12-06 14:32:38', 'false', 212, 'active', 213),
('false', '2010-02-26 12:08:10', '2010-02-26 12:08:10', 'false', 212, 'pending', 229),
('false', '2009-07-25 18:05:34', '2009-07-25 18:06:38', 'false', 213, 'active', 16),
('false', '2009-07-25 18:05:51', '2009-07-25 19:02:44', 'false', 213, 'active', 34),
('false', '2009-07-25 18:06:18', '2009-07-25 18:06:18', 'false', 213, 'pending', 207),
('false', '2009-12-05 21:07:15', '2009-12-06 14:32:37', 'false', 213, 'active', 212),
('false', '2009-08-26 12:34:19', '2009-08-26 12:34:19', 'false', 214, 'active', 16),
('false', '2009-07-25 18:15:48', '2009-07-25 18:16:06', 'false', 215, 'active', 16),
('false', '2009-07-28 07:03:32', '2009-08-26 12:28:20', 'false', 216, 'active', 16),
('false', '2009-07-28 07:04:03', '2009-07-28 07:04:03', 'false', 216, 'pending', 207),
('false', '2009-07-28 18:17:17', '2009-07-28 18:24:10', 'false', 218, 'active', 16),
('false', '2009-08-13 18:44:17', '2009-08-13 19:51:13', 'false', 223, 'active', 16),
('false', '2010-02-26 15:09:56', '2010-02-26 15:09:56', 'false', 223, 'active', 228),
('false', '2010-02-26 12:09:59', '2010-02-26 12:09:59', 'false', 223, 'pending', 229),
('true', '2009-08-14 15:35:57', '2009-08-14 15:35:57', 'true', 224, 'active', 16),
('false', '2009-08-14 15:42:46', '2009-08-26 12:32:13', 'false', 224, 'deleted', 34),
('false', '2009-08-14 15:42:40', '2009-08-14 15:42:40', 'false', 224, 'pending', 211),
('false', '2009-08-14 15:42:54', '2009-08-14 15:42:54', 'false', 224, 'pending', 212),
('false', '2009-08-14 15:42:50', '2009-08-14 15:42:50', 'false', 224, 'pending', 213),
('false', '2009-08-14 15:43:03', '2009-08-26 12:32:09', 'false', 224, 'deleted', 214),
('true', '2009-08-14 15:36:11', '2009-08-14 15:36:11', 'true', 225, 'active', 16),
('true', '2009-08-14 15:37:29', '2009-08-14 15:37:29', 'true', 226, 'active', 16),
('true', '2009-08-14 15:40:48', '2009-08-14 15:40:48', 'true', 227, 'active', 16),
('false', '2009-08-26 16:41:40', '2009-08-26 16:44:39', 'false', 228, 'active', 16),
('false', '2009-09-10 18:04:52', '2009-09-10 18:04:52', 'false', 228, 'pending', 216),
('false', '2010-02-26 15:09:56', '2010-02-26 15:09:56', 'false', 228, 'active', 223),
('false', '2009-12-06 17:01:29', '2009-12-06 17:01:29', 'false', 229, 'active', 16),
('true', '2010-08-15 20:06:49', '2010-08-15 20:06:49', 'false', 239, 'active', 1),
('true', '2010-08-15 20:06:49', '2010-09-21 09:47:56', 'true', 239, 'active', 13),
('true', '2010-08-15 20:06:49', '2010-09-21 09:47:31', 'true', 239, 'active', 16),
('false', '2010-02-10 23:27:56', '2010-02-10 23:27:56', 'false', 239, 'active', 188),
('false', '2010-01-29 23:13:34', '2010-01-29 23:13:34', 'false', 239, 'active', 220),
('true', '2010-08-15 20:06:49', '2010-08-15 20:06:49', 'false', 239, 'active', 229),
('false', '2010-01-30 11:06:44', '2010-01-30 11:06:44', 'false', 239, 'active', 240),
('false', '2010-01-30 11:06:45', '2010-01-30 11:06:45', 'false', 239, 'active', 241),
('false', '2010-01-30 11:06:45', '2010-01-30 11:06:45', 'false', 239, 'active', 242),
('false', '2010-09-26 16:00:41', '2010-09-26 16:00:41', 'false', 239, 'active', 256),
('false', '2010-10-31 12:16:17', '2010-10-31 12:16:17', 'false', 239, 'active', 276),
('false', '2010-11-01 12:26:49', '2010-11-01 12:26:49', 'false', 239, 'active', 278),
('false', '2010-11-01 12:34:41', '2010-11-01 12:34:41', 'false', 239, 'active', 279),
('false', '2010-11-02 08:51:02', '2010-11-02 08:51:02', 'false', 239, 'active', 280),
('false', '2010-11-02 09:21:35', '2010-11-02 09:21:35', 'false', 239, 'active', 281),
('false', '2010-11-02 19:29:12', '2010-11-02 19:29:12', 'false', 239, 'active', 282),
('false', '2010-11-10 15:14:39', '2010-11-10 15:14:39', 'false', 239, 'active', 283),
('true', '2010-03-13 16:37:59', '2010-03-13 16:37:59', 'false', 240, 'active', 13),
('true', '2010-03-13 16:38:00', '2010-09-21 09:48:11', 'true', 240, 'active', 16),
('true', '2010-03-13 16:38:00', '2010-03-13 16:38:00', 'false', 240, 'active', 34),
('false', '2010-02-11 09:02:46', '2010-02-11 09:02:46', 'false', 240, 'active', 210),
('false', '2010-11-22 22:16:11', '2010-11-22 22:16:11', 'false', 240, 'active', 212),
('true', '2010-03-13 16:38:00', '2010-03-13 16:38:00', 'false', 240, 'active', 229),
('false', '2010-01-30 11:02:42', '2010-01-30 11:02:42', 'false', 240, 'active', 243),
('false', '2010-01-30 11:02:42', '2010-01-30 11:02:42', 'false', 240, 'active', 244),
('false', '2010-02-13 09:36:42', '2010-02-13 09:36:42', 'false', 240, 'active', 245),
('false', '2010-11-01 12:26:50', '2010-11-01 12:26:50', 'false', 240, 'active', 278),
('false', '2010-11-01 12:34:41', '2010-11-01 12:34:41', 'false', 240, 'active', 279),
('false', '2010-11-02 19:29:13', '2010-11-02 19:29:13', 'false', 240, 'active', 282),
('false', '2010-11-12 11:40:29', '2010-11-12 11:40:29', 'false', 240, 'active', 286),
('true', '2010-05-16 17:35:44', '2010-09-21 10:11:19', 'true', 242, 'active', 16),
('false', '2010-02-04 19:01:29', '2010-02-04 19:01:29', 'false', 242, 'active', 210),
('false', '2010-02-15 15:00:06', '2010-02-15 15:00:06', 'false', 242, 'active', 246),
('false', '2010-02-15 15:00:06', '2010-02-15 15:00:06', 'false', 242, 'active', 247),
('false', '2010-02-15 15:00:06', '2010-02-15 15:00:06', 'false', 242, 'active', 250),
('false', '2010-11-10 15:14:40', '2010-11-10 15:14:40', 'false', 242, 'active', 283),
('true', '2010-03-10 10:02:28', '2010-03-10 10:02:28', 'false', 243, 'active', 13),
('true', '2010-03-10 10:02:28', '2010-09-21 09:48:38', 'true', 243, 'active', 16),
('true', '2010-03-10 10:02:28', '2010-03-10 10:02:28', 'false', 243, 'active', 34),
('false', '2010-01-30 11:03:10', '2010-01-30 11:03:10', 'false', 243, 'active', 191),
('false', '2010-11-01 12:26:50', '2010-11-01 12:26:50', 'false', 243, 'active', 278),
('false', '2010-11-01 12:34:41', '2010-11-01 12:34:41', 'false', 243, 'active', 279),
('false', '2010-11-02 19:29:13', '2010-11-02 19:29:13', 'false', 243, 'active', 282),
('false', '2010-11-10 15:14:40', '2010-11-10 15:14:40', 'false', 243, 'active', 283),
('false', '2010-11-10 15:19:02', '2010-11-10 15:19:02', 'false', 243, 'active', 284),
('false', '2010-11-11 19:52:29', '2010-11-11 19:52:29', 'false', 243, 'active', 285),
('false', '2010-11-12 11:40:29', '2010-11-12 11:40:29', 'false', 243, 'active', 286),
('false', '2010-11-21 16:28:25', '2010-11-21 16:28:25', 'false', 243, 'active', 287),
('false', '2010-12-10 11:20:32', '2010-12-10 11:20:32', 'false', 243, 'active', 295),
('true', '2010-03-10 15:27:31', '2010-03-10 15:27:31', 'false', 244, 'active', 13),
('true', '2010-03-10 15:27:31', '2010-09-21 09:48:58', 'true', 244, 'active', 16),
('false', '2010-01-30 11:09:02', '2010-01-30 11:09:02', 'false', 244, 'active', 208),
('false', '2010-11-01 12:34:41', '2010-11-01 12:34:41', 'false', 244, 'active', 279),
('false', '2010-12-10 11:21:19', '2010-12-10 11:21:19', 'false', 244, 'active', 296),
('false', '2010-11-01 12:34:41', '2010-11-01 12:34:41', 'false', 245, 'active', 279),
('true', '2010-02-12 00:00:50', '2010-02-12 00:00:50', 'true', 248, 'active', 13),
('false', '2010-02-26 14:22:03', '2010-02-26 14:22:03', 'false', 248, 'active', 16),
('false', '2010-02-26 10:53:34', '2010-02-26 10:53:34', 'false', 248, 'pending', 34),
('false', '2010-02-26 10:53:35', '2010-02-26 10:53:35', 'false', 248, 'pending', 203),
('false', '2010-02-26 10:53:15', '2010-02-26 10:53:15', 'false', 248, 'pending', 212),
('false', '2010-02-26 10:53:15', '2010-02-26 10:53:15', 'false', 248, 'pending', 213),
('false', '2010-02-26 10:52:53', '2010-02-26 10:52:53', 'false', 248, 'pending', 214),
('false', '2010-02-26 10:52:53', '2010-02-26 10:52:53', 'false', 248, 'pending', 215),
('false', '2010-02-26 10:52:53', '2010-02-26 10:52:53', 'false', 248, 'pending', 216),
('false', '2010-05-16 17:35:54', '2010-05-16 17:35:54', 'false', 249, 'pending', 13),
('true', '2010-02-13 09:33:48', '2010-02-13 09:33:48', 'true', 249, 'active', 16),
('false', '2010-05-16 17:35:44', '2010-05-16 17:35:44', 'false', 249, 'pending', 34),
('false', '2010-07-19 12:10:18', '2010-07-19 12:10:18', 'false', 249, 'pending', 198),
('false', '2010-07-19 12:10:19', '2010-07-19 12:10:19', 'false', 249, 'pending', 202),
('false', '2010-05-16 17:35:44', '2010-05-16 17:35:44', 'false', 249, 'pending', 203),
('false', '2010-05-16 17:35:44', '2010-05-16 17:35:44', 'false', 249, 'pending', 211),
('false', '2010-07-19 12:10:19', '2010-07-19 12:10:19', 'false', 249, 'pending', 212),
('false', '2010-07-19 12:10:19', '2010-07-19 12:10:19', 'false', 249, 'pending', 213),
('false', '2010-07-19 12:10:19', '2010-07-19 12:10:19', 'false', 249, 'pending', 214),
('false', '2010-07-19 12:10:19', '2010-07-19 12:10:19', 'false', 249, 'pending', 215),
('false', '2010-07-19 12:10:19', '2010-07-19 12:10:19', 'false', 249, 'pending', 216),
('false', '2010-07-19 12:10:19', '2010-07-19 12:10:19', 'false', 249, 'pending', 223),
('false', '2010-07-19 12:10:19', '2010-07-19 12:10:19', 'false', 249, 'pending', 229),
('true', '2010-03-09 13:57:14', '2010-03-09 13:57:14', 'false', 250, 'active', 13),
('true', '2010-03-09 13:57:14', '2010-09-21 09:49:12', 'true', 250, 'active', 16),
('false', '2010-03-09 13:51:34', '2010-03-09 13:51:34', 'false', 250, 'active', 34),
('false', '2010-03-09 13:54:36', '2010-03-09 13:54:36', 'false', 250, 'active', 191),
('false', '2010-07-19 12:07:19', '2010-07-19 12:07:19', 'false', 250, 'active', 208),
('false', '2010-07-19 12:07:19', '2010-07-19 12:07:19', 'false', 250, 'active', 210),
('false', '2010-07-19 12:07:19', '2010-07-19 12:07:19', 'false', 250, 'active', 249),
('true', '2010-02-15 15:00:38', '2010-02-15 15:00:38', 'true', 251, 'active', 16),
('true', '2010-02-25 13:00:34', '2010-02-25 13:00:34', 'true', 252, 'active', 16),
('false', '2010-04-11 15:57:19', '2010-04-11 15:57:19', 'false', 254, 'active', 13),
('true', '2010-04-14 09:39:05', '2010-04-14 09:39:05', 'true', 255, 'active', 16),
('false', '2010-06-25 11:41:52', '2010-06-25 11:41:52', 'false', 256, 'active', 1),
('false', '2010-06-25 11:41:52', '2010-06-25 11:41:52', 'false', 256, 'active', 13),
('true', '2010-06-25 11:41:52', '2010-09-21 09:49:25', 'true', 256, 'active', 16),
('false', '2010-07-19 11:40:06', '2010-07-19 11:40:06', 'false', 256, 'active', 268),
('false', '2010-07-19 11:40:06', '2010-07-19 11:40:06', 'false', 256, 'active', 269),
('false', '2010-11-01 12:34:41', '2010-11-01 12:34:41', 'false', 256, 'active', 279),
('false', '2010-11-02 19:29:13', '2010-11-02 19:29:13', 'false', 256, 'active', 282),
('true', '2010-05-16 17:35:44', '2010-09-21 10:12:18', 'true', 261, 'active', 16),
('false', '2010-06-27 23:02:42', '2010-06-27 23:02:42', 'false', 261, 'active', 262),
('true', '2010-07-15 17:49:58', '2010-07-15 17:49:58', 'true', 267, 'active', 16),
('false', '2010-07-15 17:56:09', '2010-07-15 17:56:09', 'false', 267, 'active', 266),
('true', '2010-05-16 17:35:44', '2010-09-21 10:12:29', 'true', 268, 'active', 16),
('false', '2010-07-20 09:24:55', '2010-07-20 09:24:55', 'false', 268, 'active', 191),
('false', '2010-11-01 12:34:41', '2010-11-01 12:34:41', 'false', 268, 'active', 279),
('false', '2010-11-02 19:29:13', '2010-11-02 19:29:13', 'false', 268, 'active', 282),
('true', '2010-09-06 16:53:55', '2010-09-06 16:53:55', 'true', 272, 'active', 16),
('true', '2010-09-06 16:54:29', '2010-09-06 16:54:29', 'true', 273, 'active', 16),
('false', '2010-10-19 12:58:08', '2010-10-19 12:58:08', 'false', 275, 'active', 16),
('false', '2010-11-02 09:19:55', '2010-11-02 09:19:55', 'false', 278, 'active', 13),
('false', '2010-11-02 19:30:56', '2010-11-02 19:30:56', 'false', 278, 'active', 16),
('false', '2010-11-01 12:27:56', '2010-11-01 12:27:56', 'false', 278, 'pending', 191),
('false', '2010-11-01 12:35:13', '2010-11-01 12:35:13', 'false', 279, 'pending', 191),
('false', '2010-11-02 09:19:46', '2010-11-02 09:19:46', 'false', 280, 'active', 13),
('false', '2010-11-02 09:19:08', '2010-11-02 09:19:08', 'false', 280, 'pending', 191),
('false', '2010-11-02 09:24:32', '2010-11-02 09:24:32', 'false', 281, 'active', 13),
('false', '2010-11-02 09:21:48', '2010-11-02 09:21:48', 'false', 281, 'pending', 191),
('false', '2010-11-02 19:30:51', '2010-11-02 19:30:51', 'false', 282, 'active', 16),
('false', '2010-11-21 16:26:39', '2010-11-21 16:26:39', 'false', 286, 'active', 16),
('true', '2010-11-21 16:27:41', '2010-11-21 16:27:41', 'true', 287, 'active', 16),
('false', '2010-11-22 22:16:11', '2010-11-22 22:16:11', 'false', 287, 'active', 212),
('true', '2010-12-10 11:13:59', '2010-12-10 11:13:59', 'true', 295, 'active', 16),
('true', '2010-12-10 11:14:11', '2010-12-10 11:14:11', 'true', 296, 'active', 16);

-- --------------------------------------------------------

--
-- Table structure for table `searchable_wall`
--

CREATE TABLE IF NOT EXISTS `searchable_wall` (
  `id` int(11) unsigned NOT NULL AUTO_INCREMENT,
  `searchable_id` int(11) unsigned NOT NULL,
  `poster_id` int(11) unsigned NOT NULL,
  `created` timestamp NOT NULL DEFAULT CURRENT_TIMESTAMP ON UPDATE CURRENT_TIMESTAMP,
  `body` mediumtext NOT NULL,
  PRIMARY KEY (`id`),
  KEY `searchable_wall_searchable_fk` (`searchable_id`),
  KEY `searchable_wall_poster_fk` (`poster_id`)
) ENGINE=InnoDB  DEFAULT CHARSET=utf8 AUTO_INCREMENT=8 ;

--
-- Dumping data for table `searchable_wall`
--

INSERT INTO `searchable_wall` (`id`, `searchable_id`, `poster_id`, `created`, `body`) VALUES
(1, 209, 16, '2009-07-22 23:21:45', 'I''m writing a post Mile''s wall as a test'),
(2, 16, 13, '2009-08-01 12:32:47', 'The wall is working again.'),
(3, 211, 16, '2009-08-24 09:39:12', 'Looking forward to the Tournament! '),
(4, 16, 13, '2010-01-30 08:49:35', ' How come you have so many more friends than me :('),
(6, 191, 16, '2010-05-18 12:14:55', 'testing the azzurri wall'),
(7, 191, 212, '2010-05-20 15:23:38', 'nice goal last night Katie');

-- --------------------------------------------------------

--
-- Table structure for table `user`
--

CREATE TABLE IF NOT EXISTS `user` (
  `last_login` datetime NOT NULL DEFAULT '0000-00-00 00:00:00',
  `login_count` mediumint(8) unsigned NOT NULL DEFAULT '0',
  `password` varchar(128) NOT NULL DEFAULT 'f5d1278e8109edd94e1e4197e04873b9',
  `searchable_id` int(11) unsigned NOT NULL,
  `terms` enum('false','true') NOT NULL DEFAULT 'false',
  KEY `user_searchable_fk` (`searchable_id`)
) ENGINE=InnoDB DEFAULT CHARSET=utf8;

--
-- Dumping data for table `user`
--

INSERT INTO `user` (`last_login`, `login_count`, `password`, `searchable_id`, `terms`) VALUES
('2010-12-04 14:27:50', 146, '098f6bcd4621d373cade4e832627b4f6', 13, 'true'),
('2010-11-21 16:32:25', 560, '18126e7bd3f84b3f3e4df094def5b7de', 16, 'true'),
('0000-00-00 00:00:00', 0, 'f5d1278e8109edd94e1e4197e04873b9', 1, 'false'),
('2010-02-26 14:04:47', 41, '16f12f5e8379e22be995e505ebfc1b84', 34, 'false'),
('2009-02-15 09:48:04', 7, 'b1afaf079005d4c441265a4d7e9fea8c', 182, 'true'),
('2008-12-15 08:43:10', 1, '16d7a4fca7442dda3ad93c9a726597e4', 183, 'false'),
('2008-12-15 08:44:20', 1, '16d7a4fca7442dda3ad93c9a726597e4', 184, 'false'),
('2008-12-15 08:47:09', 1, '16d7a4fca7442dda3ad93c9a726597e4', 185, 'true'),
('2009-02-12 20:03:47', 5, '16d7a4fca7442dda3ad93c9a726597e4', 186, 'true'),
('2009-02-13 14:38:14', 1, 'cc6644f2f21ae81c92f70817eaad872c', 187, 'false'),
('2009-06-12 09:29:04', 1, 'cc6644f2f21ae81c92f70817eaad872c', 195, 'true'),
('2009-06-13 10:24:25', 2, '6316f30693897aaddbd22a5262013935', 196, 'true'),
('2009-07-06 07:08:06', 7, 'cc6644f2f21ae81c92f70817eaad872c', 197, 'true'),
('2009-06-17 09:53:30', 2, '73e48e15f0c49cd7f4a1da6709d91161', 198, 'false'),
('2009-06-27 15:00:54', 2, 'cc6644f2f21ae81c92f70817eaad872c', 199, 'false'),
('2009-07-03 12:18:18', 1, '64459a334d628e54c95eea3dbcac1104', 201, 'false'),
('2009-07-05 19:07:45', 2, '16d7a4fca7442dda3ad93c9a726597e4', 202, 'true'),
('2009-12-05 21:07:29', 8, '5f5be3890fa875bfe8fa797b4ba6a397', 203, 'true'),
('2009-07-06 10:35:15', 1, '6d99cb905950507a001fe09d0da02a1c', 204, 'true'),
('2009-07-10 18:17:13', 2, '16d7a4fca7442dda3ad93c9a726597e4', 205, 'false'),
('2009-07-16 11:38:01', 1, '6d99cb905950507a001fe09d0da02a1c', 206, 'false'),
('2009-07-17 15:40:26', 3, '6d99cb905950507a001fe09d0da02a1c', 207, 'false'),
('2009-07-28 18:12:30', 7, '6a81060b83b919bc115112bf840eca63', 209, 'false'),
('2009-10-22 05:47:16', 9, 'ed6658e6f22583ed66fb5e5e735b9e63', 211, 'false'),
('2010-11-22 22:07:50', 29, '527bd5b5d689e2c32ae974c6229ff785', 212, 'true'),
('2010-09-18 07:32:44', 12, '6220a62a58ce083e539b798408baa5ba', 213, 'false'),
('2009-09-12 17:51:32', 8, '099d40a025909fa930a0f702efa22e75', 214, 'false'),
('2009-10-01 09:00:00', 7, '25b39a9fcbc01e869520bfaaad06de5a', 215, 'false'),
('2010-08-22 13:21:32', 7, '078c007bd92ddec308ae2f5115c1775d', 216, 'false'),
('2009-07-26 16:59:08', 1, '078c007bd92ddec308ae2f5115c1775d', 217, 'false'),
('2009-08-25 08:46:30', 6, '5f5be3890fa875bfe8fa797b4ba6a397', 218, 'false'),
('2009-08-02 15:03:58', 3, '73e48e15f0c49cd7f4a1da6709d91161', 219, 'false'),
('2009-08-02 15:17:23', 2, '73e48e15f0c49cd7f4a1da6709d91161', 220, 'false'),
('2009-08-02 15:20:23', 1, '73e48e15f0c49cd7f4a1da6709d91161', 221, 'false'),
('2009-08-05 06:37:41', 1, '5f5be3890fa875bfe8fa797b4ba6a397', 222, 'false'),
('2010-02-26 15:09:49', 7, '8a52072cee5d17cc7bf85d6ca431fffa', 223, 'false'),
('2009-09-11 20:10:36', 7, 'd30c7f7381508c2fcd7139aaa67ce48e', 228, 'false'),
('2010-11-01 12:31:09', 15, '065523a43f03f08a1ca6ff724df5bffe', 229, 'true'),
('2010-04-09 09:01:46', 2, '098f6bcd4621d373cade4e832627b4f6', 253, 'false'),
('2010-04-11 15:38:30', 2, '4d066bbb0e40abe54f3000755a45aa6e', 254, 'false'),
('2010-07-15 21:44:46', 2, '03b083fd0aadc8883198881ba88111ab', 266, 'true'),
('2010-09-18 07:36:48', 12, '098f6bcd4621d373cade4e832627b4f6', 270, 'false'),
('2010-09-06 17:15:12', 3, '5a105e8b9d40e1329780d62ea2265d8a', 271, 'false'),
('2010-11-12 08:44:23', 6, '407c270b1b95dafa68b6f892bed0fddb', 275, 'false'),
('2010-10-31 12:15:14', 2, '098f6bcd4621d373cade4e832627b4f6', 276, 'false'),
('2010-11-01 12:20:56', 1, '1a1dc91c907325c69271ddf0c944bc72', 277, 'false'),
('2010-11-02 19:25:27', 5, '1a1dc91c907325c69271ddf0c944bc72', 278, 'false'),
('2010-11-02 19:24:51', 4, '1a1dc91c907325c69271ddf0c944bc72', 279, 'false'),
('2010-11-02 08:44:36', 2, 'f5d1278e8109edd94e1e4197e04873b9', 280, 'false'),
('2010-11-02 09:19:57', 2, 'f5d1278e8109edd94e1e4197e04873b9', 281, 'false'),
('2010-11-02 19:32:17', 3, '1a1dc91c907325c69271ddf0c944bc72', 282, 'false'),
('2010-11-10 15:13:15', 3, '1a1dc91c907325c69271ddf0c944bc72', 283, 'false'),
('2010-11-11 19:46:29', 3, '1a1dc91c907325c69271ddf0c944bc72', 284, 'false'),
('2010-11-11 19:48:05', 2, '1a1dc91c907325c69271ddf0c944bc72', 285, 'false'),
('2010-11-12 11:36:10', 2, '1a1dc91c907325c69271ddf0c944bc72', 286, 'false'),
('2010-11-21 16:30:26', 1, '1a1dc91c907325c69271ddf0c944bc72', 288, 'false'),
('2010-11-21 16:30:41', 1, '1a1dc91c907325c69271ddf0c944bc72', 289, 'false'),
('2010-11-21 16:30:57', 1, '1a1dc91c907325c69271ddf0c944bc72', 290, 'false'),
('2010-11-21 16:31:14', 1, '1a1dc91c907325c69271ddf0c944bc72', 291, 'false'),
('2010-11-21 16:31:26', 1, '1a1dc91c907325c69271ddf0c944bc72', 292, 'false'),
('2010-11-21 16:31:50', 1, '1a1dc91c907325c69271ddf0c944bc72', 293, 'false'),
('2010-11-21 16:32:15', 1, '1a1dc91c907325c69271ddf0c944bc72', 294, 'false');

--
-- Constraints for dumped tables
--

--
-- Constraints for table `message_searchable`
--
ALTER TABLE `message_searchable`
  ADD CONSTRAINT `message_searchable_searchable_fk` FOREIGN KEY (`searchable_id`) REFERENCES `searchable` (`id`);

--
-- Constraints for table `network`
--
ALTER TABLE `network`
  ADD CONSTRAINT `searchable_network_fk` FOREIGN KEY (`searchable_id`) REFERENCES `searchable` (`id`);

--
-- Constraints for table `news_searchable`
--
ALTER TABLE `news_searchable`
  ADD CONSTRAINT `news_searchable_searchable_fk` FOREIGN KEY (`searchable_id`) REFERENCES `searchable` (`id`);

--
-- Constraints for table `profile_widget_dictionary_word`
--
ALTER TABLE `profile_widget_dictionary_word`
  ADD CONSTRAINT `profile_widget_dictionary_word_profile_widget_fk` FOREIGN KEY (`profile_widget_id`) REFERENCES `profile_widget` (`id`),
  ADD CONSTRAINT `profile_widget_dictionary_word_searchable_fk` FOREIGN KEY (`searchable_id`) REFERENCES `searchable` (`id`);

--
-- Constraints for table `profile_widget_field`
--
ALTER TABLE `profile_widget_field`
  ADD CONSTRAINT `profile_widget_field_pw_fk` FOREIGN KEY (`profile_widget_id`) REFERENCES `profile_widget` (`id`);

--
-- Constraints for table `profile_widget_field_autocomplete`
--
ALTER TABLE `profile_widget_field_autocomplete`
  ADD CONSTRAINT `profile_widget_field_autocomplete_pwf_fk` FOREIGN KEY (`profile_widget_field_id`) REFERENCES `profile_widget_field` (`id`),
  ADD CONSTRAINT `profile_widget_field_autocomplete_searchable_fk` FOREIGN KEY (`searchable_id`) REFERENCES `searchable` (`id`),
  ADD CONSTRAINT `profile_widget_field_autocomplete_values_fk` FOREIGN KEY (`related_id`) REFERENCES `profile_widget_field_select_values` (`id`);

--
-- Constraints for table `profile_widget_field_daterange`
--
ALTER TABLE `profile_widget_field_daterange`
  ADD CONSTRAINT `profile_widget_field_daterange_pwf_fk` FOREIGN KEY (`profile_widget_field_id`) REFERENCES `profile_widget_field` (`id`),
  ADD CONSTRAINT `profile_widget_field_daterange_searchable_fk` FOREIGN KEY (`searchable_id`) REFERENCES `searchable` (`id`);

--
-- Constraints for table `profile_widget_field_datetime`
--
ALTER TABLE `profile_widget_field_datetime`
  ADD CONSTRAINT `profile_widget_field_datetime_pwf_fk` FOREIGN KEY (`profile_widget_field_id`) REFERENCES `profile_widget_field` (`id`),
  ADD CONSTRAINT `profile_widget_field_datetime_searchable_fk` FOREIGN KEY (`searchable_id`) REFERENCES `searchable` (`id`);

--
-- Constraints for table `profile_widget_field_text`
--
ALTER TABLE `profile_widget_field_text`
  ADD CONSTRAINT `profile_widget_field_text_pwf_fk` FOREIGN KEY (`profile_widget_field_id`) REFERENCES `profile_widget_field` (`id`),
  ADD CONSTRAINT `profile_widget_field_text_searchable_fk` FOREIGN KEY (`searchable_id`) REFERENCES `searchable` (`id`);

--
-- Constraints for table `profile_widget_field_textarea`
--
ALTER TABLE `profile_widget_field_textarea`
  ADD CONSTRAINT `profile_widget_field_textarea_pwf_fk` FOREIGN KEY (`profile_widget_field_id`) REFERENCES `profile_widget_field` (`id`),
  ADD CONSTRAINT `profile_widget_field_textarea_searchable_fk` FOREIGN KEY (`searchable_id`) REFERENCES `searchable` (`id`);

--
-- Constraints for table `registration_task_searchable`
--
ALTER TABLE `registration_task_searchable`
  ADD CONSTRAINT `registration_task_searchable_searchable_fk` FOREIGN KEY (`searchable_id`) REFERENCES `searchable` (`id`),
  ADD CONSTRAINT `registration_task_searchable_task_fk` FOREIGN KEY (`registration_task_id`) REFERENCES `registration_task` (`id`);

--
-- Constraints for table `searchable_profile_feature`
--
ALTER TABLE `searchable_profile_feature`
  ADD CONSTRAINT `searchable_profile_feature_searchable_fk` FOREIGN KEY (`searchable_id`) REFERENCES `searchable` (`id`);

--
-- Constraints for table `searchable_searchable`
--
ALTER TABLE `searchable_searchable`
  ADD CONSTRAINT `searchable_searchable_searchableA_fk` FOREIGN KEY (`searchableA_id`) REFERENCES `searchable` (`id`),
  ADD CONSTRAINT `searchable_searchable_searchableB_fk` FOREIGN KEY (`searchableB_id`) REFERENCES `searchable` (`id`);

--
-- Constraints for table `searchable_wall`
--
ALTER TABLE `searchable_wall`
  ADD CONSTRAINT `searchable_wall_poster_fk` FOREIGN KEY (`poster_id`) REFERENCES `searchable` (`id`),
  ADD CONSTRAINT `searchable_wall_searchable_fk` FOREIGN KEY (`searchable_id`) REFERENCES `searchable` (`id`);

--
-- Constraints for table `user`
--
ALTER TABLE `user`
  ADD CONSTRAINT `user_searchable_fk` FOREIGN KEY (`searchable_id`) REFERENCES `searchable` (`id`);
